khipu_id,num_cords,unique_colors,dominant_color_pct,color_entropy,standardization_score,variance_class
1000000,19,5,0.2631578947368421,2.2684727509097744,0.02302196355489683,medium
1000001,7,1,1.0,-1.4426951601859516e-10,1.0000000001442695,low
1000002,29,8,0.27586206896551724,2.698353735935806,0.10054875468806468,high
1000003,35,6,0.4,2.0515331677817206,0.20635863490886952,high
1000004,174,7,0.46551724137931033,2.0571280704954336,0.26723619648786845,high
1000005,60,2,0.95,0.28639695682741717,0.7136030431725828,low
1000006,81,4,0.5308641975308642,1.6719811709060037,0.16400941454699813,medium
1000007,362,8,0.23756906077348067,2.6714037386579332,0.10953208711402229,high
1000008,58,3,0.7931034482758621,0.9382400480143734,0.408036437715419,medium
1000009,124,7,0.3225806451612903,2.3282270665635063,0.17066878567065158,high
1000010,88,7,0.23863636363636365,2.558419606389377,0.08867254856602669,high
1000011,41,4,0.5365853658536586,1.6374112383914667,0.18129438080426663,medium
1000012,113,11,0.2920353982300885,2.785232606679226,0.19488722029535144,high
1000013,25,2,0.68,0.9043814574359548,0.09561854256404523,low
1000014,38,3,0.5,1.499000441503341,0.05423602083879098,medium
1000015,32,3,0.4375,1.4681773208460207,0.07368324475941745,medium
1000017,43,5,0.4186046511627907,1.938561046789939,0.16510720075335517,medium
1000018,443,8,0.7426636568848759,1.3692696142467626,0.543576795251079,high
1000019,159,6,0.6415094339622641,1.6390409010924796,0.36593242624014166,high
1000020,770,10,0.34675324675324676,2.553923003859004,0.23119256922218212,high
1000021,114,7,0.47368421052631576,2.1158929805290763,0.24630371318412858,high
1000022,161,6,0.45962732919254656,1.9031603466159477,0.2637570772941574,high
1000023,553,14,0.2820976491862568,2.6323835725187426,0.3086056786384058,high
1000024,543,9,0.6795580110497238,1.5828901617067992,0.5006537501718223,high
1000025,857,7,0.6382730455075846,1.7338291841113775,0.3823975834018891,high
1000026,19,3,0.5263157894736842,1.3599924917856794,0.14194027229862893,medium
1000027,20,3,0.45,1.5394910698673259,0.028689278663148632,medium
1000028,21,3,0.47619047619047616,1.3566695194005023,0.14403683444673343,medium
1000029,266,8,0.41729323308270677,2.4096644044017377,0.1967785318660874,high
1000030,29,3,0.5862068965517241,1.3141506217154515,0.1708632720852925,medium
1000031,15,3,0.7333333333333333,1.0529815746974607,0.3356425945608459,medium
1000032,144,7,0.3680555555555556,2.165301427810292,0.22870406915871178,high
1000033,69,2,0.5072463768115942,0.9998484826405668,0.00015151735943319533,low
1000034,100,7,0.45,2.1842676884407974,0.22194815080956176,high
1000035,38,3,0.3684210526315789,1.577863485388384,0.004478979994505972,medium
1000036,21,2,0.6190476190476191,0.9587118826885929,0.041288117311407135,low
1000037,37,3,0.7027027027027027,1.0086232673436542,0.36362957048843003,medium
1000038,6,2,0.5,0.9999999997114609,2.8853908151660335e-10,low
1000039,127,7,0.5039370078740157,2.193968270371305,0.2184927338067849,high
1000040,102,4,0.4019607843137255,1.7505709327424903,0.12471453362875484,medium
1000041,49,3,0.673469387755102,1.2039262882073782,0.24040708366311936,medium
1000042,74,5,0.3918918918918919,1.8609028726090342,0.1985527559158513,medium
1000043,21,5,0.23809523809523808,2.280950925503252,0.01764790626993895,medium
1000044,29,6,0.3103448275862069,2.3014649429716925,0.10967182605951653,high
1000045,314,5,0.9044585987261147,0.5410392619164647,0.7669870728952479,medium
1000046,21,2,0.8095238095238095,0.7024665510018513,0.2975334489981487,low
1000047,72,4,0.4722222222222222,1.8086822241235399,0.09565888793823007,medium
1000048,22,2,0.9545454545454546,0.26676498751448696,0.733235012485513,low
1000049,23,3,0.5217391304347826,1.4029342377625806,0.11484704709149451,medium
1000050,55,5,0.34545454545454546,2.0977561818087636,0.09654558794141865,medium
1000051,30,4,0.4666666666666667,1.6358275839608771,0.18208620801956144,medium
1000052,47,3,0.48936170212765956,1.3766699529644835,0.13141796582688847,medium
1000053,288,4,0.6840277777777778,1.0242580617018746,0.4878709691490627,medium
1000054,21,1,1.0,-1.4426951601859516e-10,1.0000000001442695,low
1000055,24,4,0.5,1.4083445435804325,0.29582772820978376,medium
1000056,41,4,0.8048780487804879,0.9191427127445202,0.5404286436277399,medium
1000057,164,3,0.8109756097560976,0.8883085721377996,0.43953969148568484,medium
1000058,54,3,0.5555555555555556,1.279974913471349,0.19242574326587425,medium
1000059,16,3,0.5,1.4772170010296741,0.06797984156878023,medium
1000060,28,3,0.5,1.492614067584317,0.05826537416173616,medium
1000061,8,4,0.375,1.9056390616524883,0.047180469173755846,medium
1000062,8,3,0.5,1.4056390617967578,0.11314049313015695,medium
1000063,358,7,0.39664804469273746,2.492947949145936,0.11199402342801346,high
1000064,24,4,0.4583333333333333,1.8489879885004497,0.07550600574977517,medium
1000065,102,3,0.49019607843137253,1.4897648377496333,0.060063038039201544,medium
1000066,8,1,1.0,-1.4426951601859516e-10,1.0000000001442695,low
1000067,14,3,0.6428571428571429,1.2870540276859184,0.1879593194789717,medium
1000068,9,1,1.0,-1.4426951601859516e-10,1.0000000001442695,low
1000069,7,3,0.5714285714285714,1.378783493053367,0.13008447049944583,medium
1000070,12,3,0.5833333333333334,1.2806721290880785,0.19198584918862482,medium
1000071,56,7,0.19642857142857142,2.7675011119452955,0.014196213595642715,high
1000072,14,3,0.42857142857142855,1.5306189944157085,0.03428693504150504,medium
1000073,12,3,0.6666666666666666,1.1887218751080586,0.2500000002730718,medium
1000074,21,3,0.9047619047619048,0.5489544339922315,0.6536483142393225,medium
1000075,18,3,0.4444444444444444,1.5466316149609691,0.024184096306850478,medium
1000076,57,4,0.49122807017543857,1.7853171337026263,0.10734143314868683,medium
1000077,282,3,0.5,1.4846334587207355,0.06330057774538578,medium
1000078,10,1,1.0,-1.4426951601859516e-10,1.0000000001442695,low
1000079,105,6,0.2857142857142857,2.4477729602416645,0.05307215885770811,high
1000080,35,3,0.7428571428571429,1.0189139557672542,0.3571368689772474,medium
1000081,29,3,0.41379310344827586,1.5275302078674848,0.03623574237721061,medium
1000082,17,2,0.9411764705882353,0.3227569586088592,0.6772430413911408,low
1000083,182,6,0.3131868131868132,2.215524999635176,0.14291793439282552,high
1000084,7,2,0.8571428571428571,0.5916727782937884,0.4083272217062116,low
1000085,300,7,0.25333333333333335,2.5763683575367815,0.08227907440770788,high
1000086,15,4,0.3333333333333333,1.9329145634023197,0.033542718298840146,medium
1000087,29,5,0.4482758620689655,1.9746881895730821,0.14954808724648505,medium
1000088,1,1,1.0,-1.4426951601859516e-10,1.0000000001442695,low
1000089,293,6,0.4232081911262799,1.6706070868683887,0.3537209586590442,high
1000090,16,4,0.5,1.7028195305377052,0.1485902347311474,medium
1000091,51,7,0.3137254901960784,2.5181504107534094,0.10301672547061747,high
1000092,14,2,0.5,0.9999999997114609,2.8853908151660335e-10,low
1000093,30,2,0.6666666666666666,0.9182958337659504,0.08170416623404964,low
1000094,285,4,0.4105263157894737,1.8878387757543864,0.056080612122806794,medium
1000096,2208,8,0.8840579710144928,0.7635002185625062,0.7454999271458314,high
1000097,94,5,0.6382978723404256,1.570635278923028,0.3235642040847866,medium
1000098,50,5,0.42,1.7779098709670653,0.23429589620719393,medium
1000099,44,3,0.5227272727272727,1.4687316179557164,0.07333352222059186,medium
1000100,26,4,0.5,1.5990919733788216,0.2004540133105892,medium
1000101,29,3,0.5517241379310345,1.3416303584521052,0.1535254885578271,medium
1000103,547,6,0.6288848263254113,1.3181573825739135,0.49006711617434595,high
1000105,13,2,0.8461538461538461,0.6193821943902247,0.3806178056097753,low
1000106,20,4,0.35,1.7762976251481208,0.11185118742593958,medium
1000107,16,2,0.5,0.9999999997114609,2.8853908151660335e-10,low
1000108,26,3,0.5384615384615384,1.1867198440999482,0.2512631412036612,medium
1000109,11,3,0.45454545454545453,1.5394847564986933,0.028693261955264227,medium
1000110,22,3,0.5,1.219748493027948,0.23042438387472008,medium
1000111,12,4,0.4166666666666667,1.7841591272743436,0.10792043636282822,medium
1000112,4,4,0.25,1.9999999994229218,2.8853908151660335e-10,medium
1000113,44,6,0.3409090909090909,2.423721484934048,0.062376539598591796,high
1000114,28,2,0.5,0.9999999997114609,2.8853908151660335e-10,low
1000115,201,2,0.9601990049751243,0.24137901331457115,0.7586209866854289,low
1000116,21,1,1.0,-1.4426951601859516e-10,1.0000000001442695,low
1000117,19,2,0.631578947368421,0.9494520150994095,0.05054798490059054,low
1000118,31,3,0.45161290322580644,1.4725137489251265,0.07094726326008693,medium
1000119,63,2,0.7142857142857143,0.8631205682780919,0.13687943172190808,low
1000120,91,4,0.4945054945054945,1.5692105162095626,0.21539474189521868,medium
1000121,124,5,0.5,1.7234684598659424,0.2577425357568841,medium
1000122,19,2,0.9473684210526315,0.2974722486307506,0.7025277513692494,low
1000123,23,3,0.6086956521739131,1.3534485041788449,0.1460690687867836,medium
1000124,113,5,0.4778761061946903,1.8279529811683504,0.2127435017504169,medium
1000125,42,5,0.35714285714285715,2.0549128899282545,0.1149971894250501,medium
1000126,48,3,0.5625,1.1095349074516623,0.2999614142625928,medium
1000127,144,8,0.3194444444444444,2.5809167880852315,0.1396944039715895,high
1000128,41,4,0.6829268292682927,1.293992545074837,0.35300372746258146,medium
1000129,4,3,0.5,1.4999999995671913,0.0536053699158856,medium
1000130,10,4,0.5,1.7609640468666032,0.11951797656669838,medium
1000131,66,3,0.7424242424242424,0.9062004467795054,0.42825117542706204,medium
1000132,35,1,1.0,-1.4426951601859516e-10,1.0000000001442695,low
1000133,19,2,0.5263157894736842,0.9980008835837606,0.0019991164162393993,low
1000134,9,1,1.0,-1.4426951601859516e-10,1.0000000001442695,low
1000135,25,3,0.64,1.2994705703644438,0.18012535326660017,medium
1000136,6,2,0.6666666666666666,0.9182958337659504,0.08170416623404964,low
1000137,28,2,0.6785714285714286,0.9059282157544601,0.09407178424553986,low
1000138,34,5,0.5,1.8289382167036323,0.2123191839011901,medium
1000139,22,4,0.4090909090909091,1.708098662924728,0.14595066853763605,medium
1000140,372,12,0.22849462365591397,2.9699709037911073,0.1715475675983602,high
1000141,10,2,0.8,0.7219280945988233,0.27807190540117666,low
1000142,21,4,0.47619047619047616,1.6841857363313562,0.15790713183432192,medium
1000143,31,3,0.5161290322580645,1.469064051331236,0.07312378011289622,medium
1000144,175,10,0.21714285714285714,2.9021775692812493,0.12635749890316206,high
1000145,25,5,0.32,2.1777968108772483,0.06207396530817455,medium
1000146,63,5,0.49206349206349204,1.6012865698894632,0.31036341159085623,medium
1000147,340,8,0.2911764705882353,2.2136922386984628,0.2621025871005124,high
1000148,307,5,0.3517915309446254,2.0874472636062245,0.1009853973503484,medium
1000149,16,2,0.75,0.8112781241705938,0.18872187582940625,low
1000150,31,4,0.2903225806451613,1.9918642478166593,0.004067876091670364,medium
1000151,30,5,0.43333333333333335,1.8987345341121102,0.1822595461535088,medium
1000152,39,6,0.4358974358974359,1.8392617645479379,0.2884764231454737,high
1000154,6,5,0.3333333333333333,2.251629166666475,0.03027610044242013,medium
1000155,2,1,1.0,-1.4426951601859516e-10,1.0000000001442695,low
1000156,8,2,0.5,0.9999999997114609,2.8853908151660335e-10,low
1000157,10,2,0.7,0.8812908989421536,0.11870910105784638,low
1000158,31,8,0.25806451612903225,2.698836729849053,0.1003877567169823,high
1000159,65,6,0.35384615384615387,2.3926832515692475,0.07438376730736562,high
1000161,13,3,0.46153846153846156,1.526234909516714,0.03705298464646389,medium
1000162,33,2,0.7272727272727273,0.8453509363338975,0.15464906366610254,low
1000163,20,1,1.0,-1.4426951601859516e-10,1.0000000001442695,low
1000164,100,7,0.38,2.1627387712118153,0.22961690585717898,high
1000165,65,3,0.5538461538461539,1.0881641530643205,0.3134448590618345,medium
1000166,29,3,0.6206896551724138,1.3162522195097688,0.1695373115068176,medium
1000167,25,2,0.64,0.9426831889669532,0.057316811033046755,low
1000168,4,1,1.0,-1.4426951601859516e-10,1.0000000001442695,low
1000169,21,2,0.9523809523809523,0.27619542735940006,0.7238045726405999,low
1000170,52,3,0.36538461538461536,1.5812571973874396,0.0023377861192491745,medium
1000171,16,2,0.6875,0.8960382322460184,0.10396176775398158,low
1000172,28,3,0.6428571428571429,1.1077843845197086,0.30106587126467155,medium
1000173,9,2,0.7777777777777778,0.7642045062200812,0.23579549377991882,low
1000176,39,2,0.5384615384615384,0.9957274517963866,0.0042725482036134466,low
1000177,28,2,0.5357142857142857,0.9963165192704231,0.0036834807295769156,low
1000178,33,2,0.5454545454545454,0.9940302111884174,0.00596978881158261,low
1000179,28,6,0.5357142857142857,1.8747429948186043,0.2747504096111313,high
1000180,126,3,0.48412698412698413,1.3552615763064773,0.14492514763608932,medium
1000182,4,2,0.5,0.9999999997114609,2.8853908151660335e-10,low
1000183,599,6,0.6160267111853088,1.6608647754755106,0.3574897991703321,high
1000184,91,5,0.45054945054945056,1.5576500842836911,0.32915662301796933,medium
1000185,76,3,0.7763157894736842,0.9899635008353895,0.3754025723731903,medium
1000186,13,3,0.46153846153846156,1.4604846808803027,0.07853676019730194,medium
1000187,11,2,0.9090909090909091,0.4394969866329743,0.5605030133670257,low
1000188,40,1,1.0,-1.4426951601859516e-10,1.0000000001442695,low
1000189,29,2,0.6896551724137931,0.8935711013656518,0.10642889863434823,low
1000190,10,1,1.0,-1.4426951601859516e-10,1.0000000001442695,low
1000191,11,2,0.7272727272727273,0.8453509363338975,0.15464906366610254,low
1000192,74,6,0.4594594594594595,2.008371412797849,0.22305588098954965,high
1000194,9,3,0.4444444444444444,1.530493056324674,0.0343663931302467,medium
1000195,4,4,0.25,1.9999999994229218,2.8853908151660335e-10,medium
1000196,3,1,1.0,-1.4426951601859516e-10,1.0000000001442695,low
1000197,78,5,0.44871794871794873,1.8359153429291872,0.2093142991931245,medium
1000198,261,5,0.5210727969348659,1.711069617980277,0.2630824263042988,medium
1000199,29,3,0.5172413793103449,1.2847772380471203,0.1893958138047126,medium
1000200,57,3,0.47368421052631576,1.3401179474649405,0.15447971364925772,medium
1000201,157,6,0.2611464968152866,2.1940073370869397,0.15124210255473614,high
1000204,18,3,0.3888888888888889,1.5419822838535895,0.02711749763670157,medium
1000205,5,2,0.8,0.7219280945988233,0.27807190540117666,low
1000206,14,3,0.5,1.295836388858355,0.18241826650867066,medium
1000207,43,5,0.3953488372093023,1.9442717479625347,0.16264773562815593,medium
1000208,46,2,0.6304347826086957,0.9503376696824877,0.049662330317512327,low
1000209,56,4,0.39285714285714285,1.813657782395542,0.09317110880222901,medium
1000210,15,5,0.5333333333333333,1.7735572615538375,0.23617046304792066,medium
1000211,30,7,0.3,2.446439343661129,0.12856072296407317,high
1000212,64,4,0.484375,1.8144896184146266,0.09275519079268668,medium
1000213,37,4,0.4594594594594595,1.8130296415751201,0.09348517921243993,medium
1000214,46,5,0.6086956521739131,1.6213925899618826,0.30170422006951203,medium
1000216,12,2,0.9166666666666666,0.4138168500150947,0.5861831499849053,low
1000217,8,3,0.625,1.29879494026259,0.18055162840026828,medium
1000218,8,2,0.75,0.8112781241705938,0.18872187582940625,low
1000220,17,4,0.5882352941176471,1.545152196621872,0.227423901689064,medium
1000221,34,4,0.5,1.5830435294761185,0.20847823526194076,medium
1000222,37,8,0.40540540540540543,2.493840880284118,0.16871970657196067,high
1000223,32,3,0.78125,0.8873068824204711,0.44017168733219403,medium
1000224,9,3,0.5555555555555556,1.3516441147205838,0.14720751178303126,medium
1000225,6,2,0.8333333333333334,0.6500224213598151,0.34997757864018486,low
1000226,7,3,0.42857142857142855,1.4488156352923758,0.08589910825450675,medium
1000227,51,2,0.7058823529411765,0.8739810478388188,0.1260189521611812,low
1000228,45,2,0.6,0.9709505941661296,0.02904940583387039,low
1000229,84,5,0.5714285714285714,1.6441484824627666,0.2919037906113432,medium
1000230,87,4,0.40229885057471265,1.7456912424560194,0.12715437877199032,medium
1000231,51,2,0.6078431372549019,0.9661773510998118,0.03382264890018816,low
1000232,36,4,0.5,1.6258145831168331,0.18709270844158343,medium
1000233,59,2,0.9830508474576272,0.12394986742246857,0.8760501325775314,low
1000234,56,2,0.6785714285714286,0.9059282157544601,0.09407178424553986,low
1000235,83,7,0.2289156626506024,2.550931509423936,0.09133986252287851,high
1000236,82,9,0.4634146341463415,2.3325762078662673,0.2641541339921456,high
1000238,340,11,0.3588235294117647,2.4440648678161994,0.2935068134750588,high
1000239,65,5,0.46153846153846156,1.5404842632271776,0.33654953974709234,medium
1000240,119,3,0.6218487394957983,1.2601368093956047,0.2049421933817085,medium
1000241,12,3,0.5833333333333334,1.2806721290880785,0.19198584918862482,medium
1000242,7,1,1.0,-1.4426951601859516e-10,1.0000000001442695,low
1000243,24,5,0.3333333333333333,2.036576689219385,0.12289416123448904,medium
1000244,26,2,0.8461538461538461,0.6193821943902247,0.3806178056097753,low
1000245,34,8,0.23529411764705882,2.788027267526065,0.07065757749131174,high
1000246,41,2,0.975609756097561,0.16542703370772777,0.8345729662922723,low
1000247,27,3,0.4444444444444444,1.530493056324674,0.0343663931302467,medium
1000248,45,5,0.4444444444444444,1.8795931881371724,0.19050327515488708,medium
1000249,67,8,0.2537313432835821,2.7318623811813776,0.0893792062728741,high
1000250,69,7,0.3188405797101449,2.176020038464555,0.22488602300785066,high
1000251,80,7,0.3625,2.302046542269206,0.17999447658653756,high
1000252,14,2,0.9285714285714286,0.3712323263523366,0.6287676736476634,low
1000253,25,4,0.88,0.7195563647968252,0.6402218176015875,medium
1000254,12,5,0.25,2.2924812496392306,0.012682065957585142,medium
1000255,32,4,0.375,1.8999887657967371,0.05000561710163143,medium
1000256,15,4,0.5333333333333333,1.5329145634023194,0.23354271829884032,medium
1000257,8,5,0.375,2.155639061508219,0.071616788541081,medium
1000258,47,7,0.3617021276595745,2.372873614364218,0.1547653644644762,high
1000259,112,5,0.30357142857142855,2.1800404779402407,0.061107670500022304,medium
1000260,36,6,0.3611111111111111,2.1868714213828486,0.15400265157705284,high
1000261,36,4,0.4166666666666667,1.8319560635467624,0.08402196822661878,medium
1000262,74,4,0.2702702702702703,1.9973627842357533,0.001318607882123346,medium
1000263,75,5,0.28,2.259006985747029,0.027098646714718955,medium
1000264,115,13,0.41739130434782606,2.354771973113138,0.3636507678887274,high
1000265,55,5,0.4,1.8284421760973664,0.21253281696216142,medium
1000266,55,5,0.32727272727272727,1.7885566518364207,0.2297105772678183,medium
1000267,62,4,0.3387096774193548,1.9048349457017486,0.0475825271491257,medium
1000268,73,6,0.3287671232876712,2.0719714776815357,0.19845201734899653,high
1000269,106,4,0.33962264150943394,1.913271129453808,0.04336443527309597,medium
1000270,104,11,0.2403846153846154,3.1121125971124552,0.10039771263397723,high
1000271,131,12,0.22137404580152673,3.007863510952505,0.16097769213835877,high
1000272,62,6,0.20967741935483872,2.4028428196752953,0.07045350986525056,high
1000273,420,12,0.319047619047619,2.576491672145242,0.28130582352620104,high
1000274,147,12,0.17006802721088435,3.228359294469474,0.0994719487804816,high
1000275,292,18,0.2328767123287671,3.6774531392289367,0.1181008919927905,high
1000276,9,5,0.4444444444444444,2.0588138896098536,0.11331712030913366,medium
1000277,41,7,0.3170731707317073,2.4640144097346606,0.12230035811478301,high
1000279,1089,13,0.3342516069788797,2.6995665905467354,0.27047410681699824,high
1000280,265,13,0.20754716981132076,2.9022220220369617,0.2157088770264074,high
1000283,48,9,0.4791666666666667,2.4459809270810227,0.22837892821814265,high
1000285,184,14,0.31521739130434784,2.7615010297244513,0.27469303853814164,high
1000287,297,13,0.2996632996632997,2.770695378766274,0.2512523943618985,high
1000288,29,6,0.3793103448275862,2.2758199863888273,0.11959264950500592,high
1000289,17,6,0.35294117647058826,2.3515937224831385,0.09027936698227235,high
1000290,24,3,0.5,1.2069084247190085,0.23852556500872002,medium
1000291,25,3,0.92,0.4821791897694643,0.6957788026214669,medium
1000292,869,19,0.23705408515535098,3.0818295853412003,0.2745098461336707,high
1000293,329,10,0.2917933130699088,2.553094699322452,0.23144191373322887,high
1000295,42,9,0.2857142857142857,2.8379314092149945,0.10473231766564217,high
1000296,38,6,0.47368421052631576,1.9377247236526478,0.25038575100719684,high
1000297,25,3,0.48,1.2022921886496063,0.2414380856944156,medium
1000298,287,10,0.3554006968641115,2.7101173471205557,0.1841733867474189,high
1000299,235,12,0.23829787234042554,2.891627646898105,0.19340086644799737,high
1000300,88,4,0.9659090909090909,0.26854264565448455,0.8657286771727577,medium
1000301,104,3,0.875,0.5924698882204449,0.6261931194265657,medium
1000302,101,3,0.900990099009901,0.5619828955624684,0.6454282701913977,medium
1000303,18,2,0.7222222222222222,0.8524051783609394,0.14759482163906057,low
1000304,90,3,0.4444444444444444,1.4327651035079259,0.09602586631796062,medium
1000305,76,3,0.4868421052631579,1.2443133008878169,0.21492571570516283,medium
1000306,20,2,0.55,0.9927744536992693,0.00722554630073069,low
1000307,21,2,0.5238095238095238,0.998363672305274,0.001636327694725992,low
1000309,43,3,0.4883720930232558,1.1360942482993375,0.2832043358865488,medium
1000310,98,5,0.5816326530612245,1.6756646311384675,0.27833052417596305,medium
1000312,90,3,0.5444444444444444,1.440222532783436,0.09132075230288639,medium
1000313,96,4,0.4166666666666667,1.6720349073073926,0.16398254634630371,medium
1000314,212,3,0.9905660377358491,0.08645083757432578,0.9454555943531845,medium
1000315,86,4,0.6744186046511628,1.3987201548806933,0.3006399225596533,medium
1000316,129,9,0.6434108527131783,1.718826386937392,0.45777064562873626,high
1000317,57,9,0.24561403508771928,2.8982783694503444,0.08569497129060433,high
1000318,24,7,0.2916666666666667,2.3010981699973785,0.18033229360581637,high
1000319,23,8,0.5217391304347826,2.2724994544325376,0.24250018185582078,high
1000320,77,6,0.44155844155844154,1.8582933268286133,0.28111400985113544,high
1000321,1326,34,0.6297134238310709,2.3861757771093917,0.530969394456954,high
1000322,40,7,0.4,2.2061983318002087,0.2141362980270367,high
1000323,216,7,0.5046296296296297,1.9252549916472415,0.31421033495965744,high
1000324,66,4,0.45454545454545453,1.7479041672204112,0.1260479163897944,medium
1000325,45,5,0.4222222222222222,1.846617094716417,0.20470530556804456,medium
1000326,9,1,1.0,-1.4426951601859516e-10,1.0000000001442695,low
1000327,56,6,0.3392857142857143,2.1986162096715187,0.14945914725720544,high
1000328,25,7,0.36,2.4481020691815942,0.12796844818349562,high
1000329,318,10,0.31761006289308175,2.4643361417981606,0.2581609019199075,high
1000330,39,6,0.3076923076923077,2.3676983733345582,0.08404923759086846,high
1000331,200,5,0.525,1.7832861109775628,0.2319804756640964,medium
1000332,166,7,0.536144578313253,1.8422130541877422,0.3437904699141059,high
1000333,184,5,0.41304347826086957,1.9438361649559392,0.1628353310181917,medium
1000335,47,4,0.46808510638297873,1.6340152393800274,0.18299238030998632,medium
1000336,110,5,0.35454545454545455,2.1220501792279283,0.08608273275108891,medium
1000337,76,8,0.40789473684210525,2.3354632636271107,0.22151224545762982,high
1000338,28,8,0.25,2.7244078167084362,0.09186406109718792,high
1000339,61,17,0.2786885245901639,3.5090045603761526,0.14152013200864677,high
1000340,278,13,0.26618705035971224,2.5963359239830854,0.298370971629461,high
1000342,182,4,0.554945054945055,1.6544581876446318,0.1727709061776841,medium
1000344,301,5,0.32558139534883723,1.9149472246535864,0.1752771203939968,medium
1000345,161,3,0.6335403726708074,1.2801396638183602,0.19232179737003363,medium
1000346,75,5,0.4,2.144563813784834,0.07638663811039859,medium
1000347,10,6,0.4,2.3219280940217453,0.10175559863093919,high
1000348,6,3,0.5,1.459147916594436,0.07938016455876684,medium
1000349,6,4,0.3333333333333333,1.9182958334774112,0.040852083261294414,medium
1000350,4,3,0.5,1.4999999995671913,0.0536053699158856,medium
1000351,76,4,0.618421052631579,1.259706775417077,0.3701466122914615,medium
1000352,56,8,0.4107142857142857,2.3438669211258363,0.21871102629138794,high
1000353,46,12,0.2608695652173913,2.9510745034017747,0.1768185851851638,high
1000354,5,1,1.0,-1.4426951601859516e-10,1.0000000001442695,low
1000355,8,4,0.375,1.9056390616524883,0.047180469173755846,medium
1000356,29,4,0.5172413793103449,1.527721429544809,0.23613928522759553,medium
1000357,8,2,0.875,0.5435644429110573,0.4564355570889427,low
1000358,33,7,0.30303030303030304,2.4726358928752887,0.1192293238565606,high
1000359,150,10,0.4,2.5827580097595444,0.2225123675209716,high
1000361,369,7,0.4932249322493225,1.9930206826213461,0.29007170879534006,high
1000363,164,2,0.9939024390243902,0.053633168112071264,0.9463668318879287,low
1000365,71,2,0.971830985915493,0.18512475981200685,0.8148752401879932,low
1000366,96,5,0.3958333333333333,1.983116547488002,0.1459181910694768,medium
1000368,430,8,0.3813953488372093,2.155101147555722,0.28163295081475936,high
1000369,169,3,0.48520710059171596,1.428328019470712,0.09882535465613573,medium
1000371,165,4,0.3939393939393939,1.860607519799761,0.06969624010011954,medium
1000374,92,2,0.9891304347826086,0.08650421383280696,0.9134957861671931,low
1000375,90,4,0.4222222222222222,1.6974514983140794,0.1512742508429603,medium
1000376,174,3,0.9712643678160919,0.20875599695793617,0.8682896302827654,medium
1000377,45,3,0.8,0.9055872612654517,0.42863805241233743,medium
1000378,15,6,0.3333333333333333,2.3329145631137806,0.09750545222108975,high
1000380,193,9,0.42487046632124353,2.317228876347205,0.2689956780387963,high
1000381,92,7,0.2717391304347826,2.599406709438906,0.0740726478810474,high
1000382,70,5,0.6285714285714286,1.3485179716837856,0.4192249214551138,medium
1000383,114,1,1.0,-1.4426951601859516e-10,1.0000000001442695,low
1000385,95,3,0.7473684210526316,0.9796386880815111,0.3819168039396663,medium
1000386,42,6,0.35714285714285715,2.1391918221470685,0.17244763838923227,high
1000387,33,5,0.45454545454545453,1.8500912628400905,0.2032090627983726,medium
1000388,6,2,0.5,0.9999999997114609,2.8853908151660335e-10,low
1000389,9,2,0.6666666666666666,0.9182958337659504,0.08170416623404964,low
1000390,137,11,0.31386861313868614,2.646870845089764,0.2348827388782464,high
1000392,12,4,0.5,1.7295739579365443,0.13521302103172783,medium
1000393,18,7,0.3333333333333333,2.399130390380914,0.14541251213704354,high
1000395,16,3,0.5,1.4772170010296741,0.06797984156878023,medium
1000396,220,10,0.29545454545454547,2.7236403737144705,0.1801025501104888,high
1000397,26,4,0.3076923076923077,1.950063755859132,0.024968122070433973,medium
1000398,36,6,0.3611111111111111,2.0628604923075664,0.2019766276175894,high
1000399,21,3,0.47619047619047616,1.2285763795960827,0.22485460757773013,medium
1000400,60,4,0.5,1.6804820231447626,0.1597589884276187,medium
1000401,136,8,0.39705882352941174,2.1944802202362617,0.2685065932545795,high
1000402,34,5,0.5294117647058824,1.723885813035813,0.25756279153018324,medium
1000403,67,5,0.4626865671641791,1.7358748038323268,0.2523994142391671,medium
1000404,21,4,0.5238095238095238,1.723091336248812,0.13845433187559397,medium
1000405,26,4,0.46153846153846156,1.8199069102724337,0.09004654486378316,medium
1000406,131,10,0.3511450381679389,2.4498293505130344,0.2625278812375673,high
1000407,107,7,0.2336448598130841,2.583053000648531,0.07989795648805065,high
1000408,48,3,0.8333333333333334,0.7852354419587344,0.5045715961094013,medium
1000409,34,4,0.38235294117647056,1.854543609380341,0.07272819530982955,medium
1000410,15,1,1.0,-1.4426951601859516e-10,1.0000000001442695,low
1000411,7,2,0.8571428571428571,0.5916727782937884,0.4083272217062116,low
1000412,8,2,0.75,0.8112781241705938,0.18872187582940625,low
1000413,270,8,0.3111111111111111,2.5703408626623263,0.14321971244589127,high
1000414,12,2,0.5833333333333334,0.9798687563626138,0.020131243637386165,low
1000415,69,8,0.2753623188405797,2.5471025956690743,0.1509658014436419,high
1000416,11,2,0.6363636363636364,0.945660304312101,0.05433969568789898,low
1000417,19,2,0.9473684210526315,0.2974722486307506,0.7025277513692494,low
1000418,91,4,0.5824175824175825,1.2186912528466232,0.3906543735766884,medium
1000419,60,2,0.9833333333333333,0.12229159678083568,0.8777084032191643,low
1000420,14,1,1.0,-1.4426951601859516e-10,1.0000000001442695,low
1000421,30,7,0.3333333333333333,2.5655962293477153,0.08611618388910225,high
1000422,95,5,0.2736842105263158,2.294730735286743,0.011713265221478975,medium
1000423,49,4,0.42857142857142855,1.7731044174492738,0.11344779127536309,medium
1000424,27,5,0.5555555555555556,1.7136603185363906,0.26196667230579296,medium
1000425,13,6,0.23076923076923078,2.5073801015580184,0.03001296890825056,high
1000426,27,5,0.37037037037037035,2.023457651003068,0.12854422345872563,medium
1000427,17,5,0.5294117647058824,1.894273869049917,0.18418065002921247,medium
1000428,20,6,0.3,2.3282129449753843,0.09932428639647328,high
1000429,26,3,0.7307692307692307,1.105612400108607,0.30243624085392895,medium
1000430,46,7,0.30434782608695654,2.4871848300225383,0.11404688787992734,high
1000431,56,4,0.5,1.7222584579366442,0.1388707710316779,medium
1000432,15,6,0.26666666666666666,2.4402239280762346,0.05599252314280856,high
1000433,63,6,0.25396825396825395,2.403829905942672,0.07007165277173322,high
1000434,9,2,0.8888888888888888,0.5032583344871068,0.4967416655128932,low
1000435,12,2,0.9166666666666666,0.4138168500150947,0.5861831499849053,low
1000436,149,8,0.2751677852348993,2.492986052267649,0.16900464924411696,high
1000437,31,2,0.7741935483870968,0.7706290690754014,0.2293709309245986,low
1000438,21,2,0.8095238095238095,0.7024665510018513,0.2975334489981487,low
1000439,29,4,0.4827586206896552,1.3611297792180577,0.31943511039097117,medium
1000440,9,1,1.0,-1.4426951601859516e-10,1.0000000001442695,low
1000441,18,3,0.5555555555555556,1.232660256383012,0.22227796820293666,medium
1000442,31,4,0.3548387096774194,1.951831864207728,0.02408406789613604,medium
1000443,8,7,0.25,2.749999998990113,0.020430235812668007,high
1000444,58,6,0.5,2.0275385567818884,0.2156410175326554,high
1000445,18,6,0.4444444444444444,2.197159722558532,0.15002259338556523,high
1000446,78,6,0.23076923076923078,2.3819748427324994,0.07852634532687686,high
1000447,11,3,0.6363636363636364,1.309296667804195,0.17392577603036874,medium
1000448,67,5,0.5074626865671642,1.9196935346387187,0.17323299594605057,medium
1000449,110,6,0.42727272727272725,1.7699806265821785,0.31527802585593134,high
1000450,48,7,0.3125,2.4605833289028944,0.1235225337666066,high
1000451,15,1,1.0,-1.4426951601859516e-10,1.0000000001442695,low
1000452,13,4,0.5384615384615384,1.669180336289653,0.16540983185517355,medium
1000453,32,5,0.5625,1.553814656315051,0.3308084519342416,medium
1000454,39,2,0.9230769230769231,0.3912435633407166,0.6087564366592835,low
1000455,89,6,0.4044943820224719,1.8990785300546114,0.26533613948952683,high
1000456,12,6,0.3333333333333333,2.3553885413419167,0.08881133065380742,high
1000472,217,5,0.7373271889400922,1.0836612770460465,0.533292491084391,medium
1000474,41,3,0.4878048780487805,1.1410367896610192,0.28008593948320626,medium
1000475,20,3,0.6,1.352724195191846,0.14652605687746045,medium
1000476,17,5,0.5294117647058824,1.8498687218638303,0.20330490598005868,medium
1000477,152,6,0.3815789473684211,2.050621377859613,0.20671136339984508,high
1000478,40,2,0.975,0.16866093120813122,0.8313390687918688,low
1000479,29,3,0.5172413793103449,1.4819007242487554,0.06502474123236834,medium
1000480,10,5,0.3,2.170950593733321,0.06502247054354415,medium
1000481,10,3,0.4,1.57095059402186,0.008840528840853179,medium
1000482,31,7,0.5483870967741935,1.9253821075117477,0.31416505537512485,high
1000483,15,5,0.26666666666666666,2.2565647614096065,0.02815045548640316,medium
1000485,15,1,1.0,-1.4426951601859516e-10,1.0000000001442695,low
1000486,13,2,0.6153846153846154,0.9612366044343368,0.03876339556566322,low
1000487,34,8,0.38235294117647056,2.4739156683903696,0.17536144386987684,high
1000488,45,7,0.4222222222222222,2.292480924558274,0.18340181836429936,high
1000489,19,2,0.9473684210526315,0.2974722486307506,0.7025277513692494,low
1000490,15,6,0.6,1.8716022605441802,0.27596541148196996,high
1000491,9,2,0.8888888888888888,0.5032583344871068,0.4967416655128932,low
1000492,73,6,0.684931506849315,1.3549245992349521,0.47584361519482254,high
1000493,155,9,0.7032258064516129,1.4941361034671425,0.528652538218629,high
1000494,113,8,0.37168141592920356,2.4022982487325653,0.19923391708914495,high
1000495,156,8,0.34615384615384615,2.50041173839026,0.16652942053657993,high
1000496,31,7,0.5483870967741935,2.083336847906579,0.2579004416087042,high
1000497,64,7,0.28125,2.4421298761638277,0.13009578625922047,high
1000499,79,5,0.35443037974683544,2.081185661502569,0.10368212259237597,medium
1000500,89,6,0.43820224719101125,1.9312458035150266,0.252892139450284,high
1000501,429,7,0.5384615384615384,1.9633753545418666,0.30063158772142595,high
1000502,29,6,0.4482758620689655,2.0605580168658144,0.20286734670581974,high
1000503,86,7,0.6744186046511628,1.5735841823817924,0.43947800471610476,high
1000504,224,9,0.3705357142857143,2.491741988471974,0.2139429206248621,high
1000505,121,5,0.38016528925619836,1.9146502705750703,0.175405011554438,medium
1000506,167,11,0.281437125748503,2.5951499673041396,0.24983342543235654,high
1000507,143,8,0.4125874125874126,2.3490683587680783,0.21697721374397394,high
1000508,262,8,0.2633587786259542,2.5191394213663783,0.16028685954454058,high
1000509,385,5,0.4909090909090909,1.5888022219627755,0.3157401275857127,medium
1000510,128,5,0.4140625,1.9473515707926303,0.16132132813221456,medium
1000511,85,5,0.3058823529411765,1.9888069130371666,0.14346748402058307,medium
1000512,138,6,0.34057971014492755,2.1879081149672275,0.15360160375369392,high
1000513,115,7,0.24347826086956523,2.490478540638457,0.11287364448628312,high
1000514,167,10,0.4550898203592814,2.3793538425682783,0.2837431230885942,high
1000515,79,10,0.21518987341772153,3.0009326514886063,0.09662925693448521,high
1000516,51,10,0.45098039215686275,2.5836828220057555,0.22223397129450473,high
1000517,13,5,0.3076923076923077,2.1996877940099804,0.05264603203972673,medium
1000518,210,16,0.23809523809523808,3.105122650035576,0.22371933749110595,high
1000519,191,13,0.20418848167539266,3.260863624679722,0.11879023222737173,high
1000520,95,12,0.18947368421052632,3.2335143983020527,0.09803396893228467,high
1000521,78,6,0.32051282051282054,2.1792214437786295,0.15696206688852643,high
1000522,95,9,0.23157894736842105,2.943418622723417,0.07145480685373784,high
1000523,208,5,0.9230769230769231,0.48249572632784143,0.7922004013000035,medium
1000524,171,15,0.3333333333333333,2.7270739868730036,0.3019835288097573,high
1000525,17,4,0.47058823529411764,1.8077635758401165,0.09611821207994176,medium
1000526,305,18,0.38688524590163936,2.971009913893301,0.28751478435087563,high
1000527,171,10,0.38596491228070173,2.4845763227601814,0.2520680003326722,high
1000528,121,8,0.3305785123966942,2.2473427949632834,0.2508857350122389,high
1000529,63,4,0.47619047619047616,1.7944972394022536,0.10275138029887321,medium
1000530,118,17,0.211864406779661,3.362917921546237,0.17726030739461518,high
1000531,10,5,0.4,2.046439343949668,0.11864654704178423,medium
1000532,11,5,0.5454545454545454,1.8676338902498646,0.1956538644059671,medium
1000533,59,5,0.4915254237288136,1.857820647340652,0.19988019808564494,medium
1000534,81,2,0.7777777777777778,0.7642045062200812,0.23579549377991882,low
1000535,24,8,0.20833333333333334,2.8045851681836433,0.06513827727211885,high
1000536,51,6,0.43137254901960786,1.895232779870558,0.2668238787441506,high
1000537,23,3,0.5217391304347826,1.2088301748621393,0.23731307566448856,medium
1000538,74,6,0.40540540540540543,1.7864381943224725,0.30891136957534593,high
1000539,195,15,0.2717948717948718,3.2221910086287204,0.1752543538714456,high
1000540,59,6,0.3728813559322034,2.2835555656424193,0.11660011895516853,high
1000541,997,16,0.2728184553660983,3.2952579704689553,0.17618550738276118,high
1000542,135,8,0.2740740740740741,2.590908887883428,0.13636370403885734,high
1000543,151,14,0.18543046357615894,3.2939063212393953,0.13485703627040013,high
1000544,99,4,0.7070707070707071,1.2018036683814923,0.39909816580925384,medium
1000545,194,14,0.30412371134020616,2.9074413593934167,0.23636187880741322,high
1000546,154,12,0.2857142857142857,2.901083425468754,0.1907632437200758,high
1000547,233,10,0.43776824034334766,2.49601197149974,0.2486255270421881,high
1000548,30,2,0.7666666666666667,0.783776947196162,0.21622305280383802,low
1000549,72,6,0.3611111111111111,2.01411361724747,0.22083449307849912,high
1000550,8,3,0.625,1.29879494026259,0.18055162840026828,medium
1000551,27,6,0.5555555555555556,1.7824858943152215,0.3104403279281841,high
1000552,88,13,0.36363636363636365,2.8426855111969984,0.23179791383684123,high
1000553,70,9,0.21428571428571427,2.8535749343526327,0.09979733493560272,high
1000554,78,6,0.8076923076923077,1.084273363390753,0.5805458055626489,high
1000555,73,4,0.3972602739726027,1.870372356159832,0.064813821920084,medium
1000556,35,5,0.2857142857142857,2.156477234161217,0.07125580722781666,medium
1000558,16,1,1.0,-1.4426951601859516e-10,1.0000000001442695,low
1000559,28,7,0.2857142857142857,2.5836169743873456,0.07969706498894469,high
1000560,21,8,0.23809523809523808,2.7918583514133273,0.06938054952889094,high
1000561,20,4,0.4,1.6841837192021107,0.15790814039894463,medium
1000562,29,4,0.4827586206896552,1.4675493077415172,0.2662253461292414,medium
1000563,90,6,0.26666666666666666,2.465960879236415,0.046036111336834384,high
1000564,180,10,0.3277777777777778,2.7202465415945465,0.18112419537883384,high
1000565,368,8,0.4673913043478261,1.8232337291926293,0.3922554236024569,high
1000566,36,8,0.3888888888888889,2.501651211094547,0.16611626296848436,high
1000567,282,4,0.7198581560283688,1.1250836198296648,0.4374581900851676,medium
1000569,25,3,0.56,1.361541932903119,0.14096268379622923,medium
1000570,126,9,0.46825396825396826,2.064429415530614,0.3487450287968009,high
1000571,73,6,0.4931506849315068,2.0433410276772275,0.20952778730555133,high
1000572,12,2,0.5,0.9999999997114609,2.8853908151660335e-10,low
1000573,40,4,0.475,1.7028188302993246,0.14859058485033771,medium
1000574,80,4,0.3625,1.861759042050683,0.06912047897465845,medium
1000575,66,5,0.5151515151515151,1.7477323849988566,0.24729263199529017,medium
1000576,86,4,0.37209302325581395,1.8942641869397359,0.05286790653013207,medium
1000577,39,2,0.9230769230769231,0.3912435633407166,0.6087564366592835,low
1000578,10,3,0.8,0.9219280944545538,0.418328134555185,medium
1000579,9,3,0.7777777777777778,0.9864267282980339,0.3776340273986224,medium
1000580,30,2,0.7,0.8812908989421536,0.11870910105784638,low
1000581,33,4,0.7575757575757576,1.0563280657906162,0.4718359671046919,medium
1000582,35,3,0.34285714285714286,1.583773078731643,0.0007504417227358617,medium
1000583,47,3,0.7021276595744681,1.1765468332100326,0.2576815964575154,medium
1000584,56,6,0.35714285714285715,2.1257703736593223,0.17763976341387067,high
1000585,34,3,0.5882352941176471,1.1302781868886649,0.2868738620791409,medium
1000586,181,5,0.5193370165745856,1.6200591303345842,0.3022785098721268,medium
1000587,42,4,0.47619047619047616,1.6372795495437982,0.1813602252281009,medium
1000588,190,4,0.8,0.8960663700297561,0.551966814985122,medium
1000589,50,6,0.32,2.228493069498941,0.13790120016161422,high
1000590,89,6,0.3595505617977528,2.2504069892254055,0.12942373879791902,high
1000591,91,12,0.37362637362637363,2.777797571631504,0.22515296294655296,high
1000592,52,3,0.6730769230769231,1.0172684563030177,0.3581750635487201,medium
1000593,89,5,0.449438202247191,1.618670100328623,0.3028767325341548,medium
1000595,15,2,0.6,0.9709505941661296,0.02904940583387039,low
1000597,91,3,0.945054945054945,0.3603918221115593,0.7726180764859854,medium
1000598,177,3,0.807909604519774,0.7425964699996881,0.5314737921800625,medium
1000599,49,3,0.7346938775510204,1.089670241103623,0.3124946233063405,medium
1000600,16,2,0.9375,0.3372900663284749,0.6627099336715251,low
1000601,47,3,0.9148936170212766,0.4889660437053888,0.6914967745401486,medium
1000602,16,2,0.9375,0.3372900663284749,0.6627099336715251,low
1000603,491,10,0.4725050916496945,1.8176749612515368,0.45282531429592265,high
1000604,238,7,0.40756302521008403,2.1247052526509838,0.24316471851955357,high
1000605,213,9,0.3004694835680751,2.4170005732793567,0.23752121195939202,high
1000606,26,2,0.5384615384615384,0.9957274517963866,0.0042725482036134466,low
1000607,170,13,0.3176470588235294,2.8108016925351955,0.24041413814810209,high
1000608,86,2,0.6046511627906976,0.9681647317874156,0.03183526821258442,low
1000609,132,4,0.553030303030303,1.4758598054493257,0.26207009727533714,medium
1000610,169,8,0.46153846153846156,2.0696353232352496,0.31012155892158344,high
1000611,314,7,0.3375796178343949,2.138218570299924,0.2383511776513274,high
1000612,385,6,0.4857142857142857,1.8170587817996975,0.2970657093506106,high
1000613,93,8,0.3548387096774194,2.318721764465758,0.22709274517808076,high
1000614,362,8,0.5414364640883977,2.055421851237973,0.3148593829206757,high
1000615,84,4,0.5,1.473186467415643,0.2634067662921785,medium
1000616,128,7,0.4609375,2.054325625392903,0.2682344475748655,high
1000617,89,8,0.21348314606741572,2.9142226328777383,0.028592455707420528,high
1000618,127,13,0.2125984251968504,3.1820571362706733,0.140086752211931,high
1000619,126,7,0.36507936507936506,2.011160026616656,0.283610344094786,high
1000620,16,4,0.5625,1.4913146564593205,0.25434267177033976,medium
1000621,22,2,0.9545454545454546,0.26676498751448696,0.733235012485513,low
1000622,248,6,0.3911290322580645,2.3062922827849768,0.10780435610127248,high
1000623,322,5,0.4440993788819876,1.6014165540065166,0.31030743047871945,medium
1000624,251,6,0.41434262948207173,1.922308975030709,0.2563493766372159,high
1000625,37,8,0.24324324324324326,2.7497309079695373,0.08342303067682089,high
1000626,7,5,0.2857142857142857,2.235926349907685,0.037038935516153004,medium
1000627,9,2,0.5555555555555556,0.9910760595496831,0.008923940450316858,low
1000628,33,10,0.3333333333333333,2.750296170660804,0.17207835567131413,high
1000629,198,13,0.3282828282828283,2.739954987575209,0.25955962094374574,high
1000630,14,2,0.8571428571428571,0.5916727782937884,0.4083272217062116,low
1000631,8,5,0.375,2.155639061508219,0.071616788541081,medium
1000632,7,3,0.5714285714285714,1.378783493053367,0.13008447049944583,medium
1000633,152,12,0.29605263157894735,2.774253874477486,0.22614145226919025,high
1000634,377,7,0.5145888594164456,1.694312050821069,0.39647387029380277,high
1000635,160,13,0.38125,2.6772056251940555,0.2765168928251197,high
1000636,31,3,0.6774193548387096,1.1400457977490999,0.28071118576598475,medium
1000637,139,11,0.381294964028777,2.4972454121391903,0.2781341886668427,high
1000638,63,6,0.19047619047619047,2.5812414843936855,0.0014394856120475419,high
1000639,11,1,1.0,-1.4426951601859516e-10,1.0000000001442695,low
1000640,10,1,1.0,-1.4426951601859516e-10,1.0000000001442695,low
1000641,6,2,0.8333333333333334,0.6500224213598151,0.34997757864018486,low
1000642,14,5,0.42857142857142855,1.9852281353129038,0.14500877969297832,medium
1000643,7,2,0.5714285714285714,0.9852281357457124,0.014771864254287559,low
1000644,5,2,0.8,0.7219280945988233,0.27807190540117666,low
1000645,12,5,0.25,2.2295739577922746,0.039774761887950594,medium
1000646,25,4,0.84,0.8743095540634882,0.5628452229682559,medium
1000647,76,8,0.5263157894736842,2.168925283155628,0.27702490561479065,high
1000648,217,8,0.29493087557603687,2.50982448602611,0.16339183799129664,high
1000649,36,11,0.19444444444444445,3.0998625038086787,0.10393878372721133,high
1000650,199,13,0.37185929648241206,2.8013587845523507,0.2429659721738131,high
1000651,23,4,0.5652173913043478,1.579416007207282,0.21029199639635898,medium
1000652,15,4,0.3333333333333333,1.8256051984398654,0.08719740078006732,medium
1000653,7,4,0.42857142857142855,1.8423709926000305,0.07881450369998477,medium
1000654,58,9,0.39655172413793105,2.644076632347913,0.16588669096434105,high
1000655,30,7,0.4,2.3655962293477155,0.15735762131070663,high
1000656,36,8,0.5,2.276089847379118,0.24130338420696074,high
1000657,9,4,0.3333333333333333,1.8910611114955744,0.054469444252212784,medium
1000658,279,7,0.5878136200716846,1.9507655115595264,0.3051233044200392,high
1000659,56,13,0.19642857142857142,3.1250562465493976,0.1554905674509237,high
1000660,5,4,0.4,1.9219280943102843,0.039035952844857835,medium
1000661,8,4,0.625,1.5487949401183205,0.22560252994083974,medium
