khipu_id,depth,avg_branching,branching_variance,branching_cv,structural_cv,density,variance_class
1000000,2.0,3.0,5.656854249492381,0.628539361054709,0.628539361054709,0.0526315789473684,medium
1000001,1.0,6.0,0.0,0.0,0.0,0.1428571428571428,low
1000002,2.0,4.285714285714286,12.727922061357855,0.848528137423857,0.848528137423857,0.032258064516129,high
1000003,2.0,4.75,16.97056274847714,0.8931875130777441,0.8931875130777441,0.0256410256410256,high
1000004,2.0,10.352941176470589,100.40916292848975,1.1410132150964745,1.1410132150964745,0.0056497175141242,high
1000005,2.0,4.428571428571429,25.45584412271571,0.8211562620230874,0.8211562620230874,0.0158730158730158,high
1000006,3.0,2.4242424242424243,22.89832599412746,0.8586872247797798,0.8586872247797798,0.0123456790123456,high
1000007,3.0,3.2358490566037736,79.95206897468842,0.6992892330147675,0.6992892330147675,0.002906976744186,medium
1000008,3.0,4.538461538461538,14.011899704655802,0.712469476507922,0.712469476507922,0.0166666666666666,high
1000009,3.0,2.423076923076923,17.435595774162696,0.41513323271815944,0.41513323271815944,0.0078740157480314,medium
1000010,3.0,8.8,30.92463958291727,1.0542490766903614,1.0542490766903614,0.0112359550561797,high
1000011,2.0,2.933333333333333,1.4142135623730951,0.0642824346533225,0.0642824346533225,0.0222222222222222,low
1000012,3.0,3.135135135135135,34.019602192461534,0.8798172980809018,0.8798172980809018,0.0085470085470085,high
1000013,1.0,30.0,0.0,0.0,0.0,0.032258064516129,low
1000014,1.0,37.0,0.0,0.0,0.0,0.0263157894736842,low
1000015,2.0,10.666666666666666,19.79898987322333,1.2374368670764582,1.2374368670764582,0.0303030303030303,high
1000017,2.0,3.9,14.849242404917497,0.7614996105085896,0.7614996105085896,0.025,high
1000018,3.0,2.6467065868263475,125.02133151319951,0.8485610736190011,0.8485610736190011,0.0022573363431151,high
1000019,2.0,13.666666666666666,94.75230867899737,1.1555159594999678,1.1555159594999678,0.006060606060606,high
1000020,5.0,3.6445497630331753,178.18164888674704,1.1585282762467297,1.1585282762467297,0.001295332423737,high
1000021,2.0,4.88,44.29070632386287,1.452154305700422,1.452154305700422,0.008130081300813,high
1000022,2.0,8.1,77.78174593052023,0.9602684682780276,0.9602684682780276,0.0061349693251533,high
1000023,3.0,7.15,186.83147486438145,1.3065138102404297,1.3065138102404297,0.0017452006980802,high
1000024,3.0,6.741176470588235,202.77031340903923,1.7693744625570615,1.7693744625570615,0.0017421602787456,high
1000025,3.0,8.323809523809524,249.35256164715852,1.426502068919671,1.426502068919671,0.0011428571428571,high
1000026,2.0,2.0,1.4142135623730951,0.15713484026367724,0.15713484026367724,0.0526315789473684,low
1000027,2.0,2.2222222222222223,2.8284271247461903,0.282842712474619,0.282842712474619,0.0476190476190476,low
1000028,2.0,3.0,0.7071067811865476,0.06734350297014739,0.06734350297014739,0.0454545454545454,low
1000029,3.0,7.4411764705882355,93.41796757940448,1.476963914298885,1.476963914298885,0.0039370078740157,high
1000030,2.0,2.5454545454545454,4.242640687119285,0.3030457633656632,0.3030457633656632,0.0344827586206896,medium
1000031,1.0,14.0,0.0,0.0,0.0,0.0666666666666666,low
1000032,2.0,3.25,21.920310216782973,0.30657776526969194,0.30657776526969194,0.0069444444444444,medium
1000033,2.0,3.5789473684210527,22.627416997969522,0.6655122646461624,0.6655122646461624,0.0144927536231884,medium
1000034,2.0,3.125,29.65355515504563,1.1861422062018252,1.1861422062018252,0.0099009900990099,high
1000035,2.0,1.894736842105263,0.0,0.0,0.0,0.027027027027027,low
1000036,1.0,20.0,0.0,0.0,0.0,0.0476190476190476,low
1000037,2.0,6.166666666666667,12.010412149464313,1.2984229350772232,1.2984229350772232,0.0263157894736842,high
1000038,2.0,1.6666666666666667,0.7071067811865476,0.282842712474619,0.282842712474619,0.1666666666666666,low
1000039,1.0,64.0,0.0,0.0,0.0,0.0153846153846153,low
1000040,2.0,7.769230769230769,41.71930009000631,0.8261247542575506,0.8261247542575506,0.0098039215686274,high
1000041,1.0,48.0,0.0,0.0,0.0,0.0204081632653061,low
1000042,2.0,9.125,41.71930009000631,1.1429945230138714,1.1429945230138714,0.0135135135135135,high
1000043,2.0,2.1,2.1213203435596424,0.20203050891044214,0.20203050891044214,0.0454545454545454,low
1000044,2.0,2.1538461538461537,2.8284271247461903,0.20203050891044216,0.20203050891044216,0.0344827586206896,low
1000045,2.0,8.486486486486486,154.14927829866735,0.981842536934187,0.981842536934187,0.0031746031746031,high
1000046,2.0,10.0,11.313708498984761,1.131370849898476,1.131370849898476,0.0476190476190476,high
1000047,2.0,2.4482758620689653,10.606601717798213,0.29877751317741447,0.29877751317741447,0.0138888888888888,low
1000048,1.0,21.0,0.0,0.0,0.0,0.0454545454545454,low
1000049,2.0,2.2,1.4142135623730951,0.128564869306645,0.128564869306645,0.0434782608695652,low
1000050,2.0,9.0,31.11269837220809,1.152322161933633,1.152322161933633,0.0181818181818181,high
1000051,1.0,29.0,0.0,0.0,0.0,0.0333333333333333,low
1000052,3.0,5.25,17.578395831246947,1.2555997022319247,1.2555997022319247,0.0232558139534883,high
1000053,1.0,287.0,0.0,0.0,0.0,0.0034722222222222,low
1000054,1.0,20.0,0.0,0.0,0.0,0.0476190476190476,low
1000055,2.0,2.2,2.1213203435596424,0.385694607919935,0.385694607919935,0.0833333333333333,medium
1000056,1.0,42.0,0.0,0.0,0.0,0.0232558139534883,low
1000057,1.0,163.0,0.0,0.0,0.0,0.0060975609756097,low
1000058,2.0,3.117647058823529,12.020815280171307,0.45361567094986066,0.45361567094986066,0.0185185185185185,medium
1000059,2.0,5.0,7.7781745930520225,1.0370899457402696,1.0370899457402696,0.0625,high
1000060,3.0,1.9285714285714288,6.928203230275509,0.7698003589195009,0.7698003589195009,0.0357142857142857,high
1000061,3.0,2.333333333333333,0.5773502691896258,0.24743582965269678,0.24743582965269678,0.125,low
1000062,3.0,2.333333333333333,1.1547005383792515,0.49487165930539345,0.49487165930539345,0.125,medium
1000063,2.0,18.789473684210527,226.98127676088177,1.271603791377489,1.271603791377489,0.0027932960893854,high
1000064,1.0,23.0,0.0,0.0,0.0,0.0416666666666666,low
1000065,1.0,101.0,0.0,0.0,0.0,0.0098039215686274,low
1000066,1.0,7.0,0.0,0.0,0.0,0.125,low
1000067,2.0,6.5,4.949747468305833,0.7614996105085896,0.7614996105085896,0.0714285714285714,high
1000068,1.0,8.0,0.0,0.0,0.0,0.1111111111111111,low
1000069,2.0,3.0,2.8284271247461903,0.9428090415820635,0.9428090415820635,0.1428571428571428,high
1000070,2.0,3.6666666666666665,4.949747468305833,0.899954085146515,0.899954085146515,0.0833333333333333,high
1000071,1.0,55.0,28.991378028648448,1.054231928314489,1.054231928314489,0.0178571428571428,high
1000072,1.0,13.0,0.0,0.0,0.0,0.0714285714285714,low
1000073,1.0,11.0,0.0,0.0,0.0,0.0833333333333333,low
1000074,2.0,10.0,7.0710678118654755,0.7071067811865476,0.7071067811865476,0.0476190476190476,high
1000075,2.0,2.2,2.1213203435596424,0.385694607919935,0.385694607919935,0.0833333333333333,medium
1000076,2.0,7.2,19.79898987322333,1.0999438818457405,1.0999438818457405,0.027027027027027,high
1000077,2.0,140.5,197.28279195104676,1.404147985416703,1.404147985416703,0.0035460992907801,high
1000078,2.0,4.5,4.949747468305833,1.0999438818457405,1.0999438818457405,0.1,high
1000079,2.0,4.086956521739131,32.526911934581186,0.6920619560549188,0.6920619560549188,0.0105263157894736,medium
1000080,1.0,35.0,0.0,0.0,0.0,0.0277777777777777,low
1000081,2.0,5.6,12.727922061357855,0.9091372900969896,0.9091372900969896,0.0344827586206896,high
1000082,1.0,16.0,0.0,0.0,0.0,0.0588235294117647,low
1000083,3.0,3.738095238095238,48.04511768466525,0.9180595735923296,0.9180595735923296,0.0063291139240506,high
1000084,1.0,6.0,0.0,0.0,0.0,0.1428571428571428,low
1000085,2.0,13.761904761904765,176.06958851545033,1.2184746610065766,1.2184746610065766,0.0034482758620689,high
1000086,1.0,14.0,0.0,0.0,0.0,0.0666666666666666,low
1000087,2.0,2.1538461538461537,2.8284271247461903,0.20203050891044216,0.20203050891044216,0.0344827586206896,low
1000088,1.0,195.0,0.0,0.0,0.0,0.0051020408163265,low
1000089,2.0,2.0211267605633805,3.5355339059327378,0.024637866940297824,0.024637866940297824,0.0034722222222222,low
1000090,2.0,5.0,4.949747468305833,0.6599663291074443,0.6599663291074443,0.0625,medium
1000091,2.0,16.333333333333332,31.81980515339464,1.298767557281414,1.298767557281414,0.02,high
1000092,1.0,13.0,0.0,0.0,0.0,0.0714285714285714,low
1000093,2.0,11.5,14.849242404917497,1.2912384699928259,1.2912384699928259,0.0416666666666666,high
1000094,3.0,3.313953488372093,90.26627277117406,0.950171292328148,0.950171292328148,0.0034965034965034,high
1000096,3.0,13.268115942028986,903.969210390118,1.4811073900438851,1.4811073900438851,0.0005458515283842,high
1000097,3.0,3.954545454545455,24.515301344262525,0.8453552187676733,0.8453552187676733,0.0113636363636363,high
1000098,2.0,4.454545454545454,12.020815280171307,0.4906455216396452,0.4906455216396452,0.02,medium
1000099,1.0,43.0,0.0,0.0,0.0,0.0227272727272727,low
1000100,1.0,25.0,0.0,0.0,0.0,0.0384615384615384,low
1000101,2.0,7.0,11.313708498984761,0.8081220356417687,0.8081220356417687,0.0344827586206896,high
1000103,2.0,4.7043478260869565,204.35385976291224,0.7554671340588253,0.7554671340588253,0.0018450184501845,high
1000105,1.0,12.0,0.0,0.0,0.0,0.0769230769230769,low
1000106,1.0,18.0,0.0,0.0,0.0,0.0526315789473684,low
1000107,1.0,15.0,0.0,0.0,0.0,0.0625,low
1000108,1.0,25.0,0.0,0.0,0.0,0.0384615384615384,low
1000109,3.0,2.5,1.1547005383792515,0.3464101615137754,0.3464101615137754,0.0909090909090909,medium
1000110,1.0,21.0,0.0,0.0,0.0,0.0454545454545454,low
1000111,2.0,5.5,4.949747468305833,0.899954085146515,0.899954085146515,0.0833333333333333,high
1000112,1.0,4.0,0.0,0.0,0.0,0.2,low
1000113,1.0,35.0,0.0,0.0,0.0,0.0277777777777777,low
1000114,2.0,7.0,8.48528137423857,1.2121830534626528,1.2121830534626528,0.0666666666666666,high
1000115,2.0,17.272727272727273,120.20815280171308,1.2653489768601378,1.2653489768601378,0.0052356020942408,high
1000116,1.0,20.0,0.0,0.0,0.0,0.0476190476190476,low
1000117,2.0,2.571428571428572,4.242640687119285,0.4714045207910316,0.4714045207910316,0.0526315789473684,medium
1000118,1.0,30.0,0.0,0.0,0.0,0.032258064516129,low
1000119,1.0,62.0,0.0,0.0,0.0,0.0158730158730158,low
1000120,2.0,30.0,60.81118318204309,1.3513596262676242,1.3513596262676242,0.0109890109890109,high
1000121,2.0,8.785714285714286,68.58935777509511,1.1152741101641481,1.1152741101641481,0.0080645161290322,high
1000122,1.0,18.0,0.0,0.0,0.0,0.0526315789473684,low
1000123,1.0,20.0,0.0,0.0,0.0,0.0476190476190476,low
1000124,1.0,112.0,0.0,0.0,0.0,0.0088495575221238,low
1000125,3.0,3.1538461538461537,13.012814197295423,0.95215713638747,0.95215713638747,0.0238095238095238,high
1000126,3.0,2.473684210526316,10.214368964029708,0.651980997704024,0.651980997704024,0.0208333333333333,medium
1000127,2.0,4.916666666666667,29.698484809834994,0.5033641493192372,0.5033641493192372,0.0084033613445378,medium
1000128,2.0,2.5,1.4142135623730951,0.07071067811865475,0.07071067811865475,0.024390243902439,low
1000129,1.0,3.0,0.0,0.0,0.0,0.25,low
1000130,2.0,2.25,2.1213203435596424,0.4714045207910316,0.4714045207910316,0.1,medium
1000131,1.0,65.0,0.0,0.0,0.0,0.0151515151515151,low
1000132,2.0,2.0,1.4142135623730951,0.0831890330807703,0.0831890330807703,0.0285714285714285,low
1000133,1.0,18.0,0.0,0.0,0.0,0.0526315789473684,low
1000134,1.0,8.0,0.0,0.0,0.0,0.1111111111111111,low
1000135,1.0,16.0,0.0,0.0,0.0,0.0588235294117647,low
1000136,1.0,5.0,0.0,0.0,0.0,0.1666666666666666,low
1000137,2.0,13.5,17.67766952966369,1.3094570021973102,1.3094570021973102,0.0357142857142857,high
1000138,2.0,3.0,7.7781745930520225,0.4714045207910317,0.4714045207910317,0.0294117647058823,medium
1000139,2.0,7.0,12.020815280171307,1.1448395504925055,1.1448395504925055,0.0454545454545454,high
1000140,3.0,4.022222222222222,101.50041050820106,0.8411636229961413,0.8411636229961413,0.0027548209366391,high
1000141,1.0,9.0,0.0,0.0,0.0,0.1,low
1000142,1.0,18.0,0.0,0.0,0.0,0.0526315789473684,low
1000143,1.0,30.0,0.0,0.0,0.0,0.032258064516129,low
1000144,3.0,5.0,52.348193219378004,1.256356637265072,1.256356637265072,0.0079365079365079,high
1000145,2.0,12.0,15.556349186104045,1.296362432175337,1.296362432175337,0.04,high
1000146,4.0,2.269230769230769,15.195942440884233,1.0302333858226598,1.0302333858226598,0.0166666666666666,high
1000147,4.0,3.1296296296296298,101.16158691255622,1.1971785433438606,1.1971785433438606,0.0029498525073746,high
1000148,3.0,5.941176470588236,106.78951259369995,1.0573219068683164,1.0573219068683164,0.0032894736842105,high
1000149,1.0,15.0,0.0,0.0,0.0,0.0625,low
1000150,2.0,15.0,19.79898987322333,1.3199326582148887,1.3199326582148887,0.032258064516129,high
1000151,2.0,14.0,18.384776310850235,1.313198307917874,1.313198307917874,0.0344827586206896,high
1000152,2.0,5.0,13.435028842544403,0.7677159338596802,0.7677159338596802,0.0277777777777777,high
1000154,1.0,5.0,0.0,0.0,0.0,0.1666666666666666,low
1000155,1.0,1.0,0.0,0.0,0.0,0.5,low
1000156,2.0,1.75,0.7071067811865476,0.20203050891044216,0.20203050891044216,0.125,low
1000157,1.0,9.0,0.0,0.0,0.0,0.1,low
1000158,3.0,4.285714285714286,11.357816691600547,1.1357816691600546,1.1357816691600546,0.032258064516129,high
1000159,2.0,2.909090909090909,0.0,0.0,0.0,0.0153846153846153,low
1000160,1.0,3.0,0.0,0.0,0.0,0.25,low
1000161,1.0,12.0,0.0,0.0,0.0,0.0769230769230769,low
1000162,2.0,2.6923076923076925,7.7781745930520225,0.4444671196029727,0.4444671196029727,0.0277777777777777,medium
1000163,1.0,19.0,0.0,0.0,0.0,0.05,low
1000164,2.0,43.0,38.78573620976316,1.3529907980149938,1.3529907980149938,0.0114942528735632,high
1000165,2.0,2.2857142857142856,7.0710678118654755,0.2209708691207961,0.2209708691207961,0.0153846153846153,low
1000166,2.0,14.0,13.576941236277534,1.45467227531545,1.45467227531545,0.0344827586206896,high
1000167,2.0,2.4,4.242640687119285,0.35355339059327373,0.35355339059327373,0.04,medium
1000168,1.0,3.0,0.0,0.0,0.0,0.25,low
1000169,1.0,20.0,0.0,0.0,0.0,0.0476190476190476,low
1000170,2.0,2.45,6.363961030678928,0.2597535114562828,0.2597535114562828,0.02,low
1000171,1.0,15.0,0.0,0.0,0.0,0.0625,low
1000172,1.0,27.0,0.0,0.0,0.0,0.0357142857142857,low
1000173,1.0,8.0,0.0,0.0,0.0,0.1111111111111111,low
1000174,1.0,25.0,0.0,0.0,0.0,0.0384615384615384,low
1000176,1.0,38.0,0.0,0.0,0.0,0.0256410256410256,low
1000177,2.0,1.5333333333333334,5.188127472091127,0.9022830386245438,0.9022830386245438,0.0283251231527093,high
1000178,2.0,1.8823529411764703,0.0,0.0,0.0,0.0303030303030303,low
1000179,2.0,4.333333333333333,11.313708498984761,0.8702852691526739,0.8702852691526739,0.037037037037037,high
1000180,2.0,7.0,45.96194077712559,0.875465538611916,0.875465538611916,0.0094339622641509,high
1000182,1.0,3.0,0.0,0.0,0.0,0.25,low
1000183,3.0,19.0,273.4744046524281,1.8572115765869481,1.8572115765869481,0.0016949152542372,high
1000184,1.0,90.0,62.22539674441618,1.3827865943203597,1.3827865943203597,0.0109890109890109,high
1000185,3.0,2.2058823529411766,19.313207915827967,0.7725283166331187,0.7725283166331187,0.0131578947368421,high
1000186,1.0,12.0,0.0,0.0,0.0,0.0769230769230769,low
1000187,2.0,5.5,2.1213203435596424,0.385694607919935,0.385694607919935,0.0833333333333333,medium
1000188,2.0,1.95,0.7071067811865476,0.03626188621469475,0.03626188621469475,0.025,low
1000189,2.0,5.0,5.656854249492381,1.131370849898476,1.131370849898476,0.0909090909090909,high
1000190,1.0,9.0,0.0,0.0,0.0,0.1,low
1000191,1.0,10.0,0.0,0.0,0.0,0.0909090909090909,low
1000192,2.0,5.769230769230769,25.514701644346147,1.020588065773846,1.020588065773846,0.0131578947368421,high
1000194,2.0,4.0,4.242640687119285,1.0606601717798212,1.0606601717798212,0.1111111111111111,high
1000195,1.0,3.0,0.0,0.0,0.0,0.25,low
1000196,1.0,2.0,0.0,0.0,0.0,0.3333333333333333,low
1000197,2.0,3.5,21.920310216782973,0.5693587069294279,0.5693587069294279,0.0128205128205128,medium
1000198,3.0,2.3008849557522124,63.51640208114226,0.7328815624747184,0.7328815624747184,0.003831417624521,high
1000199,2.0,3.5,7.0710678118654755,0.5050762722761054,0.5050762722761054,0.0344827586206896,medium
1000200,2.0,8.0,29.698484809834994,1.0606601717798212,1.0606601717798212,0.0175438596491228,high
1000201,4.0,3.575,40.392862405793096,1.1298702770851217,1.1298702770851217,0.0069444444444444,high
1000204,1.0,16.0,0.0,0.0,0.0,0.0588235294117647,low
1000205,1.0,4.0,0.0,0.0,0.0,0.2,low
1000206,2.0,3.0,2.8284271247461903,0.47140452079103173,0.47140452079103173,0.0769230769230769,medium
1000207,2.0,19.0,25.45584412271571,1.3397812696166163,1.3397812696166163,0.0256410256410256,high
1000208,4.0,2.3684210526315788,11.954775893619532,1.062646746099514,1.062646746099514,0.0217391304347826,high
1000209,3.0,2.8,14.047538337136984,0.7525466966323384,0.7525466966323384,0.0175438596491228,high
1000210,4.0,3.5,5.0,1.4285714285714286,1.4285714285714286,0.0666666666666666,high
1000211,2.0,14.5,17.67766952966369,1.2191496227354268,1.2191496227354268,0.0333333333333333,high
1000212,2.0,4.818181818181818,19.091883092036785,0.7204484185674258,0.7204484185674258,0.0185185185185185,high
1000213,1.0,36.0,0.0,0.0,0.0,0.027027027027027,low
1000214,2.0,5.0,12.737739202856996,1.1322434846983997,1.1322434846983997,0.0217391304347826,high
1000216,2.0,5.0,5.656854249492381,1.131370849898476,1.131370849898476,0.0909090909090909,high
1000217,1.0,7.0,0.0,0.0,0.0,0.125,low
1000218,1.0,5.0,0.0,0.0,0.0,0.1666666666666666,low
1000220,2.0,8.0,9.899494936611665,1.2374368670764582,1.2374368670764582,0.0588235294117647,high
1000221,1.0,33.0,0.0,0.0,0.0,0.0294117647058823,low
1000222,2.0,3.076923076923077,5.656854249492381,0.282842712474619,0.282842712474619,0.024390243902439,low
1000223,2.0,5.166666666666667,12.020815280171307,0.7755364696884715,0.7755364696884715,0.03125,high
1000224,1.0,5.0,0.0,0.0,0.0,0.1666666666666666,low
1000225,1.0,8.0,0.0,0.0,0.0,0.1111111111111111,low
1000226,1.0,6.0,0.0,0.0,0.0,0.1428571428571428,low
1000227,3.0,3.1875,16.522711641858304,0.9719242142269591,0.9719242142269591,0.0192307692307692,high
1000228,1.0,45.0,0.0,0.0,0.0,0.0217391304347826,low
1000229,2.0,3.809523809523809,16.97056274847714,0.42426406871192845,0.42426406871192845,0.0123456790123456,medium
1000230,2.0,4.095238095238095,25.45584412271571,0.591996374946877,0.591996374946877,0.0114942528735632,medium
1000231,2.0,11.25,27.577164466275352,1.2256517540566823,1.2256517540566823,0.0217391304347826,high
1000232,2.0,3.888888888888889,13.435028842544403,0.7677159338596802,0.7677159338596802,0.0277777777777777,high
1000233,2.0,29.0,38.18376618407357,1.316681592554261,1.316681592554261,0.0169491525423728,high
1000234,1.0,56.0,0.0,0.0,0.0,0.0175438596491228,low
1000235,4.0,10.125,35.88291143891941,1.7719956266133041,1.7719956266133041,0.0121951219512195,high
1000236,2.0,16.4,52.32590180780452,1.2762415075074274,1.2762415075074274,0.0120481927710843,high
1000238,4.0,6.269230769230769,109.87417045572327,1.348149330745071,1.348149330745071,0.0030581039755351,high
1000239,3.0,5.545454545454546,20.402205763103165,1.337849558236273,1.337849558236273,0.0161290322580645,high
1000240,1.0,47.0,27.577164466275352,1.1734963602670363,1.1734963602670363,0.0208333333333333,high
1000241,2.0,17.2,46.66904755831214,1.0853266874026077,1.0853266874026077,0.0114942528735632,high
1000242,1.0,6.0,0.0,0.0,0.0,0.1428571428571428,low
1000243,2.0,11.5,14.849242404917497,1.2912384699928259,1.2912384699928259,0.0416666666666666,high
1000244,2.0,5.0,0.7071067811865476,0.0565685424949238,0.0565685424949238,0.0384615384615384,low
1000245,2.0,16.5,21.920310216782973,1.3285036495019984,1.3285036495019984,0.0294117647058823,high
1000246,1.0,41.0,0.0,0.0,0.0,0.0238095238095238,low
1000247,1.0,26.0,0.0,0.0,0.0,0.037037037037037,low
1000248,1.0,26.0,0.0,0.0,0.0,0.037037037037037,low
1000249,2.0,13.2,39.59797974644666,1.1999387801953534,1.1999387801953534,0.0149253731343283,high
1000250,1.0,74.0,0.0,0.0,0.0,0.0133333333333333,low
1000251,2.0,5.642857142857143,37.476659402887016,0.9487761874148611,0.9487761874148611,0.0125,high
1000252,1.0,13.0,0.0,0.0,0.0,0.0714285714285714,low
1000253,1.0,24.0,0.0,0.0,0.0,0.04,low
1000254,1.0,11.0,0.0,0.0,0.0,0.0833333333333333,low
1000255,2.0,15.5,20.506096654409877,1.322973977703863,1.322973977703863,0.03125,high
1000256,1.0,14.0,0.0,0.0,0.0,0.0666666666666666,low
1000257,2.0,3.5,3.5355339059327378,1.0101525445522108,1.0101525445522108,0.125,high
1000258,1.0,44.0,0.0,0.0,0.0,0.0222222222222222,low
1000259,1.0,111.0,0.0,0.0,0.0,0.0089285714285714,low
1000260,2.0,11.666666666666666,20.506096654409877,1.1717769516805643,1.1717769516805643,0.0277777777777777,high
1000261,2.0,11.666666666666666,20.506096654409877,1.1717769516805643,1.1717769516805643,0.0277777777777777,high
1000262,1.0,73.0,0.0,0.0,0.0,0.0135135135135135,low
1000263,2.0,18.5,48.08326112068523,1.2995475978563575,1.2995475978563575,0.0133333333333333,high
1000264,2.0,38.0,77.78174593052023,1.364592033868776,1.364592033868776,0.008695652173913,high
1000265,2.0,11.0,30.405591591021544,1.1056578760371472,1.1056578760371472,0.0178571428571428,high
1000266,2.0,2.8421052631578947,12.727922061357855,0.4714045207910317,0.4714045207910317,0.0181818181818181,medium
1000267,1.0,61.0,0.0,0.0,0.0,0.0161290322580645,low
1000268,1.0,72.0,0.0,0.0,0.0,0.0136986301369863,low
1000269,2.0,2.9166666666666665,24.748737341529164,0.4714045207910317,0.4714045207910317,0.0094339622641509,medium
1000270,2.0,3.642857142857143,4.242640687119285,0.08318903308077029,0.08318903308077029,0.0097087378640776,low
1000271,2.0,5.0,38.890872965260115,0.6222539674441618,0.6222539674441618,0.0079365079365079,medium
1000272,2.0,30.5,41.71930009000631,1.3678459045903708,1.3678459045903708,0.0161290322580645,high
1000273,2.0,6.183333333333334,170.41273426595797,0.9186670310833314,0.9186670310833314,0.0026881720430107,high
1000274,2.0,6.894736842105263,60.10407640085654,0.9176194870359777,0.9176194870359777,0.0075757575757575,high
1000275,2.0,4.571428571428571,87.68124086713189,0.6088975060217492,0.6088975060217492,0.0034602076124567,medium
1000276,2.0,4.0,4.242640687119285,1.0606601717798212,1.0606601717798212,0.1111111111111111,high
1000277,1.0,39.0,0.0,0.0,0.0,0.025,low
1000279,6.0,2.352,85.18685344582227,0.8692536065900232,0.8692536065900232,0.001680614624777,high
1000280,2.0,3.5454545454545454,21.920310216782973,0.1605883532365053,0.1605883532365053,0.0036496350364963,low
1000283,2.0,4.3,0.7071067811865476,0.03288868749704872,0.03288868749704872,0.0227272727272727,low
1000285,3.0,3.488888888888889,44.50093631973751,0.850336362797532,0.850336362797532,0.0063291139240506,high
1000287,2.0,7.027027027027027,125.86500705120545,0.9681923619323496,0.9681923619323496,0.003831417624521,high
1000288,2.0,8.0,7.0710678118654755,0.8838834764831844,0.8838834764831844,0.0588235294117647,high
1000289,2.0,6.0,7.0710678118654755,1.1785113019775793,1.1785113019775793,0.0769230769230769,high
1000290,2.0,11.5,3.5355339059327378,0.30743773095067284,0.30743773095067284,0.0416666666666666,medium
1000291,1.0,24.0,0.0,0.0,0.0,0.04,low
1000292,4.0,5.154761904761905,243.95696341773072,1.1268220019294721,1.1268220019294721,0.0011534025374855,high
1000293,3.0,4.397260273972603,74.35220238836237,0.9265071948705591,0.9265071948705591,0.0031055900621118,high
1000295,2.0,14.0,9.899494936611665,0.4714045207910317,0.4714045207910317,0.0232558139534883,medium
1000296,1.0,38.0,0.0,0.0,0.0,0.0256410256410256,low
1000297,1.0,24.0,0.0,0.0,0.0,0.04,low
1000298,4.0,3.985507246376812,63.6834620080703,0.926304901935568,0.926304901935568,0.0036231884057971,high
1000299,4.0,3.9384615384615382,56.255370114031486,0.878990158031742,0.878990158031742,0.0038910505836575,high
1000300,3.0,3.1785714285714284,27.02468007827906,0.9109442723015414,0.9109442723015414,0.0111111111111111,high
1000301,3.0,3.6206896551724137,32.046840717924134,0.9156240205121181,0.9156240205121181,0.0094339622641509,high
1000302,3.0,3.225806451612903,27.682726262659415,0.8304817878797824,0.8304817878797824,0.0099009900990099,high
1000303,2.0,4.25,7.7781745930520225,0.9150793638884732,0.9150793638884732,0.0555555555555555,high
1000304,2.0,5.6875,43.1335136523794,0.9479893110413055,0.9479893110413055,0.0108695652173913,high
1000305,3.0,2.027027027027027,20.8806130178211,0.835224520712844,0.835224520712844,0.0131578947368421,high
1000306,2.0,1.9,0.7071067811865476,0.0744322927564787,0.0744322927564787,0.05,low
1000307,2.0,1.818181818181818,0.0,0.0,0.0,0.0476190476190476,low
1000309,2.0,1.9090909090909087,0.0,0.0,0.0,0.0232558139534883,low
1000310,2.0,10.77777777777778,57.27564927611035,1.1809412221878424,1.1809412221878424,0.010204081632653,high
1000312,1.0,89.0,0.0,0.0,0.0,0.0111111111111111,low
1000313,2.0,10.555555555555555,55.86143571373726,1.1760302255523634,1.1760302255523634,0.0104166666666666,high
1000314,4.0,7.310344827586207,68.44462481938714,1.2914080154601348,1.2914080154601348,0.0046948356807511,high
1000315,2.0,10.75,32.347076117221675,1.1283863761821513,1.1283863761821513,0.0114942528735632,high
1000316,3.0,3.9375,18.681541692269406,0.4447986117207001,0.4447986117207001,0.0078740157480314,medium
1000317,2.0,5.7,27.577164466275352,0.9676198058342229,0.9676198058342229,0.0172413793103448,high
1000318,3.0,2.75,5.507570547286102,0.7510323473571958,0.7510323473571958,0.0434782608695652,high
1000319,3.0,2.875,7.637626158259733,0.9962121075990956,0.9962121075990956,0.0416666666666666,high
1000320,4.0,9.625,33.19010896838595,1.7241615048512182,1.7241615048512182,0.0128205128205128,high
1000321,3.0,9.5859375,481.729177027923,1.1778219487235282,1.1778219487235282,0.000814332247557,high
1000322,2.0,4.0,4.242640687119285,0.21213203435596423,0.21213203435596423,0.024390243902439,low
1000323,3.0,5.45,71.00234737903622,0.9770965235647187,0.9770965235647187,0.0045662100456621,high
1000324,2.0,13.0,40.30508652763321,1.2401565085425603,1.2401565085425603,0.0151515151515151,high
1000325,2.0,22.0,29.698484809834994,1.3499311277197725,1.3499311277197725,0.0222222222222222,high
1000326,1.0,8.0,0.0,0.0,0.0,0.1111111111111111,low
1000327,3.0,2.2916666666666665,15.14375558880073,0.8260230321164035,0.8260230321164035,0.0178571428571428,high
1000328,1.0,22.0,0.0,0.0,0.0,0.0434782608695652,low
1000329,3.0,4.405797101449275,88.08140174482541,0.869224359323935,0.869224359323935,0.0032786885245901,high
1000330,1.0,38.0,0.0,0.0,0.0,0.0256410256410256,low
1000331,2.0,85.5,115.25840533340725,1.3480515243673363,1.3480515243673363,0.005813953488372,high
1000332,2.0,6.666666666666667,62.54864773385059,1.1727871450096985,1.1727871450096985,0.0062111801242236,high
1000333,2.0,4.589743589743589,26.16295090390226,0.29232347378661744,0.29232347378661744,0.0055555555555555,low
1000335,1.0,46.0,0.0,0.0,0.0,0.0212765957446808,low
1000336,1.0,107.0,0.0,0.0,0.0,0.0092592592592592,low
1000337,4.0,2.76,14.974979131871937,0.8681147322824311,0.8681147322824311,0.0142857142857142,high
1000338,1.0,26.0,0.0,0.0,0.0,0.037037037037037,low
1000339,4.0,3.3529411764705883,14.38459824488215,1.0094454908689228,1.0094454908689228,0.0172413793103448,high
1000340,4.0,3.8983050847457625,53.29477773040557,0.9268656996592273,0.9268656996592273,0.0043290043290043,high
1000342,1.0,186.0,0.0,0.0,0.0,0.0053475935828877,low
1000344,1.0,319.0,0.0,0.0,0.0,0.003125,low
1000345,3.0,4.472222222222222,39.14971264262358,1.2158295851746452,1.2158295851746452,0.0061728395061728,high
1000346,1.0,74.0,0.0,0.0,0.0,0.0133333333333333,low
1000347,2.0,4.5,0.7071067811865476,0.15713484026367724,0.15713484026367724,0.1,low
1000348,1.0,4.0,0.0,0.0,0.0,0.2,low
1000349,2.0,2.5,2.1213203435596424,0.8485281374238569,0.8485281374238569,0.1666666666666666,high
1000350,1.0,3.0,0.0,0.0,0.0,0.25,low
1000351,2.0,6.818181818181818,36.062445840513924,0.9616652224137047,0.9616652224137047,0.0131578947368421,high
1000352,3.0,2.8947368421052637,16.19670748434179,0.8834567718731886,0.8834567718731886,0.0178571428571428,high
1000353,3.0,3.1,8.144527815247079,0.7881801111529431,0.7881801111529431,0.03125,high
1000354,1.0,4.0,0.0,0.0,0.0,0.2,low
1000355,1.0,7.0,0.0,0.0,0.0,0.125,low
1000356,2.0,9.333333333333334,15.556349186104045,1.1111677990074318,1.1111677990074318,0.0344827586206896,high
1000357,1.0,7.0,0.0,0.0,0.0,0.125,low
1000358,3.0,3.3,10.535653752852738,0.9577867048047944,0.9577867048047944,0.0294117647058823,high
1000359,1.0,149.0,0.0,0.0,0.0,0.0066666666666666,low
1000361,2.0,6.727272727272728,181.01933598375618,0.9784828972094929,0.9784828972094929,0.0026954177897574,high
1000363,1.0,164.0,0.0,0.0,0.0,0.006060606060606,low
1000365,1.0,70.0,0.0,0.0,0.0,0.0140845070422535,low
1000366,2.0,24.0,63.63961030678928,1.3258252147247767,1.3258252147247767,0.0103092783505154,high
1000367,3.0,1.935483870967742,10.583005244258363,0.5291502622129182,0.5291502622129182,0.0163934426229508,medium
1000368,4.0,4.43956043956044,118.12422839254161,1.1695468157677387,1.1695468157677387,0.0024691358024691,high
1000369,2.0,86.0,78.50053078376817,1.3691953043680494,1.3691953043680494,0.0057803468208092,high
1000371,2.0,8.15,66.49498727974412,1.631778828950776,1.631778828950776,0.0060975609756097,high
1000374,1.0,91.0,0.0,0.0,0.0,0.0108695652173913,low
1000375,2.0,16.333333333333332,62.22539674441618,1.2699060560084934,1.2699060560084934,0.0101010101010101,high
1000376,1.0,180.0,0.0,0.0,0.0,0.005524861878453,low
1000377,2.0,9.0,26.16295090390226,1.1627978179512115,1.1627978179512115,0.0217391304347826,high
1000378,1.0,14.0,0.0,0.0,0.0,0.0666666666666666,low
1000380,4.0,2.7246376811594204,44.89246410404906,0.9551588107244481,0.9551588107244481,0.0052910052910052,high
1000381,1.0,89.0,0.0,0.0,0.0,0.0111111111111111,low
1000382,1.0,76.0,0.0,0.0,0.0,0.0129870129870129,low
1000383,1.0,115.0,0.0,0.0,0.0,0.0086206896551724,low
1000385,1.0,98.0,0.0,0.0,0.0,0.0101010101010101,low
1000386,2.0,4.0,8.48528137423857,0.5303300858899106,0.5303300858899106,0.0303030303030303,medium
1000387,3.0,4.125,8.660254037844387,0.787295821622217,0.787295821622217,0.0294117647058823,high
1000388,3.0,1.25,0.5773502691896257,0.3464101615137754,0.3464101615137754,0.1666666666666666,medium
1000389,2.0,2.0,1.4142135623730951,0.3535533905932738,0.3535533905932738,0.1111111111111111,medium
1000390,2.0,34.0,91.92388155425118,1.3518217875625174,1.3518217875625174,0.0072992700729927,high
1000392,2.0,3.6666666666666665,3.5355339059327378,0.6428243465332251,0.6428243465332251,0.0833333333333333,medium
1000393,1.0,17.0,0.0,0.0,0.0,0.0555555555555555,low
1000395,1.0,15.0,0.0,0.0,0.0,0.0625,low
1000396,3.0,4.604166666666667,85.58231904624537,1.1617509372793489,1.1617509372793489,0.0045045045045045,high
1000397,2.0,3.125,7.7781745930520225,0.6222539674441618,0.6222539674441618,0.0384615384615384,medium
1000398,2.0,5.833333333333333,17.67766952966369,1.0101525445522108,1.0101525445522108,0.0277777777777777,high
1000399,1.0,20.0,0.0,0.0,0.0,0.0476190476190476,low
1000400,3.0,5.9,21.385353243127255,1.0873908428708774,1.0873908428708774,0.0166666666666666,high
1000401,3.0,3.5945945945945947,35.27510926040249,0.7956791562496801,0.7956791562496801,0.0074626865671641,high
1000402,2.0,3.6666666666666665,10.606601717798213,0.6428243465332251,0.6428243465332251,0.0294117647058823,medium
1000403,3.0,5.076923076923077,25.709920264364882,1.1686327392893128,1.1686327392893128,0.0149253731343283,high
1000404,2.0,4.0,2.8284271247461903,0.282842712474619,0.282842712474619,0.0476190476190476,low
1000405,2.0,5.0,6.363961030678928,0.5091168824543142,0.5091168824543142,0.0384615384615384,medium
1000406,3.0,2.6595744680851063,29.143323992525858,0.6994397758206207,0.6994397758206207,0.0079365079365079,medium
1000407,2.0,34.666666666666664,70.71067811865476,1.359820733051053,1.359820733051053,0.0095238095238095,high
1000408,2.0,4.7,20.506096654409877,0.8725998576344628,0.8725998576344628,0.0208333333333333,high
1000409,2.0,11.0,11.357816691600547,1.0325287901455042,1.0325287901455042,0.0294117647058823,high
1000410,2.0,2.333333333333333,2.8284271247461903,0.4040610178208843,0.4040610178208843,0.0666666666666666,medium
1000411,1.0,5.0,0.0,0.0,0.0,0.1666666666666666,low
1000412,1.0,7.0,0.0,0.0,0.0,0.125,low
1000413,3.0,3.6944444444444446,51.85878260558508,0.5848734880329144,0.5848734880329144,0.0036897297897131,medium
1000414,2.0,2.75,2.1213203435596424,0.385694607919935,0.385694607919935,0.0833333333333333,medium
1000415,2.0,3.8666666666666663,4.242640687119285,0.1462979547282512,0.1462979547282512,0.0169491525423728,low
1000416,1.0,10.0,0.0,0.0,0.0,0.0909090909090909,low
1000417,2.0,12.5,16.263455967290593,1.3010764773832475,1.3010764773832475,0.0384615384615384,high
1000418,4.0,3.64,17.914147109663542,0.7874350377874084,0.7874350377874084,0.0108695652173913,high
1000419,1.0,96.0,0.0,0.0,0.0,0.0103092783505154,low
1000420,1.0,14.0,0.0,0.0,0.0,0.0666666666666666,low
1000421,2.0,15.5,20.506096654409877,1.322973977703863,1.322973977703863,0.03125,high
1000422,2.0,7.384615384615385,45.254833995939045,0.9428090415820635,0.9428090415820635,0.0103092783505154,high
1000423,4.0,2.833333333333333,13.768926368215256,1.0799157935855104,1.0799157935855104,0.0192307692307692,high
1000424,2.0,3.857142857142857,10.606601717798213,0.7856742013183862,0.7856742013183862,0.0357142857142857,high
1000425,2.0,3.25,2.1213203435596424,0.32635697593225266,0.32635697593225266,0.0714285714285714,medium
1000426,2.0,6.75,14.849242404917497,1.0999438818457405,1.0999438818457405,0.0357142857142857,high
1000427,3.0,3.0,5.5677643628300215,0.9279607271383369,0.9279607271383369,0.0526315789473684,high
1000428,2.0,3.333333333333333,1.4142135623730951,0.1414213562373095,0.1414213562373095,0.0476190476190476,low
1000429,1.0,27.0,0.0,0.0,0.0,0.0357142857142857,low
1000430,2.0,2.6875,9.192388155425117,0.42755293746163336,0.42755293746163336,0.0227272727272727,medium
1000431,2.0,11.4,31.81980515339464,1.1164843913471802,1.1164843913471802,0.0172413793103448,high
1000432,3.0,3.75,6.082762530298219,1.2165525060596438,1.2165525060596438,0.0625,high
1000433,2.0,10.666666666666666,38.18376618407357,1.193242693252299,1.193242693252299,0.0153846153846153,high
1000434,1.0,9.0,0.0,0.0,0.0,0.1,low
1000435,2.0,2.4,2.8284271247461903,0.47140452079103173,0.47140452079103173,0.0769230769230769,medium
1000436,2.0,6.181818181818182,45.254833995939045,0.6655122646461624,0.6655122646461624,0.0072992700729927,medium
1000437,2.0,4.375,14.849242404917497,0.848528137423857,0.848528137423857,0.0277777777777777,high
1000438,1.0,22.0,0.0,0.0,0.0,0.0434782608695652,low
1000439,2.0,7.25,16.263455967290593,1.1216176529165927,1.1216176529165927,0.0333333333333333,high
1000440,2.0,4.5,4.949747468305833,1.0999438818457405,1.0999438818457405,0.1,high
1000441,1.0,18.0,0.0,0.0,0.0,0.0526315789473684,low
1000442,2.0,7.75,6.363961030678928,0.4105781310115437,0.4105781310115437,0.03125,medium
1000443,2.0,3.5,0.7071067811865476,0.20203050891044216,0.20203050891044216,0.125,low
1000444,1.0,55.0,0.0,0.0,0.0,0.0178571428571428,low
1000445,1.0,17.0,0.0,0.0,0.0,0.0555555555555555,low
1000446,2.0,3.3043478260869565,21.213203435596427,0.5582421956735901,0.5582421956735901,0.0129870129870129,medium
1000447,1.0,10.0,0.0,0.0,0.0,0.0909090909090909,low
1000448,3.0,22.33333333333333,35.23256069793017,1.5775773446834405,1.5775773446834405,0.0147058823529411,high
1000449,2.0,27.5,73.53910524340094,1.337074640789108,1.337074640789108,0.009009009009009,high
1000450,2.0,12.0,26.870057685088806,1.1195857368787003,1.1195857368787003,0.0204081632653061,high
1000451,1.0,15.0,0.0,0.0,0.0,0.0625,low
1000452,1.0,12.0,0.0,0.0,0.0,0.0769230769230769,low
1000453,1.0,33.0,0.0,0.0,0.0,0.0294117647058823,low
1000454,1.0,39.0,0.0,0.0,0.0,0.025,low
1000455,2.0,15.166666666666666,55.86143571373726,1.2277238618403794,1.2277238618403794,0.0108695652173913,high
1000456,2.0,20.666666666666668,41.012193308819754,1.322973977703863,1.322973977703863,0.0158730158730158,high
1000457,1.0,57.0,0.0,0.0,0.0,0.0172413793103448,low
1000458,1.0,18.0,0.0,0.0,0.0,0.0526315789473684,low
1000459,1.0,89.0,0.0,0.0,0.0,0.0111111111111111,low
1000460,1.0,21.0,0.0,0.0,0.0,0.0454545454545454,low
1000461,1.0,160.0,0.0,0.0,0.0,0.0062111801242236,low
1000462,1.0,45.0,0.0,0.0,0.0,0.0217391304347826,low
1000463,1.0,120.0,0.0,0.0,0.0,0.0082644628099173,low
1000472,4.0,2.8125,41.891725515508035,0.744741786942365,0.744741786942365,0.0044247787610619,high
1000474,2.0,10.0,24.041630560342615,1.2020815280171306,1.2020815280171306,0.024390243902439,high
1000475,2.0,6.333333333333333,10.606601717798213,1.1164843913471802,1.1164843913471802,0.05,high
1000477,3.0,3.282608695652174,50.64911976859354,1.006273902687289,1.006273902687289,0.006578947368421,high
1000478,1.0,40.0,0.0,0.0,0.0,0.024390243902439,low
1000479,1.0,28.0,0.0,0.0,0.0,0.0344827586206896,low
1000480,2.0,4.5,4.949747468305833,1.0999438818457405,1.0999438818457405,0.1,high
1000481,1.0,7.0,0.0,0.0,0.0,0.125,low
1000482,1.0,30.0,0.0,0.0,0.0,0.032258064516129,low
1000483,2.0,1.7142857142857142,0.0,0.0,0.0,0.0769230769230769,low
1000485,1.0,14.0,0.0,0.0,0.0,0.0666666666666666,low
1000486,1.0,12.0,0.0,0.0,0.0,0.0769230769230769,low
1000487,1.0,33.0,0.0,0.0,0.0,0.0294117647058823,low
1000488,3.0,3.0,10.583005244258363,0.8140773264814125,0.8140773264814125,0.025,high
1000489,1.0,18.0,0.0,0.0,0.0,0.0526315789473684,low
1000490,2.0,3.2,5.656854249492381,0.7071067811865476,0.7071067811865476,0.0588235294117647,high
1000491,1.0,8.0,0.0,0.0,0.0,0.1111111111111111,low
1000492,1.0,68.0,0.0,0.0,0.0,0.0144927536231884,low
1000493,4.0,2.655172413793104,42.067406226990826,1.0926599019997618,1.0926599019997618,0.0064516129032258,high
1000494,3.0,2.3684210526315788,22.516660498395403,0.7505553499465134,0.7505553499465134,0.0109890109890109,high
1000495,3.0,2.891304347826087,31.628046625318696,0.7134145855335043,0.7134145855335043,0.0074626865671641,high
1000496,1.0,30.0,0.0,0.0,0.0,0.032258064516129,low
1000497,2.0,12.6,37.476659402887016,1.1897352191392703,1.1897352191392703,0.015625,high
1000499,2.0,5.571428571428571,35.35533905932738,0.9065471553673686,0.9065471553673686,0.0126582278481012,high
1000500,2.0,3.142857142857143,7.0710678118654755,0.16070608663330627,0.16070608663330627,0.0112359550561797,low
1000501,2.0,18.130434782608692,263.75082938258225,1.2649919874464377,1.2649919874464377,0.0023809251921298,high
1000502,2.0,5.6,12.727922061357855,0.9091372900969896,0.9091372900969896,0.0344827586206896,high
1000503,2.0,8.75,33.94112549695428,0.9697464427701222,0.9697464427701222,0.0140845070422535,high
1000504,4.0,2.306122448979592,50.533817060129806,0.894403841772209,0.894403841772209,0.004366643480949,high
1000505,3.0,3.870967741935484,40.7308237088326,1.018270592720815,1.018270592720815,0.0082644628099173,high
1000506,2.0,5.21875,71.4177848998413,0.855302813171752,0.855302813171752,0.0059523809523809,high
1000507,2.0,3.0,16.97056274847714,0.25712973861328997,0.25712973861328997,0.0075187969924812,low
1000508,2.0,11.238095238095235,138.59292911256333,1.1745163484115535,1.1745163484115535,0.0042194092827004,high
1000509,3.0,5.271428571428571,127.57742747053649,1.0372148574840365,1.0372148574840365,0.0027027027027027,high
1000510,1.0,126.0,0.0,0.0,0.0,0.0078740157480314,low
1000511,1.0,86.0,0.0,0.0,0.0,0.0114942528735632,low
1000512,3.0,6.85,56.35896852616568,1.2341379969233361,1.2341379969233361,0.0072463768115942,high
1000513,3.0,3.2285714285714286,37.634204300520736,0.9991381672704621,0.9991381672704621,0.0087719298245614,high
1000514,3.0,4.282051282051282,54.30776494511014,0.9755885918283258,0.9755885918283258,0.0059523809523809,high
1000515,3.0,3.16,22.72296928953902,0.862897567957178,0.862897567957178,0.0125,high
1000516,3.0,3.8461538461538463,14.011899704655802,0.840713982279348,0.840713982279348,0.0196078431372549,high
1000517,2.0,2.4,2.8284271247461903,0.47140452079103173,0.47140452079103173,0.0769230769230769,medium
1000518,3.0,4.0,58.48361593928109,1.0698222427917272,1.0698222427917272,0.006060606060606,high
1000519,2.0,4.418604651162791,74.95331880577403,0.788982303218674,0.788982303218674,0.0052356020942408,high
1000520,2.0,4.2727272727272725,33.94112549695428,0.7221516063181761,0.7221516063181761,0.0105263157894736,high
1000521,2.0,11.142857142857142,43.840620433565945,1.124118472655537,1.124118472655537,0.0126582278481012,high
1000522,1.0,95.0,0.0,0.0,0.0,0.0104166666666666,low
1000523,2.0,98.0,137.17871555019022,1.3997828117366349,1.3997828117366349,0.0050761421319796,high
1000524,3.0,4.96969696969697,44.00378771575617,0.8049473362638324,0.8049473362638324,0.006060606060606,high
1000525,1.0,17.0,0.0,0.0,0.0,0.0555555555555555,low
1000526,4.0,3.152941176470588,68.34715307409178,1.0201067622998774,1.0201067622998774,0.0037174721189591,high
1000527,4.0,2.560606060606061,43.68352092036538,1.0339294892394173,1.0339294892394173,0.0058823529411764,high
1000528,3.0,4.25,43.31666346030513,1.0920167258900453,1.0920167258900453,0.0083333333333333,high
1000529,1.0,62.0,0.0,0.0,0.0,0.0158730158730158,low
1000530,1.0,65.0,0.0,0.0,0.0,0.0151515151515151,low
1000531,1.0,9.0,0.0,0.0,0.0,0.1,low
1000532,1.0,10.0,0.0,0.0,0.0,0.0909090909090909,low
1000533,2.0,3.8666666666666663,21.213203435596427,0.7314897736412561,0.7314897736412561,0.0169491525423728,high
1000534,1.0,80.0,0.0,0.0,0.0,0.0123456790123456,low
1000535,1.0,23.0,0.0,0.0,0.0,0.0416666666666666,low
1000536,2.0,4.7,17.67766952966369,0.7522412565814336,0.7522412565814336,0.0208333333333333,high
1000537,1.0,24.0,0.0,0.0,0.0,0.04,low
1000538,1.0,75.0,0.0,0.0,0.0,0.0131578947368421,low
1000539,2.0,38.8,130.10764773832474,1.3413159560652035,1.3413159560652035,0.0051282051282051,high
1000540,3.0,4.538461538461538,17.03917055884274,0.8663985029920037,0.8663985029920037,0.0166666666666666,high
1000541,2.0,10.483516483516484,547.3006486383878,1.14738081475553,1.14738081475553,0.0010471204188481,high
1000542,2.0,13.4,82.02438661763951,1.2242445763826793,1.2242445763826793,0.0074074074074074,high
1000543,2.0,7.578947368421052,76.36753236814714,1.0606601717798214,1.0606601717798214,0.0068965517241379,high
1000544,1.0,98.0,0.0,0.0,0.0,0.0101010101010101,low
1000545,3.0,3.803921568627451,62.69237061503842,0.969469648686161,0.969469648686161,0.0051282051282051,high
1000546,5.0,2.709090909090909,24.873680869545627,0.834687277501531,0.834687277501531,0.0066666666666666,high
1000547,2.0,11.65,126.572113832392,1.086455912724395,1.086455912724395,0.0042735042735042,high
1000548,2.0,14.5,19.091883092036785,1.316681592554261,1.316681592554261,0.0333333333333333,high
1000549,3.0,3.9444444444444446,18.44812546936228,0.7794982592688288,0.7794982592688288,0.0138888888888888,high
1000550,1.0,7.0,0.0,0.0,0.0,0.125,low
1000551,1.0,30.0,0.0,0.0,0.0,0.032258064516129,low
1000552,3.0,3.071428571428572,16.165807537309522,0.5639235187433554,0.5639235187433554,0.0114942528735632,medium
1000553,2.0,17.333333333333332,33.94112549695428,1.3054279037290106,1.3054279037290106,0.0188679245283018,high
1000554,3.0,8.444444444444445,36.2537354397217,1.431068504199541,1.431068504199541,0.0129870129870129,high
1000555,1.0,72.0,0.0,0.0,0.0,0.0136986301369863,low
1000556,1.0,34.0,0.0,0.0,0.0,0.0285714285714285,low
1000558,1.0,15.0,0.0,0.0,0.0,0.0625,low
1000559,2.0,6.0,12.727922061357855,1.0606601717798212,1.0606601717798212,0.04,high
1000560,2.0,7.5,9.192388155425117,1.2256517540566823,1.2256517540566823,0.0625,high
1000561,1.0,19.0,0.0,0.0,0.0,0.05,low
1000562,2.0,9.333333333333334,14.142135623730951,1.0101525445522108,1.0101525445522108,0.0344827586206896,high
1000563,1.0,82.0,0.0,0.0,0.0,0.0120481927710843,low
1000564,2.0,3.519230769230769,14.849242404917497,0.16228680223953548,0.16228680223953548,0.0054347826086956,low
1000565,2.0,5.097222222222222,106.77312395916867,0.5818698853360691,0.5818698853360691,0.0027173913043478,medium
1000566,2.0,4.571428571428571,14.142135623730951,0.8838834764831844,0.8838834764831844,0.0303030303030303,high
1000567,2.0,8.862068965517242,139.30003589374985,1.0840469719357966,1.0840469719357966,0.003875968992248,high
1000569,2.0,8.0,14.142135623730951,1.1785113019775793,1.1785113019775793,0.04,high
1000570,3.0,4.310344827586207,36.528527664461556,0.8766846639470774,0.8766846639470774,0.0079365079365079,high
1000571,2.0,18.33333333333333,36.062445840513924,1.311361666927779,1.311361666927779,0.0178571428571428,high
1000572,1.0,11.0,0.0,0.0,0.0,0.0833333333333333,low
1000573,3.0,2.294117647058824,9.16515138991168,0.7050116453778215,0.7050116453778215,0.025,high
1000574,5.0,4.315789473684211,22.040871126160145,1.3439555564731798,1.3439555564731798,0.0120481927710843,high
1000575,3.0,6.6,28.0,1.2727272727272727,1.2727272727272727,0.0149253731343283,high
1000576,4.0,4.777777777777778,27.8268455512538,1.294271886104828,1.294271886104828,0.0114942528735632,high
1000577,2.0,11.333333333333334,21.213203435596427,1.2478354962115545,1.2478354962115545,0.0285714285714285,high
1000578,1.0,9.0,0.0,0.0,0.0,0.1,low
1000579,1.0,7.0,0.0,0.0,0.0,0.125,low
1000580,2.0,2.9,7.7781745930520225,0.5364258340035878,0.5364258340035878,0.0333333333333333,medium
1000581,1.0,32.0,0.0,0.0,0.0,0.0303030303030303,low
1000582,1.0,34.0,0.0,0.0,0.0,0.0285714285714285,low
1000583,2.0,5.875,23.33452377915607,0.9929584586874923,0.9929584586874923,0.0208333333333333,high
1000584,2.0,13.5,32.526911934581186,1.2047004420215255,1.2047004420215255,0.0181818181818181,high
1000585,3.0,4.125,8.54400374531753,0.7767276132106846,0.7767276132106846,0.0294117647058823,high
1000586,3.0,13.846153846153848,88.69611039949835,1.478268506658306,1.478268506658306,0.005524861878453,high
1000587,2.0,4.1,16.263455967290593,0.7933393154775898,0.7933393154775898,0.0238095238095238,high
1000588,1.0,189.0,0.0,0.0,0.0,0.0052631578947368,low
1000589,2.0,2.5789473684210527,7.7781745930520225,0.31747651400212334,0.31747651400212334,0.02,medium
1000590,3.0,6.818181818181818,32.51153641401772,1.3004614565607087,1.3004614565607087,0.0131578947368421,high
1000591,3.0,5.411764705882353,27.098585448936873,0.883649525508811,0.883649525508811,0.010752688172043,high
1000592,3.0,2.55,14.52583904633395,0.8544611203725853,0.8544611203725853,0.0192307692307692,high
1000593,1.0,100.0,0.0,0.0,0.0,0.0099009900990099,low
1000595,3.0,3.5,4.725815626252609,1.0126747770541304,1.0126747770541304,0.0666666666666666,high
1000597,3.0,18.0,48.507731342539614,1.6169243780846538,1.6169243780846538,0.0109890109890109,high
1000598,4.0,3.6666666666666665,53.94441583704471,1.2260094508419253,1.2260094508419253,0.0056497175141242,high
1000599,3.0,6.0,21.79449471770337,1.3621559198564606,1.3621559198564606,0.0204081632653061,high
1000600,2.0,5.0,7.7781745930520225,1.0370899457402696,1.0370899457402696,0.0625,high
1000601,3.0,2.238095238095238,10.408329997330663,0.6643614891913189,0.6643614891913189,0.0208333333333333,medium
1000602,2.0,3.75,6.363961030678928,0.848528137423857,0.848528137423857,0.0625,high
1000603,5.0,2.5789473684210527,100.22474744293447,1.0227015045197394,1.0227015045197394,0.0020366598778004,high
1000604,2.0,118.5,166.17009357883867,1.4022792707074994,1.4022792707074994,0.0042016806722689,high
1000605,2.0,71.0,147.78531726798843,1.3876555612017694,1.3876555612017694,0.0046728971962616,high
1000606,3.0,5.0,6.658328118479393,0.7989993742175272,0.7989993742175272,0.0384615384615384,high
1000607,3.0,4.971428571428572,65.39113089708727,1.1274332913290908,1.1274332913290908,0.0057142857142857,high
1000608,2.0,14.666666666666666,53.74011537017761,1.2213662584131275,1.2213662584131275,0.0112359550561797,high
1000609,4.0,6.55,47.97481978427155,1.4648799934128718,1.4648799934128718,0.0075757575757575,high
1000610,4.0,4.694444444444445,61.42407237123461,1.4538241981357303,1.4538241981357303,0.0058823529411764,high
1000611,3.0,9.705882352941176,155.8941948887129,1.4172199535337535,1.4172199535337535,0.0030211480362537,high
1000612,3.0,2.4901960784313726,95.44108130150245,0.7515045771771847,0.7515045771771847,0.0026178010471204,high
1000613,4.0,1.803921568627451,16.990193249832878,0.7387040543405599,0.7387040543405599,0.010752688172043,high
1000614,3.0,2.806201550387597,93.2541330630087,0.7728243071520057,0.7728243071520057,0.0027548209366391,high
1000615,2.0,17.4,55.86143571373726,1.284170935947983,1.284170935947983,0.0113636363636363,high
1000616,2.0,12.4,73.53910524340094,1.1861146007000152,1.1861146007000152,0.008,high
1000617,2.0,47.0,65.05382386916237,1.3841239121098377,1.3841239121098377,0.0105263157894736,high
1000618,3.0,4.925925925925926,51.032669275017675,1.1511128407898723,1.1511128407898723,0.0074626865671641,high
1000619,2.0,9.615384615384617,70.0035713374682,1.1200571413994913,1.1200571413994913,0.0079365079365079,high
1000620,2.0,2.5,3.5355339059327378,0.4714045207910317,0.4714045207910317,0.0625,medium
1000621,3.0,2.333333333333333,5.5677643628300215,0.7953949089757174,0.7953949089757174,0.0454545454545454,high
1000622,4.0,2.839080459770115,71.224410609472,1.1534317507606802,1.1534317507606802,0.0040322580645161,high
1000623,3.0,13.416666666666666,165.14942728733072,1.5386592604409695,1.5386592604409695,0.0030959752321981,high
1000624,5.0,2.7472527472527477,45.803929962395145,0.9160785992479029,0.9160785992479029,0.0039840637450199,high
1000625,1.0,36.0,0.0,0.0,0.0,0.027027027027027,low
1000626,1.0,4.0,0.0,0.0,0.0,0.2,low
1000627,1.0,8.0,0.0,0.0,0.0,0.1111111111111111,low
1000628,3.0,4.0,7.505553499465135,0.7036456405748565,0.7036456405748565,0.0303030303030303,high
1000629,3.0,4.7073170731707314,76.27144507175234,1.185566503705995,1.185566503705995,0.0051546391752577,high
1000630,2.0,6.5,7.7781745930520225,1.1966422450849266,1.1966422450849266,0.0714285714285714,high
1000631,2.0,1.5,0.0,0.0,0.0,0.1428571428571428,low
1000632,1.0,6.0,0.0,0.0,0.0,0.1428571428571428,low
1000633,3.0,5.277777777777778,38.78573620976316,1.2248127224135734,1.2248127224135734,0.0104166666666666,high
1000634,4.0,2.3229813664596275,91.2231695714782,0.9756488724222266,0.9756488724222266,0.0026666666666666,high
1000635,4.0,3.3157894736842106,39.88734135035826,1.266264804773278,1.266264804773278,0.0078740157480314,high
1000636,1.0,30.0,0.0,0.0,0.0,0.032258064516129,low
1000637,3.0,5.2,29.30870177950569,1.1272577607502188,1.1272577607502188,0.0126582278481012,high
1000638,2.0,5.454545454545454,28.284271247461902,0.9428090415820634,0.9428090415820634,0.0163934426229508,high
1000639,1.0,10.0,0.0,0.0,0.0,0.0909090909090909,low
1000640,1.0,9.0,0.0,0.0,0.0,0.1,low
1000641,1.0,5.0,0.0,0.0,0.0,0.1666666666666666,low
1000642,2.0,3.25,4.949747468305833,0.7614996105085896,0.7614996105085896,0.0714285714285714,high
1000643,2.0,1.5,0.0,0.0,0.0,0.1428571428571428,low
1000644,2.0,2.0,1.4142135623730951,0.7071067811865476,0.7071067811865476,0.2,high
1000645,2.0,2.2,2.1213203435596424,0.385694607919935,0.385694607919935,0.0833333333333333,medium
1000646,3.0,2.0,4.58257569495584,0.57282196186948,0.57282196186948,0.04,medium
1000647,4.0,2.176470588235294,16.921386861996073,0.9146695601078958,0.9146695601078958,0.0133333333333333,high
1000648,2.0,108.0,151.32085117392117,1.401118992351122,1.401118992351122,0.0046082949308755,high
1000649,1.0,32.0,0.0,0.0,0.0,0.0303030303030303,low
1000650,2.0,12.375,118.79393923933998,1.1999387801953534,1.1999387801953534,0.0050251256281407,high
1000651,1.0,22.0,0.0,0.0,0.0,0.0434782608695652,low
1000652,1.0,14.0,0.0,0.0,0.0,0.0666666666666666,low
1000653,1.0,6.0,0.0,0.0,0.0,0.1428571428571428,low
1000654,2.0,28.5,37.476659402887016,1.3149705053644567,1.3149705053644567,0.0172413793103448,high
1000655,1.0,29.0,0.0,0.0,0.0,0.0333333333333333,low
1000656,1.0,35.0,0.0,0.0,0.0,0.0277777777777777,low
1000657,1.0,8.0,0.0,0.0,0.0,0.1111111111111111,low
1000658,3.0,3.4871794871794872,81.59248331392625,0.8999170953741865,0.8999170953741865,0.0036630036630036,high
1000659,2.0,14.0,35.35533905932738,1.2626906806902636,1.2626906806902636,0.0175438596491228,high
1000660,1.0,4.0,0.0,0.0,0.0,0.2,low
1000661,1.0,5.0,0.0,0.0,0.0,0.1666666666666666,low
