khipu_id,numeric_cv,standardization_score,structural_cv,numeric_cv_norm,color_flexibility,structural_cv_norm,flexibility_score,constraint_score,design_class
1000000,0.9085862440549509,0.02302196355489683,0.628539361054709,0.3028620813516503,0.9769780364451032,0.3142696805273545,0.5085191476323974,0.49148085236760264,Balanced
1000001,2.4465535188478635,1.0000000001442695,0.0,0.8155178396159545,-1.4426948524715044e-10,0.0,0.326207135803101,0.673792864196899,Balanced
1000002,4.2908360365159455,0.10054875468806468,0.848528137423857,1.0,0.8994512453119353,0.4242640687119285,0.7971145942071591,0.20288540579284087,Flexible
1000003,3.688356899311889,0.20635863490886952,0.8931875130777441,1.0,0.7936413650911305,0.44659375653887207,0.7720705364890008,0.2279294635109992,Flexible
1000004,12.417066913027643,0.26723619648786845,1.1410132150964745,1.0,0.7327638035121316,0.5705066075482372,0.7909811233181107,0.20901887668188934,Flexible
1000005,3.9340750735926107,0.7136030431725828,0.8211562620230874,1.0,0.28639695682741717,0.4105781310115437,0.6090925263516883,0.3909074736483117,Balanced
1000006,0.4701942992254293,0.16400941454699813,0.8586872247797798,0.15673143307514312,0.8359905854530019,0.4293436123898899,0.4422928325829248,0.5577071674170753,Balanced
1000007,4.4137834120975805,0.10953208711402229,0.6992892330147675,1.0,0.8904679128859777,0.34964461650738377,0.7720337588180084,0.2279662411819916,Flexible
1000008,7.202175034160928,0.408036437715419,0.712469476507922,1.0,0.591963562284581,0.356234738253961,0.6844594901615626,0.3155405098384374,Balanced
1000009,8.066119813116728,0.17066878567065158,0.41513323271815944,1.0,0.8293312143293484,0.20756661635907972,0.7110693492065285,0.28893065079347147,Flexible
1000010,3.486971152935806,0.08867254856602669,1.0542490766903614,1.0,0.9113274514339733,0.5271245383451807,0.8315355969337461,0.16846440306625388,Flexible
1000011,3.569394320799164,0.18129438080426663,0.0642824346533225,1.0,0.8187056191957334,0.03214121732666125,0.6552540509567183,0.3447459490432817,Balanced
1000012,3.0880000353597286,0.19488722029535144,0.8798172980809018,1.0,0.8051127797046486,0.4399086490404509,0.7735064286235298,0.2264935713764702,Flexible
1000013,0.6613544970158621,0.09561854256404523,0.0,0.22045149900528738,0.9043814574359548,0.0,0.35949503683290135,0.6405049631670987,Balanced
1000014,0.7460470969529907,0.05423602083879098,0.0,0.24868236565099688,0.945763979161209,0.0,0.38320214000876146,0.6167978599912385,Balanced
1000015,3.0750192245759043,0.07368324475941745,1.2374368670764582,1.0,0.9263167552405825,0.6187184335382291,0.8635105566336435,0.1364894433663565,Flexible
1000017,4.699205516333389,0.16510720075335517,0.7614996105085896,1.0,0.8348927992466448,0.3807498052542948,0.764692781350282,0.23530721864971804,Flexible
1000018,7.983809784958888,0.543576795251079,0.8485610736190011,1.0,0.45642320474892095,0.42428053680950056,0.6642111224675264,0.33578887753247355,Balanced
1000019,9.975695387191168,0.36593242624014166,1.1555159594999678,1.0,0.6340675737598583,0.5777579797499839,0.7635476660529527,0.23645233394704734,Flexible
1000020,0.7873578228370074,0.23119256922218212,1.1585282762467297,0.2624526076123358,0.7688074307778179,0.5792641381233649,0.5094025137152891,0.4905974862847109,Balanced
1000021,8.515191192125316,0.24630371318412858,1.452154305700422,1.0,0.7536962868158714,0.726077152850211,0.8439320318998247,0.1560679681001753,Flexible
1000022,11.659041700184805,0.2637570772941574,0.9602684682780276,1.0,0.7362429227058426,0.4801342341390138,0.7649131470534569,0.23508685294654308,Flexible
1000023,4.936313886710732,0.3086056786384058,1.3065138102404297,1.0,0.6913943213615942,0.6532569051202148,0.8033953679445427,0.1966046320554573,Flexible
1000024,6.4619190485793325,0.5006537501718223,1.7693744625570615,1.0,0.49934624982817766,0.8846872312785308,0.8152100443320125,0.1847899556679875,Flexible
1000025,21.033998300789374,0.3823975834018891,1.426502068919671,1.0,0.6176024165981109,0.7132510344598355,0.7992560353173839,0.20074396468261613,Flexible
1000026,0.3122131711190024,0.14194027229862893,0.15713484026367724,0.10407105703966746,0.8580597277013711,0.07856742013183862,0.3226165671658299,0.6773834328341701,Balanced
1000027,0.676040864149498,0.028689278663148632,0.282842712474619,0.22534695471649935,0.9713107213368514,0.1414213562373095,0.42395840515884803,0.5760415948411519,Balanced
1000028,0.6281597053175374,0.14403683444673343,0.06734350297014739,0.20938656843917913,0.8559631655532666,0.033671751485073696,0.35064510248717373,0.6493548975128263,Balanced
1000029,11.411323267560574,0.1967785318660874,1.476963914298885,1.0,0.8032214681339126,0.7384819571494425,0.8625110275850065,0.13748897241499347,Flexible
1000030,0.6521163765673077,0.1708632720852925,0.3030457633656632,0.2173721255224359,0.8291367279147075,0.1515228816828316,0.38114673308823604,0.6188532669117639,Balanced
1000031,0.6274463767306547,0.3356425945608459,0.0,0.20914879224355157,0.6643574054391541,0.0,0.2829667385291669,0.7170332614708331,Constrained
1000032,3.590815071707846,0.22870406915871178,0.30657776526969194,1.0,0.7712959308412882,0.15328888263484597,0.6773754440428402,0.3226245559571598,Balanced
1000033,2.6026926191872803,0.00015151735943319533,0.6655122646461624,0.8675642063957602,0.9998484826405668,0.3327561323230812,0.7468070670473985,0.2531929329526015,Flexible
1000034,9.889720260508613,0.22194815080956176,1.1861422062018252,1.0,0.7780518491904382,0.5930711031009126,0.8113368856874053,0.18866311431259475,Flexible
1000035,0.6087576842971314,0.004478979994505972,0.0,0.2029192280990438,0.995521020005494,0.0,0.37982399724126575,0.6201760027587342,Balanced
1000036,2.9025487505138865,0.041288117311407135,0.0,0.9675162501712955,0.9587118826885929,0.0,0.6746200648750961,0.32537993512490393,Balanced
1000037,5.915060510256332,0.36362957048843003,1.2984229350772232,1.0,0.63637042951157,0.6492114675386116,0.7856745691150544,0.2143254308849456,Flexible
1000038,0.6666666666666666,2.8853908151660335e-10,0.282842712474619,0.2222222222222222,0.9999999997114609,0.1414213562373095,0.43131529567352006,0.56868470432648,Balanced
1000039,0.709463144102983,0.2184927338067849,0.0,0.2364877147009943,0.7815072661932151,0.0,0.32904726573836224,0.6709527342616377,Balanced
1000040,3.9272657218892326,0.12471453362875484,0.8261247542575506,1.0,0.8752854663712452,0.4130623771287753,0.7865043530500061,0.2134956469499939,Flexible
1000041,3.5039968309652227,0.24040708366311936,0.0,1.0,0.7595929163368806,0.0,0.6278778749010642,0.37212212509893583,Balanced
1000042,7.230543747451433,0.1985527559158513,1.1429945230138714,1.0,0.8014472440841487,0.5714972615069357,0.8118833516773254,0.1881166483226746,Flexible
1000043,1.8043747277845696,0.01764790626993895,0.20203050891044214,0.6014582425948566,0.982352093730061,0.10101525445522107,0.5655935014935273,0.4344064985064727,Balanced
1000044,5.010653525396912,0.10967182605951653,0.20203050891044216,1.0,0.8903281739404835,0.10101525445522108,0.6974030285187114,0.3025969714812886,Balanced
1000045,5.875235648674285,0.7669870728952479,0.981842536934187,1.0,0.23301292710475208,0.4909212684670935,0.6171802586715537,0.3828197413284463,Balanced
1000046,2.100874592256524,0.2975334489981487,1.131370849898476,0.7002915307521747,0.7024665510018513,0.565685424949238,0.6605622050861967,0.3394377949138033,Balanced
1000047,3.0275330444024844,0.09565888793823007,0.29877751317741447,1.0,0.9043411120617699,0.14938875658870723,0.7161189605951431,0.28388103940485687,Flexible
1000048,1.6251494447763708,0.733235012485513,0.0,0.5417164815921236,0.26676498751448696,0.0,0.29671608889119555,0.7032839111088045,Constrained
1000049,2.918468439162467,0.11484704709149451,0.128564869306645,0.9728228130541557,0.8851529529085055,0.0642824346533225,0.6739597414902107,0.32604025850978935,Balanced
1000050,4.326022445578039,0.09654558794141865,1.152322161933633,1.0,0.9034544120585813,0.5761610809668165,0.8438846479076194,0.1561153520923806,Flexible
1000051,3.4905812147478934,0.18208620801956144,0.0,1.0,0.8179137919804386,0.0,0.6453741375941315,0.35462586240586846,Balanced
1000052,0.5981331257913636,0.13141796582688847,1.2555997022319247,0.1993777085971212,0.8685820341731115,0.6277998511159624,0.5286656490255706,0.47133435097442944,Balanced
1000053,6.546382071996588,0.4878709691490627,0.0,1.0,0.5121290308509373,0.0,0.5536387092552812,0.44636129074471875,Balanced
1000054,4.313516955648756,1.0000000001442695,0.0,1.0,-1.4426948524715044e-10,0.0,0.3999999999567192,0.6000000000432808,Balanced
1000055,3.241480077562196,0.29582772820978376,0.385694607919935,1.0,0.7041722717902162,0.1928473039599675,0.6691058727250552,0.3308941272749448,Balanced
1000056,0.0,0.5404286436277399,0.0,0.0,0.4595713563722601,0.0,0.137871406911678,0.862128593088322,Constrained
1000057,4.4535630371177115,0.43953969148568484,0.0,1.0,0.5604603085143152,0.0,0.5681380925542946,0.4318619074457054,Balanced
1000058,7.202005557212682,0.19242574326587425,0.45361567094986066,1.0,0.8075742567341258,0.22680783547493033,0.7103146276627168,0.2896853723372832,Flexible
1000059,3.8661624219879216,0.06797984156878023,1.0370899457402696,1.0,0.9320201584312198,0.5185449728701348,0.8351695393904064,0.1648304606095936,Flexible
1000060,5.099013929560648,0.05826537416173616,0.7698003589195009,1.0,0.9417346258382638,0.38490017945975047,0.7979904415894044,0.20200955841059565,Flexible
1000061,2.235363804153063,0.047180469173755846,0.24743582965269678,0.745121268051021,0.9528195308262442,0.12371791482634839,0.6210097409161861,0.3789902590838139,Balanced
1000062,2.448643455724458,0.11314049313015695,0.49487165930539345,0.816214485241486,0.886859506869843,0.24743582965269673,0.6667743950533563,0.33322560494664366,Balanced
1000063,10.650587229025616,0.11199402342801346,1.271603791377489,1.0,0.8880059765719865,0.6358018956887445,0.8571423616782193,0.14285763832178067,Flexible
1000064,2.070373758312696,0.07550600574977517,0.0,0.6901245861042321,0.9244939942502248,0.0,0.5533980327167602,0.44660196728323975,Balanced
1000065,0.0,0.060063038039201544,0.0,0.0,0.9399369619607985,0.0,0.2819810885882395,0.7180189114117606,Constrained
1000066,1.7634416678904687,1.0000000001442695,0.0,0.5878138892968229,-1.4426948524715044e-10,0.0,0.23512555567544832,0.7648744443245516,Constrained
1000067,3.5537650986901617,0.1879593194789717,0.7614996105085896,1.0,0.8120406805210283,0.3807498052542948,0.757837145732597,0.24216285426740303,Flexible
1000068,0.5879447357921312,1.0000000001442695,0.0,0.19598157859737708,-1.4426948524715044e-10,0.0,0.07839263139566999,0.92160736860433,Constrained
1000069,2.4201800790533974,0.13008447049944583,0.9428090415820635,0.8067266930177991,0.8699155295005542,0.47140452079103173,0.7250866922945953,0.2749133077054047,Flexible
1000070,1.971538787175415,0.19198584918862482,0.899954085146515,0.6571795957251384,0.8080141508113752,0.4499770425732575,0.6402691963054452,0.3597308036945548,Balanced
1000071,3.309553348534835,0.014196213595642715,1.054231928314489,1.0,0.9858037864043573,0.5271159641572445,0.8538759251684807,0.14612407483151935,Flexible
1000072,2.1940573366037865,0.03428693504150504,0.0,0.7313524455345956,0.965713064958495,0.0,0.5822548977013867,0.4177451022986133,Balanced
1000073,2.197883540144187,0.2500000002730718,0.0,0.732627846714729,0.7499999997269282,0.0,0.5180511386039701,0.4819488613960299,Balanced
1000074,1.9648870832611027,0.6536483142393225,0.7071067811865476,0.6549623610870342,0.34635168576067754,0.3535533905932738,0.47195646734099905,0.528043532659001,Balanced
1000075,2.441899025609942,0.024184096306850478,0.385694607919935,0.8139663418699806,0.9758159036931495,0.1928473039599675,0.6761854990439274,0.32381450095607256,Balanced
1000076,2.113825614117089,0.10734143314868683,1.0999438818457405,0.7046085380390297,0.8926585668513132,0.5499719409228703,0.7146325675478669,0.28536743245213314,Flexible
1000077,0.7042475283708363,0.06330057774538578,1.404147985416703,0.2347491761236121,0.9366994222546142,0.7020739927083515,0.5855316949383346,0.41446830506166543,Balanced
1000078,2.645425122837483,1.0000000001442695,1.0999438818457405,0.881808374279161,-1.4426948524715044e-10,0.5499719409228703,0.5177149319452446,0.48228506805475535,Balanced
1000079,5.564004856413755,0.05307215885770811,0.6920619560549188,1.0,0.9469278411422919,0.3460309780274594,0.7878876457509255,0.2121123542490745,Flexible
1000080,3.5818730105542693,0.3571368689772474,0.0,1.0,0.6428631310227526,0.0,0.5928589393068258,0.40714106069317424,Balanced
1000081,3.026968528449432,0.03623574237721061,0.9091372900969896,1.0,0.9637642576227894,0.4545686450484948,0.8254998708013852,0.1745001291986148,Flexible
1000082,1.703682489721679,0.6772430413911408,0.0,0.5678941632405596,0.3227569586088592,0.0,0.3239847528788816,0.6760152471211184,Balanced
1000083,11.487155590473611,0.14291793439282552,0.9180595735923296,1.0,0.8570820656071745,0.4590297867961648,0.7948335557210018,0.20516644427899822,Flexible
1000084,1.9914541597397268,0.4083272217062116,0.0,0.6638180532465756,0.5916727782937884,0.0,0.4430290547867668,0.5569709452132332,Balanced
1000085,7.783264384138476,0.08227907440770788,1.2184746610065766,1.0,0.9177209255922921,0.6092373305032883,0.8580874768286741,0.14191252317132586,Flexible
1000086,2.3141450857284043,0.033542718298840146,0.0,0.7713816952428014,0.9664572817011599,0.0,0.5984898626074686,0.4015101373925314,Balanced
1000087,2.989667058586876,0.14954808724648505,0.20203050891044216,0.9965556861956254,0.850451912753515,0.10101525445522108,0.684062424640871,0.31593757535912903,Balanced
1000088,0.0,1.0000000001442695,0.0,0.0,-1.4426948524715044e-10,0.0,-4.3280845574145134e-11,1.000000000043281,
1000089,7.53787972039794,0.3537209586590442,0.024637866940297824,1.0,0.6462790413409558,0.012318933470148912,0.5975793924433315,0.40242060755666853,Balanced
1000090,2.7525461257990753,0.1485902347311474,0.6599663291074443,0.9175153752663584,0.8514097652688526,0.3299831645537222,0.7214240290533158,0.2785759709466842,Flexible
1000091,3.991263640220982,0.10301672547061747,1.298767557281414,1.0,0.8969832745293825,0.649383778640707,0.863910115951027,0.13608988404897304,Flexible
1000092,2.5473080630701226,2.8853908151660335e-10,0.0,0.8491026876900408,0.9999999997114609,0.0,0.6396410749894547,0.36035892501054534,Balanced
1000093,4.121527853573729,0.08170416623404964,1.2912384699928259,1.0,0.9182958337659504,0.6456192349964129,0.8691745206287089,0.13082547937129108,Flexible
1000094,8.141771962364325,0.056080612122806794,0.950171292328148,1.0,0.9439193878771932,0.475085646164074,0.8257015102123803,0.17429848978761975,Flexible
1000096,7.649497240398133,0.7454999271458314,1.4811073900438851,1.0,0.25450007285416865,0.7405536950219426,0.6985161303628334,0.30148386963716656,Balanced
1000097,3.6395262480199304,0.3235642040847866,0.8453552187676733,1.0,0.6764357959152134,0.42267760938383664,0.729734021589715,0.270265978410285,Flexible
1000098,0.6702439070880599,0.23429589620719393,0.4906455216396452,0.22341463569601996,0.7657041037928061,0.2453227608198226,0.39267391366219656,0.6073260863378034,Balanced
1000099,2.4465434203718592,0.07333352222059186,0.0,0.8155144734572864,0.9266664777794081,0.0,0.604205732716737,0.39579426728326295,Balanced
1000100,4.575750393882278,0.2004540133105892,0.0,1.0,0.7995459866894108,0.0,0.6398637960068232,0.3601362039931768,Balanced
1000101,3.136438494145785,0.1535254885578271,0.8081220356417687,1.0,0.8464745114421729,0.4040610178208843,0.7751606587789172,0.22483934122108284,Flexible
1000103,0.5414527987893007,0.49006711617434595,0.7554671340588253,0.18048426626310024,0.509932883825654,0.37773356702941263,0.3384936417617601,0.6615063582382399,Balanced
1000105,0.40184120650821953,0.3806178056097753,0.0,0.13394706883607319,0.6193821943902247,0.0,0.23939348585149667,0.7606065141485033,Constrained
1000106,0.6358706945550636,0.11185118742593958,0.0,0.2119568981850212,0.8881488125740604,0.0,0.35122740304622657,0.6487725969537734,Balanced
1000107,0.5419467627971347,2.8853908151660335e-10,0.0,0.18064892093237825,0.9999999997114609,0.0,0.3722595682863896,0.6277404317136104,Balanced
1000108,4.782649341262678,0.2512631412036612,0.0,1.0,0.7487368587963388,0.0,0.6246210576389016,0.37537894236109837,Balanced
1000109,2.482365664605834,0.028693261955264227,0.3464101615137754,0.8274552215352781,0.9713067380447358,0.1732050807568877,0.6743356342545983,0.3256643657454017,Balanced
1000110,4.076720165758788,0.23042438387472008,0.0,1.0,0.7695756161252799,0.0,0.630872684837584,0.36912731516241604,Balanced
1000111,1.2250037163612424,0.10792043636282822,0.899954085146515,0.40833457212041413,0.8920795636371718,0.4499770425732575,0.5659508107112945,0.4340491892887055,Balanced
1000112,1.9904378037174724,2.8853908151660335e-10,0.0,0.6634792679058241,0.9999999997114609,0.0,0.5653917070757679,0.4346082929242321,Balanced
1000113,3.382766341432147,0.062376539598591796,0.0,1.0,0.9376234604014082,0.0,0.6812870381204225,0.31871296187957754,Balanced
1000114,3.31624922142326,2.8853908151660335e-10,1.2121830534626528,1.0,0.9999999997114609,0.6060915267313264,0.8818274579328362,0.11817254206716377,Flexible
1000115,4.429498565040183,0.7586209866854289,1.2653489768601378,1.0,0.24137901331457112,0.6326744884300689,0.662216050523392,0.33778394947660795,Balanced
1000116,0.05295233681960227,1.0000000001442695,0.0,0.017650778939867422,-1.4426948524715044e-10,0.0,0.0070603115326661236,0.9929396884673338,Constrained
1000117,0.43632305006058025,0.05054798490059054,0.4714045207910316,0.14544101668686008,0.9494520150994095,0.2357022603955158,0.4137226893232216,0.5862773106767785,Balanced
1000118,2.2393861611319825,0.07094726326008693,0.0,0.7464620537106609,0.9290527367399131,0.0,0.5773006425062382,0.42269935749376175,Balanced
1000119,5.472423523844647,0.13687943172190808,0.0,1.0,0.8631205682780919,0.0,0.6589361704834276,0.34106382951657244,Balanced
1000120,4.119796856770484,0.21539474189521868,1.3513596262676242,1.0,0.7846052581047813,0.6756798131338121,0.8380855213715781,0.1619144786284219,Flexible
1000121,10.2571411523617,0.2577425357568841,1.1152741101641481,1.0,0.7422574642431159,0.5576370550820741,0.789968355797557,0.21003164420244302,Flexible
1000122,3.7294013130547405,0.7025277513692494,0.0,1.0,0.2974722486307506,0.0,0.4892416745892252,0.5107583254107748,Balanced
1000123,1.6800398996388237,0.1460690687867836,0.0,0.5600132998796079,0.8539309312132164,0.0,0.48018459931580804,0.519815400684192,Balanced
1000124,2.6064172105647248,0.2127435017504169,0.0,0.8688057368549083,0.7872564982495831,0.0,0.5836992442168383,0.4163007557831617,Balanced
1000125,4.618801193567109,0.1149971894250501,0.95215713638747,1.0,0.8850028105749499,0.476078568193735,0.8083244136306054,0.19167558636939463,Flexible
1000126,0.8453320489185566,0.2999614142625928,0.651980997704024,0.2817773496395189,0.7000385857374072,0.325990498852012,0.4205196652326333,0.5794803347673667,Balanced
1000127,3.902496141329991,0.1396944039715895,0.5033641493192372,1.0,0.8603055960284105,0.2516820746596186,0.7335963012064087,0.26640369879359127,Flexible
1000128,5.169582838890317,0.35300372746258146,0.07071067811865475,1.0,0.6469962725374185,0.035355339059327376,0.6047054834790239,0.39529451652097614,Balanced
1000129,0.3444160986068912,0.0536053699158856,0.0,0.11480536620229707,0.9463946300841144,0.0,0.3298405355061531,0.6701594644938469,Balanced
1000130,0.5729095982877079,0.11951797656669838,0.4714045207910316,0.19096986609590264,0.8804820234333016,0.2357022603955158,0.41124323158700626,0.5887567684129937,Balanced
1000131,2.2060350557221957,0.42825117542706204,0.0,0.7353450185740652,0.571748824572938,0.0,0.4656626548015075,0.5343373451984925,Balanced
1000132,4.9117520667379235,1.0000000001442695,0.0831890330807703,1.0,-1.4426948524715044e-10,0.04159451654038515,0.4124783549188347,0.5875216450811653,Balanced
1000133,3.4639791795566524,0.0019991164162393993,0.0,1.0,0.9980008835837606,0.0,0.6994002650751282,0.3005997349248718,Balanced
1000134,1.8472042101571726,1.0000000001442695,0.0,0.6157347367190575,-1.4426948524715044e-10,0.0,0.24629389464434218,0.7537061053556579,Constrained
1000135,0.5700060034364283,0.18012535326660017,0.0,0.19000200114547608,0.8198746467333998,0.0,0.32196319447821037,0.6780368055217896,Balanced
1000136,1.1547002785716658,0.08170416623404964,0.0,0.38490009285722193,0.9182958337659504,0.0,0.4294487872726739,0.5705512127273261,Balanced
1000137,0.5592202363356253,0.09407178424553986,1.3094570021973102,0.18640674544520844,0.9059282157544601,0.6547285010986551,0.542759713234018,0.45724028676598205,Balanced
1000138,5.742645597775372,0.2123191839011901,0.4714045207910317,1.0,0.7876808160988099,0.23570226039551584,0.7070149229482977,0.2929850770517023,Flexible
1000139,3.8721468365941445,0.14595066853763605,1.1448395504925055,1.0,0.854049331462364,0.5724197752462528,0.827940732012585,0.172059267987415,Flexible
1000140,10.414250109056352,0.1715475675983602,0.8411636229961413,1.0,0.8284524324016398,0.42058181149807067,0.7747102731699131,0.22528972683008686,Flexible
1000141,2.5150929762055365,0.27807190540117666,0.0,0.8383643254018455,0.7219280945988233,0.0,0.5519241585403852,0.44807584145961477,Balanced
1000142,2.915816053094697,0.15790713183432192,0.0,0.971938684364899,0.8420928681656781,0.0,0.6414033341956631,0.3585966658043369,Balanced
1000143,0.4645145955982541,0.07312378011289622,0.0,0.15483819853275135,0.9268762198871038,0.0,0.3399981453792317,0.6600018546207683,Balanced
1000144,6.748065801204806,0.12635749890316206,1.256356637265072,1.0,0.8736425010968379,0.628178318632536,0.8505462459188122,0.14945375408118777,Flexible
1000145,3.63193015468663,0.06207396530817455,1.296362432175337,1.0,0.9379260346918254,0.6481812160876685,0.8758321752338482,0.12416782476615185,Flexible
1000146,3.7434671578393877,0.31036341159085623,1.0302333858226598,1.0,0.6896365884091438,0.5151166929113299,0.7614259843961422,0.23857401560385783,Flexible
1000147,5.8907916247839385,0.2621025871005124,1.1971785433438606,1.0,0.7378974128994876,0.5985892716719303,0.8009460053714254,0.19905399462857465,Flexible
1000148,7.802214190952612,0.1009853973503484,1.0573219068683164,1.0,0.8990146026496516,0.5286609534341582,0.828302666825143,0.17169733317485703,Flexible
1000149,3.7412919255952737,0.18872187582940625,0.0,1.0,0.8112781241705938,0.0,0.6433834372511782,0.3566165627488218,Balanced
1000150,3.658154440410815,0.004067876091670364,1.3199326582148887,1.0,0.9959321239083296,0.6599663291074443,0.8967695359047322,0.10323046409526782,Flexible
1000151,3.770211025112864,0.1822595461535088,1.313198307917874,1.0,0.8177404538464912,0.656599153958937,0.8423018823416285,0.1576981176583715,Flexible
1000152,3.472929978302435,0.2884764231454737,0.7677159338596802,1.0,0.7115235768545263,0.3838579669298401,0.7286144631353099,0.27138553686469014,Flexible
1000154,1.1553685746158566,0.03027610044242013,0.0,0.3851228582052855,0.9697238995575799,0.0,0.44496631314938817,0.5550336868506118,Balanced
1000155,0.0,1.0000000001442695,0.0,0.0,-1.4426948524715044e-10,0.0,-4.3280845574145134e-11,1.000000000043281,
1000156,2.2329935400007046,2.8853908151660335e-10,0.20203050891044216,0.7443311800002349,0.9999999997114609,0.10101525445522108,0.6280370482500985,0.37196295174990146,Balanced
1000157,2.9998542064422606,0.11870910105784638,0.0,0.9999514021474202,0.8812908989421536,0.0,0.6643678305416142,0.3356321694583858,Balanced
1000158,5.176641915950553,0.1003877567169823,1.1357816691600546,1.0,0.8996122432830177,0.5678908345800273,0.8402509233589135,0.1597490766410865,Flexible
1000159,7.05402516702816,0.07438376730736562,0.0,1.0,0.9256162326926344,0.0,0.6776848698077903,0.3223151301922097,Balanced
1000160,1.7293653458346663,0.0,0.0,0.5764551152782221,1.0,0.0,0.5305820461112889,0.4694179538887111,Balanced
1000161,2.5923778104885877,0.03705298464646389,0.0,0.8641259368295292,0.9629470153535361,0.0,0.6345344793378725,0.36546552066212745,Balanced
1000162,4.293275291143821,0.15464906366610254,0.4444671196029727,1.0,0.8453509363338975,0.22223355980148635,0.7202753488406152,0.27972465115938483,Flexible
1000163,0.22259039795276656,1.0000000001442695,0.0,0.07419679931758885,-1.4426948524715044e-10,0.0,0.029678719683754698,0.9703212803162453,Constrained
1000164,3.160827360364383,0.22961690585717898,1.3529907980149938,1.0,0.770383094142821,0.6764953990074969,0.8340635479450954,0.1659364520549046,Flexible
1000165,5.901257484738582,0.3134448590618345,0.2209708691207961,1.0,0.6865551409381655,0.11048543456039805,0.6391121726495691,0.3608878273504309,Balanced
1000166,2.1851982688593545,0.1695373115068176,1.45467227531545,0.7283994229531182,0.8304626884931824,0.727336137657725,0.7586994170265196,0.24130058297348045,Flexible
1000167,3.6795115917124606,0.057316811033046755,0.35355339059327373,1.0,0.9426831889669532,0.17677669529663687,0.7358379652790771,0.2641620347209229,Flexible
1000168,0.0,1.0000000001442695,0.0,0.0,-1.4426948524715044e-10,0.0,-4.3280845574145134e-11,1.000000000043281,
1000169,0.4264014327112209,0.7238045726405999,0.0,0.1421338109037403,0.27619542735940006,0.0,0.13971215256931613,0.8602878474306839,Constrained
1000170,0.5024671012810914,0.0023377861192491745,0.2597535114562828,0.1674890337603638,0.9976622138807508,0.1298767557281414,0.4052573043868132,0.5947426956131868,Balanced
1000171,0.6132593799366652,0.10396176775398158,0.0,0.20441979331222174,0.8960382322460184,0.0,0.35057938699869423,0.6494206130013058,Balanced
1000172,0.6283105369786778,0.30106587126467155,0.0,0.20943684565955925,0.6989341287353285,0.0,0.29345497688442224,0.7065450231155778,Constrained
1000173,0.7624400821656306,0.23579549377991882,0.0,0.25414669405521023,0.7642045062200812,0.0,0.33092002948810845,0.6690799705118915,Balanced
1000174,2.1928801882150575,0.0,0.0,0.7309600627383525,1.0,0.0,0.5923840250953409,0.40761597490465906,Balanced
1000176,0.525603158814286,0.0042725482036134466,0.0,0.17520105293809532,0.9957274517963866,0.0,0.3687986567141541,0.6312013432858459,Balanced
1000177,1.277096904990921,0.0036834807295769156,0.9022830386245438,0.425698968330307,0.9963165192704231,0.4511415193122719,0.6045169989069312,0.3954830010930688,Balanced
1000178,0.6929322378239394,0.00596978881158261,0.0,0.2309774126079798,0.9940302111884174,0.0,0.39060002839971714,0.6093999716002829,Balanced
1000179,3.992461708180507,0.2747504096111313,0.8702852691526739,1.0,0.7252495903888687,0.43514263457633695,0.7481176674895617,0.25188233251043834,Flexible
1000180,2.820396201455605,0.14492514763608932,0.875465538611916,0.9401320671518684,0.8550748523639107,0.437732769305958,0.763895113361708,0.236104886638292,Flexible
1000182,1.7267752535964505,2.8853908151660335e-10,0.0,0.5755917511988168,0.9999999997114609,0.0,0.530236700392965,0.469763299607035,Balanced
1000183,13.275711457436941,0.3574897991703321,1.8572115765869481,1.0,0.6425102008296679,0.9286057882934741,0.8713347967369426,0.12866520326305741,Flexible
1000184,6.465780628699228,0.32915662301796933,1.3827865943203597,1.0,0.6708433769820307,0.6913932971601798,0.8086710022426632,0.1913289977573368,Flexible
1000185,8.660254028186186,0.3754025723731903,0.7725283166331187,1.0,0.6245974276268097,0.38626415831655936,0.7032584757830107,0.2967415242169893,Flexible
1000186,0.0,0.07853676019730194,0.0,0.0,0.9214632398026981,0.0,0.2764389719408094,0.7235610280591906,Constrained
1000187,0.8375891329020188,0.5605030133670257,0.385694607919935,0.27919637763400623,0.4394969866329743,0.1928473039599675,0.301381838231485,0.698618161768515,Balanced
1000188,0.8681153185648259,1.0000000001442695,0.03626188621469475,0.289371772854942,-1.4426948524715044e-10,0.018130943107347374,0.12118799203090015,0.8788120079690999,Constrained
1000189,0.31275276998948476,0.10642889863434823,1.131370849898476,0.10425092332982826,0.8935711013656518,0.565685424949238,0.47947732722639813,0.5205226727736019,Balanced
1000190,0.5289946984105814,1.0000000001442695,0.0,0.1763315661368605,-1.4426948524715044e-10,0.0,0.07053262641146335,0.9294673735885366,Constrained
1000191,2.511727521434728,0.15464906366610254,0.0,0.8372425071449093,0.8453509363338975,0.0,0.588502283758133,0.41149771624186704,Balanced
1000192,2.4358814244996316,0.22305588098954965,1.020588065773846,0.8119604748332105,0.7769441190104504,0.510294032886923,0.7109556355024962,0.2890443644975038,Flexible
1000194,0.6388765649999399,0.0343663931302467,1.0606601717798212,0.21295885499998,0.9656336068697533,0.5303300858899106,0.5339726498278912,0.46602735017210883,Balanced
1000195,0.7071067811865476,2.8853908151660335e-10,0.0,0.23570226039551587,0.9999999997114609,0.0,0.3942809040716446,0.6057190959283554,Balanced
1000196,0.0,1.0000000001442695,0.0,0.0,-1.4426948524715044e-10,0.0,-4.3280845574145134e-11,1.000000000043281,
1000197,5.712274702969042,0.2093142991931245,0.5693587069294279,1.0,0.7906857008068755,0.28467935346471396,0.7226095162814768,0.27739048371852315,Flexible
1000198,9.309219057897915,0.2630824263042988,0.7328815624747184,1.0,0.7369175736957012,0.3664407812373592,0.7310075064799182,0.2689924935200818,Flexible
1000199,0.5223193087733405,0.1893958138047126,0.5050762722761054,0.1741064362577802,0.8106041861952874,0.2525381361380527,0.38858527120311415,0.6114147287968859,Balanced
1000200,3.3121267825265104,0.15447971364925772,1.0606601717798212,1.0,0.8455202863507423,0.5303300858899106,0.8127551116721959,0.18724488832780406,Flexible
1000201,6.217222874148238,0.15124210255473614,1.1298702770851217,1.0,0.8487578974452639,0.5649351385425608,0.8241079107963474,0.17589208920365262,Flexible
1000204,0.5807564950208269,0.02711749763670157,0.0,0.19358549834027564,0.9728825023632984,0.0,0.3692989500450998,0.6307010499549002,Balanced
1000205,1.4699515833050942,0.27807190540117666,0.0,0.48998386110169806,0.7219280945988233,0.0,0.4125719728203262,0.5874280271796738,Balanced
1000206,2.8573601665197845,0.18241826650867066,0.47140452079103173,0.9524533888399281,0.8175817334913293,0.23570226039551587,0.6969665537020248,0.30303344629797524,Balanced
1000207,2.688218693276903,0.16264773562815593,1.3397812696166163,0.8960728977589677,0.8373522643718441,0.6698906348083081,0.8106020288576327,0.18939797114236734,Flexible
1000208,5.370598993464281,0.049662330317512327,1.062646746099514,1.0,0.9503376696824877,0.531323373049757,0.8444983128196734,0.15550168718032664,Flexible
1000209,5.118814997824275,0.09317110880222901,0.7525466966323384,1.0,0.906828891197771,0.3762733483161692,0.7849306718541821,0.21506932814581792,Flexible
1000210,1.4544562539330583,0.23617046304792066,1.4285714285714286,0.4848187513110194,0.7638295369520793,0.7142857142857143,0.6373620758957459,0.3626379241042541,Balanced
1000211,5.098485481984062,0.12856072296407317,1.2191496227354268,1.0,0.8714392770359268,0.6095748113677134,0.8443042265210922,0.15569577347890784,Flexible
1000212,4.817685239106282,0.09275519079268668,0.7204484185674258,1.0,0.9072448092073133,0.3602242092837129,0.7802407055473078,0.21975929445269216,Flexible
1000213,4.983410343831462,0.09348517921243993,0.0,1.0,0.9065148207875601,0.0,0.6719544462362681,0.3280455537637319,Balanced
1000214,6.252151911269778,0.30170422006951203,1.1322434846983997,1.0,0.698295779930488,0.5661217423491999,0.7793252566839064,0.2206747433160936,Flexible
1000216,2.7855166927934345,0.5861831499849053,1.131370849898476,0.9285055642644782,0.4138168500150947,0.565685424949238,0.6652529081950911,0.3347470918049089,Balanced
1000217,0.0,0.18055162840026828,0.0,0.0,0.8194483715997317,0.0,0.2458345114799195,0.7541654885200805,Constrained
1000218,2.2084826329963327,0.18872187582940625,0.0,0.7361608776654442,0.8112781241705938,0.0,0.5378477883173558,0.4621522116826442,Balanced
1000220,3.986223282747809,0.227423901689064,1.2374368670764582,1.0,0.772576098310936,0.6187184335382291,0.8173883595547495,0.18261164044525047,Flexible
1000221,0.6818894886119983,0.20847823526194076,0.0,0.22729649620399942,0.7915217647380592,0.0,0.32837512790301754,0.6716248720969824,Balanced
1000222,0.7101177607823567,0.16871970657196067,0.282842712474619,0.23670592026078555,0.8312802934280393,0.1414213562373095,0.3864928630039189,0.6135071369960812,Balanced
1000223,2.81295832789125,0.44017168733219403,0.7755364696884715,0.9376527759637501,0.559828312667806,0.3877682348442357,0.6593400746391126,0.3406599253608874,Balanced
1000224,0.282842712474619,0.14720751178303126,0.0,0.09428090415820634,0.8527924882169687,0.0,0.2935501081283731,0.7064498918716269,Constrained
1000225,1.6377471549174594,0.34997757864018486,0.0,0.5459157183058198,0.6500224213598151,0.0,0.41337301373027246,0.5866269862697275,Balanced
1000226,2.200007123744419,0.08589910825450675,0.0,0.7333357079148063,0.9141008917454932,0.0,0.5675645506895706,0.43243544931042943,Balanced
1000227,0.8418115712005206,0.1260189521611812,0.9719242142269591,0.2806038570668402,0.8739810478388188,0.48596210711347954,0.5202244893124256,0.4797755106875744,Balanced
1000228,3.852354788718389,0.02904940583387039,0.0,1.0,0.9709505941661296,0.0,0.6912851782498388,0.3087148217501612,Balanced
1000229,0.8551841712212283,0.2919037906113432,0.42426406871192845,0.28506139040707607,0.7080962093886568,0.21213203435596423,0.39009302928621675,0.6099069707137832,Balanced
1000230,0.9461918194467897,0.12715437877199032,0.591996374946877,0.3153972731489299,0.8728456212280097,0.2959981874734385,0.4768120518700064,0.5231879481299936,Balanced
1000231,2.2360619999098286,0.03382264890018816,1.2256517540566823,0.7453539999699429,0.9661773510998118,0.6128258770283411,0.7718425684264231,0.22815743157357693,Flexible
1000232,3.462605736152274,0.18709270844158343,0.7677159338596802,1.0,0.8129072915584166,0.3838579669298401,0.7590295775464769,0.24097042245352307,Flexible
1000233,0.4294795239486715,0.8760501325775314,1.316681592554261,0.14315984131622383,0.12394986742246861,0.6583407962771305,0.29195113563636926,0.7080488643636307,Constrained
1000234,7.061339891803028,0.09407178424553986,0.0,1.0,0.9059282157544601,0.0,0.6717784647263381,0.32822153527366194,Balanced
1000235,4.547924401644846,0.09133986252287851,1.7719956266133041,1.0,0.9086601374771215,0.8859978133066521,0.9383973852351322,0.061602614764867836,Flexible
1000236,6.200419174306483,0.2641541339921456,1.2762415075074274,1.0,0.7358458660078544,0.6381207537537137,0.8121899859284705,0.18781001407152953,Flexible
1000238,5.075532842021771,0.2935068134750588,1.348149330745071,1.0,0.7064931865249412,0.6740746653725355,0.814170355569243,0.185829644430757,Flexible
1000239,6.442089123710107,0.33654953974709234,1.337849558236273,1.0,0.6634504602529077,0.6689247791181365,0.7997125718113132,0.20028742818868683,Flexible
1000240,6.246760475367492,0.2049421933817085,1.1734963602670363,1.0,0.7950578066182915,0.5867481801335181,0.8145417960255429,0.18545820397445711,Flexible
1000241,2.2329010044080575,0.19198584918862482,1.0853266874026077,0.7443003348026859,0.8080141508113752,0.5426633437013039,0.7029233822748782,0.29707661772512184,Flexible
1000242,0.4,1.0000000001442695,0.0,0.13333333333333333,-1.4426948524715044e-10,0.0,0.05333333329005249,0.9466666667099475,Constrained
1000243,3.7995690163976406,0.12289416123448904,1.2912384699928259,1.0,0.877105838765511,0.6456192349964129,0.8568175221285772,0.1431824778714228,Flexible
1000244,0.9526060340086476,0.3806178056097753,0.0565685424949238,0.3175353446695492,0.6193821943902247,0.0282842712474619,0.32131407755912567,0.6786859224408743,Balanced
1000245,4.688891694487292,0.07065757749131174,1.3285036495019984,1.0,0.9293424225086883,0.6642518247509992,0.8780782741779062,0.12192172582209382,Flexible
1000246,5.342025611601789,0.8345729662922723,0.0,1.0,0.1654270337077277,0.0,0.44962811011231835,0.5503718898876817,Balanced
1000247,0.0,0.0343663931302467,0.0,0.0,0.9656336068697533,0.0,0.289690082060926,0.7103099179390739,Constrained
1000248,0.0,0.19050327515488708,0.0,0.0,0.8094967248451129,0.0,0.24284901745353388,0.7571509825464662,Constrained
1000249,2.8458500907418913,0.0893792062728741,1.1999387801953534,0.9486166969139638,0.9106207937271259,0.5999693900976767,0.8326237339130262,0.16737626608697376,Flexible
1000250,5.8717737023492385,0.22488602300785066,0.0,1.0,0.7751139769921493,0.0,0.6325341930976448,0.3674658069023552,Balanced
1000251,5.885225166458265,0.17999447658653756,0.9487761874148611,1.0,0.8200055234134624,0.47438809370743057,0.7883180851362679,0.2116819148637321,Flexible
1000252,0.19262853213235487,0.6287676736476634,0.0,0.06420951071078496,0.3712323263523366,0.0,0.13705350219001497,0.862946497809985,Constrained
1000253,0.4610427165387498,0.6402218176015875,0.0,0.1536809055129166,0.3597781823984125,0.0,0.1694058169246904,0.8305941830753096,Constrained
1000254,1.1096404548583165,0.012682065957585142,0.0,0.3698801516194388,0.9873179340424149,0.0,0.44414744086049995,0.5558525591395,Balanced
1000255,4.590464614944639,0.05000561710163143,1.322973977703863,1.0,0.9499943828983686,0.6614869888519315,0.88344441152509,0.11655558847490999,Flexible
1000256,0.7054692594757439,0.23354271829884032,0.0,0.23515641982524796,0.7664572817011597,0.0,0.3239997524404471,0.6760002475595529,Balanced
1000257,0.6546536707079771,0.071616788541081,1.0101525445522108,0.21821789023599236,0.928383211458919,0.5050762722761054,0.5173250012149042,0.4826749987850958,Balanced
1000258,0.0,0.1547653644644762,0.0,0.0,0.8452346355355238,0.0,0.2535703906606571,0.7464296093393429,Constrained
1000259,6.81151653737022,0.061107670500022304,0.0,1.0,0.9388923294999777,0.0,0.6816676988499933,0.31833230115000666,Balanced
1000260,4.684961534198318,0.15400265157705284,1.1717769516805643,1.0,0.8459973484229472,0.5858884758402821,0.8295657472789688,0.1704342527210312,Flexible
1000261,4.689866760421536,0.08402196822661878,1.1717769516805643,1.0,0.9159780317733812,0.5858884758402821,0.850559952284099,0.14944004771590103,Flexible
1000262,4.964116510669262,0.001318607882123346,0.0,1.0,0.9986813921178767,0.0,0.6996044176353631,0.3003955823646369,Balanced
1000263,4.864111958346422,0.027098646714718955,1.2995475978563575,1.0,0.972901353285281,0.6497737989281788,0.8868025456640378,0.11319745433596218,Flexible
1000264,0.781819885143438,0.3636507678887274,1.364592033868776,0.260606628381146,0.6363492321112726,0.682296016934388,0.4998362260661566,0.5001637739338434,Balanced
1000265,2.938592098345861,0.21253281696216142,1.1056578760371472,0.9795306994486204,0.7874671830378386,0.5528289380185736,0.7939011160963718,0.20609888390362818,Flexible
1000266,5.906436816519958,0.2297105772678183,0.4714045207910317,1.0,0.7702894227321817,0.23570226039551584,0.7017975049383093,0.2982024950616907,Flexible
1000267,4.8022756128678905,0.0475825271491257,0.0,1.0,0.9524174728508743,0.0,0.6857252418552623,0.3142747581447377,Balanced
1000268,4.152360745593834,0.19845201734899653,0.0,1.0,0.8015479826510035,0.0,0.640464394795301,0.35953560520469896,Balanced
1000269,9.7551340948647,0.04336443527309597,0.4714045207910317,1.0,0.956635564726904,0.23570226039551584,0.7577013475367259,0.2422986524632741,Flexible
1000270,8.259017046446958,0.10039771263397723,0.08318903308077029,1.0,0.8996022873660228,0.041594516540385144,0.6823590411719224,0.31764095882807764,Balanced
1000271,4.518106430340141,0.16097769213835877,0.6222539674441618,1.0,0.8390223078616412,0.3111269837220809,0.7450447874751167,0.2549552125248833,Flexible
1000272,0.7641087360884615,0.07045350986525056,1.3678459045903708,0.2547029120294872,0.9295464901347494,0.6839229522951854,0.5859219975407753,0.41407800245922466,Balanced
1000273,1.1261891760612677,0.28130582352620104,0.9186670310833314,0.3753963920204226,0.718694176473799,0.4593335155416657,0.5035668644128084,0.4964331355871916,Balanced
1000274,9.073000847703764,0.0994719487804816,0.9176194870359777,1.0,0.9005280512195184,0.45880974351798887,0.8078013384212521,0.19219866157874788,Flexible
1000275,8.39771088841108,0.1181008919927905,0.6088975060217492,1.0,0.8818991080072095,0.3044487530108746,0.7559043583054252,0.24409564169457476,Flexible
1000276,1.6211350315615902,0.11331712030913366,1.0606601717798212,0.5403783438538634,0.8866828796908663,0.5303300858899106,0.6412552272157784,0.35874477278422157,Balanced
1000277,2.0428056402742816,0.12230035811478301,0.0,0.6809352134247605,0.877699641885217,0.0,0.5356839779354693,0.4643160220645307,Balanced
1000279,10.73286753614895,0.27047410681699824,0.8692536065900232,1.0,0.7295258931830018,0.4346268032950116,0.749245808943404,0.250754191056596,Flexible
1000280,3.0231701969819547,0.2157088770264074,0.1605883532365053,1.0,0.7842911229735926,0.08029417661825265,0.6593755898775535,0.3406244101224465,Balanced
1000283,0.9968888784881879,0.22837892821814265,0.03288868749704872,0.33229629282939593,0.7716210717818573,0.01644434374852436,0.3693381417908729,0.6306618582091271,Balanced
1000285,3.148692246408297,0.27469303853814164,0.850336362797532,1.0,0.7253069614618584,0.425168181398766,0.7451425428581873,0.25485745714181274,Flexible
1000287,0.7089232054982336,0.2512523943618985,0.9681923619323496,0.23630773516607786,0.7487476056381015,0.4840961809661748,0.46437623004771406,0.5356237699522859,Balanced
1000288,0.6507819678010328,0.11959264950500592,0.8838834764831844,0.21692732260034428,0.8804073504949941,0.4419417382415922,0.4834756556611136,0.5165243443388864,Balanced
1000289,0.9728833730787924,0.09027936698227235,1.1785113019775793,0.3242944576929308,0.9097206330177277,0.5892556509887896,0.5794106682791275,0.42058933172087254,Balanced
1000290,0.7584549586392029,0.23852556500872002,0.30743773095067284,0.25281831954640094,0.76147443499128,0.15371886547533642,0.3756853179585453,0.6243146820414547,Balanced
1000291,3.71872016394879,0.6957788026214669,0.0,1.0,0.30422119737853315,0.0,0.49126635921356,0.50873364078644,Balanced
1000292,26.88822001851994,0.2745098461336707,1.1268220019294721,1.0,0.7254901538663293,0.5634110009647361,0.7866703464493197,0.21332965355068034,Flexible
1000293,4.808749383691608,0.23144191373322887,0.9265071948705591,1.0,0.7685580862667711,0.46325359743527955,0.7695435051106152,0.2304564948893848,Flexible
1000295,5.866635054587726,0.10473231766564217,0.4714045207910317,1.0,0.8952676823343578,0.23570226039551584,0.7392909828189621,0.2607090171810379,Flexible
1000296,4.039265842242636,0.25038575100719684,0.0,1.0,0.7496142489928032,0.0,0.6248842746978409,0.3751157253021591,Balanced
1000297,4.061125379672703,0.2414380856944156,0.0,1.0,0.7585619143055844,0.0,0.6275685742916753,0.37243142570832466,Balanced
1000298,8.546820880612298,0.1841733867474189,0.926304901935568,1.0,0.8158266132525811,0.463152450967784,0.7836937192661095,0.21630628073389047,Flexible
1000299,6.302045530670413,0.19340086644799737,0.878990158031742,1.0,0.8065991335520026,0.439495079015871,0.7738282637703621,0.22617173622963793,Flexible
1000300,3.6559281312533094,0.8657286771727577,0.9109442723015414,1.0,0.1342713228272423,0.4554721361507707,0.5769230376934039,0.4230769623065961,Balanced
1000301,4.457447450544599,0.6261931194265657,0.9156240205121181,1.0,0.37380688057343425,0.45781201025605905,0.649485667248848,0.35051433275115196,Balanced
1000302,5.712694306013019,0.6454282701913977,0.8304817878797824,1.0,0.3545717298086023,0.4152408939398912,0.630943787124548,0.369056212875452,Balanced
1000303,0.3340097303971847,0.14759482163906057,0.9150793638884732,0.11133657679906156,0.8524051783609394,0.4575396819442366,0.43751808881117743,0.5624819111888226,Balanced
1000304,1.2037268516292778,0.09602586631796062,0.9479893110413055,0.40124228387642596,0.9039741336820394,0.47399465552065273,0.5738875503113781,0.42611244968862194,Balanced
1000305,0.6264531795808019,0.21492571570516283,0.835224520712844,0.20881772652693398,0.7850742842948372,0.417612260356422,0.44433305400615136,0.5556669459938486,Balanced
1000306,0.27520184177982576,0.00722554630073069,0.0744322927564787,0.09173394725994193,0.9927744536992693,0.03721614637823935,0.34569075892722934,0.6543092410727707,Balanced
1000307,0.5388630412186827,0.001636327694725992,0.0,0.17962101373956088,0.998363672305274,0.0,0.37135750718740657,0.6286424928125934,Balanced
1000309,0.7023289621387154,0.2832043358865488,0.0,0.23410965404623849,0.7167956641134512,0.0,0.30868256085253076,0.6913174391474692,Balanced
1000310,7.9912554168899055,0.27833052417596305,1.1809412221878424,1.0,0.721669475824037,0.5904706110939212,0.7936420260753874,0.20635797392461264,Flexible
1000312,7.391419675022087,0.09132075230288639,0.0,1.0,0.9086792476971136,0.0,0.6726037743091341,0.3273962256908659,Balanced
1000313,1.0700309012720786,0.16398254634630371,1.1760302255523634,0.35667696709069285,0.8360174536536963,0.5880151127761817,0.5698805567652405,0.4301194432347595,Balanced
1000314,9.243525826538129,0.9454555943531845,1.2914080154601348,1.0,0.05454440564681551,0.6457040077300674,0.610074524013065,0.38992547598693506,Balanced
1000315,7.580023244719268,0.3006399225596533,1.1283863761821513,1.0,0.6993600774403467,0.5641931880910757,0.7790659796594267,0.2209340203405733,Flexible
1000316,7.040282031586639,0.45777064562873626,0.4447986117207001,1.0,0.5422293543712637,0.22239930586035006,0.6293885980694842,0.3706114019305158,Balanced
1000317,5.66554414286301,0.08569497129060433,0.9676198058342229,1.0,0.9143050287093957,0.48380990291711146,0.8194344794879521,0.18056552051204788,Flexible
1000318,4.637062839441867,0.18033229360581637,0.7510323473571958,1.0,0.8196677063941836,0.3755161736785979,0.7585551640218345,0.24144483597816546,Flexible
1000319,3.688223217390376,0.24250018185582078,0.9962121075990956,1.0,0.7574998181441792,0.4981060537995478,0.7766817615831181,0.22331823841688192,Flexible
1000320,5.165355920957275,0.28111400985113544,1.7241615048512182,1.0,0.7188859901488646,0.8620807524256091,0.8742900227723421,0.12570997722765787,Flexible
1000321,18.36907407408027,0.530969394456954,1.1778219487235282,1.0,0.469030605543046,0.5889109743617641,0.7173824739714431,0.28261752602855694,Flexible
1000322,3.744591637442487,0.2141362980270367,0.21213203435596423,1.0,0.7858637019729633,0.10606601717798211,0.6675789157452836,0.3324210842547164,Balanced
1000323,3.354332118212065,0.31421033495965744,0.9770965235647187,1.0,0.6857896650403426,0.4885482617823593,0.7523013780468105,0.24769862195318948,Flexible
1000324,4.993713329943306,0.1260479163897944,1.2401565085425603,1.0,0.8739520836102056,0.6200782542712802,0.8482091013644457,0.15179089863555428,Flexible
1000325,3.1262237810890365,0.20470530556804456,1.3499311277197725,1.0,0.7952946944319554,0.6749655638598863,0.8410780774875525,0.15892192251244752,Flexible
1000326,1.389482184115352,1.0000000001442695,0.0,0.46316072803845065,-1.4426948524715044e-10,0.0,0.18526429117209942,0.8147357088279006,Constrained
1000327,4.352119839619615,0.14945914725720544,0.8260230321164035,1.0,0.8505408527427946,0.41301151605820174,0.779065710640299,0.22093428935970105,Flexible
1000328,3.8729774081045028,0.12796844818349562,0.0,1.0,0.8720315518165044,0.0,0.6616094655449514,0.33839053445504863,Balanced
1000329,7.388289706352328,0.2581609019199075,0.869224359323935,1.0,0.7418390980800925,0.4346121796619675,0.752935383322618,0.247064616677382,Flexible
1000330,0.8143616112110175,0.08404923759086846,0.0,0.27145387040367247,0.9159507624091315,0.0,0.38336677688420845,0.6166332231157916,Balanced
1000331,8.89509572318176,0.2319804756640964,1.3480515243673363,1.0,0.7680195243359036,0.6740257621836682,0.8326135859558716,0.16738641404412835,Flexible
1000332,0.791709602613562,0.3437904699141059,1.1727871450096985,0.26390320087118735,0.6562095300858941,0.5863935725048492,0.47834221112569797,0.521657788874302,Balanced
1000333,7.788535306349114,0.1628353310181917,0.29232347378661744,1.0,0.8371646689818083,0.14616173689330872,0.6949979217625352,0.30500207823746484,Balanced
1000335,3.6344894337354705,0.18299238030998632,0.0,1.0,0.8170076196900137,0.0,0.6451022859070041,0.35489771409299586,Balanced
1000336,5.1768378960352495,0.08608273275108891,0.0,1.0,0.9139172672489111,0.0,0.6741751801746734,0.32582481982532663,Balanced
1000337,3.622931473622337,0.22151224545762982,0.8681147322824311,1.0,0.7784877545423702,0.43405736614121554,0.7637635362050756,0.23623646379492436,Flexible
1000338,4.074436921516808,0.09186406109718792,0.0,1.0,0.9081359389028121,0.0,0.6724407816708436,0.32755921832915635,Balanced
1000339,7.070244522788621,0.14152013200864677,1.0094454908689228,1.0,0.8584798679913532,0.5047227454344614,0.8089607840277444,0.1910392159722556,Flexible
1000340,11.290597045333145,0.298370971629461,0.9268656996592273,1.0,0.701629028370539,0.46343284982961364,0.7495185634600458,0.25048143653995425,Flexible
1000342,9.495630091480715,0.1727709061776841,0.0,1.0,0.8272290938223159,0.0,0.6481687281466948,0.3518312718533052,Balanced
1000344,6.2683262306887055,0.1752771203939968,0.0,1.0,0.8247228796060032,0.0,0.647416863881801,0.352583136118199,Balanced
1000345,10.767806688412179,0.19232179737003363,1.2158295851746452,1.0,0.8076782026299664,0.6079147925873226,0.8246778985651867,0.1753221014348133,Flexible
1000346,0.7085495370483763,0.07638663811039859,0.0,0.23618317901612543,0.9236133618896014,0.0,0.3715572801733306,0.6284427198266693,Balanced
1000347,1.9916709258459302,0.10175559863093919,0.15713484026367724,0.6638903086153101,0.8982444013690608,0.07856742013183862,0.558599669896394,0.441400330103606,Balanced
1000348,1.9995200976368988,0.07938016455876684,0.0,0.6665066992122995,0.9206198354412332,0.0,0.5427886303172897,0.45721136968271026,Balanced
1000349,1.7844494417264323,0.040852083261294414,0.8485281374238569,0.5948164805754774,0.9591479167387056,0.42426406871192845,0.6529501878653812,0.34704981213461883,Balanced
1000350,1.5020488939688665,0.0536053699158856,0.0,0.5006829646562888,0.9463946300841144,0.0,0.48419157488774983,0.5158084251122501,Balanced
1000351,4.921375184113054,0.3701466122914615,0.9616652224137047,1.0,0.6298533877085385,0.48083261120685233,0.7332057996746173,0.2667942003253827,Flexible
1000352,5.183362637690065,0.21871102629138794,0.8834567718731886,1.0,0.7812889737086121,0.4417283859365943,0.7669052078935619,0.23309479210643813,Flexible
1000353,5.3790401081350385,0.1768185851851638,0.7881801111529431,1.0,0.8231814148148362,0.39409005557647153,0.7651814411173923,0.23481855888260772,Flexible
1000354,1.7179683853965046,1.0000000001442695,0.0,0.5726561284655015,-1.4426948524715044e-10,0.0,0.22906245134291978,0.7709375486570802,Constrained
1000355,1.8155709568490144,0.047180469173755846,0.0,0.6051903189496715,0.9528195308262442,0.0,0.5279219868277418,0.47207801317225817,Balanced
1000356,4.64002271039703,0.23613928522759553,1.1111677990074318,1.0,0.7638607147724045,0.5555838995037159,0.7958333842828361,0.20416661571716388,Flexible
1000357,2.0833013487143575,0.4564355570889427,0.0,0.6944337829047859,0.5435644429110573,0.0,0.4408428460352315,0.5591571539647685,Balanced
1000358,3.46233389027691,0.1192293238565606,0.9577867048047944,1.0,0.8807706761434394,0.4788933524023972,0.807899208563751,0.19210079143624903,Flexible
1000359,5.569474120637763,0.2225123675209716,0.0,1.0,0.7774876324790284,0.0,0.6332462897437086,0.36675371025629144,Balanced
1000361,4.924441246363133,0.29007170879534006,0.9784828972094929,1.0,0.70992829120466,0.48924144860474644,0.759750921942822,0.240249078057178,Flexible
1000363,0.13697113240350978,0.9463668318879287,0.0,0.04565704413450326,0.053633168112071306,0.0,0.03435276808742269,0.9656472319125773,Constrained
1000365,0.5362220129288164,0.8148752401879932,0.0,0.17874067097627214,0.18512475981200682,0.0,0.1270336963341109,0.8729663036658891,Constrained
1000366,1.138223384338681,0.1459181910694768,1.3258252147247767,0.3794077947795604,0.8540818089305232,0.6629126073623883,0.6068614427996977,0.39313855720030233,Balanced
1000367,4.6683274020363,0.0,0.5291502622129182,1.0,1.0,0.2645751311064591,0.7793725393319377,0.22062746066806227,Flexible
1000368,0.7435668096420845,0.28163295081475936,1.1695468157677387,0.2478556032140282,0.7183670491852406,0.5847734078838693,0.4900843784063442,0.5099156215936558,Balanced
1000369,12.459709273041685,0.09882535465613573,1.3691953043680494,1.0,0.9011746453438643,0.6845976521840247,0.8757316892583666,0.12426831074163336,Flexible
1000371,5.853776401128441,0.06969624010011954,1.631778828950776,1.0,0.9303037598998805,0.815889414475388,0.9238579523125805,0.0761420476874195,Flexible
1000374,3.0610774208872655,0.9134957861671931,0.0,1.0,0.08650421383280693,0.0,0.4259512641498421,0.5740487358501579,Balanced
1000375,0.309479034716848,0.1512742508429603,1.2699060560084934,0.10315967823894934,0.8487257491570397,0.6349530280042467,0.48636750444396565,0.5136324955560343,Balanced
1000376,0.6712858942742655,0.8682896302827654,0.0,0.22376196475808852,0.1317103697172346,0.0,0.12901789681840578,0.8709821031815942,Constrained
1000377,4.344578599972168,0.42863805241233743,1.1627978179512115,1.0,0.5713619475876626,0.5813989089756058,0.7458282569689805,0.2541717430310195,Flexible
1000378,2.994279734443157,0.09750545222108975,0.0,0.9980932448143857,0.9024945477789102,0.0,0.6699856622594274,0.33001433774057265,Balanced
1000380,8.421748134301009,0.2689956780387963,0.9551588107244481,1.0,0.7310043219612037,0.47757940536222404,0.7625751181970283,0.23742488180297172,Flexible
1000381,0.36059327950963427,0.0740726478810474,0.0,0.12019775983654475,0.9259273521189526,0.0,0.3258573095703037,0.6741426904296963,Balanced
1000382,0.18736804282539213,0.4192249214551138,0.0,0.06245601427513071,0.5807750785448862,0.0,0.19921492927351814,0.8007850707264819,Constrained
1000383,0.21189948695446706,1.0000000001442695,0.0,0.07063316231815568,-1.4426948524715044e-10,0.0,0.02825326488398143,0.9717467351160186,Constrained
1000385,0.24747924952886136,0.3819168039396663,0.0,0.08249308317628712,0.6180831960603337,0.0,0.21842219208861494,0.7815778079113851,Constrained
1000386,3.816522868554573,0.17244763838923227,0.5303300858899106,1.0,0.8275523616107677,0.2651650429449553,0.727815221366717,0.27218477863328305,Flexible
1000387,5.183803571946902,0.2032090627983726,0.787295821622217,1.0,0.7967909372016274,0.3936479108111085,0.7571316544038209,0.2428683455961791,Flexible
1000388,1.369057897552817,2.8853908151660335e-10,0.3464101615137754,0.45635263251760566,0.9999999997114609,0.1732050807568877,0.5345025771475469,0.4654974228524531,Balanced
1000389,0.3061862178478973,0.08170416623404964,0.3535533905932738,0.10206207261596577,0.9182958337659504,0.1767766952966369,0.36934658776516244,0.6306534122348375,Balanced
1000390,8.210355041314688,0.2348827388782464,1.3518217875625174,1.0,0.7651172611217536,0.6759108937812587,0.8323084464709036,0.16769155352909637,Flexible
1000392,2.0793451865747623,0.13521302103172783,0.6428243465332251,0.6931150621915875,0.8647869789682722,0.32141217326661253,0.6331057705471004,0.3668942294528996,Balanced
1000393,3.3784546521137635,0.14541251213704354,0.0,1.0,0.8545874878629565,0.0,0.6563762463588869,0.3436237536411131,Balanced
1000395,1.470975546170951,0.06797984156878023,0.0,0.49032518205698367,0.9320201584312198,0.0,0.4757361203521594,0.5242638796478406,Balanced
1000396,13.314347065210264,0.1801025501104888,1.1617509372793489,1.0,0.8198974498895112,0.5808754686396744,0.8202318755587557,0.17976812444124435,Flexible
1000397,3.8296424792705634,0.024968122070433973,0.6222539674441618,1.0,0.975031877929566,0.3111269837220809,0.7858476584954941,0.2141523415045059,Flexible
1000398,2.285140235252174,0.2019766276175894,1.0101525445522108,0.7617134117507246,0.7980233723824106,0.5050762722761054,0.6956152580978445,0.3043847419021555,Balanced
1000399,1.8122564116552933,0.22485460757773013,0.0,0.6040854705517644,0.7751453924222699,0.0,0.47417780594738673,0.5258221940526133,Balanced
1000400,3.5349704464026352,0.1597589884276187,1.0873908428708774,1.0,0.8402410115723813,0.5436954214354387,0.815180929902346,0.18481907009765397,Flexible
1000401,4.515619301022258,0.2685065932545795,0.7956791562496801,1.0,0.7314934067454205,0.39783957812484005,0.7387998954610782,0.26120010453892184,Flexible
1000402,2.7600694157247054,0.25756279153018324,0.6428243465332251,0.9200231385749018,0.7424372084698168,0.32141217326661253,0.6871640699508896,0.31283593004911037,Balanced
1000403,3.559189939911754,0.2523994142391671,1.1686327392893128,1.0,0.7476005857608329,0.5843163696446564,0.7995750866216468,0.20042491337835322,Flexible
1000404,3.918735239669602,0.13845433187559397,0.282842712474619,1.0,0.861545668124406,0.1414213562373095,0.7008901073085146,0.29910989269148536,Flexible
1000405,4.42422087052162,0.09004654486378316,0.5091168824543142,1.0,0.9099534551362168,0.2545584412271571,0.7493535689090122,0.25064643109098783,Flexible
1000406,4.387417306203076,0.2625278812375673,0.6994397758206207,1.0,0.7374721187624327,0.34971988791031033,0.7261576020018229,0.2738423979981771,Flexible
1000407,4.697558116754063,0.07989795648805065,1.359820733051053,1.0,0.9201020435119494,0.6799103665255265,0.8800037230112427,0.11999627698875726,Flexible
1000408,0.4815434123430768,0.5045715961094013,0.8725998576344628,0.1605144707810256,0.4954284038905987,0.4362999288172314,0.3437242881247593,0.6562757118752407,Balanced
1000409,3.527929633086069,0.07272819530982955,1.0325287901455042,1.0,0.9272718046901705,0.5162643950727521,0.8330608599288767,0.16693914007112332,Flexible
1000410,0.5269161257415923,1.0000000001442695,0.4040610178208843,0.17563870858053077,-1.4426948524715044e-10,0.20203050891044216,0.1308646360620641,0.8691353639379359,Constrained
1000411,0.787295821622217,0.4083272217062116,0.0,0.262431940540739,0.5916727782937884,0.0,0.2824746097044321,0.7175253902955678,Constrained
1000412,2.348208021150806,0.18872187582940625,0.0,0.7827360070502687,0.8112781241705938,0.0,0.5564778400712855,0.44352215992871447,Balanced
1000413,6.316333782636175,0.14321971244589127,0.5848734880329144,1.0,0.8567802875541087,0.2924367440164572,0.7447651094711698,0.2552348905288302,Flexible
1000414,0.4629100498862757,0.020131243637386165,0.385694607919935,0.1543033499620919,0.9798687563626138,0.1928473039599675,0.41353615808161115,0.5864638419183889,Balanced
1000415,2.606245432808352,0.1509658014436419,0.1462979547282512,0.8687484776027841,0.8490341985563581,0.0731489773641256,0.6241543438172586,0.37584565618274135,Balanced
1000416,0.6312929289696867,0.05433969568789898,0.0,0.2104309763232289,0.945660304312101,0.0,0.3678704818229218,0.6321295181770782,Balanced
1000417,0.0,0.7025277513692494,1.3010764773832475,0.0,0.2974722486307506,0.6505382386916237,0.2844031461967123,0.7155968538032877,Constrained
1000418,6.807265824614095,0.3906543735766884,0.7874350377874084,1.0,0.6093456264233116,0.3937175188937042,0.7009189435951049,0.29908105640489513,Flexible
1000419,2.1986771225370534,0.8777084032191643,0.0,0.7328923741790178,0.12229159678083568,0.0,0.3298444287058578,0.6701555712941423,Balanced
1000420,1.9483677627700187,1.0000000001442695,0.0,0.6494559209233396,-1.4426948524715044e-10,0.0,0.259782368326055,0.740217631673945,Constrained
1000421,3.245476766756817,0.08611618388910225,1.322973977703863,1.0,0.9138838161108978,0.6614869888519315,0.8726112414888487,0.12738875851115128,Flexible
1000422,3.398629686030564,0.011713265221478975,0.9428090415820635,1.0,0.988286734778521,0.47140452079103173,0.8379073766708658,0.1620926233291342,Flexible
1000423,6.106976804160787,0.11344779127536309,1.0799157935855104,1.0,0.8865522087246369,0.5399578967927552,0.8279530316552176,0.1720469683447824,Flexible
1000424,4.641389285530605,0.26196667230579296,0.7856742013183862,1.0,0.738033327694207,0.3928371006591931,0.7392611285060201,0.2607388714939799,Flexible
1000425,3.1583750903994963,0.03001296890825056,0.32635697593225266,1.0,0.9699870310917494,0.16317848796612633,0.7399496557173628,0.2600503442826372,Flexible
1000426,3.5956080095710354,0.12854422345872563,1.0999438818457405,1.0,0.8714557765412744,0.5499719409228703,0.8264283152392433,0.17357168476075668,Flexible
1000427,3.618065246177394,0.18418065002921247,0.9279607271383369,1.0,0.8158193499707875,0.46398036356916844,0.7839399140619867,0.2160600859380133,Flexible
1000428,1.6384354818917277,0.09932428639647328,0.1414213562373095,0.5461451606305759,0.9006757136035267,0.07071067811865475,0.5098739817688848,0.49012601823111523,Balanced
1000429,2.1684852015695424,0.30243624085392895,0.0,0.7228284005231808,0.697563759146071,0.0,0.49840048795309366,0.5015995120469063,Balanced
1000430,4.397746707283749,0.11404688787992734,0.42755293746163336,1.0,0.8859531121200727,0.21377646873081668,0.7299188742552668,0.2700811257447332,Flexible
1000431,4.998293855509698,0.1388707710316779,1.1164843913471802,1.0,0.8611292289683221,0.5582421956735901,0.8258114273925737,0.17418857260742626,Flexible
1000432,1.7388206315017072,0.05599252314280856,1.2165525060596438,0.5796068771672357,0.9440074768571914,0.6082762530298219,0.6975278698329983,0.3024721301670017,Balanced
1000433,4.41311130060078,0.07007165277173322,1.193242693252299,1.0,0.9299283472282668,0.5966213466261495,0.8579649081563249,0.14203509184367513,Flexible
1000434,0.6157921727336261,0.4967416655128932,0.0,0.20526405757787536,0.5032583344871068,0.0,0.23308312337728218,0.7669168766227178,Constrained
1000435,0.43121968093205176,0.5861831499849053,0.47140452079103173,0.14373989364401726,0.4138168500150947,0.23570226039551587,0.2523516905807901,0.7476483094192099,Constrained
1000436,3.3115401450362345,0.16900464924411696,0.6655122646461624,1.0,0.830995350755883,0.3327561323230812,0.7491254449236893,0.25087455507631073,Flexible
1000437,3.3879171354702233,0.2293709309245986,0.848528137423857,1.0,0.7706290690754014,0.4242640687119285,0.758467941336199,0.241532058663801,Flexible
1000438,0.417698447033037,0.2975334489981487,0.0,0.139232815677679,0.7024665510018513,0.0,0.266433091571627,0.733566908428373,Constrained
1000439,0.43378359924791876,0.31943511039097117,1.1216176529165927,0.1445945330826396,0.6805648896090288,0.5608088264582963,0.43024992805325335,0.5697500719467467,Balanced
1000440,2.9998833647907133,1.0000000001442695,1.0999438818457405,0.9999611215969044,-1.4426948524715044e-10,0.5499719409228703,0.564976030872342,0.43502396912765795,Balanced
1000441,4.241755469100402,0.22227796820293666,0.0,1.0,0.7777220317970633,0.0,0.633316609539119,0.36668339046088105,Balanced
1000442,4.697384771908038,0.02408406789613604,0.4105781310115437,1.0,0.975915932103864,0.20528906550577186,0.7543614992828908,0.24563850071710924,Flexible
1000443,2.361787516825391,0.020430235812668007,0.20203050891044216,0.7872625056084637,0.979569764187332,0.10101525445522108,0.6390805078361514,0.36091949216384855,Balanced
1000444,0.0,0.2156410175326554,0.0,0.0,0.7843589824673446,0.0,0.23530769474020335,0.7646923052597967,Constrained
1000445,0.0,0.15002259338556523,0.0,0.0,0.8499774066144348,0.0,0.25499322198433044,0.7450067780156695,Constrained
1000446,3.1611870285477672,0.07852634532687686,0.5582421956735901,1.0,0.9214736546731231,0.27912109783679506,0.7601784257529755,0.23982157424702455,Flexible
1000447,0.0,0.17392577603036874,0.0,0.0,0.8260742239696313,0.0,0.24782226719088937,0.7521777328091106,Constrained
1000448,3.6576907469934556,0.17323299594605057,1.5775773446834405,1.0,0.8267670040539494,0.7887886723417202,0.884666702918701,0.11533329708129902,Flexible
1000449,2.9205110128415313,0.31527802585593134,1.337074640789108,0.973503670947177,0.6847219741440687,0.668537320394554,0.7953792567404576,0.20462074325954238,Flexible
1000450,1.1154822402920281,0.1235225337666066,1.1195857368787003,0.37182741343067605,0.8764774662333934,0.5597928684393502,0.5796120657740935,0.4203879342259065,Balanced
1000451,3.1612660339208487,1.0000000001442695,0.0,1.0,-1.4426948524715044e-10,0.0,0.3999999999567192,0.6000000000432808,Balanced
1000452,0.0,0.16540983185517355,0.0,0.0,0.8345901681448264,0.0,0.25037705044344793,0.7496229495565521,Constrained
1000453,0.0,0.3308084519342416,0.0,0.0,0.6691915480657584,0.0,0.20075746441972753,0.7992425355802725,Constrained
1000454,3.59858623769351,0.6087564366592835,0.0,1.0,0.3912435633407165,0.0,0.5173730690022149,0.4826269309977851,Balanced
1000455,7.615747021532377,0.26533613948952683,1.2277238618403794,1.0,0.7346638605104732,0.6138619309201897,0.8045577374291989,0.1954422625708011,Flexible
1000456,0.5548606765399494,0.08881133065380742,1.322973977703863,0.1849535588466498,0.9111886693461926,0.6614869888519315,0.5457841209980971,0.45421587900190286,Balanced
1000457,0.0,0.0,0.0,0.0,1.0,0.0,0.3,0.7,Constrained
1000458,0.0,0.0,0.0,0.0,1.0,0.0,0.3,0.7,Constrained
1000459,0.0,0.0,0.0,0.0,1.0,0.0,0.3,0.7,Constrained
1000460,0.0,0.0,0.0,0.0,1.0,0.0,0.3,0.7,Constrained
1000461,0.0,0.0,0.0,0.0,1.0,0.0,0.3,0.7,Constrained
1000462,0.0,0.0,0.0,0.0,1.0,0.0,0.3,0.7,Constrained
1000463,0.0,0.0,0.0,0.0,1.0,0.0,0.3,0.7,Constrained
1000472,3.2743711336634904,0.533292491084391,0.744741786942365,1.0,0.46670750891560897,0.3723708934711825,0.6517235207160375,0.34827647928396255,Balanced
1000474,3.499249515867797,0.28008593948320626,1.2020815280171306,1.0,0.7199140605167937,0.6010407640085653,0.7962864473576078,0.20371355264239221,Flexible
1000475,1.525202071531192,0.14652605687746045,1.1164843913471802,0.5084006905103974,0.8534739431225395,0.5582421956735901,0.6268751178429979,0.3731248821570021,Balanced
1000476,0.0,0.20330490598005868,0.0,0.0,0.7966950940199413,0.0,0.2390085282059824,0.7609914717940176,Constrained
1000477,7.733850424593614,0.20671136339984508,1.006273902687289,1.0,0.7932886366001549,0.5031369513436444,0.7889276763831399,0.21107232361686012,Flexible
1000478,0.6800735254367721,0.8313390687918688,0.0,0.2266911751455907,0.1686609312081312,0.0,0.14127474942067564,0.8587252505793244,Constrained
1000479,4.7957264763273475,0.06502474123236834,0.0,1.0,0.9349752587676317,0.0,0.6804925776302895,0.3195074223697105,Balanced
1000480,2.934032612645273,0.06502247054354415,1.0999438818457405,0.9780108708817576,0.9349775294564558,0.5499719409228703,0.836689189466501,0.16331081053349905,Flexible
1000481,0.5154037501231686,0.008840528840853179,0.0,0.1718012500410562,0.9911594711591468,0.0,0.36606834136416655,0.6339316586358335,Balanced
1000482,4.897714630062165,0.31416505537512485,0.0,1.0,0.6858349446248752,0.0,0.6057504833874625,0.3942495166125375,Balanced
1000483,0.8214217721795856,0.02815045548640316,0.0,0.27380725739319517,0.9718495445135968,0.0,0.4010777663113571,0.5989222336886428,Balanced
1000485,0.06564311204866563,1.0000000001442695,0.0,0.02188103734955521,-1.4426948524715044e-10,0.0,0.008752414896541239,0.9912475851034588,Constrained
1000486,0.0,0.03876339556566322,0.0,0.0,0.9612366044343368,0.0,0.28837098133030103,0.711629018669699,Constrained
1000487,4.555216246885468,0.17536144386987684,0.0,1.0,0.8246385561301232,0.0,0.647391566839037,0.352608433160963,Balanced
1000488,5.309397187865137,0.18340181836429936,0.8140773264814125,1.0,0.8165981816357006,0.40703866324070626,0.7670910534629221,0.23290894653707794,Flexible
1000489,0.0,0.7025277513692494,0.0,0.0,0.2974722486307506,0.0,0.08924167458922518,0.9107583254107748,Constrained
1000490,3.4257430242130202,0.27596541148196996,0.7071067811865476,1.0,0.72403458851803,0.3535533905932738,0.7232763937333911,0.27672360626660886,Flexible
1000491,0.0,0.4967416655128932,0.0,0.0,0.5032583344871068,0.0,0.15097750034613203,0.849022499653868,Constrained
1000492,3.4255319504651305,0.47584361519482254,0.0,1.0,0.5241563848051775,0.0,0.5572469154415532,0.44275308455844675,Balanced
1000493,11.067559427350941,0.528652538218629,1.0926599019997618,1.0,0.471347461781371,0.5463299509998809,0.7053032238343756,0.2946967761656244,Flexible
1000494,0.411456440224034,0.19923391708914495,0.7505553499465134,0.13715214674134465,0.800766082910855,0.3752776749732567,0.4076739860617714,0.5923260139382286,Balanced
1000495,3.583232082990466,0.16652942053657993,0.7134145855335043,1.0,0.8334705794634201,0.35670729276675217,0.7570533616690517,0.24294663833094832,Flexible
1000496,4.024194012724684,0.2579004416087042,0.0,1.0,0.7420995583912958,0.0,0.6226298675173888,0.3773701324826112,Balanced
1000497,4.2993063567897565,0.13009578625922047,1.1897352191392703,1.0,0.8699042137407795,0.5948676095696351,0.8394315469931244,0.1605684530068756,Flexible
1000499,2.0677688143800674,0.10368212259237597,0.9065471553673686,0.6892562714600224,0.896317877407624,0.4532735776836843,0.6805799451114014,0.3194200548885986,Balanced
1000500,5.8539913019124885,0.252892139450284,0.16070608663330627,1.0,0.747107860549716,0.08035304331665313,0.6482382711599108,0.35176172884008916,Balanced
1000501,3.4929101137263303,0.30063158772142595,1.2649919874464377,1.0,0.699368412278574,0.6324959937232189,0.7995593218005379,0.2004406781994621,Flexible
1000502,4.093746737206987,0.20286734670581974,0.9091372900969896,1.0,0.7971326532941803,0.4545686450484948,0.7755103895028026,0.2244896104971974,Flexible
1000503,3.4313951112036367,0.43947800471610476,0.9697464427701222,1.0,0.5605219952838952,0.4848732213850611,0.713618565000687,0.286381434999313,Flexible
1000504,10.531159060022343,0.2139429206248621,0.894403841772209,1.0,0.7860570793751379,0.4472019208861045,0.7699777000783727,0.23002229992162726,Flexible
1000505,8.313118548409514,0.175405011554438,1.018270592720815,1.0,0.824594988445562,0.5091352963604076,0.8001190854417909,0.1998809145582091,Flexible
1000506,11.300379296061818,0.24983342543235654,0.855302813171752,1.0,0.7501665745676435,0.427651406585876,0.7533453943460559,0.24665460565394415,Flexible
1000507,8.321495699552582,0.21697721374397394,0.25712973861328997,1.0,0.7830227862560261,0.12856486930664499,0.6734762966688014,0.3265237033311986,Balanced
1000508,4.788989425526276,0.16028685954454058,1.1745163484115535,1.0,0.8397131404554594,0.5872581742057768,0.8280913943983708,0.17190860560162924,Flexible
1000509,2.443513964769918,0.3157401275857127,1.0372148574840365,0.814504654923306,0.6842598724142873,0.5186074287420183,0.6866620523162141,0.31333794768378587,Balanced
1000510,6.492093894936044,0.16132132813221456,0.0,1.0,0.8386786718677854,0.0,0.6516036015603357,0.3483963984396643,Balanced
1000511,6.57693886178501,0.14346748402058307,0.0,1.0,0.8565325159794169,0.0,0.6569597547938251,0.34304024520617493,Balanced
1000512,5.6372255901868416,0.15360160375369392,1.2341379969233361,1.0,0.8463983962463061,0.6170689984616681,0.8390402184123922,0.16095978158760782,Flexible
1000513,8.502763944966482,0.11287364448628312,0.9991381672704621,1.0,0.8871263555137169,0.49956908363523106,0.8160086317446844,0.1839913682553156,Flexible
1000514,6.290668327141349,0.2837431230885942,0.9755885918283258,1.0,0.7162568769114058,0.4877942959141629,0.7612153518476705,0.23878464815232947,Flexible
1000515,3.1783772430972017,0.09662925693448521,0.862897567957178,1.0,0.9033707430655148,0.431448783978589,0.8004458581132311,0.1995541418867689,Flexible
1000516,0.769841991128445,0.22223397129450473,0.840713982279348,0.256613997042815,0.7777660287054953,0.420356991139674,0.4620825047706768,0.5379174952293232,Balanced
1000517,2.9957445540752876,0.05264603203972673,0.47140452079103173,0.9985815180250959,0.9473539679602733,0.23570226039551587,0.7543494757167751,0.24565052428322487,Flexible
1000518,4.978098268882115,0.22371933749110595,1.0698222427917272,1.0,0.776280662508894,0.5349111213958636,0.7933575351714273,0.20664246482857274,Flexible
1000519,3.6160961956735767,0.11879023222737173,0.788982303218674,1.0,0.8812097677726283,0.394491151609337,0.7827102758145896,0.21728972418541037,Flexible
1000520,4.174019531812534,0.09803396893228467,0.7221516063181761,1.0,0.9019660310677153,0.36107580315908805,0.7789125502680411,0.22108744973195893,Flexible
1000521,5.65604716654931,0.15696206688852643,1.124118472655537,1.0,0.8430379331114736,0.5620592363277686,0.8215291508317726,0.17847084916822742,Flexible
1000522,0.0,0.07145480685373784,0.0,0.0,0.9285451931462622,0.0,0.27856355794387866,0.7214364420561213,Constrained
1000523,7.6908616187907315,0.7922004013000035,1.3997828117366349,1.0,0.20779959869999653,0.6998914058683174,0.6723073013704942,0.3276926986295058,Balanced
1000524,7.135226684762581,0.3019835288097573,0.8049473362638324,1.0,0.6980164711902427,0.4024736681319162,0.7301470417966477,0.2698529582033523,Flexible
1000525,0.662353774085915,0.09611821207994176,0.0,0.22078459136197168,0.9038817879200582,0.0,0.35947837292080614,0.6405216270791938,Balanced
1000526,2.8147363273756056,0.28751478435087563,1.0201067622998774,0.9382454424585353,0.7124852156491244,0.5100533811499387,0.742059756023133,0.257940243976867,Flexible
1000527,0.9755870043738861,0.2520680003326722,1.0339294892394173,0.3251956681246287,0.7479319996673278,0.5169647446197086,0.5095472905359624,0.49045270946403763,Balanced
1000528,7.293275875240109,0.2508857350122389,1.0920167258900453,1.0,0.7491142649877611,0.5460083629450226,0.7885367883798351,0.2114632116201649,Flexible
1000529,5.378429038180494,0.10275138029887321,0.0,1.0,0.8972486197011268,0.0,0.6691745859103381,0.33082541408966193,Balanced
1000530,5.400796705200274,0.17726030739461518,0.0,1.0,0.8227396926053848,0.0,0.6468219077816155,0.3531780922183845,Balanced
1000531,1.824583849080327,0.11864654704178423,0.0,0.608194616360109,0.8813534529582158,0.0,0.5076838824315083,0.4923161175684917,Balanced
1000532,0.8187512517929951,0.1956538644059671,0.0,0.2729170839309984,0.8043461355940329,0.0,0.35047067425060924,0.6495293257493908,Balanced
1000533,6.77502646803154,0.19988019808564494,0.7314897736412561,1.0,0.800119801914355,0.36574488682062806,0.749759406620495,0.250240593379505,Flexible
1000534,7.0114654325671815,0.23579549377991882,0.0,1.0,0.7642045062200812,0.0,0.6292613518660244,0.3707386481339756,Balanced
1000535,3.565278806738354,0.06513827727211885,0.0,1.0,0.9348617227278812,0.0,0.6804585168183643,0.31954148318163567,Balanced
1000536,2.945033000213653,0.2668238787441506,0.7522412565814336,0.9816776667378844,0.7331761212558494,0.3761206282907168,0.7254600915591236,0.2745399084408764,Flexible
1000537,4.112899209398475,0.23731307566448856,0.0,1.0,0.7626869243355114,0.0,0.6288060773006534,0.3711939226993466,Balanced
1000538,3.6928731785123956,0.30891136957534593,0.0,1.0,0.6910886304246541,0.0,0.6073265891273962,0.39267341087260377,Balanced
1000539,9.005923743802,0.1752543538714456,1.3413159560652035,1.0,0.8247456461285544,0.6706579780326017,0.8486210872483468,0.15137891275165316,Flexible
1000540,7.061661091316403,0.11660011895516853,0.8663985029920037,1.0,0.8833998810448315,0.43319925149600186,0.79497973976225,0.20502026023775,Flexible
1000541,5.988495557787491,0.17618550738276118,1.14738081475553,1.0,0.8238144926172388,0.573690407377765,0.8192514699985012,0.18074853000149882,Flexible
1000542,4.735999179945626,0.13636370403885734,1.2242445763826793,1.0,0.8636362959611427,0.6121222881913396,0.8427275752457448,0.15727242475425518,Flexible
1000543,7.0328717284787965,0.13485703627040013,1.0606601717798214,1.0,0.8651429637295999,0.5303300858899107,0.8186419148858531,0.18135808511414686,Flexible
1000544,2.9189408459026924,0.39909816580925384,0.0,0.9729802819675641,0.6009018341907462,0.0,0.5694626630442495,0.43053733695575047,Balanced
1000545,10.359107548786225,0.23636187880741322,0.969469648686161,1.0,0.7636381211925868,0.4847348243430805,0.7745118836607001,0.22548811633929988,Flexible
1000546,6.6034136446622895,0.1907632437200758,0.834687277501531,1.0,0.8092367562799242,0.4173436387507655,0.7679741185092069,0.23202588149079306,Flexible
1000547,5.943768763949118,0.2486255270421881,1.086455912724395,1.0,0.7513744729578119,0.5432279563621975,0.7883807287960028,0.21161927120399715,Flexible
1000548,4.205399992951917,0.21622305280383802,1.316681592554261,1.0,0.783776947196162,0.6583407962771305,0.8326353230419877,0.16736467695801227,Flexible
1000549,5.708525411855025,0.22083449307849912,0.7794982592688288,1.0,0.7791655069215009,0.3897491296344144,0.7506743909667746,0.24932560903322543,Flexible
1000550,0.5798507151430029,0.18055162840026828,0.0,0.1932835717143343,0.8194483715997317,0.0,0.32314794016565324,0.6768520598343468,Balanced
1000551,3.4905802133788115,0.3104403279281841,0.0,1.0,0.6895596720718159,0.0,0.6068679016215448,0.3931320983784552,Balanced
1000552,8.363469482462046,0.23179791383684123,0.5639235187433554,1.0,0.7682020861631588,0.2819617593716777,0.7150491536604509,0.28495084633954915,Flexible
1000553,2.3524688271230723,0.09979733493560272,1.3054279037290106,0.7841562757076908,0.9002026650643973,0.6527139518645053,0.7795374953617471,0.2204625046382529,Flexible
1000554,5.39646252143569,0.5805458055626489,1.431068504199541,1.0,0.4194541944373511,0.7155342520997705,0.7404965339611365,0.25950346603886354,Flexible
1000555,6.243056624411658,0.064813821920084,0.0,1.0,0.935186178079916,0.0,0.6805558534239748,0.31944414657602516,Balanced
1000556,3.0390042728534894,0.07125580722781666,0.0,1.0,0.9287441927721833,0.0,0.678623257831655,0.321376742168345,Balanced
1000558,1.703682489721679,1.0000000001442695,0.0,0.5678941632405596,-1.4426948524715044e-10,0.0,0.227157665252943,0.772842334747057,Constrained
1000559,4.0800849148798415,0.07969706498894469,1.0606601717798212,1.0,0.9203029350110553,0.5303300858899106,0.8351899062702898,0.16481009372971023,Flexible
1000560,2.7728274009733456,0.06938054952889094,1.2256517540566823,0.9242758003244486,0.930619450471109,0.6128258770283411,0.8327439183796145,0.16725608162038552,Flexible
1000561,0.6868609781384867,0.15790814039894463,0.0,0.22895365937949555,0.8420918596010554,0.0,0.3442090216321148,0.6557909783678852,Balanced
1000562,0.0,0.2662253461292414,1.0101525445522108,0.0,0.7337746538707586,0.5050762722761054,0.37165527784405916,0.6283447221559408,Balanced
1000563,0.0,0.046036111336834384,0.0,0.0,0.9539638886631656,0.0,0.28618916659894966,0.7138108334010503,Constrained
1000564,0.0,0.18112419537883384,0.16228680223953548,0.0,0.8188758046211662,0.08114340111976774,0.27000576172228014,0.7299942382777198,Constrained
1000565,0.0,0.3922554236024569,0.5818698853360691,0.0,0.6077445763975431,0.29093494266803455,0.26960385571967327,0.7303961442803267,Constrained
1000566,0.0,0.16611626296848436,0.8838834764831844,0.0,0.8338837370315156,0.4419417382415922,0.3827476425819323,0.6172523574180677,Balanced
1000567,0.0,0.4374581900851676,1.0840469719357966,0.0,0.5625418099148324,0.5420234859678983,0.33136958876481915,0.6686304112351809,Balanced
1000569,0.0,0.14096268379622923,1.1785113019775793,0.0,0.8590373162037708,0.5892556509887896,0.4344878901577681,0.5655121098422319,Balanced
1000570,0.0,0.3487450287968009,0.8766846639470774,0.0,0.6512549712031991,0.4383423319735387,0.3268791909530213,0.6731208090469787,Balanced
1000571,0.0,0.20952778730555133,1.311361666927779,0.0,0.7904722126944487,0.6556808334638895,0.43384591384750143,0.5661540861524985,Balanced
1000572,0.0,2.8853908151660335e-10,0.0,0.0,0.9999999997114609,0.0,0.2999999999134383,0.7000000000865617,Constrained
1000573,0.0,0.14859058485033771,0.7050116453778215,0.0,0.8514094151496623,0.35250582268891073,0.3611745713515719,0.6388254286484281,Balanced
1000574,0.0,0.06912047897465845,1.3439555564731798,0.0,0.9308795210253415,0.6719777782365899,0.48085718977857944,0.5191428102214206,Balanced
1000575,0.0,0.24729263199529017,1.2727272727272727,0.0,0.7527073680047098,0.6363636363636364,0.41672130131050383,0.5832786986894962,Balanced
1000576,0.0,0.05286790653013207,1.294271886104828,0.0,0.9471320934698679,0.647135943052414,0.47828041095668455,0.5217195890433155,Balanced
1000577,0.0,0.6087564366592835,1.2478354962115545,0.0,0.3912435633407165,0.6239177481057773,0.30454839343394813,0.6954516065660519,Balanced
1000578,0.0,0.418328134555185,0.0,0.0,0.581671865444815,0.0,0.1745015596334445,0.8254984403665555,Constrained
1000579,0.0,0.3776340273986224,0.0,0.0,0.6223659726013776,0.0,0.18670979178041328,0.8132902082195868,Constrained
1000580,0.0,0.11870910105784638,0.5364258340035878,0.0,0.8812908989421536,0.2682129170017939,0.34485114478318424,0.6551488552168158,Balanced
1000581,0.0,0.4718359671046919,0.0,0.0,0.5281640328953081,0.0,0.15844920986859243,0.8415507901314075,Constrained
1000582,0.0,0.0007504417227358617,0.0,0.0,0.9992495582772641,0.0,0.2997748674831792,0.7002251325168207,Constrained
1000583,0.0,0.2576815964575154,0.9929584586874923,0.0,0.7423184035424846,0.49647922934374616,0.37163928986586925,0.6283607101341308,Balanced
1000584,0.0,0.17763976341387067,1.2047004420215255,0.0,0.8223602365861293,0.6023502210107627,0.4274131372790676,0.5725868627209324,Balanced
1000585,0.0,0.2868738620791409,0.7767276132106846,0.0,0.7131261379208591,0.3883638066053423,0.33044698335786044,0.6695530166421395,Balanced
1000586,0.0,0.3022785098721268,1.478268506658306,0.0,0.6977214901278732,0.739134253329153,0.43105672303710785,0.5689432769628922,Balanced
1000587,0.0,0.1813602252281009,0.7933393154775898,0.0,0.8186397747718991,0.3966696577387949,0.36459282975320817,0.6354071702467918,Balanced
1000588,0.0,0.551966814985122,0.0,0.0,0.448033185014878,0.0,0.13440995550446339,0.8655900444955367,Constrained
1000589,0.0,0.13790120016161422,0.31747651400212334,0.0,0.8620987998383858,0.15873825700106167,0.3062511170518342,0.6937488829481657,Balanced
1000590,0.0,0.12942373879791902,1.3004614565607087,0.0,0.870576261202081,0.6502307282803543,0.4562420968447306,0.5437579031552694,Balanced
1000591,0.0,0.22515296294655296,0.883649525508811,0.0,0.774847037053447,0.4418247627544055,0.36500153994235573,0.6349984600576443,Balanced
1000592,0.0,0.3581750635487201,0.8544611203725853,0.0,0.6418249364512799,0.42723056018629263,0.3207166489912717,0.6792833510087283,Balanced
1000593,0.0,0.3028767325341548,0.0,0.0,0.6971232674658452,0.0,0.20913698023975355,0.7908630197602464,Constrained
1000595,0.0,0.02904940583387039,1.0126747770541304,0.0,0.9709505941661296,0.5063373885270652,0.4431863948079584,0.5568136051920416,Balanced
1000597,0.0,0.7726180764859854,1.6169243780846538,0.0,0.22738192351401465,0.8084621890423269,0.31075323376690245,0.6892467662330976,Balanced
1000598,0.0,0.5314737921800625,1.2260094508419253,0.0,0.4685262078199375,0.6130047254209626,0.32445927997227003,0.6755407200277299,Balanced
1000599,0.0,0.3124946233063405,1.3621559198564606,0.0,0.6875053766936595,0.6810779599282303,0.41057500098656696,0.589424999013433,Balanced
1000600,0.0,0.6627099336715251,1.0370899457402696,0.0,0.3372900663284749,0.5185449728701348,0.2567505117595829,0.743249488240417,Constrained
1000601,0.0,0.6914967745401486,0.6643614891913189,0.0,0.3085032254598514,0.33218074459565944,0.19220519101665323,0.8077948089833468,Constrained
1000602,0.0,0.6627099336715251,0.848528137423857,0.0,0.3372900663284749,0.4242640687119285,0.228466240512121,0.7715337594878791,Constrained
1000603,0.0,0.45282531429592265,1.0227015045197394,0.0,0.5471746857040773,0.5113507522598697,0.31755763138918414,0.6824423686108159,Balanced
1000604,0.0,0.24316471851955357,1.4022792707074994,0.0,0.7568352814804464,0.7011396353537497,0.4373924750502588,0.5626075249497412,Balanced
1000605,0.0,0.23752121195939202,1.3876555612017694,0.0,0.762478788040608,0.6938277806008847,0.4368919705924478,0.5631080294075522,Balanced
1000606,0.0,0.0042725482036134466,0.7989993742175272,0.0,0.9957274517963866,0.3994996871087636,0.41856814167154505,0.581431858328455,Balanced
1000607,0.0,0.24041413814810209,1.1274332913290908,0.0,0.7595858618518979,0.5637166456645454,0.39699075225493297,0.603009247745067,Balanced
1000608,0.0,0.03183526821258442,1.2213662584131275,0.0,0.9681647317874156,0.6106831292065638,0.4736543582981938,0.5263456417018062,Balanced
1000609,0.0,0.26207009727533714,1.4648799934128718,0.0,0.7379299027246629,0.7324399967064359,0.4411109698293296,0.5588890301706704,Balanced
1000610,0.0,0.31012155892158344,1.4538241981357303,0.0,0.6898784410784166,0.7269120990678651,0.42503716204388453,0.5749628379561155,Balanced
1000611,0.0,0.2383511776513274,1.4172199535337535,0.0,0.7616488223486726,0.7086099767668768,0.4410776397346648,0.5589223602653353,Balanced
1000612,0.0,0.2970657093506106,0.7515045771771847,0.0,0.7029342906493894,0.37575228858859233,0.3236059737713945,0.6763940262286054,Balanced
1000613,0.0,0.22709274517808076,0.7387040543405599,0.0,0.7729072548219192,0.36935202717027993,0.34267778459765974,0.6573222154023403,Balanced
1000614,0.0,0.3148593829206757,0.7728243071520057,0.0,0.6851406170793243,0.38641215357600284,0.3214658311965981,0.6785341688034019,Balanced
1000615,0.0,0.2634067662921785,1.284170935947983,0.0,0.7365932337078215,0.6420854679739915,0.41360361050454386,0.5863963894954561,Balanced
1000616,0.0,0.2682344475748655,1.1861146007000152,0.0,0.7317655524251345,0.5930573003500076,0.3974468558325426,0.6025531441674574,Balanced
1000617,0.0,0.028592455707420528,1.3841239121098377,0.0,0.9714075442925795,0.6920619560549188,0.4990408501042495,0.5009591498957505,Balanced
1000618,0.0,0.140086752211931,1.1511128407898723,0.0,0.859913247788069,0.5755564203949362,0.4306409004549015,0.5693590995450986,Balanced
1000619,0.0,0.283610344094786,1.1200571413994913,0.0,0.716389655905214,0.5600285706997457,0.38292546798148785,0.6170745320185121,Balanced
1000620,0.0,0.25434267177033976,0.4714045207910317,0.0,0.7456573282296602,0.23570226039551584,0.29440787658755285,0.7055921234124471,Constrained
1000621,0.0,0.733235012485513,0.7953949089757174,0.0,0.26676498751448696,0.3976974544878587,0.1993387326007037,0.8006612673992963,Constrained
1000622,0.0,0.10780435610127248,1.1534317507606802,0.0,0.8921956438987275,0.5767158753803401,0.4406734557837203,0.5593265442162797,Balanced
1000623,0.0,0.31030743047871945,1.5386592604409695,0.0,0.6896925695212806,0.7693296302204847,0.43770665992252955,0.5622933400774704,Balanced
1000624,0.0,0.2563493766372159,0.9160785992479029,0.0,0.7436506233627841,0.45803929962395146,0.3605069768960206,0.6394930231039794,Balanced
1000625,0.0,0.08342303067682089,0.0,0.0,0.9165769693231791,0.0,0.2749730907969537,0.7250269092030464,Constrained
1000626,0.0,0.037038935516153004,0.0,0.0,0.962961064483847,0.0,0.2888883193451541,0.7111116806548459,Constrained
1000627,0.0,0.008923940450316858,0.0,0.0,0.9910760595496831,0.0,0.29732281786490494,0.702677182135095,Constrained
1000628,0.0,0.17207835567131413,0.7036456405748565,0.0,0.8279216443286859,0.35182282028742823,0.3539233393848342,0.6460766606151658,Balanced
1000629,0.0,0.25955962094374574,1.185566503705995,0.0,0.7404403790562543,0.5927832518529975,0.3999670892727755,0.6000329107272244,Balanced
1000630,0.0,0.4083272217062116,1.1966422450849266,0.0,0.5916727782937884,0.5983211225424633,0.3569981702508755,0.6430018297491245,Balanced
1000631,0.0,0.071616788541081,0.0,0.0,0.928383211458919,0.0,0.2785149634376757,0.7214850365623243,Constrained
1000632,0.0,0.13008447049944583,0.0,0.0,0.8699155295005542,0.0,0.26097465885016624,0.7390253411498338,Constrained
1000633,0.0,0.22614145226919025,1.2248127224135734,0.0,0.7738585477308098,0.6124063612067867,0.4158794726812789,0.5841205273187211,Balanced
1000634,0.0,0.39647387029380277,0.9756488724222266,0.0,0.6035261297061972,0.4878244362111133,0.3274051697751932,0.6725948302248068,Balanced
1000635,0.0,0.2765168928251197,1.266264804773278,0.0,0.7234831071748803,0.633132402386639,0.4069846528684558,0.5930153471315442,Balanced
1000636,0.0,0.28071118576598475,0.0,0.0,0.7192888142340153,0.0,0.21578664427020458,0.7842133557297954,Constrained
1000637,0.0,0.2781341886668427,1.1272577607502188,0.0,0.7218658113331573,0.5636288803751094,0.38564840751248,0.61435159248752,Balanced
1000638,0.0,0.0014394856120475419,0.9428090415820634,0.0,0.9985605143879525,0.4714045207910317,0.44098951055369523,0.5590104894463048,Balanced
1000639,0.0,1.0000000001442695,0.0,0.0,-1.4426948524715044e-10,0.0,-4.3280845574145134e-11,1.000000000043281,
1000640,0.0,1.0000000001442695,0.0,0.0,-1.4426948524715044e-10,0.0,-4.3280845574145134e-11,1.000000000043281,
1000641,0.0,0.34997757864018486,0.0,0.0,0.6500224213598151,0.0,0.19500672640794453,0.8049932735920555,Constrained
1000642,0.0,0.14500877969297832,0.7614996105085896,0.0,0.8549912203070217,0.3807498052542948,0.3707223076683949,0.629277692331605,Balanced
1000643,0.0,0.014771864254287559,0.0,0.0,0.9852281357457124,0.0,0.29556844072371374,0.7044315592762862,Constrained
1000644,0.0,0.27807190540117666,0.7071067811865476,0.0,0.7219280945988233,0.3535533905932738,0.3226444455576291,0.6773555544423708,Balanced
1000645,0.0,0.039774761887950594,0.385694607919935,0.0,0.9602252381120494,0.1928473039599675,0.34592176262160507,0.6540782373783949,Balanced
1000646,0.0,0.5628452229682559,0.57282196186948,0.0,0.4371547770317441,0.28641098093474,0.21706972738994523,0.7829302726100548,Constrained
1000647,0.0,0.27702490561479065,0.9146695601078958,0.0,0.7229750943852093,0.4573347800539479,0.35409296233174714,0.6459070376682529,Balanced
1000648,0.0,0.16339183799129664,1.401118992351122,0.0,0.8366081620087034,0.700559496175561,0.46115029745527925,0.5388497025447208,Balanced
1000649,0.0,0.10393878372721133,0.0,0.0,0.8960612162727887,0.0,0.2688183648818366,0.7311816351181635,Constrained
1000650,0.0,0.2429659721738131,1.1999387801953534,0.0,0.7570340278261869,0.5999693900976767,0.4071010253771591,0.5928989746228409,Balanced
1000651,0.0,0.21029199639635898,0.0,0.0,0.789708003603641,0.0,0.2369124010810923,0.7630875989189077,Constrained
1000652,0.0,0.08719740078006732,0.0,0.0,0.9128025992199327,0.0,0.2738407797659798,0.7261592202340201,Constrained
1000653,0.0,0.07881450369998477,0.0,0.0,0.9211854963000152,0.0,0.2763556488900046,0.7236443511099955,Constrained
1000654,0.0,0.16588669096434105,1.3149705053644567,0.0,0.834113309035659,0.6574852526822283,0.4474795685153662,0.5525204314846338,Balanced
1000655,0.0,0.15735762131070663,0.0,0.0,0.8426423786892934,0.0,0.252792713606788,0.747207286393212,Constrained
1000656,0.0,0.24130338420696074,0.0,0.0,0.7586966157930393,0.0,0.22760898473791177,0.7723910152620882,Constrained
1000657,0.0,0.054469444252212784,0.0,0.0,0.9455305557477872,0.0,0.28365916672433616,0.7163408332756638,Constrained
1000658,0.0,0.3051233044200392,0.8999170953741865,0.0,0.6948766955799608,0.44995854768709326,0.34345057298011616,0.6565494270198838,Balanced
1000659,0.0,0.1554905674509237,1.2626906806902636,0.0,0.8445094325490763,0.6313453403451318,0.4427564318682624,0.5572435681317376,Balanced
1000660,0.0,0.039035952844857835,0.0,0.0,0.9609640471551422,0.0,0.2882892141465426,0.7117107858534574,Constrained
1000661,0.0,0.22560252994083974,0.0,0.0,0.7743974700591603,0.0,0.23231924101774806,0.767680758982252,Constrained
