khipu_id,wm_load,normalized_traversal,visual_load,wm_normalized,traversal_normalized,visual_normalized,cognitive_complexity,is_specialist
1000000,5.874850142962362,1.3888888888888888,3.0053148568942794,0.017608045074003913,0.18148148148148147,0.7076808221608315,0.27379190912229545,False
1000001,2.82229130258318,1.0,0.0,0.00624928066939668,0.0,0.0,0.0024997122677586723,False
1000002,8.189911172856975,1.2666666666666666,3.5604227026072035,0.026222533506794887,0.12444444444444443,0.838395637528967,0.2993410379947414,False
1000003,9.437865855094266,1.236842105263158,2.6461277632419327,0.030866251765604615,0.11052631578947372,0.62310072661366,0.23243461342718197,False
1000004,30.25089053402724,1.1079545454545454,2.704855344232593,0.10831283223705897,0.05037878787878786,0.636929687896584,0.24951767562743515,False
1000005,11.988421035665398,1.2419354838709677,0.38639695711595623,0.04035702881921228,0.11290322580645162,0.09098737713453586,0.07730999240998115,False
1000006,15.980437207525284,1.525,2.326302159137403,0.055211573339607474,0.24499999999999997,0.5477893342177649,0.2599214296011724,False
1000007,53.26354058729928,1.620991253644315,3.3813484911933056,0.1939443577700178,0.28979591836734697,0.7962278810057283,0.4033848829199297,True
1000008,14.443870421542671,1.8983050847457628,1.2141021174126991,0.04949391119889899,0.41920903954802263,0.2858924357515496,0.2313280070694313,False
1000009,21.825881138475914,1.9841269841269842,2.8882270675733923,0.07696283971118761,0.4592592592592593,0.6801094071985974,0.37259573582183203,True
1000010,21.132078592278482,1.625,3.217510516490173,0.07438115657986612,0.2916666666666667,0.7576478991535449,0.3445468323780099,False
1000011,8.861730443004584,1.5681818181818181,2.0276551414075694,0.028722415478319455,0.26515151515151514,0.47746499979467,0.23427392067518332,False
1000012,21.140853748586604,1.5,3.395852077292739,0.07441380949118728,0.23333333333333334,0.7996431337242851,0.3396584639137604,False
1000013,9.239910596101161,1.0,1.5043814577244938,0.030129647733665176,0.0,0.35424637934481523,0.11832577289691064,False
1000014,10.53364179915787,1.0,2.2358425471993075,0.03494370332008749,0.0,0.5264882274795324,0.17192394957189472,False
1000015,11.660069603876192,1.125,2.061927321278829,0.03913521238564411,0.058333333333333334,0.48553529045752625,0.17881467209151553,False
1000017,9.314785593266983,1.2820512820512822,2.7163388252890646,0.030408262331147122,0.13162393162393168,0.6396337770527233,0.24354061753545533,False
1000018,66.97057234047142,1.5316742081447965,1.6446646492609642,0.24494908937788182,0.2481146304675717,0.3872797648798228,0.28859795435537106,False
1000019,30.4809312359375,1.1280487804878048,2.085581782461241,0.10916882823029085,0.05975609756097556,0.49110535859828663,0.208925968139895,False
1000020,118.68969187544052,1.811443433029909,3.147471392398473,0.4373992024569338,0.37867360208062417,0.7411553360509022,0.5109083624222315,True
1000021,21.289226238262014,1.2295081967213115,2.788306774642411,0.07496591290424996,0.10710382513661204,0.6565805330476133,0.2590916726169676,False
1000022,28.61459023347981,1.2345679012345678,2.586390161146161,0.10222405538426045,0.10946502057613165,0.6090339291637782,0.25643930707567714,False
1000023,88.61464993010838,1.4073426573426573,3.132383574538516,0.3254880702629109,0.19009324009324008,0.7376025105214062,0.40850395328955824,True
1000024,89.6769718843443,1.181500872600349,2.032245595786072,0.3294410374065381,0.08470040721349624,0.4785459436169847,0.3007503202117595,False
1000025,132.90220622612196,1.4233409610983982,2.2612504219940766,0.4902848667628958,0.1975591151792525,0.5324711832030811,0.41512303621985835,True
1000026,5.741353572870883,1.5555555555555556,1.5705188080079617,0.017111295898055552,0.2592592592592593,0.36982016666921935,0.1955683461377658,False
1000027,5.933254844513377,1.5,2.2394910703001343,0.017825372660376322,0.23333333333333334,0.5273473686845688,0.23533435966952115,False
1000028,7.0,1.8095238095238095,1.7376219007856917,0.021794798815458573,0.37777777777777777,0.4091690068785171,0.24480195492307188,False
1000029,43.8242118987005,1.256916996047431,2.7591067847380497,0.15882001903716467,0.11989459815546775,0.6497046235850151,0.2944077741370107,False
1000030,6.425702348074801,1.4642857142857142,1.4865644152517086,0.019657800949914674,0.21666666666666662,0.35005088573898213,0.17787838610166049,False
1000031,5.906890595608519,1.0,1.2529815751302695,0.017727269623654018,0.0,0.29504763176690857,0.09560519737953417,False
1000032,23.117238217956043,1.6783216783216783,2.595856984375734,0.08176806103370744,0.31655011655011656,0.6112631429285146,0.3110512022570723,False
1000033,12.553340178663305,1.2941176470588236,1.115790511914613,0.0424591286601997,0.13725490196078435,0.2627423695788709,0.13698283292597646,False
1000034,16.948036273782154,1.37,2.847634026084348,0.058812070629404016,0.17266666666666672,0.6705507025893032,0.27649003902855257,False
1000035,7.0995896275769645,1.5555555555555556,1.7883898016106665,0.02216537811497137,0.2592592592592593,0.42112365106921784,0.2129810243445317,False
1000036,6.298482779488924,1.0,1.3396642639295124,0.019184408893352954,0.0,0.3154593621171697,0.1023115721924921,False
1000037,9.93048930808498,1.4864864864864864,1.30592056507376,0.03269933477409154,0.22702702702702698,0.30751351627868606,0.17344189690135053,False
1000038,2.944360712843402,2.2,1.1666666666666667,0.00670350866127479,0.56,0.27472250501816464,0.25309815496995935,False
1000039,14.68973620566925,1.0,3.107354098152846,0.05040879332339914,0.0,0.7317086587054369,0.23967611494099073,False
1000040,19.09689359215252,1.2277227722772277,2.3093944627313334,0.06680810454547853,0.10627062706270626,0.543807970179969,0.22174682099099396,False
1000041,10.95853446545053,1.0,1.8569875131299827,0.036524755789845695,0.0,0.4372767954810178,0.14579294096024362,False
1000042,15.666064957723398,1.1232876712328768,2.063605576033084,0.054041774325871705,0.05753424657534249,0.4859304799005098,0.18465612767310435,False
1000043,5.5679580025328175,1.7619047619047619,2.8718600171336908,0.016466080020078263,0.35555555555555557,0.6762553525444086,0.3161297044380206,False
1000044,6.617646144487773,1.5,2.6118097714235167,0.020372035949594493,0.23333333333333334,0.6150196483169045,0.26265470887490916,False
1000045,48.90244513377844,1.1656050955414012,0.6525042307906785,0.17771644591217672,0.07728237791932058,0.15364936870094215,0.14036610235094948,False
1000046,8.525028593984759,1.2,0.7977046465284856,0.027469526614386286,0.09333333333333331,0.18784064465051584,0.09534000404090925,False
1000047,12.60447561670912,1.4225352112676057,2.7114600024783955,0.04264940685756171,0.19718309859154934,0.6384849292606489,0.26776017109868416,False
1000048,6.121602133046109,1.0,0.31221953325757146,0.018526224826889887,0.0,0.07352034196467618,0.029466592520158805,False
1000049,5.388869037640092,1.5454545454545454,1.6203255425432153,0.015799678661069974,0.2545454545454545,0.381548478850619,0.19714805148325004,False
1000050,14.358141904060439,1.1296296296296295,2.861392546166474,0.04917490996624266,0.060493827160493785,0.6737905098198498,0.23995526508060014,False
1000051,9.049747738465662,1.0,2.3691609178712887,0.029422039719753743,0.0,0.5578815618417725,0.17913328444043325,False
1000052,12.57449998250707,1.3571428571428572,2.270286974673888,0.04253786562786424,0.1666666666666667,0.5345990783935894,0.22739486976922255,False
1000053,49.16992500144231,1.0,1.4131469511678416,0.1787117554077971,0.0,0.33276280318595264,0.17131354311890462,False
1000054,5.9317650530879895,1.0,0.0,0.017819829052309173,0.0,0.0,0.00712793162092367,False
1000055,4.627572381653847,1.5454545454545454,2.2833445441575106,0.012966845680759948,0.2545454545454545,0.5376738282775805,0.2428525231192145,False
1000056,10.584058278084816,1.0,1.2849963718581836,0.03513130622512106,0.0,0.30258636189954274,0.10482843105991126,False
1000057,28.526681559682014,1.0,1.1809914993998765,0.10189694165214101,0.0,0.27809566553167914,0.12418747632036015,False
1000058,10.358490494351617,1.3773584905660377,1.520715654644898,0.0342919542431699,0.17610062893081757,0.3580926977694725,0.17397477970735498,False
1000059,6.616203715833246,1.2666666666666666,1.8522170014624826,0.020366668581391623,0.12444444444444443,0.4361534524105772,0.17632603648906314,False
1000060,7.335666926141741,1.7037037037037037,2.349756925159983,0.023043836665942435,0.32839506172839505,0.5533123788546261,0.27372976684128336,False
1000061,5.610896782498619,3.0,2.7806390622295662,0.016625857934594146,0.9333333333333333,0.6547749674803428,0.48308283341794045,True
1000062,5.735408032282272,3.142857142857143,2.0306390622295662,0.017089172165693462,1.0,0.4781676428258084,0.4502859617140199,True
1000063,57.995627449634476,1.0560224089635855,2.610266385910013,0.2115527521113127,0.026143790849673214,0.6146562174016372,0.2768611033199182,False
1000064,7.174098357969233,1.0,2.6823213224108615,0.02244262981063632,0.0,0.6316234568197268,0.19846408897017254,False
1000065,19.399269167951477,1.0,1.7348628773981283,0.06793326317691091,0.0,0.4085193218930013,0.14972910183866472,False
1000066,3.1,1.0,0.0,0.007282652287116644,0.0,0.0,0.002913060914846658,False
1000067,7.195435298143548,1.6923076923076923,1.8584825995472984,0.022522025913784046,0.3230769230769231,0.43762885309740374,0.23722054321781166,False
1000068,3.361804643866761,1.0,0.0,0.008256843916243518,0.0,0.0,0.0033027375664974076,False
1000069,4.557142857142857,1.5,2.0930692077718898,0.012704772968035604,0.23333333333333334,0.49286847080183904,0.22294245042776595,False
1000070,5.116213414101466,1.3636363636363635,1.6140054628542204,0.014785109850667673,0.16969696969696965,0.3800602490299832,0.1708412095583529,False
1000071,12.589009028984112,1.2545454545454546,3.1960725415266102,0.042591854706956894,0.11878787878787883,0.7525997612811106,0.2784530339034796,False
1000072,4.889009028984114,1.0,2.1734761377056597,0.013939667971512587,0.0,0.5118024078408894,0.15911658954087185,False
1000073,4.856391072149727,1.0,1.7720552088742005,0.01381829449227265,0.0,0.4172772394392063,0.13071048962867096,False
1000074,8.479427665951244,1.65,0.6441925296631353,0.027299842678629685,0.3033333333333333,0.15169215896832416,0.14742758476194912,False
1000075,4.327572381653847,1.5454545454545454,2.157742726504889,0.011850526717041338,0.2545454545454545,0.5080975602944122,0.23353311513877656,False
1000076,11.214104962318586,1.1666666666666667,2.50461537989374,0.037475749763915024,0.07777777777777782,0.5897778953755117,0.2152570018515529,False
1000077,52.29030822280128,1.01067615658363,1.9917256577351043,0.19032289862137172,0.0049822064056939865,0.46900445314451955,0.21832515731361274,False
1000078,6.20457752298888,1.3333333333333333,0.0,0.018834981497940093,0.15555555555555553,0.0,0.05420065926584269,False
1000079,16.784347470033023,1.297872340425532,2.7049158182501385,0.05820297424349212,0.13900709219858157,0.6369439281025171,0.25606649578772644,False
1000080,8.759793085999984,1.0,1.418913956200063,0.028343100129200827,0.0,0.33412079695929914,0.11157347913947008,False
1000081,8.334800133499854,1.25,1.87235779450719,0.026761674488125303,0.11666666666666667,0.44089613451197246,0.17797351014884186,False
1000082,5.1731771269646245,1.0,0.381580488309163,0.014997075427044227,0.0,0.0898532122408695,0.03295479384307854,False
1000083,27.961493021866094,1.4585987261146496,2.6440964290722206,0.09979383937600665,0.21401273885350314,0.6226223952894038,0.29090807599327473,False
1000084,3.3644977792004616,1.0,0.8773870642966131,0.008266865243059755,0.0,0.20660397614922774,0.06528793894199222,False
1000085,47.240010014897706,1.0761245674740485,2.9130350252133352,0.1715304197483155,0.03552479815455597,0.6859510965705085,0.28505493631684553,False
1000086,5.21031216714231,1.0,2.7329145639793984,0.015135257258940231,0.0,0.6435369728717533,0.19911519476510206,False
1000087,6.838735822737635,1.5,2.4919295696047743,0.021194724617970378,0.23333333333333334,0.5867906860205662,0.254515095653358,False
1000088,35.471852701258065,1.0,0.0,0.12774036249084955,0.0,0.0,0.051096144996339826,False
1000089,42.13277913745146,1.4982578397212543,1.8958630604302515,0.15252609081304055,0.232520325203252,0.4464310706852595,0.2646958550917697,False
1000090,7.012782144299455,1.6666666666666667,2.140319531114783,0.021842361982386798,0.31111111111111117,0.5039948083947058,0.2532687206446998,False
1000091,14.234376006373664,1.0816326530612246,3.2240327647044724,0.04871436923741131,0.03809523809523814,0.7591837348973586,0.2586694395927435,False
1000092,4.764497779200461,1.0,1.6428571428571428,0.013476353740413264,0.0,0.3868541397194563,0.12144678341200218,False
1000093,9.62244916483104,1.1304347826086956,1.284962500721156,0.03155309792908831,0.060869565217391265,0.30257838604501813,0.12165562455035814,False
1000094,45.19639344419043,1.3894736842105264,2.1439791272086572,0.16392599330681507,0.18175438596491234,0.5048565570286462,0.27155368022079357,False
1000096,269.88325280957537,1.1108683779355544,0.9020871762384013,1.0,0.051738576369925376,0.21242027040083672,0.47924765403122865,True
1000097,17.604962542740893,1.5747126436781609,1.9323374073039499,0.06125653480208252,0.2681992337164751,0.45501991977844,0.24146835996930752,False
1000098,10.53784936712534,1.4081632653061225,2.657909871688413,0.034959359946464895,0.1904761904761905,0.6258751354823566,0.2588891417661501,False
1000099,10.226800011278094,1.0,2.3096407092976157,0.033801925631182436,0.0,0.5438659554430042,0.17668055688537423,False
1000100,7.129661812952382,1.0,2.2529381278020533,0.022277278617688166,0.0,0.5305138338177549,0.1680650615924017,False
1000101,8.773761147624898,1.4285714285714286,1.6519751864711205,0.028395076169461762,0.2,0.3890012241044536,0.18805839769912078,False
1000103,80.12145196839423,1.2365988909426988,1.6362561037320351,0.293884343771985,0.11041281577325945,0.38529975057302274,0.2662675074126787,False
1000105,5.414725432426806,1.0,0.9270745023710715,0.01589589194051599,0.0,0.218304196825585,0.0718496158238819,False
1000106,6.519356084872157,1.0,2.626297625725199,0.020006292424614668,0.0,0.6184311965678442,0.1935318759401991,False
1000107,5.191879642424449,1.0,1.9375,0.015066668669301031,0.0,0.45623558869088054,0.14289734407498456,False
1000108,7.129661812952382,1.0,1.9559506137635259,0.022277278617688166,0.0,0.4605802734042278,0.14708499346834358,False
1000109,6.00842971812696,2.8,2.2667574842042293,0.0181051031170763,0.84,0.533767966567936,0.41937243121721135,True
1000110,6.3839428684209505,1.0,2.128839402551666,0.01950241128640596,0.0,0.5012915086717429,0.15818841711608525,False
1000111,6.1968192574944085,1.5454545454545454,2.2841591278514217,0.018806112501616616,0.2545454545454545,0.5378656435400989,0.24524577442631268,False
1000112,2.593356666315934,1.0,2.75,0.005397400416339517,0.0,0.6475601903999595,0.19642701728652365,False
1000113,10.169925001442312,1.0,3.2873578494360283,0.033590290124377885,0.0,0.7740952999613077,0.24566470603814344,False
1000114,7.524511249783653,1.2142857142857142,1.8214285714285714,0.023746538331516034,0.09999999999999996,0.4289035027324407,0.1681696661523386,False
1000115,35.5260972879404,1.063157894736842,0.26625463549365747,0.1279422100268248,0.029473684210526305,0.06269669180187078,0.07882799681444905,False
1000116,5.9317650530879895,1.0,0.0,0.017819829052309173,0.0,0.0,0.00712793162092367,False
1000117,5.1689423566464665,1.4444444444444444,1.1073467522300537,0.014981317579000385,0.2074074074074074,0.2607540631683165,0.14644096820431732,False
1000118,9.239910596101161,1.0,2.440255684841806,0.030129647733665176,0.0,0.5746227039639067,0.18443867028263808,False
1000119,13.177354193825671,1.0,1.4186761241221868,0.04478112425603951,0.0,0.33406479310997816,0.11813188763540924,False
1000120,22.765535477916607,1.0444444444444445,2.283496231072354,0.08045935290604805,0.02074074074074077,0.5377095469712013,0.19971882747600184,False
1000121,24.152782893234416,1.1219512195121952,1.9654039444582578,0.0856213882296777,0.05691056910569111,0.4628063099949894,0.19016361902207524,False
1000122,6.819356084872156,1.0,0.3501038278666581,0.02112261138833328,0.0,0.08244120052112283,0.033181404711670165,False
1000123,7.2494602799216175,1.0,2.0056224176551316,0.02272305628602875,0.0,0.4722768125989761,0.1507722662941043,False
1000124,22.820178962415188,1.0,2.7837051942790785,0.08066268476601281,0.0,0.6554969693180787,0.2289141647018287,False
1000125,10.794247356834882,1.5121951219512195,2.7453890811257926,0.0359134330737052,0.23902439024390246,0.6464744276711957,0.2800150186040115,False
1000126,10.785990305196691,1.8936170212765957,1.4012015745511375,0.03588270806261148,0.41702127659574467,0.32994994851093007,0.238444450757047,False
1000127,20.66901686787628,1.3728813559322033,3.2336945670171655,0.07265807463212472,0.17401129943502822,0.7614588616410729,0.30970427817568025,False
1000128,8.378018057968228,1.525,1.6110657163836224,0.02692249111698065,0.24499999999999997,0.3793680080175366,0.19807939885205322,False
1000129,2.4285714285714284,1.0,2.0,0.004784224130222612,0.0,0.4709528657454251,0.14319954937571658,False
1000130,4.38659372199647,1.5555555555555556,2.4609640474436816,0.012070148855336539,0.2592592592592593,0.5794990353200311,0.25645554791592173,False
1000131,14.103869552697637,1.0,1.421351962363829,0.04822874647365727,0.0,0.33469488995406443,0.11969996557568224,False
1000132,6.48828295350168,1.5294117647058822,0.0,0.019890667338578062,0.24705882352941172,0.0,0.08207391399425473,False
1000133,5.7815265992809675,1.0,1.1032640417670363,0.017260782268760703,0.0,0.25979268107203307,0.0848421172291142,False
1000134,4.3127821442994545,1.0,0.0,0.011795491308919312,0.0,0.0,0.004718196523567725,False
1000135,5.8976883767482775,1.0,1.8708991422258239,0.017693027585580768,0.0,0.4405526562759547,0.1392430079170187,False
1000136,2.9992482150068707,1.0,1.4182958340544896,0.0069077485263955435,0.0,0.3339752437613799,0.10295567253897218,False
1000137,11.573104847398001,1.1111111111111112,1.3702139303287137,0.038811611029538194,0.05185185185185188,0.322653088586305,0.12787612654326233,False
1000138,7.488046861910614,1.393939393939394,2.0642323350720386,0.023610852039239155,0.18383838383838388,0.4860780668832736,0.2104192760321929,False
1000139,8.1,1.1904761904761905,2.526280481683624,0.025887968349093474,0.08888888888888889,0.5948795162628178,0.2154857088851494,False
1000140,56.848285812109566,1.5165745856353592,3.4887881098234166,0.2072834213518693,0.24106813996316762,0.8215273791499514,0.4016920242746834,True
1000141,3.6566648801689547,1.0,0.9219280948873623,0.009354037494345817,0.0,0.21709233914921172,0.06886931674250184,False
1000142,6.819356084872156,1.0,2.303233355956053,0.02112261138833328,0.0,0.542357174733978,0.17115619697552673,False
1000143,9.239910596101161,1.0,2.017451148538238,0.030129647733665176,0.0,0.47506219995274124,0.15457051907928843,False
1000144,24.46982388268904,1.24,3.776463285009659,0.08680111779235873,0.112,0.8892681032288405,0.33510087808559563,False
1000145,10.229450864853613,1.125,2.8577968115985963,0.03381178962490375,0.058333333333333334,0.6729437990702488,0.23290785557103613,False
1000146,13.792309121875311,1.7457627118644068,1.9346199039441438,0.04706941041608626,0.3480225988700565,0.4555573939453168,0.2599017620110465,False
1000147,54.51742548468202,1.4644970414201184,3.0666334163232074,0.19861014273424685,0.21676528599605524,0.722119897804049,0.36110961223372995,True
1000148,49.682447924024906,1.3795379537953796,2.481584072145162,0.18061888560052858,0.17711771177117713,0.584354565182483,0.3006892373263095,False
1000149,5.542857142857143,1.0,0.9362781244591328,0.01637267813453961,0.0,0.2204714329243902,0.0726905011311329,False
1000150,11.289135857248077,1.1,2.927348119361479,0.037754944466830254,0.04666666666666671,0.6893214929238847,0.23589842566389752,False
1000151,10.913781191217037,1.1071428571428572,2.465401201500124,0.0363582260274612,0.05000000000000003,0.5805438805293488,0.20370645456978914,False
1000152,8.918947501009619,1.2857142857142858,2.1725950987468883,0.02893532376798348,0.1333333333333334,0.511594943929656,0.2050526126860902,False
1000154,2.9992482150068707,1.0,3.0849625007211565,0.0069077485263955435,0.0,0.7264359652159008,0.22069388897532846,False
1000155,1.1428571428571428,1.0,0.0,0.0,0.0,0.0,0.0,False
1000156,3.3188632372745945,1.7142857142857142,1.375,0.008097056227884897,0.3333333333333333,0.32378009519997974,0.20037285105114788,False
1000157,4.007642380601649,1.0,1.1812908992306927,0.010660046959584392,0.0,0.27816616713584247,0.08771386892458649,False
1000158,10.541032115995629,1.4333333333333333,3.537546408422565,0.03497120315620043,0.20222222222222225,0.8330088093770215,0.32455779074225327,False
1000159,12.079944986520536,1.59375,3.177298637050249,0.04069759522579241,0.27708333333333335,0.748178949223924,0.32385772285749415,False
1000161,4.8147254324268065,1.0,2.064696448411061,0.013663254013078769,0.0,0.4861873546367952,0.15132150799627006,False
1000162,7.818068064727435,1.4,1.0574721487436485,0.024838881796351298,0.18666666666666662,0.24900976944839684,0.14063848355305958,False
1000163,5.7396353807068685,1.0,0.0,0.01710490239640221,0.0,0.0,0.0068419609585608845,False
1000164,21.53820086748559,1.2790697674418605,2.652738772221702,0.07589236323787359,0.1302325581395349,0.6246574634259056,0.25682395176478157,False
1000165,11.117876912317687,1.453125,1.3958564611894366,0.037117679107056135,0.21145833333333333,0.32869130028321647,0.17689196172778737,False
1000166,10.971574714599756,1.0,1.6610798061494736,0.03657327938123535,0.0,0.3911451474689749,0.1319728559931866,False
1000167,6.959640921297382,1.4583333333333333,0.9826831892554925,0.021644620132412088,0.21388888888888885,0.23139873204986405,0.1422441343345907,False
1000168,1.8285714285714283,1.0,0.0,0.002551586202785393,0.0,0.0,0.0010206344811141573,False
1000169,5.952881851455409,1.0,0.36710451855702997,0.017898405993877747,0.0,0.08644446252126392,0.03309270115393027,False
1000170,9.401125545099058,1.6326530612244898,2.1004879670510173,0.030729538749669445,0.29523809523809524,0.4946154137732293,0.24924786820326514,False
1000171,5.105027657265953,1.0,0.9585382325345574,0.014743486942404247,0.0,0.22571316376935224,0.07361134390776737,False
1000172,7.3901195251673855,1.0,1.7149272420953743,0.023246458228996077,0.0,0.4038249496048575,0.13044606817305568,False
1000173,3.4705756676821733,1.0,0.9864267287308425,0.008661587771537629,0.0,0.23228024737183767,0.07314870932016636,False
1000176,9.439595393400602,1.0,1.4572659136233872,0.03087268748697075,0.0,0.34315177908702965,0.1152946087208972,False
1000177,5.9677881213844195,1.9130434782608696,1.1034593767018193,0.017953873166544624,0.42608695652173917,0.2598386778456912,0.21295923957684698,False
1000178,6.351544323125232,1.5625,1.842515059961805,0.019381854251370935,0.2625,0.4338688738340579,0.21666340385076577,False
1000179,8.544360712843403,1.2692307692307692,2.3390287099699356,0.027541462650688842,0.1256410256410256,0.550786137010583,0.2139447338557581,False
1000180,19.38230477316637,1.2285714285714286,1.7362139576916664,0.0678701375915555,0.1066666666666667,0.40883746946104826,0.18179929587493668,False
1000182,2.4285714285714284,1.0,1.75,0.004784224130222612,0.0,0.41208375752724696,0.1255388169102631,False
1000183,95.07818613008615,1.0628183361629882,2.367531443007794,0.3495392970386339,0.029315223542727805,0.5574978589134612,0.3158596435523102,False
1000184,17.737058070930924,1.0222222222222221,1.821386348741302,0.061748070612552386,0.010370370370370334,0.4288935602846562,0.1564784074415289,False
1000185,13.98438298618292,1.5733333333333333,1.3057529749524086,0.047784129406623924,0.26755555555555555,0.30747405275472556,0.1916225342557339,False
1000186,4.718147003960597,1.0,1.922023142851573,0.0133038795758022,0.0,0.45259115357748847,0.14109889790356742,False
1000187,6.672308007710756,2.090909090909091,0.7728303202548465,0.02057543619795452,0.509090909090909,0.18198332702948733,0.2155524453153007,False
1000188,8.392858480377528,1.5384615384615385,0.0,0.026977713266864305,0.25128205128205133,0.0,0.08617570069136112,False
1000189,5.560666944422552,1.3,1.5142607568266047,0.016438949531964717,0.14,0.35657272145666286,0.15554739624978475,False
1000190,4.607642380601648,1.0,0.0,0.01289268488702161,0.0,0.0,0.005157073954808644,False
1000191,4.412514296992379,1.0,1.299896391167891,0.01216660095339795,0.0,0.3060949652963272,0.09669512997025734,False
1000192,14.706030662903022,1.1066666666666667,2.7110741163661687,0.05046942602877768,0.04977777777777779,0.6383940621754466,0.22663932239747836,False
1000194,5.31122458241552,1.375,1.974937501201927,0.01551075873508734,0.17500000000000002,0.46505123792957825,0.1982196748729084,False
1000195,2.1285714285714286,1.0,2.75,0.0036679051665040032,0.0,0.6475601903999595,0.19573521918658945,False
1000196,1.395188036219095,1.0,0.0,0.000938939204640018,0.0,0.0,0.0003755756818560072,False
1000197,13.78887250245193,1.3246753246753247,2.3487358564710474,0.047056622537974914,0.15151515151515152,0.5530719412420376,0.23019877684234671,False
1000198,40.41483728791109,1.6961538461538461,2.140188392647984,0.14613352059568144,0.32487179487179485,0.5039639283763316,0.3071041252127105,False
1000199,7.229718087442297,1.3928571428571428,1.560639307445446,0.022649594339861925,0.18333333333333332,0.3674937771181942,0.174307970871403,False
1000200,12.897643526267343,1.1607142857142858,1.7436267198275737,0.043740303180873664,0.07500000000000005,0.41058300024654565,0.16317102134631317,False
1000201,27.629280148125073,1.5314685314685315,2.907383134130901,0.0985576542728448,0.248018648018648,0.6846202094194317,0.3192147189405618,False
1000204,6.373177126964625,1.0,1.8753156176197314,0.01946235128191866,0.0,0.44159263214758215,0.1402627301570421,False
1000205,2.893356666315934,1.0,0.9219280948873623,0.006513719380058125,0.0,0.21709233914921172,0.06773318949678676,False
1000206,5.714285714285714,1.6666666666666667,2.0101221035768777,0.017010574685235955,0.31111111111111117,0.4733363825888764,0.24213847798409063,False
1000207,14.072427618346154,1.0789473684210527,2.5489229114745804,0.04811174904841541,0.036842105263157905,0.6002112748615631,0.21036071365678247,False
1000208,12.210622522421984,1.6888888888888889,1.1677289743188528,0.04118385459732176,0.3214814814814815,0.27497265343471483,0.19540978231378758,False
1000209,12.827020755235974,1.6071428571428572,2.599372068686906,0.04347751138563141,0.2833333333333334,0.6120908624433562,0.28601826328725943,False
1000210,9.904211255552902,1.8571428571428572,2.240223928941852,0.03260155247952103,0.4,0.5275199396233204,0.29129660287880454,False
1000211,11.054671335164686,1.1379310344827587,3.179772678004349,0.03688248715909388,0.06436781609195405,0.7487615275625765,0.25869179795999675,False
1000212,11.54243341871165,1.3584905660377358,2.376989618991705,0.0386974807045818,0.1672955974842767,0.5597250364556348,0.23358518246380613,False
1000213,10.352310508486093,1.0,2.786002615125171,0.034268958125112575,0.0,0.656037957783724,0.21051897058516222,False
1000214,10.901918001547532,1.511111111111111,1.817044764596274,0.03631408234880033,0.23851851851851852,0.4278712195371683,0.21444255435622617,False
1000216,5.601918001547532,1.3,0.5804835169703004,0.016592447323104897,0.14,0.13669018791757304,0.08964403530451387,False
1000217,3.5245112497836533,1.0,1.7987949406953987,0.008862285481934577,0.0,0.423573816104435,0.13061705902410434,False
1000218,2.8237594647905238,1.0,1.311278124459133,0.006254743793776256,0.0,0.3087750952516574,0.09513442609300773,False
1000220,7.58773480300772,1.1875,1.9569169030813027,0.023981797169575037,0.08750000000000001,0.4608078117659009,0.1740850623976003,False
1000221,8.550771055103361,1.0,2.4653964712296674,0.027565315939451236,0.0,0.5805427666621352,0.18518895637442104,False
1000222,8.927040710512646,1.7,3.193840881438274,0.028965439112135404,0.32666666666666666,0.7520742579241249,0.33520845302209157,False
1000223,8.2843963014546,1.3548387096774193,0.9810568828532795,0.02657411864293795,0.16559139784946234,0.2310157752195129,0.12961179937786774,False
1000224,2.8237594647905238,1.0,2.018310781820059,0.006254743793776256,0.0,0.4752646233315231,0.14508128451696742,False
1000225,4.3127821442994545,1.0,0.8166890883150207,0.011795491308919312,0.0,0.1923110332824888,0.06241150650831436,False
1000226,3.0644977792004613,1.0,2.163101350010899,0.007150546279341143,0.0,0.5093593898427153,0.15566803546455105,False
1000227,13.483981857087603,2.3529411764705883,1.1816733558196657,0.045922105173706235,0.6313725490196079,0.2782562266491425,0.2912574747701076,False
1000228,10.677755130595367,1.0,1.304283927788002,0.035479958136115305,0.0,0.30712812676872936,0.10633042128506492,False
1000229,14.275946595282935,1.375,2.2953112738817882,0.04886905602651921,0.17500000000000002,0.5404917111062052,0.23419513574246925,False
1000230,15.433035912526364,1.313953488372093,2.308909633837695,0.05317465851836941,0.1465116279069767,0.5436938044015414,0.22833149309990317,False
1000231,12.361412688335637,1.1111111111111112,1.4171577435452136,0.04174495433649405,0.05185185185185188,0.33370725026796927,0.13236571237054395,False
1000232,8.304634980356894,1.2857142857142858,2.153592361471689,0.026649428046468762,0.1333333333333334,0.5071202471412747,0.20279584536096992,False
1000233,16.33470256212277,1.0689655172413792,0.14089902025338039,0.05652981711802638,0.032183908045976976,0.03317839868452609,0.04222061886636148,False
1000234,12.247269348506066,1.0,1.2452139303287137,0.04132021975371429,0.0,0.2932185344772159,0.10449364824465049,False
1000235,24.248123442919063,1.1975308641975309,3.2858712694699674,0.0859761564417588,0.09218106995884773,0.7737452454137196,0.29416835718847373,False
1000236,18.370695850549772,1.0731707317073171,2.991112794530547,0.06410587684427596,0.034146341463414664,0.704336571175984,0.24718722452953001,False
1000238,56.25384648093994,1.3650306748466257,2.782257289228237,0.20507147502465312,0.17034764826175863,0.6551560218015681,0.32967969102885925,False
1000239,16.003559386083477,1.5245901639344261,2.032791956256218,0.0552976124276308,0.24480874316939888,0.4786745986315573,0.23916404751133918,False
1000240,10.827181036324314,1.1702127659574468,1.835894385585989,0.03603598137690214,0.0794326241134752,0.432309861048829,0.1679371380994521,False
1000241,19.815240899719672,1.1627906976744187,1.447338796187554,0.06948112028538993,0.07596899224806204,0.34081417688453114,0.15282739885393393,False
1000242,2.82229130258318,1.0,0.0,0.00624928066939668,0.0,0.0,0.0024997122677586723,False
1000243,9.62244916483104,1.1304347826086956,2.2865766899407323,0.03155309792908831,0.060869565217391265,0.5384349224371381,0.19241258546799414,False
1000244,7.365864822654537,2.0,0.9270745023710715,0.02315620494774792,0.4666666666666667,0.218304196825585,0.21475374102677466,False
1000245,12.072851748175646,1.0909090909090908,3.640968445150809,0.04067120083753049,0.042424242424242385,0.8573622616662191,0.28620443156215064,False
1000246,9.642194678536192,1.0,0.1898172778987058,0.031626572233746396,0.0,0.04469749549719562,0.026059877542657244,False
1000247,7.472594787982973,1.0,2.2341967604611863,0.023553353895391798,0.0,0.5261006834891704,0.16725154660490782,False
1000248,8.469173216449182,1.0,2.4351487444140756,0.027261685223824196,0.0,0.5734201398490913,0.1829307160442571,False
1000249,15.833231977373377,1.106060606060606,3.6572355166638912,0.05466381337301701,0.04949494949494945,0.8611927736394049,0.2950718422895131,False
1000250,16.324758511708104,1.0,3.118049024981688,0.056492814677846157,0.0,0.7342270619249273,0.24286524444861662,False
1000251,15.49834456338245,1.1898734177215189,3.0520465432790926,0.05341767613652116,0.08860759493670882,0.7186850329728537,0.2635548588274772,False
1000252,5.664497779200461,1.0,0.4426608980694471,0.016825310631569095,0.0,0.1042362092496248,0.03800098702751508,False
1000253,8.072427618346152,1.0,0.8795563653739031,0.025785369774043217,0.0,0.20711479542873493,0.07244858653823777,False
1000254,4.556391072149728,1.0,3.1258145836939115,0.01270197552855404,0.0,0.7360556679897453,0.2258974906083452,False
1000255,11.520781238822128,1.096774193548387,2.5874887663738155,0.038616911574526736,0.04516129032258061,0.6092926248039215,0.21178293916776134,False
1000256,4.955913095175825,1.0,2.3995812306460644,0.014188622230978226,0.0,0.5650448285808489,0.17518889746664598,False
1000257,5.339850002884624,1.4285714285714286,3.0306390622295667,0.015617275734134274,0.2,0.7136440756985211,0.28034013300321003,False
1000258,10.826589881611266,1.0,3.3303204238847433,0.03603378165284659,0.0,0.7842119737395193,0.24967710478299443,False
1000259,21.192430600517906,1.0,3.1264690500901597,0.07460573021752001,0.0,0.7362097794021689,0.25070522590765865,False
1000260,11.28810053985367,1.1428571428571428,3.0202047555817986,0.037751091985360766,0.06666666666666664,0.7111870423896046,0.24845654951102566,False
1000261,11.215798110002531,1.1428571428571428,2.6375116196793966,0.0374820500734749,0.06666666666666664,0.6210718278624348,0.22131436838812035,False
1000262,15.363646540167304,1.0,2.9568222442722907,0.052916456277552905,0.0,0.6962619547199274,0.23004516892699936,False
1000263,17.804403523561877,1.0675675675675675,3.2190069864683766,0.061998667298859535,0.03153153153153152,0.7580002825659135,0.2616590111487773,False
1000264,25.956518723438784,1.0350877192982457,3.0939024097712515,0.09233320327233059,0.016374269005848003,0.7285411031092237,0.26040789294345373,False
1000265,13.669999271768067,1.1454545454545455,2.7193512677278058,0.046614287732338604,0.0678787878787879,0.6403431362524324,0.23111229233230154,False
1000266,10.323701551125502,1.3703703703703705,2.4612839252850414,0.034162502386333095,0.17283950617283955,0.5795743590130695,0.23938916051030595,False
1000267,13.35078679783896,1.0,2.888705914020762,0.04542647793866329,0.0,0.6802221642519177,0.22223724045104062,False
1000268,15.082381987661886,1.0,3.058272848410166,0.05186985309827415,0.0,0.7201511810950958,0.2367932955678384,False
1000269,17.38827520148027,1.3523809523809525,2.573648488521452,0.060450227507925856,0.16444444444444448,0.6060335655452799,0.25532349400008764,False
1000270,17.829387174687714,1.5098039215686274,3.5928818294686513,0.062091633043975206,0.23790849673202613,0.8460389969364636,0.35002090131813696,False
1000271,21.555000679902616,1.312,3.381909314210458,0.07595487640183372,0.14560000000000003,0.7963599416092803,0.31296993304351756,False
1000272,17.55871364584322,1.0491803278688525,2.580262175379622,0.06108443973322272,0.022950819672131174,0.6075909329347788,0.2135963016753621,False
1000273,56.979175011518834,1.1859838274932615,3.021729769114571,0.20777046833669102,0.08679245283018869,0.7115461471363844,0.32260976732464836,False
1000274,23.28291121145789,1.1908396946564885,3.582100792799347,0.08238454071511458,0.08905852417302798,0.8435003168789059,0.312721468601626,False
1000275,44.626884557783875,1.2986111111111112,4.013069580181953,0.1618068147404754,0.13935185185185187,0.9449833096112403,0.39002327433511785,True
1000276,5.786713332631868,1.375,2.7254805569978675,0.01728008243142524,0.17500000000000002,0.6417864394257916,0.25194796480030757,False
1000277,10.293356666315935,1.0,3.324479527023617,0.034049587151783835,0.0,0.782836580181884,0.2484708089152787,False
1000279,92.22498816104431,2.704081632653061,3.4711221479777947,0.3389223670383511,0.7952380952380952,0.817367461471279,0.6193506138281527,True
1000280,41.65871722683253,1.4725274725274726,3.507485181807202,0.1507620764770386,0.22051282051282056,0.8259300989658577,0.3742377064344189,True
1000283,10.354841862208817,1.6744186046511629,2.9876475950461145,0.034278377452327764,0.3147286821705427,0.7035205983621975,0.3191861351407531,False
1000285,27.701407735462684,1.5605095541401275,3.3593271187007465,0.09882604558468562,0.26157112526539283,0.7910423667642192,0.35531446584275783,True
1000287,41.30161115276809,1.1730769230769231,3.5568795911680926,0.14943326220191447,0.0807692307692308,0.8375613182860147,0.3352724695973394,False
1000288,7.6745867881662155,1.5625,3.009153320587778,0.02430497889647182,0.2625,0.708584689899088,0.3010473985283151,False
1000289,6.728995558400923,1.25,3.2989621444013864,0.020786374157428497,0.11666666666666667,0.7768278379457529,0.27636290104669725,False
1000290,9.40135948658118,2.260869565217391,1.7069084251518167,0.030730409260712424,0.5884057971014492,0.40193670719512925,0.3093949149932585,False
1000291,7.7724276183461525,1.0,0.5621791902022727,0.024669050810324604,0.0,0.13237995034410135,0.049581605427360245,False
1000292,131.77011156190682,1.6859122401847575,3.7438985535995633,0.4860722709549357,0.3200923787528868,0.8815998764389332,0.5549365849395202,True
1000293,51.10395763462251,1.691588785046729,2.994182314058199,0.1859084130906961,0.3227414330218069,0.7050593706849886,0.38270360634831707,True
1000295,12.641714012534482,1.6666666666666667,3.409359981941992,0.04278797328235608,0.31111111111111117,0.8028239269266759,0.35129570072427857,False
1000296,9.462996147000984,1.0,2.4640405139919492,0.030959763170335462,0.0,0.5802234706886694,0.186450946474735,False
1000297,6.962295702903825,1.0,1.3622921890824147,0.02165449874258477,0.0,0.32078770521548583,0.10489811106167966,False
1000298,46.928796050999374,2.1745454545454543,3.421922904118807,0.1703723729160697,0.548121212121212,0.8057821990273298,0.47431997251099045,True
1000299,43.81671858530468,2.42578125,3.6235425422463594,0.15879213594434854,0.6653645833333334,0.8532588722106931,0.5191038910409473,True
1000300,17.952337606430422,1.4382022471910112,0.3253608280497444,0.06254913937248113,0.2044943820224719,0.07661480718566581,0.10935241251143375,False
1000301,20.514192670548272,1.4476190476190476,0.7943929655763302,0.07208196400705882,0.20888888888888887,0.18706082183308978,0.1476176988194171,False
1000302,19.38118788254873,1.53,0.7203987375794353,0.06786598157096592,0.24733333333333335,0.16963692497121077,0.1522374701197496,False
1000303,6.070999797511667,1.2941176470588236,0.9635162897605898,0.018337930337671386,0.13725490196078435,0.22688537892757457,0.11657725640157623,False
1000304,18.182933972802292,1.1868131868131868,1.58832065949629,0.06340720302829954,0.08717948717948719,0.37401208315622064,0.16372035231203216,False
1000305,14.73250163335533,1.6,1.3758922486890466,0.05056792618312417,0.28,0.3239901987385118,0.2014242300948032,False
1000306,5.486391514766134,1.5789473684210527,1.0427744539878083,0.016162565963085355,0.27017543859649124,0.24554880871583964,0.1611823005789334,False
1000307,5.546672240642013,1.6,1.0459827202128607,0.01638687435455858,0.28,0.24630427980222094,0.16444603368248972,False
1000309,8.781136762725405,1.5476190476190477,1.1826058766391228,0.028422521299481047,0.2555555555555556,0.27847581332528776,0.17157841918404543,False
1000310,19.215739464846358,1.1030927835051547,2.2062768767577747,0.0672503375503046,0.04810996563573887,0.51952620886847,0.1971909873713845,False
1000312,17.51298195368297,1.0,1.8068891998829113,0.06091426921588463,0.0,0.4254798233846577,0.15200965470175115,False
1000313,19.19025152820885,1.105263157894737,2.5366182412178047,0.06715549532692291,0.04912280701754391,0.5973138150018226,0.2207931847365791,False
1000314,42.505347650123845,1.4669811320754718,0.10531876253543618,0.15391244179964264,0.21792452830188683,0.02480008651641279,0.1343823611653469,False
1000315,18.01940323885321,1.372093023255814,1.4791799255727138,0.0627986948301056,0.17364341085271318,0.3483120124507871,0.1817061049230923,False
1000316,22.97351275894012,1.880952380952381,2.193278942980343,0.08123324951547865,0.4111111111111111,0.5164655017878447,0.31076628367587816,False
1000317,12.40494048162286,2.0526315789473686,3.7228397742575425,0.04190692400681189,0.4912280701754387,0.8766410301988206,0.4271234997150025,True
1000318,8.863528929682698,2.227272727272727,3.009431504340598,0.028729107760935367,0.5727272727272726,0.7086501956168851,0.39590488360762144,True
1000319,8.451724788408702,2.130434782608696,2.9681516294997374,0.02719675852012864,0.5275362318840581,0.6989297579399273,0.37881850035524706,True
1000320,23.151304851434745,1.3246753246753247,2.442708912109815,0.0818948251303152,0.15151515151515152,0.5752003811700035,0.2507725898576726,False
1000321,182.60370816650152,1.8916055419722901,2.847311805930848,0.6752272972340391,0.4160825862537354,0.6704748273369573,0.5960581429708234,True
1000322,9.131903051685336,1.525,2.856198332810095,0.029727744833478294,0.24499999999999997,0.6725673949871098,0.28716131642952425,False
1000323,37.48428837381578,1.7798165137614679,2.475713708253458,0.1352287628393162,0.363914373088685,0.5829722328335997,0.3381574869124119,False
1000324,15.72835695114694,1.0923076923076922,1.9145708344641563,0.05427356677102683,0.04307692307692303,0.45083631058175216,0.1698833968060133,False
1000325,14.015142970994685,1.0681818181818181,2.2688393176599866,0.04789858925452082,0.031818181818181794,0.5342581892839328,0.18898234703244268,False
1000326,3.361804643866761,1.0,0.0,0.008256843916243518,0.0,0.0,0.0033027375664974076,False
1000327,11.675768113919506,1.5636363636363637,2.966473353394279,0.03919362753385571,0.26303030303030306,0.6985345634692384,0.3041469109634047,False
1000328,7.066419098914157,1.0,2.968102070191481,0.02204194848102849,0.0,0.6989180878908035,0.21849220575965245,False
1000329,48.68222651475322,1.480263157894737,2.892009099215698,0.17689699851023744,0.22412280701754392,0.6809999865187393,0.34229563746497993,False
1000330,10.713973647433678,1.0,3.1625701690719707,0.035614729526729866,0.0,0.7447107421227191,0.23765911444750767,False
1000331,35.604671026912456,1.0584795321637428,2.3332861116989108,0.12823458787637407,0.027290448343079973,0.549433890454301,0.22431113678976394,False
1000332,27.221023532007035,1.2875,2.2578757058000383,0.09703850559739095,0.1341666666666667,0.5316765170717512,0.23856835736048176,False
1000333,28.962614529224854,1.441340782122905,2.3731839917642437,0.10351907578817714,0.20595903165735566,0.5588289009312689,0.2708440100918582,False
1000335,10.983810946488928,1.0,2.3574194952762544,0.03661881117357649,0.0,0.5551167335322428,0.18118254452910343,False
1000336,20.514362935502653,1.0,2.903868361767458,0.07208259757371693,0.0,0.6837925633609285,0.23397080803776532,False
1000337,16.225695250721433,2.1449275362318843,2.967042212149688,0.056124194021688736,0.5342995169082126,0.6986685162997706,0.3923400875710704,True
1000338,7.869173216449182,1.0,3.2601221035768777,0.025029047296386976,0.0,0.7676819236797671,0.24031619602248488,False
1000339,15.934240811905378,2.5789473684210527,4.246709480861521,0.05503967363132097,0.736842105263158,1.0,0.5430685010314757,True
1000340,40.08844390410702,1.9086956521739131,3.2330265733406027,0.14491899018243887,0.42405797101449283,0.7613015648729343,0.4135754568392037,True
1000342,34.11832303131621,1.0,2.280831814595336,0.12270379302914328,0.0,0.5370821396835058,0.21020615911670906,False
1000344,52.030520656627246,1.0,2.63349027173255,0.1893562126658438,0.0,0.6201248951925713,0.2617799536241089,False
1000345,29.059802025575983,1.608695652173913,1.5223756890958895,0.10388071660555413,0.28405797101449276,0.35848359676043773,0.2343147569747008,False
1000346,15.313988368808388,1.0,2.9312304811728485,0.05273167508291442,0.0,0.6902356976343471,0.22816337932346992,False
1000347,5.507999094522671,2.3333333333333335,3.021928094887362,0.016242969133226304,0.6222222222222223,0.711592848181908,0.40664170877452965,True
1000348,2.593356666315934,1.0,2.1258145836939115,0.005397400416339517,0.0,0.5005792351170327,0.1523327307016456,False
1000349,4.328995558400923,1.6,2.751629167387823,0.011855822447679618,0.28,0.6479438209249967,0.28312547525657084,False
1000350,2.4285714285714284,1.0,2.25,0.004784224130222612,0.0,0.5298219739636032,0.16086028184117,False
1000351,16.347951986415314,1.1866666666666668,1.4833909865204709,0.056579119063346776,0.08711111111111115,0.3493036180613745,0.1535560663770844,False
1000352,13.04514198523274,2.381818181818182,2.9331526365657066,0.04428915427041481,0.6448484848484849,0.6906883199296845,0.41837670314161673,True
1000353,9.497613672172402,1.7741935483870968,3.711944070350401,0.031088577169754997,0.36129032258064514,0.8740753487091296,0.38304513225483444,True
1000354,2.893356666315934,1.0,0.0,0.006513719380058125,0.0,0.0,0.00260548775202325,False
1000355,3.5245112497836533,1.0,2.6556390622295662,0.008862285481934577,0.0,0.6253404133712538,0.19114703820414997,False
1000356,9.66297886911509,1.1785714285714286,2.1828938439149903,0.03170391152070894,0.08333333333333336,0.5140200557049057,0.1918875813197553,False
1000357,4.0,1.0,0.6685644431995964,0.010631609178272473,0.0,0.1574311702301722,0.051481994740360644,False
1000358,10.18508921711264,2.090909090909091,3.230211651460934,0.03364671712945357,0.509090909090909,0.7606387171098945,0.3943775747120225,True
1000359,27.157464389393063,1.0,3.456091344535573,0.09680199800999871,0.0,0.8138280614934937,0.2828692176520476,False
1000361,57.160483063677454,1.1594594594594594,2.5350261036854334,0.2084451270596895,0.07441441441441438,0.596938904135057,0.28478404638871724,False
1000363,28.587628041431817,1.0,0.059730729376219954,0.10212372736330512,0.0,0.014065179086397617,0.045069044671241336,False
1000365,16.14974711950468,1.0,0.22737828122730647,0.055841586224567905,0.0,0.05354222657613459,0.03839930246266754,False
1000366,21.41637742817649,1.0520833333333333,2.753949881542683,0.07543905051945302,0.02430555555555552,0.6484902944159002,0.23201437519921791,False
1000368,65.31386775932575,1.495049504950495,2.5364964975470876,0.23878438690717377,0.23102310231023102,0.5972851472365173,0.344006229626894,False
1000369,35.50024697630893,1.2325581395348837,1.653180090909438,0.12784601938318396,0.10852713178294572,0.38928495070354113,0.20048203249921964,False
1000371,27.886998879391584,1.177914110429448,2.0000014597707785,0.09951664196290581,0.0830265848670757,0.47095320948704084,0.2060005950913973,False
1000374,19.523561956057012,1.0,0.10824334455612851,0.06839576449829647,0.0,0.02548875665828909,0.03500493279680532,False
1000375,22.230954434839873,1.0714285714285714,1.786340387780046,0.07847014305261127,0.03333333333333332,0.42064106241090327,0.16758037594431546,False
1000376,33.21413160136892,1.0,0.22599737670108944,0.11933923956220326,0.0,0.05321705610416322,0.06370081265613027,False
1000377,12.772427618346153,1.1333333333333333,1.1500317061427046,0.04327436687230144,0.062222222222222213,0.27080536385300363,0.11721802257148833,False
1000378,5.606890595608519,1.0,2.866247897312731,0.01661095065993541,0.0,0.6749338305881148,0.2091245294404086,False
1000380,32.62571646966836,1.7180851063829787,3.0788869087337134,0.11714970966201556,0.3351063829787234,0.7250053064871077,0.36489339070455556,True
1000381,18.063932333998107,1.0,2.8385371452314017,0.06296439040793052,0.0,0.6684086015357833,0.22570833662390719,False
1000382,16.427350969371552,1.0,1.4628036866908476,0.05687456769792684,0.0,0.3444557941350138,0.12608656531967488,False
1000383,23.286552423699,1.0,0.0,0.0823980898960335,0.0,0.0,0.0329592359584134,False
1000385,19.9327781916134,1.0,1.0112176358827407,0.06991848397834026,0.0,0.23811792175564528,0.0994027701180297,False
1000386,8.177455275612107,1.4375,2.877287061107924,0.02617618432577963,0.20416666666666666,0.6775332935005044,0.27498046178046315,False
1000387,10.749112242548776,2.1515151515151514,2.0925155059856806,0.035745482460347915,0.5373737373737373,0.4927380870803473,0.3233317403203645,False
1000388,3.6240607186126517,2.6,1.5,0.009232715348207661,0.7466666666666667,0.3532146493090688,0.3336574809320037,False
1000389,3.7127821442994544,1.625,1.584962500721156,0.009562853381482092,0.2916666666666667,0.37322131590683194,0.2032915361246424,False
1000390,28.06944223562773,1.036764705882353,2.887746759085488,0.10019552522414209,0.017156862745098082,0.6799963058691871,0.2492241606739424,False
1000392,5.540724663885119,1.6363636363636365,2.3962406251802895,0.016364743045485602,0.29696969696969705,0.5642581947221332,0.2649142647257433,False
1000393,6.298496430013741,1.0,3.288019280279689,0.01918445968781868,0.0,0.7742510513369648,0.23994909927621688,False
1000395,6.142857142857142,1.0,1.7897170014624826,0.018605316061976827,0.0,0.42143617535603267,0.13387297903160053,False
1000396,37.504689304559875,1.2805429864253393,3.3600040115208025,0.13530467599220666,0.130920060331825,0.7912017590709232,0.3307584162177071,False
1000397,7.360216810145478,1.36,2.373140679513133,0.023135188336177313,0.16800000000000004,0.5588187019168778,0.22729968590953425,False
1000398,9.3731118291113,1.2,2.368416048728739,0.03062529794166491,0.09333333333333331,0.557706162713128,0.20756196799060436,False
1000399,7.2494602799216175,1.0,1.3238144752669867,0.02272305628602875,0.0,0.31172711042113177,0.10260735564075102,False
1000400,15.888360514243848,1.4576271186440677,2.3638153570551736,0.054868950143518905,0.21355932203389827,0.5566228082490896,0.2530022191423039,False
1000401,24.113553818410193,2.2706766917293235,2.870950809625711,0.08547541436249298,0.5929824561403509,0.6760412556036886,0.414897279268209,True
1000402,8.85907055695861,1.3333333333333333,2.282709343168925,0.02871251787420462,0.15555555555555553,0.5375242534146311,0.2194089498407378,False
1000403,16.63859451867946,1.378787878787879,2.3925912224641217,0.05766061829811233,0.17676767676767682,0.563398846388414,0.24511420426607217,False
1000404,6.463169561326392,1.7,2.294519908254462,0.01979721881881614,0.32666666666666666,0.5403053631511844,0.2680104964728818,False
1000405,8.141353572870884,1.56,2.2814453723879735,0.026041847607804428,0.26133333333333336,0.5372266180838773,0.24998472446828496,False
1000406,22.09668181599989,2.256,3.1392232913496687,0.07797050615021382,0.5861333333333333,0.739213102637956,0.4287921332514723,True
1000407,23.99808464982028,1.0384615384615385,3.4241744969855197,0.08504574628708718,0.01794871794871799,0.806312396083865,0.28129663272460975,False
1000408,10.12894395145505,1.2340425531914894,0.8269021090582096,0.03343779704686495,0.10921985815602837,0.19471595897594993,0.10455586395833946,False
1000409,11.042004239110746,1.4242424242424243,2.0604259628985964,0.03683535209395969,0.197979797979798,0.48518175594168544,0.21968260701402892,False
1000410,4.301864009649856,1.9285714285714286,0.0,0.011754864239726713,0.43333333333333335,0.0,0.1347019456958907,False
1000411,2.5237594647905235,1.0,0.7345299214394703,0.005138424830057645,0.0,0.17296448573884024,0.053944715653675125,False
1000412,4.0,1.0,1.186278124459133,0.010631609178272473,0.0,0.27934054114256834,0.0880548060140795,False
1000413,43.33579471770251,1.7518796992481203,3.044414937890556,0.15700258783265122,0.3508771929824561,0.7168879697588689,0.383130583955458,True
1000414,4.543003286028327,1.7272727272727273,1.3965354233178195,0.012652158730122279,0.3393939393939394,0.32885117986326373,0.20553439926920986,False
1000415,11.494513625440181,1.5517241379310345,3.1847837562435206,0.038519168124693755,0.2574712643678161,0.7499415183911827,0.3176315020775772,False
1000416,4.045796570591445,1.0,1.0365693955097308,0.010802021112354168,0.0,0.24408766367965537,0.07754710754883827,False
1000417,10.781203575755509,1.12,0.3501038278666581,0.035864896339780204,0.05600000000000005,0.08244120052112283,0.05587831869224894,False
1000418,20.499430634594287,2.1648351648351647,1.7131967479291956,0.07202703353813039,0.5435897435897435,0.40341745901149867,0.3129129741956248,False
1000419,20.314198556472842,1.0,0.15507848231527635,0.07133777326647714,0.0,0.03651732783091531,0.03949030765586545,False
1000420,4.734823416925963,1.0,0.0,0.013365933562602334,0.0,0.0,0.0053463734250409345,False
1000421,11.479530181697147,1.096774193548387,3.3322628970242687,0.03846341378338655,0.04516129032258061,0.7846693803853658,0.2643345667257385,False
1000422,18.59879742712469,1.1875,3.189467578113355,0.06495465722955827,0.08750000000000001,0.7510444480573025,0.27754519730901406,False
1000423,13.702282621466523,2.156862745098039,2.4057574792508416,0.04673441611727442,0.5398692810457516,0.566499189570837,0.3506043076318863,False
1000424,7.517358695528328,1.2962962962962963,2.306252911850331,0.02371992322500189,0.1382716049382716,0.5430682089848223,0.21388991346692893,False
1000425,5.335490111177327,1.8461538461538463,3.353533948577482,0.015601052301492222,0.3948717948717949,0.7896782117285681,0.36160542290070574,True
1000426,8.727705992325419,1.1851851851851851,2.616050244317008,0.028223702025335716,0.08641975308641972,0.6160181797475572,0.2220208606603274,False
1000427,7.874850142962362,1.6111111111111112,2.5413326933006757,0.025050171498794644,0.2851851851851852,0.5984239573612463,0.2751028113634473,False
1000428,6.05026780639154,1.95,2.9782129458410016,0.018260785288194577,0.4433333333333333,0.7012989608219721,0.35069400236186943,False
1000429,7.367919350734253,1.0,1.4517662466952617,0.023163849976604187,0.0,0.34185673713680664,0.11182256113168366,False
1000430,8.73607606289827,1.3953488372093024,3.2915326571193813,0.028254847587029508,0.18449612403100776,0.7750783687825131,0.29917428687886805,False
1000431,14.297261658413841,1.1403508771929824,2.4901156013708654,0.048948370723805514,0.06549707602339182,0.5863635392515009,0.21513753287199,False
1000432,8.111150932971553,1.5333333333333334,3.2402239289418526,0.025929461675557805,0.24888888888888894,0.7629963724960331,0.31393736308569975,False
1000433,14.980520674872071,1.109375,3.387956890935273,0.05149082071448567,0.051041666666666666,0.7977840034039637,0.2752440293069834,False
1000434,4.607642380601648,1.0,0.6143694458867568,0.01289268488702161,0.0,0.1446695255833985,0.048557931629828195,False
1000435,4.769866456795321,2.0,0.5804835169703004,0.01349633092911071,0.4666666666666667,0.13669018791757304,0.18640558874691618,False
1000436,23.690803437002,1.2941176470588236,3.321933421842858,0.08390233347020884,0.13725490196078435,0.7822370324162,0.30940851370117883,False
1000437,8.459372652471778,1.2571428571428571,0.8643790693639406,0.02722521670574715,0.12,0.2035408999036557,0.10795235665339556,False
1000438,6.415441598481463,1.0,1.0357998846237237,0.019619620052071303,0.0,0.2439064620011617,0.08101978662117704,False
1000439,9.93164538157405,1.1724137931034482,1.740440124622722,0.032703636596622544,0.08045977011494249,0.40983263217469784,0.16016917532554112,False
1000440,5.2079990945226715,1.3333333333333333,0.0,0.0151266501695077,0.15555555555555553,0.0,0.05271732673446974,False
1000441,5.7815265992809675,1.0,2.1215491457047095,0.017260782268760703,0.0,0.4995748249946957,0.15677676040591298,False
1000442,9.544930985844081,1.6129032258064515,2.758283477688032,0.03126464788496805,0.286021505376344,0.649510754177718,0.2931655370202058,False
1000443,4.739850002884625,2.2857142857142856,3.625,0.013384637806697056,0.6,0.853602069163583,0.4414344758717537,True
1000444,12.667919350734252,1.0,2.889607523164747,0.04288548500229962,0.0,0.6804344719569887,0.22128453558801647,False
1000445,5.998496430013741,1.0,3.1416041678685938,0.01806814072410008,0.0,0.7397737429477429,0.2291593791739629,False
1000446,13.896665006505495,1.3289473684210527,3.1896671512904238,0.04745772525938061,0.15350877192982457,0.7510914428371357,0.2903631545338403,False
1000447,4.412514296992379,1.0,1.5820239409642762,0.01216660095339795,0.0,0.37252935433749856,0.11662544668260875,False
1000448,21.9781512677249,1.1940298507462686,2.3525293562555887,0.07752944648748271,0.090547263681592,0.5539652210394048,0.22436552401129212,False
1000449,23.90799856393264,1.0454545454545454,2.33361699108416,0.08471053026694199,0.021212121212121193,0.5495118047516507,0.20510138989590837,False
1000450,13.085955114742486,1.1458333333333333,3.252249996579448,0.044441022505216254,0.06805555555555552,0.76582822800482,0.2679415440701991,False
1000451,4.942857142857142,1.0,0.0,0.014140040207102387,0.0,0.0,0.005656016082840955,False
1000452,5.114725432426806,1.0,2.2845649522513463,0.014779572976797379,0.0,0.5379612056221659,0.1673001908773687,False
1000453,9.801748555536054,1.0,2.2725646570363986,0.032220282295845636,0.0,0.5351354189115306,0.17342873859179742,False
1000454,10.893356666315935,1.0,0.49380766619335814,0.036282225079221055,0.0,0.11628006776041115,0.049396910359811766,False
1000455,21.02990068293194,1.0879120879120878,2.1575054972123633,0.07400094612027723,0.041025641025640984,0.5080416983868353,0.19432058027185378,False
1000456,17.431953481757454,1.064516129032258,2.9387218755408675,0.06061275714984598,0.030107526881720404,0.691999744457371,0.24087728426166582,False
1000472,38.37954759999263,1.9955555555555555,1.4047621951985867,0.1385600790114004,0.4645925925925926,0.3307883907598043,0.29403832661027923,False
1000474,12.333148951560307,1.125,1.994695326679194,0.041639783185334546,0.058333333333333334,0.4697037401942867,0.1750670353324198,False
1000475,8.163223950117995,1.2105263157894737,1.7027241956246542,0.026123228664019865,0.09824561403508772,0.40095141975175236,0.16020840160165994,False
1000477,26.380639268510603,1.8675496688741722,2.6361476945147038,0.0939113826302184,0.4048565121412804,0.6207506556299476,0.34524670338345576,False
1000478,11.071837718903797,1.0,0.19366093149667019,0.03694636435811535,0.0,0.04560258533564264,0.028459321343938936,False
1000479,8.857980995127573,1.0,2.4474179660608746,0.028708463545757516,0.0,0.5763092523966042,0.18437616113728428,False
1000480,6.20457752298888,1.3333333333333333,2.970950594454669,0.018834981497940093,0.15555555555555553,0.6995888482232503,0.2640773137328178,False
1000481,3.5245112497836533,1.0,2.170950594454669,0.008862285481934577,0.0,0.5112077019250802,0.1569072247702979,False
1000482,8.339910596101161,1.0,2.6350595278764732,0.026780690842509346,0.0,0.620494418031606,0.19686060174648554,False
1000483,4.11994214684133,1.6666666666666667,2.9898980954642878,0.01107792148849947,0.31111111111111117,0.7040505381728475,0.30897966338058735,False
1000485,5.906890595608519,1.0,0.0,0.017727269623654018,0.0,0.0,0.007090907849461607,False
1000486,5.414725432426806,1.0,1.11508275856903,0.01589589194051599,0.0,0.2625757103456993,0.0851310698799162,False
1000487,8.85077105510336,1.0,3.238621551897467,0.028681634903169842,0.0,0.762619050465504,0.24025836910091913,False
1000488,10.67142857142857,1.641025641025641,3.0035920366792714,0.035456416609538695,0.29914529914529914,0.7072751386021204,0.31610869796804136,False
1000489,6.819356084872156,1.0,0.3501038278666581,0.02112261138833328,0.0,0.08244120052112283,0.033181404711670165,False
1000490,5.9510041912807345,2.1875,2.404935594743131,0.017891419101676388,0.5541666666666667,0.5663056551387279,0.3432982641822889,False
1000491,4.3127821442994545,1.0,0.6143694458867568,0.011795491308919312,0.0,0.1446695255833985,0.04811905419858727,False
1000492,15.822810171063882,1.0,1.6014999425663232,0.054625033172952045,0.0,0.3771154937213718,0.13498466138559234,False
1000493,27.45329158709347,1.551948051948052,1.919942556378471,0.0979027897125877,0.25757575757575757,0.4521012244965192,0.2520642105067181,False
1000494,17.00322840136977,1.8666666666666667,2.950970816258403,0.05901744402498413,0.4044444444444445,0.6948840813240056,0.35340553534052865,True
1000495,23.606383209588657,1.781954887218045,3.0004117395444165,0.083588200467599,0.36491228070175435,0.7065262535773295,0.3548668404707647,True
1000496,8.764421845884815,1.0,2.502691687626143,0.028360324037327283,0.0,0.5893249111823932,0.18814160296964885,False
1000497,15.331069492725955,1.1111111111111112,2.8015048771737145,0.05279523502475044,0.05185185185185188,0.659688375152373,0.23458016211116764,False
1000499,15.165139295413631,1.205128205128205,2.8406793331099927,0.05217779827170605,0.0957264957264957,0.6689130362959771,0.25026297891542426,False
1000500,15.315612130751404,1.5113636363636365,2.358212096515475,0.05273771720374626,0.2386363636363637,0.555303372444745,0.2592770077058311,False
1000501,66.51264583233079,1.0575539568345325,2.2314406236170217,0.24324511589445905,0.02685851318944848,0.5254516782165974,0.2629911037795974,False
1000502,8.969443298725835,1.25,2.715730431524536,0.029123221823245855,0.11666666666666667,0.6394905146592701,0.23849644312707935,False
1000503,15.428597961107217,1.1857142857142857,1.9224213926940041,0.05315814462060522,0.08666666666666667,0.4526849320297762,0.18306873745717495,False
1000504,37.20186196755739,1.9469026548672566,3.134599132627543,0.13417783632877908,0.44188790560471974,0.7381242222370326,0.4076747728840373,True
1000505,22.44450492923906,1.8416666666666666,2.600600684519558,0.07926477794130893,0.3927777777777777,0.612380172517,0.3332532962649569,False
1000506,27.492562612638963,1.2095808383233533,3.421497274280326,0.09804891968105808,0.09780439121756487,0.8056819732312401,0.3102654772070647,False
1000507,21.606165356710164,1.4393939393939394,2.915501926355801,0.0761452633984764,0.2050505050505051,0.6865319936517859,0.2979328549700778,False
1000508,39.15464107399989,1.0932203389830508,3.339750109543435,0.14144425082369655,0.043502824858757054,0.7864324424815391,0.30555828053156747,False
1000509,59.05340245067146,1.3441734417344173,1.8849061187880194,0.2154887997546629,0.16061427280939475,0.4438509691521522,0.26753509249032925,False
1000510,23.531290388233895,1.0,2.8379765715139778,0.08330877533254082,0.0,0.6682765996364421,0.23380649002394896,False
1000511,18.428657781563015,1.0,2.082924560817338,0.06432155685348874,0.0,0.4904796455242282,0.17287251639866397,False
1000512,27.263267681066264,1.3211678832116789,2.4487776810502355,0.0971956987463942,0.14987834549878348,0.5766294332320225,0.2568306131177995,False
1000513,20.911301010226538,1.3893805309734513,3.3426524546918217,0.07355962924117103,0.18171091445427726,0.7871158763640466,0.32007188894196553,False
1000514,29.158482781240377,1.4131736526946108,3.020072406885225,0.10424791393522828,0.19281437125748505,0.7111558773906401,0.31289024016852884,False
1000515,15.983397692130831,1.8227848101265822,3.8616921466021883,0.05522258948996404,0.38396624472573837,0.9093374915344514,0.4100801566740425,True
1000516,12.515983460395343,1.84,3.1523102744288423,0.04232012195011697,0.39200000000000007,0.7422947787305053,0.35721648239919834,True
1000517,4.548776778545459,1.5,2.968918563962097,0.01267364226073482,0.23333333333333334,0.6991103529313709,0.2848025627837052,False
1000518,28.776660486399887,1.329268292682927,3.8860750332962692,0.10282712904022497,0.15365853658536588,0.9150790867163131,0.3617521386065937,True
1000519,30.576493446144227,1.231578947368421,4.103795563728001,0.10952442125518629,0.10807017543859652,0.9663471405855322,0.3661349633093131,True
1000520,17.229091753085772,1.2659574468085106,4.107198610559603,0.05985789583408285,0.12411347517730496,0.9671484779143367,0.3513217442611256,False
1000521,16.904722694400057,1.1538461538461537,3.1279393933621957,0.05865089806256813,0.07179487179487175,0.7365560105909663,0.26596562394077866,False
1000522,19.08090232193338,1.0,3.143418624021843,0.06674860001814663,0.0,0.740201004610314,0.24875974139035287,False
1000523,40.95871324015922,1.0153061224489797,0.626726496279958,0.14815731739369845,0.007142857142857177,0.14757931973081787,0.10567958001958189,False
1000524,29.368360551815222,1.6768292682926829,3.33526112353997,0.10502888238641389,0.31585365853658537,0.7853753920702276,0.3723802681366094,True
1000525,5.901918001547532,1.0,2.3371753411230762,0.01770876628682351,0.0,0.5503497123257272,0.17218842021244757,False
1000526,44.44860101896489,1.6455223880597014,3.5841246705885124,0.1611434104228004,0.3012437810945273,0.8439768924012688,0.408023566217859,True
1000527,29.95803021587579,2.1183431952662723,3.221418429466035,0.1072230804808152,0.5218934911242604,0.7585681205610779,0.4270277156979275,True
1000528,22.54907284192565,1.3361344537815125,2.883706432481076,0.07965388175440397,0.15686274509803919,0.6790449041727394,0.28263384748299514,False
1000529,13.348163887526713,1.0,2.445290890772983,0.04541671792359098,0.0,0.5758083762953597,0.19090920005804432,False
1000530,14.63352997660653,1.0,4.049358601964922,0.05019964639212639,0.0,0.9535285190131342,0.3061384142607908,False
1000531,4.007642380601649,1.0,2.8464393446710163,0.010660046959584392,0.0,0.6702693832716725,0.2053448337653355,False
1000532,4.045796570591445,1.0,2.3221793455166666,0.010802021112354168,0.0,0.5468185087729549,0.16836636107682815,False
1000533,11.379515033574728,1.2758620689655173,2.0273121734857282,0.038091251095025945,0.1287356321839081,0.47738423893184506,0.1970724617727363,False
1000534,17.768421431456055,1.0,0.9864267287308425,0.061864775659619536,0.0,0.23228024737183767,0.09442998447539912,False
1000535,7.270676786435442,1.0,3.5962518360044666,0.02280200424791289,0.0,0.846832554054275,0.2631705679154477,False
1000536,10.536209552840475,1.2765957446808511,2.6795465062263712,0.03495325809385433,0.1290780141843972,0.6309700530027256,0.24199572339367859,False
1000537,8.072427618346152,1.0,2.078395392686252,0.025785369774043217,0.0,0.4894131331688393,0.15713808786026906,False
1000538,16.9622132277293,1.0,2.705357114107008,0.05886482397120057,0.0,0.6370478428767342,0.21466028245150048,False
1000539,36.625302629229324,1.0360824742268042,3.658088446690199,0.13203242258516348,0.016838487972508635,0.8613936185594899,0.31628260099366495,False
1000540,14.761538528258743,1.5254237288135593,2.808979295321595,0.050675974304551445,0.24519774011299433,0.661448424475635,0.2922642390984094,False
1000541,143.02869945925337,1.0964360587002095,3.449721362947779,0.5279661882032717,0.04500349406009779,0.8123280809517351,0.46838594778485854,True
1000542,25.48178236914994,1.0820895522388059,3.4872051853338806,0.09056667928879968,0.03830845771144274,0.8211546377376486,0.29406560035024726,False
1000543,26.07645142453735,1.1388888888888888,4.187946058358506,0.09277948043435166,0.0648148148148148,0.9861625988855978,0.3524050162838644,True
1000544,18.784432484228205,1.0,1.5048339719888735,0.06564541701147707,0.0,0.35435293578961535,0.13256404754147544,False
1000545,33.469094019787754,1.3969072164948453,3.675482598526591,0.12028797083792493,0.18522336769759448,0.8654895313867699,0.36332905806047927,True
1000546,29.144463999482255,2.577181208053691,3.764719790836352,0.10419574916214554,0.7360178970917225,0.8865027871114487,0.5284345049258096,True
1000547,39.70784524532818,1.1330472103004292,2.697728711139861,0.14350275851456992,0.0620886981402003,0.6352515337575148,0.26660317297514247,False
1000548,10.675761013414547,1.103448275862069,0.883776947484701,0.035472537900032554,0.04827586206896551,0.208108643048832,0.09110436669535227,False
1000549,15.684793681213053,1.7464788732394365,2.4446691736686432,0.05411146508986419,0.34835680751173703,0.5756619765693739,0.29885022126027894,False
1000550,4.0,1.0,1.6737949406953987,0.010631609178272473,0.0,0.39413926199534594,0.12249442226991276,False
1000551,8.93991059610116,1.0,2.3750784877734317,0.029013328769946566,0.0,0.5592750100936041,0.17938783453605986,False
1000552,16.952187646593373,1.930232558139535,3.410867331254319,0.05882751815005278,0.434108527131783,0.8031788721658359,0.3947172270493068,True
1000553,14.745877103962087,1.0769230769230769,3.682146364222487,0.05061769715474745,0.035897435897435874,0.8670586911623391,0.29113391697983143,False
1000554,19.87896223276282,1.2105263157894737,1.302222082205088,0.06971823139362159,0.09824561403508772,0.3066426107257304,0.14935375998569406,False
1000555,15.249299992219202,1.0,2.171742219750608,0.05249096554451882,0.0,0.5113941110259398,0.17441461952558945,False
1000556,9.035448373655129,1.0,2.356477234882565,0.029368830879396648,0.0,0.5548948534158996,0.17821598837652852,False
1000558,4.942857142857142,1.0,0.0,0.014140040207102387,0.0,0.0,0.005656016082840955,False
1000559,8.26779252247029,1.2083333333333333,3.4764741182543757,0.02651233493177269,0.0972222222222222,0.8186277243408491,0.28535991794163046,False
1000560,8.017782825357822,1.2,3.553763114472246,0.02558203304510538,0.09333333333333331,0.8368274614705457,0.2892810516592058,False
1000561,7.036213809173077,1.0,1.8341837197791888,0.021929552688553216,0.0,0.43190703956680637,0.1383439329454632,False
1000562,9.566400440648883,1.2857142857142858,1.777894135904802,0.031344537083432385,0.1333333333333334,0.4186521691481764,0.1781334655778259,False
1000563,16.814946891599565,1.0,2.6770719912131433,0.058316836625403955,0.0,0.6303873630343206,0.21244294356045776,False
1000564,28.810598646470396,1.6010928961748634,3.5313576541483522,0.10295341507915971,0.28051001821493626,0.8315515035966041,0.374799822575126,True
1000565,55.43497902048378,1.7547683923705721,2.4672554694772195,0.20202441744172206,0.3522252497729337,0.5809805169381854,0.36077149699002453,True
1000566,8.355455986355304,1.25,3.2794289900264815,0.026838536222306367,0.11666666666666667,0.7722282404307983,0.277403886618162,False
1000567,41.01211623943239,1.953307392996109,1.2456509962932676,0.1483560333297254,0.44487678339818415,0.2933214532114791,0.28080188431478914,False
1000569,8.626214954838773,1.1666666666666667,2.0815419333359277,0.02784604745935632,0.07777777777777782,0.4901540693369139,0.18151797311815004,False
1000570,23.283559493844844,1.528,2.8183976707972938,0.08238695301485592,0.2464,0.6636662299361084,0.3059746501867749,False
1000571,14.960973369338406,1.0727272727272728,2.700875275118187,0.0514180839549629,0.03393939393939395,0.6359924754189368,0.22154679438948438,False
1000572,5.156391072149727,1.0,1.25,0.01493461345599126,0.0,0.29434554109089067,0.09427750770966371,False
1000573,9.531104813850366,2.0,2.2778188308764022,0.031213199824993987,0.4666666666666667,0.5363726530250678,0.3133970758375179,False
1000574,22.26570556082676,1.6951219512195121,2.311759042627761,0.0785994541891104,0.32439024390243903,0.5443647730192223,0.2920662867521425,False
1000575,16.632191430207023,1.303030303030303,2.0810657190535378,0.05763679200115183,0.1414141414141414,0.49004193209641367,0.21249153885362723,False
1000576,20.844937142820722,1.4651162790697674,2.3593804665865816,0.07331268509553496,0.21705426356589144,0.5555784960613644,0.26111490192639075,False
1000577,10.679658336309403,1.1176470588235294,0.49380766619335814,0.035487040084883424,0.05490196078431374,0.11628006776041115,0.06554942459737084,False
1000578,3.6566648801689547,1.0,1.1219280948873624,0.009354037494345817,0.0,0.26418762572375426,0.0829979027148646,False
1000579,3.1,1.0,1.208648950953065,0.007282652287116644,0.0,0.28460834356577386,0.0882955639845788,False
1000580,6.752110163973287,1.3793103448275863,0.914624232564026,0.02087238506589285,0.1770114942528736,0.2153724517031191,0.12606413781315495,False
1000581,8.222665833854606,1.0,1.2684492784889063,0.02634441567086765,0.0,0.2986899113785336,0.10014473968190714,False
1000582,8.876293958645496,1.0,2.526630222021595,0.028776607240613997,0.0,0.5949618718700349,0.18999920445725607,False
1000583,10.763686905527498,1.1914893617021276,1.4318659825790112,0.0357997157025911,0.08936170212765955,0.3371706939294871,0.14227960509818044,False
1000584,14.73366927607465,1.1111111111111112,2.893627517382082,0.05057227105549225,0.05185185185185188,0.6813810858554558,0.24019878973438918,False
1000585,10.83596422770727,1.9090909090909092,1.4243958343802967,0.03606866418724469,0.4242424242424243,0.33541165007862334,0.24232368797121218,False
1000586,35.38861006907523,1.15,1.940501120006208,0.12743061139453105,0.06999999999999997,0.45694228172456536,0.20905492907518203,False
1000587,9.520307865719934,1.2682926829268293,1.756327169168495,0.031173023698499697,0.12520325203252033,0.4135736567532264,0.1741022821151239,False
1000588,32.395477354297874,1.0,1.201329528501571,0.11629297535975598,0.0,0.2828847920762076,0.13138262776676468,False
1000589,9.536864178996227,1.4285714285714286,2.7084930703645584,0.031234630786765003,0.2,0.6377862866699071,0.26382973831567813,False
1000590,18.772578645862833,1.2666666666666666,2.756024967619113,0.06560130812961,0.12444444444444443,0.6489789282830818,0.25826753507010186,False
1000591,19.867326366603276,1.6521739130434783,3.4701052656704308,0.06967493360011094,0.30434782608695654,0.8171280096528896,0.3643127241619982,True
1000592,11.21819385913355,1.9411764705882353,1.6134223028896724,0.03749096480743246,0.4392156862745098,0.3799229286017372,0.26073797038584706,False
1000593,19.34734733999987,1.0,1.8995689774544653,0.06774005877299986,0.0,0.4473037268066436,0.16128714155119303,False
1000595,7.909775004326937,1.7857142857142858,1.3709505944546687,0.02518012911561637,0.3666666666666667,0.32282655562691015,0.21692001833431956,False
1000597,25.000925397473612,1.1,0.4592929214454667,0.08877738010107106,0.04666666666666671,0.10815265878566548,0.08195674967612808,False
1000598,32.89022035158565,1.4488636363636365,0.9798846060257169,0.11813394532655373,0.20946969696969703,0.2307397316538191,0.17931640671767632,False
1000599,14.97920762331567,1.25,1.1713028945976562,0.05148593476664317,0.11666666666666667,0.2758142274333389,0.13833864213665892,False
1000600,7.012782144299455,1.2666666666666666,0.4622900666170139,0.021842361982386798,0.12444444444444443,0.10885841583946308,0.07872780287812697,False
1000601,11.024233219484104,1.7446808510638299,0.659178810095644,0.03676922500658024,0.34751773049645396,0.15522107482660147,0.16552933159954872,False
1000602,6.338712169744315,1.3333333333333333,0.4622900666170139,0.019334104997489387,0.15555555555555553,0.10885841583946308,0.08705783341750134,False
1000603,77.94669913860108,2.0408163265306123,2.318693292633132,0.28579195102098903,0.48571428571428577,0.5459976254751345,0.4238303537652217,True
1000604,47.35887647310435,1.0126582278481013,2.859999371307929,0.17197272935313598,0.0059071729957806225,0.6734624499737917,0.2725999786321261,False
1000605,40.95510319564851,1.0187793427230047,3.1400052694134626,0.14814388418987456,0.008763693270735548,0.7393972400430029,0.28370583367007135,False
1000606,10.375338573159345,1.96,1.3418812982387718,0.034354647009420876,0.448,0.3159814214478705,0.2429362852381295,False
1000607,31.04039370211791,1.3448275862068966,3.546095812057759,0.11125062343191076,0.16091954022988508,0.835021992448226,0.34328270917619763,False
1000608,18.792305136972573,1.0909090909090908,1.4914205460294432,0.0656747116499881,0.042424242424242385,0.3511943900920865,0.14435547441489388,False
1000609,28.505814038003507,1.4045801526717556,1.9304052605718582,0.10181929228488924,0.1888040712468193,0.4545649447581804,0.2337384217154556,False
1000610,32.28449910664347,1.2781065088757397,2.6909370995373347,0.11588001828503308,0.12978303747534523,0.6336522692838951,0.27538259934178533,False
1000611,55.481035258860906,1.1606060606060606,2.896180354749301,0.2021957956160485,0.07494949494949497,0.6819822188923925,0.30795783239898566,False
1000612,57.57908125740124,1.6614173228346456,2.1936821592886915,0.21000275739913024,0.30866141732283464,0.5165604497258107,0.3315676630742457,False
1000613,18.492641122084716,2.0760869565217392,2.695065851641419,0.0645596429081102,0.5021739130434784,0.6346244931015805,0.36686337900676175,True
1000614,55.20835420479693,1.5966850828729282,2.458736769519201,0.20118113217705386,0.27845303867403315,0.5789745638593582,0.33770073363083897,False
1000615,19.33183915091073,1.0689655172413792,2.2112817060879593,0.06768235182108939,0.032183908045976976,0.5207047282262787,0.19293953161011243,False
1000616,23.476141654777496,1.096774193548387,2.61682562640279,0.08310356340926602,0.04516129032258061,0.6162007639552306,0.23165004164704975,False
1000617,23.28080120318011,1.0319148936170213,3.779391173357737,0.08237668924093429,0.014893617021276591,0.8899575519328955,0.3044060263826253,False
1000618,25.201121778171682,1.3157894736842106,3.977332728697357,0.08952232348854133,0.14736842105263162,0.9365681233015459,0.3609898927016698,True
1000619,23.00693567891372,1.12,2.693699710166224,0.08135761831344325,0.05600000000000005,0.6343027989802021,0.23963388701943794,False
1000620,4.760988558506143,1.9333333333333333,2.1163146570363986,0.01346329570838346,0.4355555555555556,0.4983422262751692,0.28555465283257087,False
1000621,8.210896782498619,1.6666666666666667,0.31221953325757146,0.026300622286822093,0.31111111111111117,0.07352034196467618,0.12590968483746504,False
1000622,41.03038133584663,1.4696356275303644,2.6570987352634967,0.1484239989080633,0.21916329284750338,0.6256841319704443,0.3128238270086096,False
1000623,55.39204981308271,1.1211180124223603,1.7225345671502248,0.20186467514732465,0.05652173913043481,0.4056162953724769,0.21938728040980338,False
1000624,43.17500682942072,2.572,2.5119504101592742,0.1564042859365671,0.7336,0.5915051221374531,0.46009325101586274,True
1000625,10.352310508486093,1.0,3.722703882096667,0.034268958125112575,0.0,0.8766090307975222,0.27669029248930166,False
1000626,2.893356666315934,1.0,2.9502120649147474,0.006513719380058125,0.0,0.6947054132641642,0.2110171117312725,False
1000627,4.3127821442994545,1.0,1.1021871709493334,0.011795491308919312,0.0,0.2595391033732157,0.08257992753553242,False
1000628,11.237212856090657,1.78125,3.5684779902853183,0.037561735697346214,0.36458333333333337,0.8402924679371729,0.3764874346600904,True
1000629,34.334377966108185,1.2642487046632125,3.4722782217739443,0.12350774709885418,0.12331606217616584,0.8176396896049339,0.3316898243738716,False
1000630,7.670924048359895,1.2307692307692308,0.6631013500108988,0.024291349610121946,0.10769230769230773,0.15614474053364646,0.08886765431183503,False
1000631,3.500999046917582,1.8333333333333333,2.7806390622295667,0.008774795088807262,0.38888888888888884,0.6547749674803429,0.3166090749462924,False
1000632,3.6644977792004614,1.0,1.950212064914747,0.009383184206778363,0.0,0.45922898039145155,0.14152196780014678,False
1000633,20.52561202588099,1.3263157894736841,3.5834644025245095,0.07212445615009667,0.15228070175438593,0.8438214148328177,0.32768041743619974,False
1000634,58.63201799061796,1.713903743315508,2.185028232202309,0.21392080154208273,0.3331550802139037,0.5145226538451688,0.33987164083455484,False
1000635,25.963009214481648,1.4365079365079365,3.37720562706956,0.09235735479978056,0.20370370370370372,0.7952523341399923,0.336629753273021,False
1000636,9.239910596101161,1.0,1.2690780562464248,0.030129647733665176,0.0,0.29883797372194376,0.1017032512100492,False
1000637,18.1974553127384,1.4102564102564104,3.2166698741578093,0.06346123785213047,0.1914529914529915,0.7574499476957981,0.31005537688548906,False
1000638,13.952059573163341,2.0,3.3907652947831135,0.047663851943537706,0.4666666666666667,0.7984453163241192,0.39859913567465083,True
1000639,4.888003047208726,1.0,0.0,0.013935924649735849,0.0,0.0,0.00557436985989434,False
1000640,4.607642380601648,1.0,0.0,0.01289268488702161,0.0,0.0,0.005157073954808644,False
1000641,3.2992482150068705,1.0,0.8166890883150207,0.008024067490114152,0.0,0.1923110332824888,0.0609029369807923,False
1000642,6.032068539643536,1.3846153846153846,2.6995138503199665,0.01819306466620601,0.1794871794871795,0.6356718919638273,0.25182494730178445,False
1000643,3.500999046917582,1.8333333333333333,1.1280852788913944,0.008774795088807262,0.38888888888888884,0.26563749744956466,0.19986783393705893,False
1000644,3.7413535728708833,1.75,1.1219280948873624,0.009669169473264818,0.35000000000000003,0.26418762572375426,0.1881239555064322,False
1000645,4.927572381653847,2.0,2.979573958513622,0.014083164644478556,0.4666666666666667,0.7016194472312154,0.356119100027156,True
1000646,7.70797018051855,1.875,1.114309554640566,0.02442920060965905,0.4083333333333333,0.26239363904274143,0.21098977195668606,False
1000647,16.941127215081085,1.837837837837838,2.813662126415047,0.058786361585239186,0.39099099099099105,0.6625511208372665,0.33957717818257294,False
1000648,42.81913325266363,1.0138888888888888,3.4084419987010044,0.15508005786183277,0.006481481481481459,0.8026077635076513,0.30475879664147293,False
1000649,8.919244262320815,1.0,3.877640283173421,0.028936428035581437,0.0,0.9130929018452122,0.2855024417677962,False
1000650,33.8942700044835,1.0858585858585859,3.293821097985644,0.12187007755337026,0.04006734006734007,0.7756172426745408,0.29345340584391233,False
1000651,6.524212622296875,1.0,2.188111659958273,0.02002436390736541,0.0,0.5152487284141639,0.16258436408719534,False
1000652,5.131401845392172,1.0,2.158938532350277,0.014841626963597513,0.0,0.5083791443892927,0.1584503941022268,False
1000653,3.1890090289841146,1.0,2.4137995646056805,0.007613860510440466,0.0,0.5683929111430523,0.1735634175470919,False
1000654,16.532654491364475,1.0701754385964912,3.368214564680821,0.05726640875975038,0.03274853801169591,0.793135150840956,0.27067167015969573,False
1000655,8.353169309999453,1.0,3.032262897024269,0.026830027355039955,0.0,0.7140264505235522,0.22493994609908163,False
1000656,8.918947501009619,1.0,2.914978737422163,0.02893532376798348,0.0,0.6864087949879744,0.2174967680035857,False
1000657,3.8372933940831078,1.0,2.4466166676282084,0.010026167612581415,0.0,0.5761205655000134,0.1768466366950366,False
1000658,43.14467287177935,1.4411764705882353,2.5851741147199503,0.15629141136270144,0.20588235294117646,0.6087475788891265,0.3069055440941714,False
1000659,14.862803690784343,1.0892857142857142,3.946484819853471,0.0510527883755227,0.04166666666666662,0.929304167765405,0.31171236567983057,False
1000660,2.593356666315934,1.0,2.7219280948873625,0.005397400416339517,0.0,0.6409499183200944,0.19444393566256413,False
1000661,2.9992482150068707,1.0,2.173794940695399,0.0069077485263955435,0.0,0.5118774784317023,0.1563263429400689,False
