khipu_id,color_entropy,n_colors,transitions,transition_rate,visual_load,time_to_locate,n_color_records
1000000,2.2684727516311214,5,14,0.7368421052631579,3.0053148568942794,7.506506691120157,19
1000001,0.0,1,0,0.0,0.0,3.0,7
1000002,2.6983537370899624,8,25,0.8620689655172413,3.5604227026072035,9.136968695271035,29
1000003,2.051533168647338,6,22,0.5945945945945946,2.6461277632419327,8.368316845761393,37
1000004,2.05712807150532,7,114,0.6477272727272727,2.704855344232593,12.304577326841303,176
1000005,0.2863969571159562,2,6,0.1,0.38639695711595623,6.523811071319176,60
1000006,1.6719811714830817,4,53,0.654320987654321,2.326302159137403,10.517431711343496,81
1000007,2.67140373981209,8,257,0.7099447513812155,3.3813484911933056,14.541072187346327,362
1000008,0.938240048447182,3,16,0.27586206896551724,1.2141021174126991,7.505441131944419,58
1000009,2.3282270675733923,7,70,0.56,2.8882270675733923,10.88455668065987,125
1000010,2.558419607399264,7,58,0.6590909090909091,3.217510516490173,10.743830465012433,88
1000011,1.637411238968545,4,16,0.3902439024390244,2.0276551414075694,7.496636417033886,41
1000012,2.7852326082661905,11,69,0.6106194690265486,3.395852077292739,11.00518568653082,113
1000013,0.904381457724494,2,15,0.6,1.5043814577244938,7.520703549025747,25
1000014,1.4990004419361498,3,28,0.7368421052631579,2.2358425471993075,9.179909116971274,38
1000015,1.4681773212788294,3,19,0.59375,2.061927321278829,8.039503127727535,32
1000017,1.9385610475112869,5,35,0.7777777777777778,2.7163388252890646,9.81966569965691,45
1000018,1.369269615400919,8,122,0.27539503386004516,1.6446646492609642,11.21635432164291,443
1000019,1.6390409019580965,6,71,0.44654088050314467,2.085581782461241,10.591468313359078,159
1000020,2.5539230053016992,10,460,0.5935483870967742,3.147471392398473,15.297925625936905,775
1000021,2.1158929815389627,7,78,0.6724137931034483,2.788306774642411,11.490092720682592,116
1000022,1.9031603474815648,6,110,0.6832298136645962,2.586390161146161,12.354654352681573,161
1000023,2.632383574538516,14,277,0.5,3.132383574538516,13.674515941856203,554
1000024,1.5828901630052248,9,244,0.44935543278084716,2.032245595786072,13.170963639160252,543
1000025,1.7338291851212642,7,452,0.5274212368728122,2.2612504219940766,14.884466153193587,857
1000026,1.359992492218488,3,4,0.21052631578947367,1.5705188080079617,5.231807693811018,19
1000027,1.5394910703001343,3,14,0.7,2.2394910703001343,7.466939618723893,20
1000028,1.3566695198333107,3,8,0.38095238095238093,1.7376219007856917,6.158262711451505,21
1000029,2.4096644055558936,8,94,0.34944237918215615,2.7591067847380497,10.899197255499821,269
1000030,1.3141506221482602,3,5,0.1724137931034483,1.4865644152517086,5.752906215541023,29
1000031,1.0529815751302696,3,3,0.2,1.2529815751302695,4.8,15
1000032,2.165301428820179,7,62,0.4305555555555556,2.595856984375734,10.271258837104698,144
1000033,0.9998484829291058,2,8,0.11594202898550725,1.115790511914613,6.839924526155977,69
1000034,2.1842676894506843,7,67,0.6633663366336634,2.847634026084348,11.098687697536745,101
1000035,1.5778634858211928,3,8,0.21052631578947367,1.7883898016106665,6.398118475464828,38
1000036,0.9587118829771316,2,8,0.38095238095238093,1.3396642639295124,6.158262711451505,21
1000037,1.0086232677764626,3,11,0.2972972972972973,1.30592056507376,6.808122179602489,37
1000038,1.0,2,1,0.16666666666666666,1.1666666666666667,3.2752474090672052,6
1000039,2.193968271381192,7,116,0.9133858267716536,3.107354098152846,13.393700787401576,127
1000040,1.7505709333195685,4,57,0.5588235294117647,2.3093944627313334,10.42307435119737,102
1000041,1.203926288640187,3,32,0.6530612244897959,1.8569875131299827,9.329639823913318,49
1000042,1.8609028733303812,5,15,0.20270270270270271,2.063605576033084,7.491417073704504,74
1000043,2.2809509262246,5,13,0.5909090909090909,2.8718600171336908,7.1965758391816115,22
1000044,2.30146494383731,6,9,0.3103448275862069,2.6118097714235167,6.429718711487024,29
1000045,0.5410392626378123,5,35,0.11146496815286625,0.6525042307906785,9.224278975850831,314
1000046,0.7024665512903904,2,2,0.09523809523809523,0.7977046465284856,4.88413939184085,21
1000047,1.8086822247006176,4,65,0.9027777777777778,2.7114600024783955,11.777860618980032,72
1000048,0.266764987803026,2,1,0.045454545454545456,0.31221953325757146,4.729178408605059,22
1000049,1.402934238195389,3,5,0.21739130434782608,1.6203255425432153,5.581693479138799,23
1000050,2.0977561825301105,5,42,0.7636363636363637,2.861392546166474,10.24206231708341,55
1000051,1.6358275845379553,4,22,0.7333333333333333,2.3691609178712887,8.587273604670584,30
1000052,1.376669953397292,3,42,0.8936170212765957,2.270286974673888,10.575780054557082,47
1000053,1.0242580622789528,4,112,0.3888888888888889,1.4131469511678416,11.354063447917609,288
1000054,0.0,1,0,0.0,0.0,4.459431618637297,21
1000055,1.4083445441575104,4,21,0.875,2.2833445441575106,8.707230355827608,24
1000056,0.9191427133215982,4,15,0.36585365853658536,1.2849963718581836,7.365116479892941,41
1000057,0.8883085725706081,3,48,0.2926829268292683,1.1809914993998765,9.522318959878739,164
1000058,1.2799749139041574,3,13,0.24074074074074073,1.520715654644898,7.173168533447263,54
1000059,1.4772170014624826,3,6,0.375,1.8522170014624826,5.620261406719216,16
1000060,1.492614068017126,3,24,0.8571428571428571,2.349756925159983,9.02196470523692,28
1000061,1.9056390622295665,4,7,0.875,2.7806390622295662,5.943609377704336,8
1000062,1.4056390622295665,3,5,0.625,2.0306390622295662,5.151128127343757,8
1000063,2.492947950155823,7,42,0.11731843575418995,2.610266385910013,9.483620149522961,358
1000064,1.848987989077528,4,20,0.8333333333333334,2.6823213224108615,8.513736347920329,24
1000065,1.489764838182442,3,25,0.24509803921568626,1.7348628773981283,8.325348695610478,102
1000066,0.0,1,0,0.0,0.0,3.169925001442312,8
1000067,1.287054028118727,3,8,0.5714285714285714,1.8584825995472984,6.139399507384815,14
1000068,0.0,1,0,0.0,0.0,3.321928094887362,9
1000069,1.3787834934861756,3,5,0.7142857142857143,2.0930692077718898,5.142857142857143,7
1000070,1.2806721295208872,3,4,0.3333333333333333,1.6140054628542204,4.933919624188123,12
1000071,2.767501112955182,7,24,0.42857142857142855,3.1960725415266102,8.332700020235345,56
1000072,1.530618994848517,3,9,0.6428571428571429,2.1734761377056597,6.418463121356852,14
1000073,1.1887218755408673,3,7,0.5833333333333334,1.7720552088742005,5.8590295537233965,12
1000074,0.5489544344250401,3,2,0.09523809523809523,0.6441925296631353,4.88413939184085,21
1000075,1.546631615393778,3,11,0.6111111111111112,2.157742726504889,6.8438832161035545,18
1000076,1.7853171342797047,4,41,0.7192982456140351,2.50461537989374,10.071616447763194,57
1000077,1.4846334591535442,3,143,0.5070921985815603,1.9917256577351043,12.274750897884928,282
1000078,0.0,1,0,0.0,0.0,3.4594316186372973,10
1000079,2.4477729611072814,6,27,0.2571428571428571,2.7049158182501385,8.457957142879449,105
1000080,1.0189139562000629,3,14,0.4,1.418913956200063,7.237895002019236,35
1000081,1.5275302083002935,3,10,0.3448275862068966,1.87235779450719,6.598921835473525,29
1000082,0.3227569588973983,2,1,0.058823529411764705,0.381580488309163,4.415214707409507,17
1000083,2.2155250005007923,6,78,0.42857142857142855,2.6440964290722206,10.73671405469149,182
1000084,0.5916727785823274,2,2,0.2857142857142857,0.8773870642966131,3.8571428571428568,7
1000085,2.5763683585466683,7,101,0.33666666666666667,2.9130350252133352,11.005604967935469,300
1000086,1.932914563979398,4,12,0.8,2.7329145639793984,7.2,15
1000087,1.9746881902944295,5,15,0.5172413793103449,2.4919295696047743,7.444937455406028,29
1000088,0.0,1,0,0.0,0.0,1.0,1
1000089,1.6706070877340058,6,66,0.22525597269624573,1.8958630604302515,10.046697514662984,293
1000090,1.7028195311147831,4,7,0.4375,2.140319531114783,5.875727834297362,16
1000091,2.518150411763296,7,36,0.7058823529411765,3.2240327647044724,9.724279519181863,51
1000092,1.0,2,9,0.6428571428571429,1.6428571428571428,6.418463121356852,14
1000093,0.9182958340544894,2,11,0.36666666666666664,1.284962500721156,6.770734957528729,30
1000094,1.8878387763314644,4,73,0.256140350877193,2.1439791272086572,10.249943644093555,285
1000096,0.7635002197166622,8,306,0.13858695652173914,0.9020871762384013,12.648764830722447,2208
1000097,1.5706352796443754,5,34,0.3617021276595745,1.9323374073039499,8.94618636028044,94
1000098,1.7779098716884132,5,44,0.88,2.657909871688413,10.66415964290641,50
1000099,1.4687316183885248,3,37,0.8409090909090909,2.3096407092976157,10.110002290970538,44
1000100,1.5990919739558995,4,17,0.6538461538461539,2.2529381278020533,7.863852407424197,26
1000101,1.3416303588849137,3,9,0.3103448275862069,1.6519751864711205,6.429718711487024,29
1000103,1.3181573834395306,6,174,0.3180987202925046,1.6362561037320351,11.992104445730421,547
1000105,0.6193821946787638,2,4,0.3076923076923077,0.9270745023710715,4.9788487442291745,13
1000106,1.776297625725199,4,17,0.85,2.626297625725199,8.125787232140707,20
1000107,1.0,2,15,0.9375,1.9375,7.919459254922532,16
1000108,1.1867198445327565,3,20,0.7692307692307693,1.9559506137635259,8.412493273058443,26
1000109,1.539484756931502,3,8,0.7272727272727273,2.2667574842042293,6.192207955791088,11
1000110,1.2197484934607568,3,20,0.9090909090909091,2.128839402551666,8.635891007017934,22
1000111,1.7841591278514215,4,6,0.5,2.2841591278514217,5.550659577211638,12
1000112,2.0,4,3,0.75,2.75,4.063374166052884,4
1000113,2.4237214857996645,6,38,0.8636363636363636,3.2873578494360283,10.23481713406894,44
1000114,1.0,2,23,0.8214285714285714,1.8214285714285714,8.848465383982363,28
1000115,0.2413790136031102,2,5,0.024875621890547265,0.26625463549365747,7.848714255954576,201
1000116,0.0,1,0,0.0,0.0,4.459431618637297,21
1000117,0.9494520153879484,2,3,0.15789473684210525,1.1073467522300537,5.004337794080104,19
1000118,1.472513749357935,3,30,0.967741935483871,2.440255684841806,9.838709677419356,31
1000119,0.8631205685666311,2,35,0.5555555555555556,1.4186761241221868,9.333333333333334,63
1000120,1.56921051678664,4,65,0.7142857142857143,2.283496231072354,11.183249067526308,91
1000121,1.72346846058729,5,30,0.24193548387096775,1.9654039444582578,8.651054676112592,124
1000122,0.2974722489192897,2,1,0.05263157894736842,0.3501038278666581,4.5493979946182765,19
1000123,1.3534485046116531,3,15,0.6521739130434783,2.0056224176551316,7.575155435974084,23
1000124,1.827952981889698,5,108,0.9557522123893806,2.7837051942790785,13.363439762216,113
1000125,2.0549128906496024,5,29,0.6904761904761905,2.7453890811257926,9.172971371044023,42
1000126,1.1095349078844707,3,14,0.2916666666666667,1.4012015745511375,7.252333548648811,48
1000127,2.580916789239388,8,94,0.6527777777777778,3.2336945670171655,11.866794190441349,144
1000128,1.293992545651915,4,13,0.3170731707317073,1.6110657163836224,7.102076605611051,41
1000129,1.5,3,2,0.5,2.0,3.4828921423310435,4
1000130,1.7609640474436814,4,7,0.7,2.4609640474436816,5.881033751683406,10
1000131,0.906200447212314,3,34,0.5151515151515151,1.421351962363829,9.191044227966321,66
1000132,0.0,1,0,0.0,0.0,5.169925001442312,35
1000133,0.9980008838722996,2,2,0.10526315789473684,1.1032640417670363,4.77686789434919,19
1000134,0.0,1,0,0.0,0.0,3.321928094887362,9
1000135,1.2994705707972525,3,16,0.5714285714285714,1.8708991422258239,7.63397013520047,28
1000136,0.9182958340544894,2,3,0.5,1.4182958340544896,4.2110323830864065,6
1000137,0.9059282160429994,2,13,0.4642857142857143,1.3702139303287137,7.113472171436802,28
1000138,1.82893821742498,5,8,0.23529411764705882,2.0642323350720386,6.336173138579077,34
1000139,1.7080986635018058,4,18,0.8181818181818182,2.526280481683624,8.224658101921843,22
1000140,2.969970905522341,12,193,0.5188172043010753,3.4887881098234166,12.975303705495186,372
1000141,0.7219280948873623,2,2,0.2,0.9219280948873623,4.151317942364757,10
1000142,1.684185736908434,4,13,0.6190476190476191,2.303233355956053,7.2200321444603865,21
1000143,1.4690640517640448,3,17,0.5483870967741935,2.017451148538238,7.741935483870968,31
1000144,2.902177570723945,10,153,0.8742857142857143,3.776463285009659,13.98110611950305,175
1000145,2.177796811598596,5,17,0.68,2.8577968115985963,7.896738726477035,25
1000146,1.6012865706108106,5,21,0.3333333333333333,1.9346199039441438,8.0,63
1000147,2.213692239852619,8,290,0.8529411764705882,3.0666334163232074,15.589957633191851,340
1000148,2.0874472643275723,5,121,0.3941368078175896,2.481584072145162,11.525031398753804,307
1000149,0.8112781244591328,2,2,0.125,0.9362781244591328,4.598395696406632,16
1000150,1.9918642483937372,4,29,0.9354838709677419,2.927348119361479,9.67741935483871,31
1000151,1.8987345348334577,5,17,0.5666666666666667,2.465401201500124,7.761574219606104,30
1000152,1.839261765413555,6,13,0.3333333333333333,2.1725950987468883,7.0959041265164835,39
1000154,2.251629167387823,5,5,0.8333333333333334,3.0849625007211565,5.146817357105608,6
1000155,0.0,1,0,0.0,0.0,1.584962500721156,2
1000156,1.0,2,3,0.375,1.375,4.35864687698318,8
1000157,0.8812908992306927,2,3,0.3,1.1812908992306927,4.497261104228486,10
1000158,2.69883673100321,8,26,0.8387096774193549,3.537546408422565,9.193548387096776,31
1000159,2.3926832524348645,6,51,0.7846153846153846,3.177298637050249,10.786918736085855,65
1000161,1.5262349099495225,3,7,0.5384615384615384,2.064696448411061,5.857469110857852,13
1000162,0.8453509366224364,2,7,0.21212121212121213,1.0574721487436485,6.166621625757987,33
1000163,0.0,1,0,0.0,0.0,4.392317422778761,20
1000164,2.1627387722217017,7,49,0.49,2.652738772221702,9.920735109300175,100
1000165,1.088164153497129,3,20,0.3076923076923077,1.3958564611894366,7.90420769454567,65
1000166,1.316252219942577,3,10,0.3448275862068966,1.6610798061494736,6.598921835473525,29
1000167,0.9426831892554924,2,1,0.04,0.9826831892554925,4.888457306866735,25
1000168,0.0,1,0,0.0,0.0,2.321928094887362,4
1000169,0.2761954276479391,2,2,0.09090909090909091,0.36710451855702997,4.9347948611531045,22
1000170,1.581257197820248,3,27,0.5192307692307693,2.1004879670510173,8.702032998278705,52
1000171,0.8960382325345574,2,1,0.0625,0.9585382325345574,4.3429292688284855,16
1000172,1.1077843849525173,3,17,0.6071428571428571,1.7149272420953743,7.807469456455027,28
1000173,0.7642045065086203,2,2,0.2222222222222222,0.9864267287308425,4.060134338195665,9
1000176,0.9957274520849256,2,18,0.46153846153846156,1.4572659136233872,7.778202600219992,39
1000177,0.9963165195589622,2,3,0.10714285714285714,1.1034593767018193,5.3784789588912405,28
1000178,0.9940302114769566,2,28,0.8484848484848485,1.842515059961805,9.40409797928093,33
1000179,1.8747429956842212,6,13,0.4642857142857143,2.3390287099699356,7.113472171436802,28
1000180,1.3552615767392855,3,48,0.38095238095238093,1.7362139576916664,9.651040757923466,126
1000182,1.0,2,3,0.75,1.75,4.063374166052884,4
1000183,1.6608647763411275,6,424,0.7066666666666667,2.367531443007794,15.75461748174709,600
1000184,1.5576500850050383,5,24,0.26373626373626374,1.821386348741302,8.244061812599522,91
1000185,0.9899635012681982,3,24,0.3157894736842105,1.3057529749524086,8.24577176407224,76
1000186,1.4604846813131116,3,6,0.46153846153846156,1.922023142851573,5.56459565531496,13
1000187,0.4394969869215133,2,4,0.3333333333333333,0.7728303202548465,4.933919624188123,12
1000188,0.0,1,0,0.0,0.0,5.357552004618084,40
1000189,0.8935711016541907,2,18,0.6206896551724138,1.5142607568266047,7.95254682736553,29
1000190,0.0,1,0,0.0,0.0,3.4594316186372973,10
1000191,0.8453509366224364,2,5,0.45454545454545453,1.299896391167891,5.2144909101398635,11
1000192,2.008371413663466,6,52,0.7027027027027027,2.7110741163661687,10.605826418952445,74
1000194,1.5304930567574826,3,4,0.4444444444444444,1.974937501201927,4.798340581503967,9
1000195,2.0,4,3,0.75,2.75,4.063374166052884,4
1000196,0.0,1,0,0.0,0.0,2.0,3
1000197,1.8359153436505349,5,40,0.5128205128205128,2.3487358564710474,9.53648882416536,78
1000198,1.711069618701624,5,112,0.42911877394636017,2.140188392647984,11.48071563054969,261
1000199,1.2847772384799288,3,8,0.27586206896551724,1.560639307445446,6.2605155875005245,29
1000200,1.3401179478977492,3,23,0.40350877192982454,1.7436267198275737,8.22172771245975,57
1000201,2.194007337952557,6,112,0.7133757961783439,2.907383134130901,12.514121154520003,157
1000204,1.5419822842863982,3,6,0.3333333333333333,1.8753156176197314,5.663903351258114,18
1000205,0.7219280948873623,2,1,0.2,0.9219280948873623,3.101955000865387,5
1000206,1.2958363892911635,3,10,0.7142857142857143,2.0101221035768777,6.69752673532889,14
1000207,1.9442717486838828,5,26,0.6046511627906976,2.5489229114745804,8.76048329502264,43
1000208,0.9503376699710266,2,10,0.21739130434782608,1.1677289743188528,6.762108167259733,46
1000209,1.8136577829726204,4,44,0.7857142857142857,2.599372068686906,10.41587502529418,56
1000210,1.7735572622751854,5,7,0.4666666666666667,2.240223928941852,5.866666666666667,15
1000211,2.4464393446710155,7,22,0.7333333333333333,3.179772678004349,8.587273604670584,30
1000212,1.8144896189917048,4,36,0.5625,2.376989618991705,9.40994970785696,64
1000213,1.813029642152198,4,36,0.972972972972973,2.786002615125171,10.354019148145452,37
1000214,1.6213925906832305,5,9,0.1956521739130435,1.817044764596274,6.641356235701523,46
1000216,0.4138168503036338,2,2,0.16666666666666666,0.5804835169703004,4.317179671164608,12
1000217,1.2987949406953987,3,4,0.5,1.7987949406953987,4.754887502163468,8
1000218,0.8112781244591328,2,4,0.5,1.311278124459133,4.754887502163468,8
1000220,1.5451521971989497,4,7,0.4117647058823529,1.9569169030813027,5.886952943212675,17
1000221,1.5830435300531969,4,30,0.8823529411764706,2.4653964712296674,9.655120973072878,34
1000222,2.4938408814382744,8,28,0.7,3.193840881438274,9.107838407850743,40
1000223,0.8873068828532795,3,3,0.09375,0.9810568828532795,5.517306068048309,32
1000224,1.3516441151533924,3,6,0.6666666666666666,2.018310781820059,5.53654682481227,9
1000225,0.6500224216483541,2,1,0.16666666666666666,0.8166890883150207,3.2752474090672052,6
1000226,1.448815635725185,3,5,0.7142857142857143,2.163101350010899,5.142857142857143,7
1000227,0.8739810481273579,2,16,0.3076923076923077,1.1816733558196657,7.490357517505721,52
1000228,0.9709505944546688,2,15,0.3333333333333333,1.304283927788002,7.3647492747426835,45
1000229,1.644148483184114,5,56,0.6511627906976745,2.2953112738817882,10.638348562913016,86
1000230,1.7456912430330975,4,49,0.5632183908045977,2.308909633837695,10.097502300398533,87
1000231,0.9661773513883508,2,23,0.45098039215686275,1.4171577435452136,8.271226257694916,51
1000232,1.6258145836939113,4,19,0.5277777777777778,2.153592361471689,7.958887086377562,36
1000233,0.1239498677110075,2,1,0.01694915254237288,0.14089902025338039,6.007007385364595,59
1000234,0.9059282160429994,2,19,0.3392857142857143,1.2452139303287137,7.8119062689706364,56
1000235,2.550931510433823,7,61,0.7349397590361446,3.2858712694699674,11.090285649158332,83
1000236,2.332576209164693,9,54,0.6585365853658537,2.991112794530547,10.573236130038802,82
1000238,2.444064869403164,11,116,0.33819241982507287,2.782257289228237,11.275963622181523,343
1000239,1.5404842639485252,5,32,0.49230769230769234,2.032791956256218,9.020095839658,65
1000240,1.2601368098284134,3,76,0.5757575757575758,1.835894385585989,11.11741474685036,132
1000241,1.2806721295208872,3,2,0.16666666666666666,1.447338796187554,4.317179671164608,12
1000242,0.0,1,0,0.0,0.0,3.0,7
1000243,2.0365766899407323,5,6,0.25,2.2865766899407323,5.804820237218405,24
1000244,0.6193821946787638,2,8,0.3076923076923077,0.9270745023710715,6.217929810521459,26
1000245,2.7880272686802208,8,29,0.8529411764705882,3.640968445150809,9.504259707868615,34
1000246,0.1654270339962668,2,1,0.024390243902439025,0.1898172778987058,5.523837359919706,41
1000247,1.5304930567574826,3,19,0.7037037037037037,2.2341967604611863,8.19030838572777,27
1000248,1.87959318885852,5,25,0.5555555555555556,2.4351487444140756,8.592207487199799,45
1000249,2.731862382335533,8,62,0.9253731343283582,3.6572355166638912,11.720637410765578,67
1000250,2.1760200394744413,7,65,0.9420289855072463,3.118049024981688,11.903245279284427,69
1000251,2.3020465432790926,7,60,0.75,3.0520465432790926,11.094737505048093,80
1000252,0.3712323266408757,2,1,0.07142857142857142,0.4426608980694471,4.185954209580555,14
1000253,0.7195563653739031,4,4,0.16,0.8795563653739031,5.452510073043666,25
1000254,2.292481250360578,5,10,0.8333333333333334,3.1258145836939115,6.784139483258669,12
1000255,1.8999887663738155,4,22,0.6875,2.5874887663738155,8.51241507641739,32
1000256,1.5329145639793975,4,13,0.8666666666666667,2.3995812306460644,7.466666666666667,15
1000257,2.1556390622295667,5,7,0.875,3.0306390622295667,5.943609377704336,8
1000258,2.372873615374105,7,45,0.9574468085106383,3.3303204238847433,10.93226702268822,47
1000259,2.180040478661588,5,106,0.9464285714285714,3.1264690500901597,13.27499119470099,112
1000260,2.186871422248465,6,30,0.8333333333333334,3.0202047555817986,9.550664503653076,36
1000261,1.8319560641238408,4,29,0.8055555555555556,2.6375116196793966,9.405957465718938,36
1000262,1.9973627848128312,4,71,0.9594594594594594,2.9568222442722907,12.205117704350036,74
1000263,2.2590069864683766,5,72,0.96,3.2190069864683766,12.245937926349427,75
1000264,2.3547719749886427,13,85,0.7391304347826086,3.0939024097712515,11.92692346978708,115
1000265,1.828442176818715,5,49,0.8909090909090909,2.7193512677278058,10.981180216254378,55
1000266,1.7885566525577687,5,37,0.6727272727272727,2.4612839252850414,9.71412096053272,55
1000267,1.9048349462788263,4,61,0.9838709677419355,2.888705914020762,11.858152106298222,62
1000268,2.071971478547152,6,72,0.9863013698630136,3.058272848410166,12.333845726249285,73
1000269,1.913271130030886,4,70,0.660377358490566,2.573648488521452,11.193379147232095,106
1000270,3.1121125986994205,11,50,0.4807692307692308,3.5928818294686513,9.94224817039022,104
1000271,3.0078635126837403,12,49,0.37404580152671757,3.381909314210458,9.679320164003983,131
1000272,2.4028428205409127,6,11,0.1774193548387097,2.580262175379622,7.0377650712176445,62
1000273,2.576491673876476,12,187,0.4452380952380952,3.021729769114571,12.599118068574528,420
1000274,3.2283592962007077,12,52,0.35374149659863946,3.582100792799347,9.759736188844633,147
1000275,3.6774531418257888,18,98,0.3356164383561644,4.013069580181953,10.945051963098209,292
1000276,2.058813890331201,5,6,0.6666666666666666,2.7254805569978675,5.53654682481227,9
1000277,2.464014410744547,7,37,0.8604651162790697,3.324479527023617,10.157082081185669,43
1000279,2.699566592422239,13,868,0.7715555555555556,3.4711221479777947,17.95824292122302,1125
1000280,2.9022220239124654,13,161,0.6052631578947368,3.507485181807202,12.93953820613002,266
1000283,2.445980928379448,9,26,0.5416666666666666,2.9876475950461145,8.656011009677613,48
1000285,2.761501031744225,14,110,0.5978260869565217,3.3593271187007465,12.033837768433672,184
1000287,2.7706953806417767,13,239,0.7861842105263158,3.5568795911680926,14.740780690198964,304
1000288,2.2758199872544447,6,22,0.7333333333333333,3.009153320587778,8.587273604670584,30
1000289,2.351593723348755,6,18,0.9473684210526315,3.2989621444013864,8.41638629004381,19
1000290,1.2069084251518167,3,12,0.5,1.7069084251518167,6.965784284662087,24
1000291,0.4821791902022727,3,2,0.08,0.5621791902022727,5.076474895592379,25
1000292,3.081829588082322,19,576,0.6620689655172414,3.7438985535995633,16.23264459980915,870
1000293,2.5530947007651474,10,146,0.44108761329305135,2.994182314058199,12.069165585354936,331
1000295,2.837931410513421,9,24,0.5714285714285714,3.409359981941992,8.526987471674724,42
1000296,1.937724724518265,6,20,0.5263157894736842,2.4640405139919492,8.067192860368694,38
1000297,1.2022921890824148,3,4,0.16,1.3622921890824147,5.452510073043666,25
1000298,2.710117348563251,10,205,0.7118055555555556,3.421922904118807,13.993883199558454,288
1000299,2.8916276486293384,12,172,0.7319148936170212,3.6235425422463594,13.652066898256466,235
1000300,0.2685426462315626,4,5,0.056818181818181816,0.3253608280497444,6.843672830453126,88
1000301,0.5924698886532533,3,21,0.20192307692307693,0.7943929655763302,8.070006631810243,104
1000302,0.5619828959952768,3,16,0.15841584158415842,0.7203987375794353,7.729443217927375,101
1000303,0.8524051786494786,2,2,0.1111111111111111,0.9635162897605898,4.719919459381762,18
1000304,1.4327651039407343,3,14,0.15555555555555556,1.58832065949629,7.520118250896271,90
1000305,1.2443133013206256,3,10,0.13157894736842105,1.3758922486890466,7.091363717102125,76
1000306,0.9927744539878084,2,1,0.05,1.0427744539878083,4.611933293917699,20
1000307,0.998363672593813,2,1,0.047619047619047616,1.0459827202128607,4.6717855052390735,21
1000309,1.136094248732146,3,2,0.046511627906976744,1.1826058766391228,5.713358670666939,43
1000310,1.6756646318598156,5,52,0.5306122448979592,2.2062768767577747,10.146974418489199,98
1000312,1.4402225332162446,3,33,0.36666666666666664,1.8068891998829113,8.893986008271552,90
1000313,1.6720349078844712,4,83,0.8645833333333334,2.5366182412178047,12.30608748699475,96
1000314,0.0864508380071343,3,4,0.018867924528301886,0.10531876253543618,7.88064753758859,212
1000315,1.3987201554577713,4,7,0.08045977011494253,1.4791799255727138,6.979156001746046,87
1000316,1.7188263882358177,9,65,0.4744525547445255,2.193278942980343,10.481182045760512,137
1000317,2.8982783707487707,9,47,0.8245614035087719,3.7228397742575425,10.688246026197675,57
1000318,2.3010981710072644,7,17,0.7083333333333334,3.009431504340598,7.933254324198488,24
1000319,2.272499455586694,8,16,0.6956521739130435,2.9681516294997374,7.774501631657612,23
1000320,1.8582933276942304,6,45,0.5844155844155844,2.442708912109815,9.958689229885639,77
1000321,2.386175782014555,34,617,0.461136023916293,2.847311805930848,15.176732570709289,1338
1000322,2.206198332810095,7,26,0.65,2.856198332810095,8.839960807619837,40
1000323,1.9252549926571276,7,120,0.5504587155963303,2.475713708253458,12.054486358464205,218
1000324,1.7479041677974896,4,11,0.16666666666666666,1.9145708344641563,7.077104055534068,66
1000325,1.8466170954377643,5,19,0.4222222222222222,2.2688393176599866,7.85573255972553,45
1000326,0.0,1,0,0.0,0.0,3.321928094887362,9
1000327,2.198616210537136,6,43,0.7678571428571429,2.966473353394279,10.311716275041238,56
1000328,2.448102070191481,7,13,0.52,2.968102070191481,7.144668371574459,25
1000329,2.4643361432408555,10,136,0.4276729559748428,2.892009099215698,11.874545052356133,318
1000330,2.367698374200176,6,31,0.7948717948717948,3.1625701690719707,9.552178631849111,39
1000331,1.7832861116989105,5,110,0.55,2.3332861116989108,11.85913012132734,200
1000332,1.8422130551976288,7,69,0.41566265060240964,2.2578757058000383,10.452834389948206,166
1000333,1.9438361656772871,5,79,0.42934782608695654,2.3731839917642437,10.764963718020597,184
1000335,1.6340152399571055,4,34,0.723404255319149,2.3574194952762544,9.625148139540716,47
1000336,2.122050179949276,5,86,0.7818181818181819,2.903868361767458,12.106413725496552,110
1000337,2.3354632647812674,8,48,0.631578947368421,2.967042212149688,10.224756987449576,76
1000338,2.724407817862592,8,15,0.5357142857142857,3.2601221035768777,7.460470813945913,28
1000339,3.5090045628287347,17,45,0.7377049180327869,4.246709480861521,10.346636211491948,61
1000340,2.5963359258585883,13,177,0.6366906474820144,3.2330265733406027,13.296673370080144,278
1000342,1.6544581882217098,4,114,0.6263736263736264,2.280831814595336,12.223336000725697,182
1000344,1.914947225374934,5,217,0.7185430463576159,2.63349027173255,14.16624932921345,302
1000345,1.2801396642511689,3,39,0.2422360248447205,1.5223756890958895,9.117826090539907,161
1000346,2.144563814506182,5,59,0.7866666666666666,2.9312304811728485,11.162963824019206,75
1000347,2.321928094887362,6,7,0.7,3.021928094887362,5.881033751683406,10
1000348,1.459147917027245,3,4,0.6666666666666666,2.1258145836939115,4.678924870096006,6
1000349,1.9182958340544896,4,5,0.8333333333333334,2.751629167387823,5.146817357105608,6
1000350,1.5,3,3,0.75,2.25,4.063374166052884,4
1000351,1.2597067759941551,4,17,0.2236842105263158,1.4833909865204709,7.668567740587181,76
1000352,2.343866922279992,8,33,0.5892857142857143,2.9331526365657066,9.270128772511821,56
1000353,2.9510745051330094,12,35,0.7608695652173914,3.711944070350401,9.780906456214971,46
1000354,0.0,1,0,0.0,0.0,2.584962500721156,5
1000355,1.9056390622295665,4,6,0.75,2.6556390622295662,5.547368752524046,8
1000356,1.5277214301218869,4,19,0.6551724137931034,2.1828938439149903,8.121749951352031,29
1000357,0.5435644431995964,2,1,0.125,0.6685644431995964,3.566165626622601,8
1000358,2.472635893885176,7,25,0.7575757575757576,3.230211651460934,8.94160135734908,33
1000359,2.58275801120224,10,131,0.8733333333333333,3.456091344535573,13.559944878335648,150
1000361,1.993020683631233,7,200,0.5420054200542005,2.5350261036854334,13.155436452666075,369
1000363,0.0536331684006102,2,1,0.006097560975609756,0.059730729376219954,7.411238813113169,164
1000365,0.1851247601005459,2,3,0.04225352112676056,0.22737828122730647,6.430626057841283,71
1000366,1.9831165482093496,5,74,0.7708333333333334,2.753949881542683,11.687345658039707,96
1000368,2.1551011487098783,8,164,0.3813953488372093,2.5364964975470876,12.089342258369593,430
1000369,1.4283280199035209,3,38,0.22485207100591717,1.653180090909438,9.075407833020735,169
1000371,1.860607520376839,4,23,0.1393939393939394,2.0000014597707785,8.40307523086801,165
1000374,0.0865042141213459,2,2,0.021739130434782608,0.10824334455612851,6.681314437436467,92
1000375,1.697451498891157,4,8,0.08888888888888889,1.786340387780046,7.086265274883024,90
1000376,0.2087559973907446,3,3,0.017241379310344827,0.22599737670108944,7.5796802689328855,174
1000377,0.9055872616982602,3,11,0.24444444444444444,1.1500317061427046,6.873765989759838,45
1000378,2.332914563979398,6,8,0.5333333333333333,2.866247897312731,6.133333333333333,15
1000380,2.3172288776456305,9,147,0.7616580310880829,3.0788869087337134,13.388447494008412,193
1000381,2.599406710448793,7,22,0.2391304347826087,2.8385371452314017,8.102870700720821,92
1000382,1.3485179724051333,5,8,0.11428571428571428,1.4628036866908476,6.852575361733789,70
1000383,0.0,1,0,0.0,0.0,6.845490050944375,114
1000385,0.9796386885143196,3,3,0.031578947368421054,1.0112176358827407,6.792908684954456,95
1000386,2.139191823012686,6,31,0.7380952380952381,2.877287061107924,9.431364930791743,42
1000387,1.8500912635614384,5,8,0.24242424242424243,2.0925155059856806,6.320787166401937,33
1000388,1.0,2,3,0.5,1.5,4.2110323830864065,6
1000389,0.9182958340544894,2,6,0.6666666666666666,1.584962500721156,5.53654682481227,9
1000390,2.646870846676729,11,33,0.24087591240875914,2.887746759085488,8.82079677118459,137
1000392,1.7295739585136227,4,8,0.6666666666666666,2.3962406251802895,6.167399530235153,12
1000393,2.3991303913908,7,16,0.8888888888888888,3.288019280279689,8.023863080948994,18
1000395,1.4772170014624826,3,5,0.3125,1.7897170014624826,5.36479497914107,16
1000396,2.7236403751571663,10,140,0.6363636363636364,3.3600040115208025,12.743840551731433,220
1000397,1.95006375643621,4,11,0.4230769230769231,2.373140679513133,6.766570676155705,26
1000398,2.0628604931731838,6,11,0.3055555555555556,2.368416048728739,6.8012307829044625,36
1000399,1.2285763800288914,3,2,0.09523809523809523,1.3238144752669867,4.88413939184085,21
1000400,1.6804820237218403,4,41,0.6833333333333333,2.3638153570551736,9.983407851564193,60
1000401,2.194480221390417,8,92,0.6764705882352942,2.870950809625711,11.899642021433824,136
1000402,1.7238858137571604,5,19,0.5588235294117647,2.282709343168925,7.995647055825977,34
1000403,1.735874804553674,5,44,0.6567164179104478,2.3925912224641217,10.085199632519219,67
1000404,1.7230913368258904,4,12,0.5714285714285714,2.294519908254462,7.00767825785861,21
1000405,1.819906910849512,4,12,0.46153846153846156,2.2814453723879735,6.949450964700454,26
1000406,2.4498293519557293,10,91,0.6893939393939394,3.1392232913496687,11.919151387248222,132
1000407,2.583053001658417,7,90,0.8411214953271028,3.4241744969855197,12.436568578749561,107
1000408,0.785235442391543,3,2,0.041666666666666664,0.8269021090582096,5.848656087620009,48
1000409,1.85454360995742,4,7,0.20588235294117646,2.0604259628985964,6.185311873374812,34
1000410,0.0,1,0,0.0,0.0,4.0,15
1000411,0.5916727785823274,2,1,0.14285714285714285,0.7345299214394703,3.4285714285714284,7
1000412,0.8112781244591328,2,3,0.375,1.186278124459133,4.35864687698318,8
1000413,2.570340863816482,8,128,0.4740740740740741,3.044414937890556,11.913686364662373,270
1000414,0.9798687566511528,2,5,0.4166666666666667,1.3965354233178195,5.2422896006998805,12
1000415,2.5471025968232306,8,44,0.6376811594202898,3.1847837562435206,10.037811317605524,69
1000416,0.94566030460064,2,1,0.09090909090909091,1.0365693955097308,3.910868182604897,11
1000417,0.2974722489192897,2,1,0.05263157894736842,0.3501038278666581,4.5493979946182765,19
1000418,1.218691253423701,4,45,0.4945054945054945,1.7131967479291956,9.749499187074218,91
1000419,0.1222915970693747,2,2,0.03278688524590164,0.15507848231527635,6.149415861547101,61
1000420,0.0,1,0,0.0,0.0,3.9068905956085187,14
1000421,2.565596230357602,7,23,0.7666666666666667,3.3322628970242687,8.75241348168348,30
1000422,2.2947307360080917,5,85,0.8947368421052632,3.189467578113355,12.47677105399798,95
1000423,1.7731044180263518,4,31,0.6326530612244898,2.4057574792508416,9.214459085346489,49
1000424,1.7136603192577384,5,16,0.5925925925925926,2.306252911850331,7.65615783883248,27
1000425,2.5073801024236357,6,11,0.8461538461538461,3.353533948577482,7.028962933029423,13
1000426,2.0234576517244154,5,16,0.5925925925925926,2.616050244317008,7.65615783883248,27
1000427,1.894273869771264,5,11,0.6470588235294118,2.5413326933006757,6.868111767081455,17
1000428,2.3282129458410017,6,13,0.65,2.9782129458410016,7.247323747584955,20
1000429,1.1056124005414156,3,9,0.34615384615384615,1.4517662466952617,6.400810099066208,26
1000430,2.4871848310324247,7,37,0.8043478260869565,3.2915326571193813,10.02241031933139,46
1000431,1.7222584585137226,4,43,0.7678571428571429,2.4901156013708654,10.311716275041238,56
1000432,2.4402239289418524,6,12,0.8,3.2402239289418526,7.2,15
1000433,2.403829906808289,6,62,0.9841269841269841,3.387956890935273,11.904761904761905,63
1000434,0.5032583347756457,2,1,0.1111111111111111,0.6143694458867568,3.691031216541514,9
1000435,0.4138168503036338,2,2,0.16666666666666666,0.5804835169703004,4.317179671164608,12
1000436,2.4929860534218053,8,126,0.8289473684210527,3.321933421842858,13.273380396503667,152
1000437,0.7706290693639406,2,3,0.09375,0.8643790693639406,5.517306068048309,32
1000438,0.7024665512903904,2,7,0.3333333333333333,1.0357998846237237,5.945908824849729,21
1000439,1.3611297797951358,4,11,0.3793103448275862,1.740440124622722,6.768124959460026,29
1000440,0.0,1,0,0.0,0.0,3.321928094887362,9
1000441,1.2326602568158207,3,16,0.8888888888888888,2.1215491457047095,8.023863080948994,18
1000442,1.951831864784806,4,25,0.8064516129032258,2.758283477688032,9.032258064516128,31
1000443,2.75,7,7,0.875,3.625,5.943609377704336,8
1000444,2.0275385576475053,6,50,0.8620689655172413,2.889607523164747,10.953887057432395,58
1000445,2.197159723424149,6,17,0.9444444444444444,3.1416041678685938,8.259859053918083,18
1000446,2.3819748435981163,6,63,0.8076923076923077,3.1896671512904238,11.39529596785861,78
1000447,1.3092966682370035,3,3,0.2727272727272727,1.5820239409642762,4.56267954637238,11
1000448,1.9196935353600664,5,29,0.43283582089552236,2.3525293562555887,8.722334817313918,67
1000449,1.7699806274477965,6,62,0.5636363636363636,2.33361699108416,10.623995718292893,110
1000450,2.4605833299127813,7,38,0.7916666666666666,3.252249996579448,10.059688470706414,48
1000451,0.0,1,0,0.0,0.0,4.0,15
1000452,1.6691803368667308,4,8,0.6153846153846154,2.2845649522513463,6.150342566400745,13
1000453,1.5538146570363986,5,23,0.71875,2.2725646570363986,8.670052392647342,32
1000454,0.3912435636292556,2,4,0.10256410256410256,0.49380766619335814,5.86776687385017,39
1000455,1.8990785309202285,6,23,0.25842696629213485,2.1575054972123633,8.169522997628354,89
1000456,2.355388542207534,6,7,0.5833333333333334,2.9387218755408675,5.8590295537233965,12
1000472,1.083661277767394,5,70,0.3211009174311927,1.4047621951985867,10.271278317271276,218
1000474,1.141036790093828,3,35,0.8536585365853658,1.994695326679194,9.995515222711848,41
1000475,1.3527241956246543,3,7,0.35,1.7027241956246542,5.9296285207513275,20
1000476,1.8498687225851784,5,7,0.4117647058823529,2.2616334284675315,5.886952943212675,17
1000477,2.05062137872523,6,89,0.5855263157894737,2.6361476945147038,11.506779408479797,152
1000478,0.1686609314966702,2,1,0.025,0.19366093149667019,5.491490804733536,40
1000479,1.481900724681564,3,28,0.9655172413793104,2.4474179660608746,9.644578067230537,29
1000480,2.1709505944546685,5,8,0.8,2.970950594454669,6.226976913547135,10
1000481,1.570950594454669,3,6,0.6,2.170950594454669,5.535090589819676,10
1000482,1.9253821085216345,7,22,0.7096774193548387,2.6350595278764732,8.548387096774194,31
1000483,2.2565647621309544,5,11,0.7333333333333333,2.9898980954642878,6.933333333333334,15
1000485,0.0,1,0,0.0,0.0,4.0,15
1000486,0.961236604722876,2,2,0.15384615384615385,1.11508275856903,4.393101833143389,13
1000487,2.473915669544526,8,26,0.7647058823529411,3.238621551897467,9.051675912255822,34
1000488,2.29248092556816,7,32,0.7111111111111111,3.0035920366792714,9.451428235919778,45
1000489,0.2974722489192897,2,1,0.05263157894736842,0.3501038278666581,4.5493979946182765,19
1000490,1.8716022614097976,6,8,0.5333333333333333,2.404935594743131,6.133333333333333,15
1000491,0.5032583347756457,2,1,0.1111111111111111,0.6143694458867568,3.691031216541514,9
1000492,1.3549246001005697,6,18,0.2465753424657534,1.6014999425663232,7.7405514557840345,73
1000493,1.494136104765568,9,66,0.4258064516129032,1.919942556378471,10.387573486248755,155
1000494,2.4022982498867216,8,62,0.5486725663716814,2.950970816258403,10.581909313971945,113
1000495,2.5004117395444165,8,78,0.5,3.0004117395444165,10.94193112333744,156
1000496,2.0833368489164656,7,13,0.41935483870967744,2.502691687626143,7.096774193548388,31
1000497,2.4421298771737145,7,23,0.359375,2.8015048771737145,8.186656245835556,64
1000499,2.0811856622239167,5,60,0.759493670886076,2.8406793331099927,11.123392470751183,79
1000500,1.9312458043806435,6,38,0.42696629213483145,2.358212096515475,9.26365554195358,89
1000501,1.9633753555517537,7,115,0.2680652680652681,2.2314406236170217,11.09327951090132,429
1000502,2.060558017731432,6,19,0.6551724137931034,2.715730431524536,8.121749951352031,29
1000503,1.5735841833916786,7,30,0.3488372093023256,1.9224213926940041,8.690481924633168,86
1000504,2.4917419897704,9,144,0.6428571428571429,3.134599132627543,12.836926242713703,224
1000505,1.9146502712964175,5,83,0.6859504132231405,2.600600684519558,11.684879478205199,121
1000506,2.5951499688911044,11,138,0.8263473053892215,3.421497274280326,13.500939005673786,167
1000507,2.3490683599222346,8,81,0.5664335664335665,2.915501926355801,11.231211191070475,143
1000508,2.5191394225205346,8,215,0.8206106870229007,3.339750109543435,14.6357418240169,262
1000509,1.5888022226841232,5,114,0.2961038961038961,1.8849061187880194,11.136717043108497,385
1000510,1.9473515715139775,5,114,0.890625,2.8379765715139778,13.25560152978459,128
1000511,1.9888069137585145,5,8,0.09411764705882353,2.082924560817338,7.031089672791707,85
1000512,2.1879081158328444,6,36,0.2608695652173913,2.4487776810502355,8.976056135173119,138
1000513,2.4904785416483435,7,98,0.8521739130434782,3.3426524546918217,12.702173495323242,115
1000514,2.379353844010973,10,107,0.6407185628742516,3.020072406885225,12.12871241821186,167
1000515,3.000932652931302,10,68,0.8607594936708861,3.8616921466021883,11.76358772086636,79
1000516,2.5836828234484503,10,29,0.5686274509803921,3.1523102744288423,8.941866224535046,51
1000517,2.199687794731328,5,10,0.7692307692307693,2.968918563962097,6.73608947748653,13
1000518,3.1051226523438884,16,164,0.780952380952381,3.8860750332962692,13.750909983697557,210
1000519,3.260863626555226,13,161,0.8429319371727748,4.103795563728001,13.978569634836894,191
1000520,3.233514400033288,12,83,0.8736842105263158,4.107198610559603,12.338140264509114,95
1000521,2.179221444644247,6,74,0.9487179487179487,3.1279393933621957,12.28429068875538,78
1000522,2.943418624021843,9,19,0.2,3.143418624021843,7.901955000865387,95
1000523,0.4824957270491888,5,30,0.14423076923076922,0.626726496279958,8.818997468438702,208
1000524,2.727073989037046,15,104,0.6081871345029239,3.33526112353997,11.942823435924426,171
1000525,1.807763576417194,4,9,0.5294117647058824,2.3371753411230762,6.377532355147065,17
1000526,2.971009916490152,18,187,0.6131147540983607,3.5841246705885124,13.320114159359948,305
1000527,2.484576324202877,10,126,0.7368421052631579,3.221418429466035,12.89824931079838,171
1000528,2.2473427961174397,8,77,0.6363636363636364,2.883706432481076,11.341206552375631,121
1000529,1.794497239979332,4,41,0.6507936507936508,2.445290890772983,9.904761904761905,63
1000530,3.36291792399882,17,81,0.6864406779661016,4.049358601964922,11.627701143205769,118
1000531,2.046439344671016,5,8,0.8,2.8464393446710163,6.226976913547135,10
1000532,1.867633890971212,5,5,0.45454545454545453,2.3221793455166666,5.2144909101398635,11
1000533,1.8578206480619992,5,10,0.1694915254237288,2.0273121734857282,6.9080584931692846,59
1000534,0.7642045065086203,2,18,0.2222222222222222,0.9864267287308425,7.7703413389776586,81
1000535,2.8045851693378,8,19,0.7916666666666666,3.5962518360044666,8.320242340013047,24
1000536,1.895232780736175,6,40,0.7843137254901961,2.6795465062263712,10.171372830408615,51
1000537,1.2088301752949475,3,20,0.8695652173913043,2.078395392686252,8.571886414391725,23
1000538,1.7864381951880892,6,68,0.918918918918919,2.705357114107008,11.95259802770831,74
1000539,3.2221910107927627,15,85,0.4358974358974359,3.658088446690199,10.933942340267992,195
1000540,2.283555566508036,6,31,0.5254237288135594,2.808979295321595,9.010511078046893,59
1000541,3.2952579727772675,16,154,0.15446339017051153,3.449721362947779,11.5017986982379,997
1000542,2.590908889037584,8,121,0.8962962962962963,3.4872051853338806,13.439929536000644,135
1000543,3.293906323259168,14,135,0.8940397350993378,4.187946058358506,13.72786270758189,151
1000544,1.2018036689585705,4,30,0.30303030303030304,1.5048339719888735,8.657145944251914,99
1000545,2.907441361413189,14,149,0.7680412371134021,3.675482598526591,13.450073699052146,194
1000546,2.901083427199988,12,133,0.8636363636363636,3.764719790836352,13.56005002801108,154
1000547,2.496011972942436,10,47,0.2017167381974249,2.697728711139861,9.45794901924186,233
1000548,0.7837769474847011,2,3,0.1,0.883776947484701,5.449615941425563,30
1000549,2.014113618113088,6,31,0.4305555555555556,2.4446691736686432,8.854887910620025,72
1000550,1.2987949406953987,3,3,0.375,1.6737949406953987,4.35864687698318,8
1000551,1.7824858951808389,6,16,0.5925925925925926,2.3750784877734317,7.65615783883248,27
1000552,2.842685513072501,13,50,0.5681818181818182,3.410867331254319,10.15512742583367,88
1000553,2.8535749356510585,9,58,0.8285714285714286,3.682146364222487,11.245251875665705,70
1000554,1.0842733642563702,6,17,0.21794871794871795,1.302222082205088,7.677681680472113,78
1000555,1.8703723567369095,4,22,0.3013698630136986,2.171742219750608,8.080795475818496,73
1000556,2.1564772348825647,5,7,0.2,2.356477234882565,6.203910001730774,35
1000558,0.0,1,0,0.0,0.0,4.087462841250339,16
1000559,2.583616975397233,7,25,0.8928571428571429,3.4764741182543757,9.195464026491475,28
1000560,2.791858352567484,8,16,0.7619047619047619,3.553763114472246,7.857093804265714,21
1000561,1.684183719779189,4,3,0.15,1.8341837197791888,5.051165036195575,20
1000562,1.467549308318595,4,9,0.3103448275862069,1.777894135904802,6.429718711487024,29
1000563,2.465960880102032,6,19,0.2111111111111111,2.6770719912131433,7.881662397573976,90
1000564,2.7202465430372413,10,146,0.8111111111111111,3.5313576541483522,13.583054217717361,180
1000565,1.8232337303467847,8,237,0.6440217391304348,2.4672554694772195,14.019357577898205,368
1000566,2.501651212248704,8,28,0.7777777777777778,3.2794289900264815,9.2612504277848,36
1000567,1.1250836204067427,4,34,0.12056737588652482,1.2456509962932676,9.126638314662678,282
1000569,1.3615419333359278,3,18,0.72,2.0815419333359277,8.084756315202677,25
1000570,2.06442941682904,9,95,0.753968253968254,2.8183976707972938,12.257931077592449,126
1000571,2.0433410285428444,6,48,0.6575342465753424,2.700875275118187,10.292381606042506,73
1000572,1.0,2,3,0.25,1.25,4.625549647676365,12
1000573,1.7028188308764023,4,23,0.575,2.2778188308764022,8.438144407273482,40
1000574,1.8617590426277613,4,36,0.45,2.311759042627761,9.192782504182706,80
1000575,1.7477323857202045,5,22,0.3333333333333333,2.0810657190535378,8.088118920610363,66
1000576,1.894264187516814,4,40,0.46511627906976744,2.3593804665865816,9.439661400894648,86
1000577,0.3912435636292556,2,4,0.10256410256410256,0.49380766619335814,5.86776687385017,39
1000578,0.9219280948873624,3,2,0.2,1.1219280948873624,4.151317942364757,10
1000579,0.9864267287308426,3,2,0.2222222222222222,1.208648950953065,4.060134338195665,9
1000580,0.8812908992306927,2,1,0.03333333333333333,0.914624232564026,5.119336187399771,30
1000581,1.0563280663676942,4,7,0.21212121212121213,1.2684492784889063,6.166621625757987,33
1000582,1.5837730791644518,3,33,0.9428571428571428,2.526630222021595,10.04442571708792,35
1000583,1.176546833642841,3,12,0.2553191489361702,1.4318659825790112,7.010910373245706,47
1000584,2.125770374524939,6,43,0.7678571428571429,2.893627517382082,10.311716275041238,56
1000585,1.1302781873214731,3,10,0.29411764705882354,1.4243958343802967,6.637895668987603,34
1000586,1.6200591310559316,5,58,0.32044198895027626,1.940501120006208,9.913607287334191,181
1000587,1.637279550120876,4,5,0.11904761904761904,1.756327169168495,6.072248654071395,42
1000588,0.8960663706068343,4,58,0.30526315789473685,1.201329528501571,9.890538680804557,190
1000589,2.2284930703645585,6,24,0.48,2.7084930703645584,8.395189506117813,50
1000590,2.250406990091023,6,45,0.5056179775280899,2.756024967619113,9.774250729305354,89
1000591,2.7777975733627387,12,63,0.6923076923076923,3.4701052656704308,11.039874079481098,91
1000592,1.0172684567358263,3,31,0.5961538461538461,1.6134223028896724,9.142642264014338,52
1000593,1.6186701010499709,5,25,0.2808988764044944,1.8995689774544653,8.315407336871719,89
1000595,0.9709505944546688,2,6,0.4,1.3709505944546687,5.6,15
1000597,0.3603918225443678,3,9,0.0989010989010989,0.4592929214454667,7.168749402260454,91
1000598,0.7425964704324965,3,42,0.23728813559322035,0.9798846060257169,9.249636278992323,177
1000599,1.0896702415364317,3,4,0.08163265306122448,1.1713028945976562,6.10457914404205,49
1000600,0.3372900666170139,2,2,0.125,0.4622900666170139,4.598395696406632,16
1000601,0.4889660441381973,3,8,0.1702127659574468,0.659178810095644,6.535594415737523,47
1000602,0.3372900666170139,2,2,0.125,0.4622900666170139,4.598395696406632,16
1000603,1.817674962694232,10,246,0.5010183299389002,2.318693292633132,13.422878188258696,491
1000604,2.12470525366087,7,175,0.7352941176470589,2.859999371307929,13.710327696201889,238
1000605,2.417000574577782,9,154,0.7230046948356808,3.1400052694134626,13.338583962484606,213
1000606,0.9957274520849256,2,9,0.34615384615384615,1.3418812982387718,6.400810099066208,26
1000607,2.8108016944107,13,125,0.7352941176470589,3.546095812057759,12.872155834654942,170
1000608,0.9681647320759548,2,45,0.5232558139534884,1.4914205460294432,9.814251139025389,86
1000609,1.4758598060264037,4,60,0.45454545454545453,1.9304052605718582,10.26222899709264,132
1000610,2.069635324389406,8,105,0.621301775147929,2.6909370995373347,12.01285867752503,169
1000611,2.1382185713098103,7,238,0.7579617834394905,2.896180354749301,14.589690529139421,314
1000612,1.8170587826653148,6,145,0.37662337662337664,2.1936821592886915,11.828577220135278,385
1000613,2.3187217656199137,8,35,0.3763440860215054,2.695065851641419,9.021369602309008,93
1000614,2.055421852392129,8,146,0.40331491712707185,2.458736769519201,11.933545510778567,362
1000615,1.4731864679927211,4,62,0.7380952380952381,2.2112817060879593,11.14013186519172,84
1000616,2.05432562640279,7,72,0.5625,2.61682562640279,10.955042586598834,128
1000617,2.914222634031894,8,77,0.8651685393258427,3.779391173357737,12.108400157199169,89
1000618,3.182057138146176,13,101,0.7952755905511811,3.977332728697357,12.566929133858267,127
1000619,2.011160027626542,7,86,0.6825396825396826,2.693699710166224,11.75873931425158,126
1000620,1.4913146570363984,4,10,0.625,2.1163146570363986,6.6421271170318015,16
1000621,0.266764987803026,2,1,0.045454545454545456,0.31221953325757146,4.729178408605059,22
1000622,2.3062922836505937,6,87,0.35080645161290325,2.6570987352634967,10.752421964688738,248
1000623,1.6014165547278645,5,39,0.12111801242236025,1.7225345671502248,9.344956267218965,322
1000624,1.922308975896326,6,148,0.5896414342629482,2.5119504101592742,12.68101469910943,251
1000625,2.7497309091236937,8,36,0.972972972972973,3.722703882096667,10.354019148145452,37
1000626,2.235926350629033,5,5,0.7142857142857143,2.9502120649147474,5.142857142857143,7
1000627,0.9910760598382222,2,1,0.1111111111111111,1.1021871709493334,3.691031216541514,9
1000628,2.7502961721035,10,27,0.8181818181818182,3.5684779902853183,9.24993243863698,33
1000629,2.739954989450712,13,145,0.7323232323232324,3.4722782217739443,13.22910224669935,198
1000630,0.5916727785823274,2,1,0.07142857142857142,0.6631013500108988,4.185954209580555,14
1000631,2.1556390622295667,5,5,0.625,2.7806390622295667,5.151128127343757,8
1000632,1.3787834934861756,3,4,0.5714285714285714,1.950212064914747,4.714285714285714,7
1000633,2.77425387620872,12,123,0.8092105263157895,3.5834644025245095,13.130142478555785,152
1000634,1.6943120518309562,7,185,0.4907161803713528,2.185028232202309,12.76387332204839,377
1000635,2.67720562706956,13,112,0.7,3.37720562706956,12.462558692794849,160
1000636,1.1400457981819088,3,4,0.12903225806451613,1.2690780562464248,5.64516129032258,31
1000637,2.4972454137261546,11,100,0.7194244604316546,3.2166698741578093,12.258263604675157,139
1000638,2.581241485259304,6,51,0.8095238095238095,3.3907652947831135,10.857142857142858,63
1000639,0.0,1,0,0.0,0.0,3.584962500721156,11
1000640,0.0,1,0,0.0,0.0,3.4594316186372973,10
1000641,0.6500224216483541,2,1,0.16666666666666666,0.8166890883150207,3.2752474090672052,6
1000642,1.985228136034252,5,10,0.7142857142857143,2.6995138503199665,6.69752673532889,14
1000643,0.9852281360342516,2,1,0.14285714285714285,1.1280852788913944,3.4285714285714284,7
1000644,0.7219280948873623,2,2,0.4,1.1219280948873624,3.618947501009618,5
1000645,2.229573958513622,5,9,0.75,2.979573958513622,6.475769506746912,12
1000646,0.874309554640566,4,6,0.24,1.114309554640566,5.828545250494954,25
1000647,2.168925284309784,8,49,0.6447368421052632,2.813662126415047,10.3072147050903,76
1000648,2.509824487180267,8,195,0.8986175115207373,3.4084419987010044,14.748810791742367,217
1000649,3.0998625053956435,11,28,0.7777777777777778,3.877640283173421,9.2612504277848,36
1000650,2.801358786427855,13,98,0.49246231155778897,3.293821097985644,11.408167278206498,199
1000651,1.5794160077843602,4,14,0.6086956521739131,2.188111659958273,7.375809240290556,23
1000652,1.825605199016944,4,5,0.3333333333333333,2.158938532350277,5.333333333333333,15
1000653,1.8423709931771088,4,4,0.5714285714285714,2.4137995646056805,4.714285714285714,7
1000654,2.644076633646338,9,42,0.7241379310344828,3.368214564680821,10.142488016141106,58
1000655,2.3655962303576024,7,20,0.6666666666666666,3.032262897024269,8.256993850644792,30
1000656,2.276089848533274,8,23,0.6388888888888888,2.914978737422163,8.537715238114112,36
1000657,1.8910611120726528,4,5,0.5555555555555556,2.4466166676282084,5.167443703158119,9
1000658,1.9507655125694128,7,177,0.6344086021505376,2.5851741147199503,13.286570092211129,279
1000659,3.1250562484249,13,46,0.8214285714285714,3.946484819853471,10.624192525800064,56
1000660,1.9219280948873625,4,4,0.8,2.7219280948873625,4.652932501298081,5
1000661,1.5487949406953987,4,5,0.625,2.173794940695399,5.151128127343757,8
