khipu_id,num_nodes,num_edges,avg_degree,max_degree,density,depth,width,avg_branching,num_roots,num_leaves,has_numeric,has_color,avg_numeric_value,std_numeric_value
1000000,19,18,1.894736842105263,13,0.05263157894736842,2,13,3.0,1,13,0.5263157894736842,0.9473684210526315,6.2,5.344155686354955
1000001,7,6,1.7142857142857142,6,0.14285714285714285,1,6,6.0,1,6,0.8571428571428571,0.8571428571428571,18537043.166666668,41400402.05301871
1000002,31,30,1.935483870967742,24,0.03225806451612903,2,24,4.285714285714286,1,24,0.9032258064516129,0.9032258064516129,4897835.285714285,20637113.91739299
1000003,39,38,1.9487179487179487,31,0.02564102564102564,2,31,4.75,1,31,0.8205128205128205,0.8461538461538461,7395919.96875,26849178.311704285
1000004,177,176,1.9887005649717515,159,0.005649717514124294,2,159,10.352941176470589,1,160,0.8926553672316384,0.9774011299435028,711865.6962025317,8811267.16439381
1000005,63,62,1.9682539682539681,49,0.015873015873015872,2,49,4.428571428571429,1,49,0.6349206349206349,0.9365079365079365,622541.275,2418316.2932756124
1000006,81,80,1.9753086419753085,45,0.012345679012345678,3,45,2.4242424242424243,1,48,0.4691358024691358,0.9876543209876543,1.605263157894737,0.7447879841097318
1000007,344,343,1.994186046511628,176,0.0029069767441860465,3,176,3.2358490566037736,1,238,0.8313953488372093,0.997093023255814,4995002.0,22008279.76388802
1000008,60,59,1.9666666666666666,24,0.016666666666666666,3,31,4.538461538461538,1,47,0.8666666666666667,0.95,2139350.826923077,15259106.26023902
1000009,127,126,1.984251968503937,50,0.007874015748031496,3,54,2.423076923076923,1,75,0.7716535433070866,0.968503937007874,1401.9591836734694,11250.527040641766
1000010,89,88,1.9775280898876404,65,0.011235955056179775,3,65,8.8,1,79,0.8539325842696629,0.9550561797752809,7160536.7894736845,24803774.279920578
1000011,45,44,1.9555555555555555,23,0.022222222222222223,2,23,2.933333333333333,1,30,0.7111111111111111,0.8888888888888888,7642.78125,26850.465264514478
1000012,117,116,1.982905982905983,72,0.008547008547008548,3,72,3.135135135135135,1,80,0.9316239316239316,0.9572649572649573,9927204.724770643,30514264.306999486
1000013,31,30,1.935483870967742,30,0.03225806451612903,1,30,30.0,1,30,0.25806451612903225,0.7741935483870968,2.25,1.3919410907075054
1000014,38,37,1.9473684210526316,37,0.02631578947368421,1,37,37.0,1,37,0.3157894736842105,0.9736842105263158,3.5,2.5
1000015,33,32,1.9393939393939394,30,0.030303030303030304,2,30,10.666666666666666,1,30,0.6666666666666666,0.9393939393939394,10606734.545454545,31866021.30252811
1000017,40,39,1.95,30,0.025,2,30,3.9,1,30,0.825,0.975,412.6363636363636,1909.457321258579
1000018,443,442,1.9954853273137698,222,0.002257336343115124,3,222,2.6467065868263475,1,276,0.7404063205417607,0.9932279909706546,1707596.6981707318,13612329.157190574
1000019,165,164,1.9878787878787878,149,0.006060606060606061,2,149,13.666666666666666,1,153,0.6060606060606061,0.9575757575757575,1113.8,11055.235289219312
1000020,771,769,1.9948119325551232,281,0.0012953324237370929,5,400,3.6445497630331753,2,560,0.6134889753566797,0.9753566796368353,1.723044397463002,1.3552176331217076
1000021,123,122,1.983739837398374,97,0.008130081300813009,2,95,4.88,1,98,0.8373983739837398,0.8943089430894309,129586.63106796116,1098085.2972103546
1000022,163,162,1.9877300613496933,136,0.006134969325153374,2,136,8.1,1,143,0.8404907975460123,0.9815950920245399,814.1897810218978,9457.964366045404
1000023,573,572,1.9965095986038395,407,0.0017452006980802793,3,406,7.15,1,493,0.5549738219895288,0.9650959860383944,3941630.757861635,19426509.590928633
1000024,574,573,1.9965156794425087,482,0.0017421602787456446,3,472,6.741176470588235,1,489,0.7386759581881533,0.9442508710801394,2350044.337264151,15167877.918053748
1000025,875,874,1.9977142857142858,571,0.001142857142857143,3,570,8.323809523809524,1,770,0.6297142857142857,0.9645714285714285,22613.46279491833,475219.71627285786
1000026,19,18,1.894736842105263,10,0.05263157894736842,2,10,2.0,1,10,0.8947368421052632,0.9473684210526315,6.411764705882353,1.9420675316728444
1000027,21,20,1.9047619047619047,12,0.047619047619047616,2,12,2.2222222222222223,1,12,0.42857142857142855,0.9047619047619048,1.7777777777777777,1.1331154474650633
1000028,22,21,1.9090909090909092,10,0.045454545454545456,2,11,3.0,1,15,0.6363636363636364,0.8636363636363636,1.7857142857142858,1.0809104250301114
1000029,254,253,1.9921259842519685,211,0.003937007874015748,3,201,7.4411764705882355,1,220,0.6377952755905512,0.9803149606299213,768317.561728395,8740417.9328722
1000030,29,28,1.9310344827586208,17,0.034482758620689655,2,17,2.5454545454545454,1,18,0.7931034482758621,0.9655172413793104,4.913043478260869,3.133452651604739
1000031,15,14,1.8666666666666667,14,0.06666666666666667,1,14,14.0,1,14,0.8,0.9333333333333333,5.5,3.304037933599835
1000032,144,143,1.9861111111111112,56,0.006944444444444444,2,87,3.25,1,100,0.9097222222222222,0.9930555555555556,6506260.442748091,23273436.323534664
1000033,69,68,1.9710144927536233,50,0.014492753623188406,2,50,3.5789473684210527,1,50,0.6666666666666666,0.9855072463768116,8.891304347826088,22.888413872591176
1000034,101,100,1.9801980198019802,68,0.009900990099009901,2,65,3.125,1,69,0.9702970297029703,0.9801980198019802,11348.959183673469,111663.92023113863
1000035,37,36,1.945945945945946,18,0.02702702702702703,2,18,1.894736842105263,1,18,0.7837837837837838,0.9459459459459459,4.689655172413793,2.805210033022447
1000036,21,20,1.9047619047619047,20,0.047619047619047616,1,20,20.0,1,20,0.9523809523809523,0.9523809523809523,8.35,23.622605698779292
1000037,38,37,1.9473684210526316,28,0.02631578947368421,2,27,6.166666666666667,1,32,0.9210526315789473,0.9473684210526315,31751.485714285714,185109.48804784563
1000038,6,5,1.6666666666666667,3,0.16666666666666666,2,3,1.6666666666666667,1,3,0.6666666666666666,0.8333333333333334,2.25,1.299038105676658
1000039,65,64,1.9692307692307693,64,0.015384615384615385,1,64,64.0,1,64,0.7230769230769231,0.9846153846153847,2.7872340425531914,1.9562901300378879
1000040,102,101,1.9803921568627452,80,0.00980392156862745,2,80,7.769230769230769,1,89,0.5588235294117647,0.9901960784313726,5268.421052631579,20508.19079410166
1000041,49,48,1.9591836734693877,48,0.02040816326530612,1,48,48.0,1,48,0.9795918367346939,0.9795918367346939,64569.770833333336,223883.0733470077
1000042,74,73,1.972972972972973,66,0.013513513513513514,2,66,9.125,1,66,0.9324324324324325,0.9864864864864865,185535.30434782608,1331764.4879537027
1000043,22,21,1.9090909090909092,9,0.045454545454545456,2,12,2.1,1,12,0.9545454545454546,0.9545454545454546,2677492.4285714286,4714768.11228378
1000044,29,28,1.9310344827586208,16,0.034482758620689655,2,16,2.1538461538461537,1,16,0.9655172413793104,0.9655172413793104,4183132.464285714,20582534.738272034
1000045,315,314,1.9936507936507937,266,0.0031746031746031746,2,266,8.486486486486486,1,278,0.6571428571428571,0.9968253968253968,2913424.347826087,17075658.99037067
1000046,21,20,1.9047619047619047,18,0.047619047619047616,2,18,10.0,1,19,0.9523809523809523,0.9523809523809523,19010.1,38926.58749094248
1000047,72,71,1.9722222222222223,43,0.013888888888888888,2,43,2.4482758620689653,1,43,0.9444444444444444,0.9861111111111112,9589496.661764706,28818252.9686928
1000048,22,21,1.9090909090909092,21,0.045454545454545456,1,21,21.0,1,21,0.9545454545454546,0.9545454545454546,2971757.095238095,4713157.605265567
1000049,23,22,1.9130434782608696,12,0.043478260869565216,2,12,2.2,1,13,0.8695652173913043,0.9565217391304348,11682.35,33231.27598253639
1000050,55,54,1.9636363636363636,49,0.01818181818181818,2,49,9.0,1,49,0.7818181818181819,0.9818181818181818,5471266.5813953485,23391984.1854654
1000051,30,29,1.9333333333333333,29,0.03333333333333333,1,29,29.0,1,29,0.8666666666666667,0.9666666666666667,864252.0384615385,2958158.8403608743
1000052,43,42,1.9534883720930232,34,0.023255813953488372,3,34,5.25,1,35,0.7209302325581395,0.9767441860465116,2.6451612903225805,1.5564307202341703
1000053,288,287,1.9930555555555556,287,0.003472222222222222,1,287,287.0,1,287,0.7881944444444444,0.9965277777777778,2246166.806167401,14671842.110597812
1000054,21,20,1.9047619047619047,20,0.047619047619047616,1,20,20.0,1,20,0.9047619047619048,0.9523809523809523,590648.7368421053,2479820.4727721266
1000055,12,11,1.8333333333333333,7,0.08333333333333333,2,7,2.2,1,7,0.9166666666666666,0.9166666666666666,113455.09090909091,350647.7062254558
1000056,43,42,1.9534883720930232,42,0.023255813953488372,1,42,42.0,1,42,0.023255813953488372,0.9534883720930233,1.0,0.0
1000057,164,163,1.9878048780487805,163,0.006097560975609756,1,163,163.0,1,163,0.676829268292683,0.9939024390243902,4675987.774774775,20730788.6513218
1000058,54,53,1.962962962962963,35,0.018518518518518517,2,35,3.1176470588235294,1,37,0.9629629629629629,0.9814814814814815,21394.153846153848,152592.07645302414
1000059,16,15,1.875,13,0.0625,2,13,5.0,1,13,0.9375,0.9375,7419.933333333333,27713.953685142475
1000060,28,27,1.9285714285714286,13,0.03571428571428571,3,13,1.9285714285714286,1,14,0.9285714285714286,0.9642857142857143,4273508.884615385,21367521.02307729
1000061,8,7,1.75,4,0.125,3,3,2.3333333333333335,1,5,0.625,0.875,22228.0,44442.00009900545
1000062,8,7,1.75,4,0.125,3,3,2.3333333333333335,1,5,0.75,0.875,18524.0,41406.612483193225
1000063,358,357,1.994413407821229,339,0.002793296089385475,2,339,18.789473684210527,1,339,0.4888268156424581,0.9972067039106145,795425.4514285715,8447508.48218552
1000064,24,23,1.9166666666666667,23,0.041666666666666664,1,23,23.0,1,23,0.7916666666666666,0.9583333333333334,16.210526315789473,32.6667043548504
1000065,102,101,1.9803921568627452,101,0.00980392156862745,1,101,101.0,1,101,0.0,0.9901960784313726,0.0,0.0
1000066,8,7,1.75,7,0.125,1,7,7.0,1,7,0.75,0.875,24.166666666666668,38.903370319578
1000067,14,13,1.8571428571428572,10,0.07142857142857142,2,10,6.5,1,12,0.9285714285714286,0.9285714285714286,8662.461538461539,29576.650136982113
1000068,9,8,1.7777777777777777,8,0.1111111111111111,1,8,8.0,1,8,0.7777777777777778,0.8888888888888888,2.5714285714285716,1.3997084244475304
1000069,7,6,1.7142857142857142,5,0.14285714285714285,2,5,3.0,1,5,0.8571428571428571,0.8571428571428571,1870577.8333333333,4132690.124333157
1000070,12,11,1.8333333333333333,9,0.08333333333333333,2,9,3.6666666666666665,1,9,0.9166666666666666,0.9166666666666666,2237520.8181818184,4206065.850659428
1000071,56,55,1.9642857142857142,55,0.017857142857142856,1,48,55.0,1,55,0.75,0.9821428571428571,7214219.642857143,23589896.200056892
1000072,14,13,1.8571428571428572,13,0.07142857142857142,1,13,13.0,1,13,0.8571428571428571,0.9285714285714286,1954644.0833333333,4106023.03508548
1000073,12,11,1.8333333333333333,11,0.08333333333333333,1,11,11.0,1,11,0.9166666666666666,0.9166666666666666,217.0909090909091,454.9356507034722
1000074,21,20,1.9047619047619047,15,0.047619047619047616,2,15,10.0,1,19,0.7619047619047619,0.9523809523809523,22469192.75,42747498.49719719
1000075,12,11,1.8333333333333333,7,0.08333333333333333,2,7,2.2,1,7,0.75,0.9166666666666666,15078536.666666666,34714477.80694126
1000076,37,36,1.945945945945946,32,0.02702702702702703,2,32,7.2,1,32,0.972972972972973,0.972972972972973,24444635.888888888,50948980.79315449
1000077,282,281,1.9929078014184398,280,0.0035460992907801418,2,280,140.5,1,280,0.07446808510638298,0.9964539007092199,3.9523809523809526,2.7163734660860306
1000078,10,9,1.8,8,0.1,2,8,4.5,1,8,0.9,0.9,1385324.4444444445,3455180.260483063
1000079,95,94,1.9789473684210526,70,0.010526315789473684,2,70,4.086956521739131,1,72,0.7368421052631579,0.9894736842105263,2424295.9571428574,13392099.364996962
1000080,36,35,1.9444444444444444,35,0.027777777777777776,1,35,35.0,1,35,0.8333333333333334,0.9444444444444444,78565.43333333333,276681.4649035582
1000081,29,28,1.9310344827586208,23,0.034482758620689655,2,23,5.6,1,24,0.9655172413793104,0.9655172413793104,10088722.535714285,29987961.87625655
1000082,17,16,1.8823529411764706,16,0.058823529411764705,1,16,16.0,1,16,0.8823529411764706,0.9411764705882353,29801113.533333335,49050059.67774434
1000083,158,157,1.9873417721518987,104,0.006329113924050633,3,104,3.738095238095238,1,116,0.8607594936708861,0.9810126582278481,829371.6691176471,9492030.599676045
1000084,7,6,1.7142857142857142,6,0.14285714285714285,1,6,6.0,1,6,0.7142857142857143,0.8571428571428571,2444692.0,4354511.671086162
1000085,290,289,1.993103448275862,269,0.0034482758620689655,2,269,13.761904761904763,1,269,0.4827586206896552,0.996551724137931,1703591.8714285714,13212065.693105811
1000086,15,14,1.8666666666666667,14,0.06666666666666667,1,14,14.0,1,14,0.9333333333333333,0.9333333333333333,17239322.35714286,38443102.762326635
1000087,29,28,1.9310344827586208,16,0.034482758620689655,2,16,2.1538461538461537,1,16,0.896551724137931,0.9655172413793104,7.538461538461538,22.099827303938493
1000088,196,195,1.989795918367347,195,0.00510204081632653,1,195,195.0,1,195,0.0,0.0,0.0,0.0
1000089,288,287,1.9930555555555556,146,0.003472222222222222,2,146,2.0211267605633805,1,146,0.7118055555555556,0.9861111111111112,1468677.4292682926,11043679.059375258
1000090,16,15,1.875,11,0.0625,2,11,5.0,1,13,0.625,0.9375,126.4,330.06762943372684
1000091,50,49,1.96,47,0.02,2,47,16.333333333333332,1,47,0.74,0.98,6375868.864864865,25101529.22958628
1000092,14,13,1.8571428571428572,13,0.07142857142857142,1,13,13.0,1,13,0.5714285714285714,0.9285714285714286,15277783.75,36403727.54176699
1000093,24,23,1.9166666666666667,22,0.041666666666666664,2,22,11.5,1,22,0.875,0.9583333333333334,5879533.142857143,23648654.285328053
1000094,286,285,1.993006993006993,181,0.0034965034965034965,3,181,3.313953488372093,1,200,0.9020979020979021,0.9965034965034965,1473171.0,11970955.159012776
1000096,1832,1831,1.9989082969432315,1650,0.0005458515283842794,3,1650,13.268115942028986,1,1694,0.2177947598253275,0.9978165938864629,162612.23308270678,1242342.0760989133
1000097,88,87,1.9772727272727273,54,0.011363636363636364,3,54,3.9545454545454546,1,66,0.8068181818181818,0.9886363636363636,7077508.563380281,25576735.070665248
1000098,50,49,1.96,33,0.02,2,33,4.454545454545454,1,39,0.46,0.98,4.130434782608695,2.7075473872939595
1000099,44,43,1.9545454545454546,43,0.022727272727272728,1,43,43.0,1,43,0.8181818181818182,0.9772727272727273,7.472222222222222,18.02542357509882
1000100,26,25,1.9230769230769231,25,0.038461538461538464,1,25,25.0,1,25,0.8076923076923077,0.9615384615384616,5304.047619047619,23685.09280112139
1000101,29,28,1.9310344827586208,22,0.034482758620689655,2,22,7.0,1,25,0.896551724137931,0.9655172413793104,69.15384615384616,212.68479608379883
1000103,542,541,1.996309963099631,415,0.0018450184501845018,2,415,4.7043478260869565,1,427,0.43911439114391143,0.996309963099631,1.3781512605042017,0.7446345518277554
1000105,13,12,1.8461538461538463,12,0.07692307692307693,1,12,12.0,1,12,0.3076923076923077,0.9230769230769231,4.25,1.479019945774904
1000106,19,18,1.894736842105263,18,0.05263157894736842,1,18,18.0,1,18,0.9473684210526315,0.9473684210526315,3.9444444444444446,2.4374901076089226
1000107,16,15,1.875,15,0.0625,1,15,15.0,1,15,0.875,0.9375,1.5714285714285714,0.82065180664829
1000108,26,25,1.9230769230769231,25,0.038461538461538464,1,25,25.0,1,25,0.8846153846153846,0.9615384615384616,4843.652173913043,22656.29605287543
1000109,11,10,1.8181818181818181,4,0.09090909090909091,3,4,2.5,1,7,0.7272727272727273,0.9090909090909091,157.0,364.5603516566221
1000110,22,21,1.9090909090909092,21,0.045454545454545456,1,21,21.0,1,21,0.8636363636363636,0.9545454545454546,62.63157894736842,248.52135575424495
1000111,12,11,1.8333333333333333,9,0.08333333333333333,2,9,5.5,1,10,0.4166666666666667,0.9166666666666666,49.6,54.34556099627641
1000112,5,4,1.6,4,0.2,1,4,4.0,1,4,0.8,0.8,2788.5,4806.731815901528
1000113,36,35,1.9444444444444444,35,0.027777777777777776,1,35,35.0,1,35,0.9722222222222222,0.9444444444444444,7706870.371428572,25695406.424819432
1000114,15,14,1.8666666666666667,13,0.06666666666666667,2,13,7.0,1,13,0.7333333333333333,0.9333333333333333,1010215.0909090909,3194218.8650889406
1000115,191,190,1.9895287958115184,180,0.005235602094240838,2,180,17.272727272727273,1,180,0.9738219895287958,0.9895287958115183,5396275.854838709,23838454.73023283
1000116,21,20,1.9047619047619047,20,0.047619047619047616,1,20,20.0,1,20,0.9523809523809523,0.9523809523809523,12.1,0.6244997998398398
1000117,19,18,1.894736842105263,12,0.05263157894736842,2,12,2.5714285714285716,1,12,0.7894736842105263,0.9473684210526315,4.4,1.854723699099141
1000118,31,30,1.935483870967742,30,0.03225806451612903,1,30,30.0,1,30,0.967741935483871,0.967741935483871,27937481.8,61511259.42797956
1000119,63,62,1.9682539682539681,62,0.015873015873015872,1,62,62.0,1,62,0.8888888888888888,0.9841269841269841,2733404.339285714,14824187.925132735
1000120,91,90,1.978021978021978,88,0.01098901098901099,2,88,30.0,1,88,0.8241758241758241,0.989010989010989,6256922.426666667,25604824.338723026
1000121,124,123,1.9838709677419355,110,0.008064516129032258,2,110,8.785714285714286,1,110,0.8548387096774194,0.9919354838709677,1052.1415094339623,10740.93785427553
1000122,19,18,1.894736842105263,18,0.05263157894736842,1,18,18.0,1,18,0.9473684210526315,0.9473684210526315,700152.1111111111,2537579.92653026
1000123,21,20,1.9047619047619047,20,0.047619047619047616,1,20,20.0,1,20,0.9523809523809523,0.9523809523809523,29019711.45,47519787.34533681
1000124,113,112,1.9823008849557522,112,0.008849557522123894,1,112,112.0,1,112,0.9380530973451328,0.9911504424778761,11312699.198113207,29346201.220907725
1000125,42,41,1.9523809523809523,27,0.023809523809523808,3,27,3.1538461538461537,1,29,0.8809523809523809,0.9761904761904762,3974853.2972972975,18109262.423806142
1000126,48,47,1.9583333333333333,23,0.020833333333333332,3,23,2.473684210526316,1,29,0.875,0.9791666666666666,4.190476190476191,3.4999190142881824
1000127,119,118,1.9831932773109244,80,0.008403361344537815,2,80,4.916666666666667,1,95,0.8907563025210085,0.9915966386554622,6060441.103773585,23539023.055250566
1000128,41,40,1.951219512195122,21,0.024390243902439025,2,21,2.5,1,25,0.9512195121951219,0.975609756097561,345.6666666666667,1763.8940507361042
1000129,4,3,1.5,3,0.25,1,3,3.0,1,3,0.75,0.75,9.333333333333334,2.6246692913372702
1000130,10,9,1.8,6,0.1,2,6,2.25,1,6,0.8,0.9,4.25,2.277608394786075
1000131,66,65,1.9696969696969697,65,0.015151515151515152,1,65,65.0,1,65,0.9242424242424242,0.9848484848484849,14731.442622950819,32230.60039904273
1000132,35,34,1.9428571428571428,18,0.02857142857142857,2,18,2.0,1,18,0.7714285714285715,0.9714285714285714,43.55555555555556,209.9349693548568
1000133,19,18,1.894736842105263,18,0.05263157894736842,1,18,18.0,1,18,0.631578947368421,0.9473684210526315,92596.08333333333,307095.6110691094
1000134,9,8,1.7777777777777777,8,0.1111111111111111,1,8,8.0,1,8,0.8888888888888888,0.8888888888888888,2782.75,4808.317396709581
1000135,17,16,1.8823529411764706,16,0.058823529411764705,1,16,16.0,1,16,0.8823529411764706,0.8823529411764706,4.866666666666666,2.679966832298904
1000136,6,5,1.6666666666666667,5,0.16666666666666666,1,5,5.0,1,5,0.6666666666666666,0.8333333333333334,55555562.5,55555550.00000014
1000137,28,27,1.9285714285714286,26,0.03571428571428571,2,26,13.5,1,26,0.8214285714285714,0.9642857142857143,5.0,2.7346409032202414
1000138,34,33,1.9411764705882353,22,0.029411764705882353,2,22,3.0,1,23,0.9705882352941176,0.9705882352941176,3368093.3333333335,19046454.869071934
1000139,22,21,1.9090909090909092,19,0.045454545454545456,2,19,7.0,1,19,0.6818181818181818,0.9545454545454546,7408901.066666666,27715581.937145095
1000140,363,362,1.9944903581267217,222,0.0027548209366391185,3,222,4.022222222222222,1,273,0.5674931129476584,0.9972451790633609,753.1067961165048,7823.982863776752
1000141,10,9,1.8,9,0.1,1,9,9.0,1,9,0.8,0.9,15444468.125,36335490.533964336
1000142,19,18,1.894736842105263,18,0.05263157894736842,1,18,18.0,1,18,0.8947368421052632,0.9473684210526315,91597.5294117647,259107.1594413758
1000143,31,30,1.935483870967742,30,0.03225806451612903,1,30,30.0,1,30,0.9354838709677419,0.967741935483871,2.896551724137931,1.3220889319090217
1000144,126,125,1.9841269841269842,101,0.007936507936507936,3,101,5.0,1,101,0.6428571428571429,0.9920634920634921,1848489.2098765431,12396489.379849533
1000145,25,24,1.92,23,0.04,2,23,12.0,1,23,0.96,0.96,62.125,220.88294647090044
1000146,60,59,1.9666666666666666,32,0.016666666666666666,4,32,2.269230769230769,1,34,0.95,0.9833333333333333,6677519.771929825,24776833.11416122
1000147,339,338,1.9941002949852507,224,0.0029498525073746312,4,224,3.1296296296296298,1,231,0.7905604719764012,0.9970501474926253,2801710.98880597,16473475.254384624
1000148,304,303,1.993421052631579,219,0.003289473684210526,3,219,5.9411764705882355,1,253,0.5526315789473685,0.9967105263157895,1557486.261904762,12115621.240644723
1000149,16,15,1.875,15,0.0625,1,15,15.0,1,15,0.9375,0.9375,765.0666666666667,2765.280973467655
1000150,31,30,1.935483870967742,29,0.03225806451612903,2,29,15.0,1,29,0.9032258064516129,0.967741935483871,7963.821428571428,28607.92880985166
1000151,29,28,1.9310344827586208,27,0.034482758620689655,2,27,14.0,1,27,0.7586206896551724,0.9655172413793104,627561.3181818182,2311639.6371443286
1000152,36,35,1.9444444444444444,27,0.027777777777777776,2,27,5.0,1,29,0.8611111111111112,0.9722222222222222,7968067.258064516,27222549.666006573
1000154,6,5,1.6666666666666667,5,0.16666666666666666,1,5,5.0,1,5,0.8333333333333334,0.8333333333333334,3.6,3.7202150475476548
1000155,2,1,1.0,1,0.5,1,1,1.0,1,1,0.5,0.5,1.1111111111111111e+21,0.0
1000156,8,7,1.75,4,0.125,2,4,1.75,1,4,0.625,0.875,2224670.8,4443224.065650005
1000157,10,9,1.8,9,0.1,1,9,9.0,1,9,0.9,0.9,123462.11111111111,349186.6134008018
1000158,31,30,1.935483870967742,23,0.03225806451612903,3,23,4.285714285714286,1,24,0.9032258064516129,0.967741935483871,4053.6428571428573,20606.131825284927
1000159,65,64,1.9692307692307693,32,0.015384615384615385,2,32,2.909090909090909,1,43,0.7846153846153846,0.9846153846153847,220.58823529411765,1540.704195712182
1000160,4,3,1.5,3,0.25,1,3,3.0,1,3,0.75,0.0,37077.333333333336,52353.96928812773
1000161,13,12,1.8461538461538463,12,0.07692307692307693,1,12,12.0,1,12,0.8461538461538461,0.9230769230769231,1269.6363636363637,3138.204966732278
1000162,36,35,1.9444444444444444,23,0.027777777777777776,2,23,2.6923076923076925,1,23,0.7777777777777778,0.8888888888888888,48.75,205.5257413492112
1000163,20,19,1.9,19,0.05,1,19,19.0,1,19,0.95,0.95,3.6842105263157894,0.7981974151633211
1000164,87,86,1.9770114942528736,85,0.011494252873563218,2,73,43.0,1,85,0.9080459770114943,0.9885057471264368,9336640.683544304,29324132.769614067
1000165,65,64,1.9692307692307693,37,0.015384615384615385,2,37,2.2857142857142856,1,37,0.9846153846153847,0.9846153846153847,237380.71875,1389857.5560253744
1000166,29,28,1.9310344827586208,27,0.034482758620689655,2,25,14.0,1,27,0.7931034482758621,0.9655172413793104,14.652173913043478,31.31412890672748
1000167,25,24,1.92,15,0.04,2,15,2.4,1,15,0.8,0.96,67399.05,241716.19726809266
1000168,4,3,1.5,3,0.25,1,3,3.0,1,3,0.75,0.75,13.0,0.0
1000169,21,20,1.9047619047619047,20,0.047619047619047616,1,20,20.0,1,20,0.5714285714285714,0.9523809523809523,2.0,0.816496580927726
1000170,50,49,1.96,20,0.02,2,29,2.45,1,30,0.66,0.96,1.5757575757575757,0.779677595773855
1000171,16,15,1.875,15,0.0625,1,15,15.0,1,15,0.9375,0.9375,3.533333333333333,2.0933757957476775
1000172,28,27,1.9285714285714286,27,0.03571428571428571,1,27,27.0,1,27,0.8214285714285714,0.9642857142857143,4.391304347826087,2.698455765075287
1000173,9,8,1.7777777777777777,8,0.1111111111111111,1,8,8.0,1,8,0.8888888888888888,0.8888888888888888,4.25,3.031088913245535
1000174,26,25,1.9230769230769231,25,0.038461538461538464,1,25,25.0,1,25,0.23076923076923078,0.0,20372595.666666668,40782199.681019984
1000176,39,38,1.9487179487179487,38,0.02564102564102564,1,38,38.0,1,38,0.48717948717948717,0.9743589743589743,1.6842105263157894,0.8616160812497315
1000177,29,23,1.5862068965517242,9,0.02832512315270936,2,12,1.5333333333333334,6,14,0.6896551724137931,0.7586206896551724,3.1,3.858756276314948
1000178,33,32,1.9393939393939394,16,0.030303030303030304,2,16,1.8823529411764706,1,16,0.7878787878787878,0.9696969696969697,3.8076923076923075,2.5872353936680215
1000179,27,26,1.9259259259259258,21,0.037037037037037035,2,21,4.333333333333333,1,21,0.8888888888888888,0.9629629629629629,568398.5833333334,2221529.2892963
1000180,106,105,1.9811320754716981,85,0.009433962264150943,2,85,7.0,1,91,0.2830188679245283,0.9716981132075472,7.066666666666666,19.595804539634383
1000182,4,3,1.5,3,0.25,1,3,3.0,1,3,0.75,0.75,371161.6666666667,523303.0944276515
1000183,590,589,1.9966101694915255,559,0.001694915254237288,3,557,19.0,1,559,0.31186440677966104,0.9677966101694915,6169.967391304348,81687.82009863114
1000184,91,90,1.978021978021978,90,0.01098901098901099,1,89,90.0,1,90,0.46153846153846156,0.989010989010989,2651.5,16938.69235725738
1000185,76,75,1.9736842105263157,42,0.013157894736842105,3,42,2.2058823529411766,1,42,0.9868421052631579,0.9868421052631579,1.481481483111649e+17,1.2744185580614387e+18
1000186,13,12,1.8461538461538463,12,0.07692307692307693,1,12,12.0,1,12,0.6923076923076923,0.9230769230769231,1.0,0.0
1000187,12,11,1.8333333333333333,7,0.08333333333333333,2,7,5.5,1,10,0.9166666666666666,0.8333333333333334,2.727272727272727,2.178027009220171
1000188,40,39,1.95,20,0.025,2,20,1.95,1,20,0.675,0.975,2.740740740740741,2.3348025944406645
1000189,11,10,1.8181818181818181,9,0.09090909090909091,2,9,5.0,1,9,0.9090909090909091,0.9090909090909091,1011111.0,300000.0
1000190,10,9,1.8,9,0.1,1,9,9.0,1,9,0.4,0.9,4.5,2.0615528128088303
1000191,11,10,1.8181818181818181,10,0.09090909090909091,1,10,10.0,1,10,0.9090909090909091,0.9090909090909091,1373.5,3272.8224287302846
1000192,76,75,1.9736842105263157,60,0.013157894736842105,2,54,5.769230769230769,1,63,0.7894736842105263,0.9473684210526315,9.75,23.551096931282558
1000194,9,8,1.7777777777777777,7,0.1111111111111111,2,7,4.0,1,7,0.5555555555555556,0.8888888888888888,1.4,0.8
1000195,4,3,1.5,3,0.25,1,3,3.0,1,3,0.5,0.75,2.0,1.0
1000196,3,2,1.3333333333333333,2,0.3333333333333333,1,2,2.0,1,2,0.0,0.6666666666666666,0.0,0.0
1000197,78,77,1.9743589743589745,54,0.01282051282051282,2,54,3.5,1,56,0.5256410256410257,0.9871794871794872,30.317073170731707,171.05446843599697
1000198,261,260,1.9923371647509578,105,0.0038314176245210726,3,139,2.3008849557522124,1,148,0.8773946360153256,0.9961685823754789,7.943231441048035,73.78365228840535
1000199,29,28,1.9310344827586208,19,0.034482758620689655,2,19,3.5,1,21,0.7586206896551724,0.9655172413793104,2.1818181818181817,1.113404428537808
1000200,57,56,1.9649122807017543,49,0.017543859649122806,2,49,8.0,1,50,0.6140350877192983,0.9824561403508771,5.714285714285714,18.654101699199607
1000201,144,143,1.9861111111111112,87,0.006944444444444444,4,87,3.575,1,104,0.8472222222222222,0.9930555555555556,2291559.426229508,14188625.637550607
1000204,17,16,1.8823529411764706,16,0.058823529411764705,1,16,16.0,1,16,0.17647058823529413,0.9411764705882353,4.333333333333333,2.0548046676563256
1000205,5,4,1.6,4,0.2,1,4,4.0,1,4,0.8,0.8,35.75,45.51030103174445
1000206,13,12,1.8461538461538463,8,0.07692307692307693,2,8,3.0,1,9,0.9230769230769231,0.9230769230769231,11121503.416666666,30425253.48829035
1000207,39,38,1.9487179487179487,37,0.02564102564102564,2,37,19.0,1,37,0.717948717948718,0.9743589743589743,7.857142857142857,20.741115629372985
1000208,46,45,1.9565217391304348,27,0.021739130434782608,4,27,2.3684210526315788,1,27,0.8913043478260869,0.9782608695652174,323203.9024390244,1714499.6047408774
1000209,57,56,1.9649122807017543,32,0.017543859649122806,3,32,2.8,1,37,0.9122807017543859,0.9824561403508771,304139.51923076925,1541791.7059614253
1000210,15,14,1.8666666666666667,11,0.06666666666666667,4,11,3.5,1,11,0.6666666666666666,0.9333333333333333,29.7,40.98060516878685
1000211,30,29,1.9333333333333333,27,0.03333333333333333,2,27,14.5,1,28,0.8666666666666667,0.9666666666666667,4273934.807692308,21367435.945162576
1000212,54,53,1.962962962962963,40,0.018518518518518517,2,40,4.818181818181818,1,43,0.8333333333333334,0.9814814814814815,34.75555555555555,165.57041544048803
1000213,37,36,1.945945945945946,36,0.02702702702702703,1,36,36.0,1,36,0.8108108108108109,0.972972972972973,4076.9,19975.38138367659
1000214,46,45,1.9565217391304348,35,0.021739130434782608,2,30,5.0,1,37,0.8695652173913043,0.9782608695652174,2809270.1,17343044.020858143
1000216,11,10,1.8181818181818181,9,0.09090909090909091,2,9,5.0,1,9,0.7272727272727273,0.9090909090909091,1408.0,3668.7020865695813
1000217,8,7,1.75,7,0.125,1,7,7.0,1,7,0.5,0.875,1.0,0.0
1000218,6,5,1.6666666666666667,5,0.16666666666666666,1,5,5.0,1,5,0.8333333333333334,0.8333333333333334,2244456.8,4433535.932886003
1000220,17,16,1.8823529411764706,15,0.058823529411764705,2,15,8.0,1,15,0.9411764705882353,0.9411764705882353,696.8125,2689.448252401178
1000221,34,33,1.9411764705882353,33,0.029411764705882353,1,33,33.0,1,33,0.8823529411764706,0.9705882352941176,2.7,1.8101565309847285
1000222,41,40,1.951219512195122,16,0.024390243902439025,2,24,3.076923076923077,1,28,0.926829268292683,0.9512195121951219,3.210526315789474,2.249653712964475
1000223,32,31,1.9375,24,0.03125,2,24,5.166666666666667,1,26,0.8125,0.96875,128640.5,354833.2819814279
1000224,6,5,1.6666666666666667,5,0.16666666666666666,1,5,5.0,1,5,0.3333333333333333,0.8333333333333334,2.5,0.5
1000225,9,8,1.7777777777777777,8,0.1111111111111111,1,8,8.0,1,8,0.8888888888888888,0.5555555555555556,1.75,2.680951323690902
1000226,7,6,1.7142857142857142,6,0.14285714285714285,1,6,6.0,1,6,0.7142857142857143,0.8571428571428571,247.6,487.213957107142
1000227,52,51,1.9615384615384615,7,0.019230769230769232,3,36,3.1875,1,36,0.7307692307692307,0.9615384615384616,1.9210526315789473,1.5957439932416349
1000228,46,45,1.9565217391304348,45,0.021739130434782608,1,45,45.0,1,45,0.7608695652173914,0.9782608695652174,67820.71428571429,257509.98474162637
1000229,81,80,1.9753086419753085,52,0.012345679012345678,2,52,3.8095238095238093,1,60,0.9135802469135802,0.9753086419753086,2.675675675675676,2.272682116557844
1000230,87,86,1.9770114942528736,61,0.011494252873563218,2,61,4.095238095238095,1,66,0.735632183908046,0.9885057471264368,2.546875,2.3909313529198197
1000231,46,45,1.9565217391304348,42,0.021739130434782608,2,42,11.25,1,42,0.10869565217391304,0.9565217391304348,2244450.6,4488889.200002227
1000232,36,35,1.9444444444444444,27,0.027777777777777776,2,27,3.888888888888889,1,27,0.3333333333333333,0.9722222222222222,9262.916666666666,30708.352743888034
1000233,59,58,1.9661016949152543,56,0.01694915254237288,2,56,29.0,1,57,0.9830508474576272,0.9830508474576272,3.293103448275862,1.4020750716491015
1000234,57,56,1.9649122807017543,56,0.017543859649122806,1,56,56.0,1,56,0.8771929824561403,0.9649122807017544,222522.5,1555514.575048942
1000235,82,81,1.975609756097561,74,0.012195121951219513,4,74,10.125,1,74,0.7926829268292683,0.9878048780487805,516440.73846153845,2330596.2272896958
1000236,83,82,1.9759036144578312,78,0.012048192771084338,2,78,16.4,1,78,0.5060240963855421,0.9759036144578314,276262.5238095238,1692428.4169052306
1000238,327,326,1.9938837920489296,238,0.0030581039755351682,4,238,6.269230769230769,1,275,0.6513761467889908,0.9938837920489296,3913959.5821596244,19818743.074065212
1000239,62,61,1.967741935483871,46,0.016129032258064516,3,45,5.545454545454546,1,51,0.8225806451612904,0.9838709677419355,2422.0392156862745,15449.264675642979
1000240,48,47,1.9583333333333333,47,0.020833333333333332,1,43,47.0,1,47,0.9791666666666666,0.9166666666666666,2601.7872340425533,16078.910547057056
1000241,87,86,1.9770114942528736,76,0.011494252873563218,2,76,17.2,1,82,0.05747126436781609,0.12643678160919541,222497.8,444365.34675845277
1000242,7,6,1.7142857142857142,6,0.14285714285714285,1,6,6.0,1,6,0.5714285714285714,0.8571428571428571,2.5,0.8660254037844386
1000243,24,23,1.9166666666666667,22,0.041666666666666664,2,22,11.5,1,22,0.9166666666666666,0.9583333333333334,622394.7727272727,2310460.674907081
1000244,26,25,1.9230769230769231,12,0.038461538461538464,2,13,5.0,1,21,0.46153846153846156,0.9615384615384616,2.9166666666666665,2.6601482832520613
1000245,34,33,1.9411764705882353,32,0.029411764705882353,2,32,16.5,1,32,0.6764705882352942,0.9705882352941176,4937.130434782609,22640.823798778492
1000246,42,41,1.9523809523809523,41,0.023809523809523808,1,41,41.0,1,41,0.7380952380952381,0.9523809523809523,3731247.6129032257,19608294.314839184
1000247,27,26,1.9259259259259258,26,0.037037037037037035,1,26,26.0,1,26,0.0,0.9629629629629629,0.0,0.0
1000248,27,26,1.9259259259259258,26,0.037037037037037035,1,26,26.0,1,26,0.0,0.9629629629629629,0.0,0.0
1000249,67,66,1.9701492537313432,61,0.014925373134328358,2,61,13.2,1,62,0.9552238805970149,0.9850746268656716,4.796875,13.544117366383643
1000250,75,74,1.9733333333333334,74,0.013333333333333334,1,74,74.0,1,74,0.48,0.92,3155.777777777778,18270.839181467876
1000251,80,79,1.975,66,0.0125,2,66,5.642857142857143,1,66,0.8875,0.9875,314560.08450704225,1838173.673949662
1000252,14,13,1.8571428571428572,13,0.07142857142857142,1,13,13.0,1,13,0.8571428571428571,0.9285714285714286,3.5,0.6454972243679028
1000253,25,24,1.92,24,0.04,1,24,24.0,1,24,0.96,0.96,3.0,1.35400640077266
1000254,12,11,1.8333333333333333,11,0.08333333333333333,1,11,11.0,1,11,0.5833333333333334,0.9166666666666666,5.428571428571429,5.576920370269467
1000255,32,31,1.9375,30,0.03125,2,30,15.5,1,30,0.8125,0.96875,474.96153846153845,2137.9542968557084
1000256,15,14,1.8666666666666667,14,0.06666666666666667,1,14,14.0,1,14,0.4666666666666667,0.9333333333333333,5.285714285714286,3.4522988495984492
1000257,8,7,1.75,6,0.125,2,6,3.5,1,6,0.375,0.875,2.3333333333333335,1.247219128924647
1000258,45,44,1.9555555555555555,44,0.022222222222222223,1,44,44.0,1,44,0.0,0.9777777777777777,0.0,0.0
1000259,112,111,1.9821428571428572,111,0.008928571428571428,1,111,111.0,1,111,0.5089285714285714,0.9910714285714286,2169.40350877193,14646.732141202285
1000260,36,35,1.9444444444444444,32,0.027777777777777776,2,32,11.666666666666666,1,33,0.6111111111111112,0.9722222222222222,5056120.2727272725,23143110.69567018
1000261,36,35,1.9444444444444444,32,0.027777777777777776,2,32,11.666666666666666,1,33,0.6111111111111112,0.9722222222222222,5051070.0,23144201.337551586
1000262,74,73,1.972972972972973,73,0.013513513513513514,1,73,73.0,1,73,0.6891891891891891,0.9864864864864865,3167.2549019607845,15567.715891301457
1000263,75,74,1.9733333333333334,71,0.013333333333333334,2,71,18.5,1,71,0.6533333333333333,0.9866666666666667,3296.2448979591836,15868.855732741276
1000264,115,114,1.982608695652174,112,0.008695652173913044,2,112,38.0,1,112,0.7391304347826086,0.991304347826087,1.7882352941176471,1.3898295929997517
1000265,56,55,1.9642857142857142,49,0.017857142857142856,2,49,11.0,1,51,0.9642857142857143,0.9642857142857143,11237922.0,32716465.19500747
1000266,55,54,1.9636363636363636,36,0.01818181818181818,2,36,2.8421052631578947,1,36,0.9818181818181818,0.9818181818181818,25730.64814814815,150562.682411452
1000267,62,61,1.967741935483871,61,0.016129032258064516,1,61,61.0,1,61,0.9838709677419355,0.9838709677419355,41555.62295081967,197919.0448113111
1000268,73,72,1.9726027397260273,72,0.0136986301369863,1,72,72.0,1,72,0.9863013698630136,0.9863013698630136,5381678.569444444,22190943.01074003
1000269,106,105,1.9811320754716981,70,0.009433962264150943,2,70,2.9166666666666665,1,70,0.9905660377358491,0.9905660377358491,111128.25714285714,1078896.4571266419
1000270,103,102,1.9805825242718447,54,0.009708737864077669,2,54,3.642857142857143,1,75,0.8737864077669902,0.9902912621359223,142300.77777777778,1168717.063628916
1000271,126,125,1.9841269841269842,90,0.007936507936507936,2,90,5.0,1,101,0.6428571428571429,0.9920634920634921,46793.82716049383,210110.37978912564
1000272,62,61,1.967741935483871,60,0.016129032258064516,2,60,30.5,1,60,0.8064516129032258,0.9838709677419355,3.52,2.662630278502819
1000273,372,371,1.9946236559139785,306,0.002688172043010753,2,306,6.183333333333334,1,312,0.8602150537634409,0.9946236559139785,2.215625,2.4913110723823713
1000274,132,131,1.9848484848484849,108,0.007575757575757576,2,108,6.894736842105263,1,113,0.9318181818181818,0.9924242424242424,1113134.5609756098,10058332.27035586
1000275,289,288,1.9930795847750864,206,0.0034602076124567475,2,206,4.571428571428571,1,226,0.8304498269896193,0.9965397923875432,12171.179166666667,101996.88394814028
1000276,9,8,1.7777777777777777,7,0.1111111111111111,2,7,4.0,1,7,0.8888888888888888,0.8888888888888888,222.625,337.5958891559552
1000277,40,39,1.95,39,0.025,1,39,39.0,1,39,0.775,0.925,20143758.322580647,40480636.35823091
1000279,592,588,1.9864864864864864,88,0.0016806146247770612,6,220,2.352,4,342,0.5996621621621622,0.9527027027027027,566963.0845070423,6076563.020464127
1000280,274,273,1.9927007299270072,152,0.0036496350364963502,2,152,3.5454545454545454,1,197,0.9343065693430657,0.9635036496350365,11019656.0390625,33249165.068075553
1000283,44,43,1.9545454545454546,22,0.022727272727272728,2,22,4.3,1,34,0.7727272727272727,0.9545454545454546,3.0294117647058822,2.975243876486006
1000285,158,157,1.9873417721518987,80,0.006329113924050633,3,80,3.488888888888889,1,113,0.7658227848101266,0.9936708860759493,4.446280991735537,13.941999342745277
1000287,261,260,1.9923371647509578,219,0.0038314176245210726,2,219,7.027027027027027,1,224,0.47126436781609193,0.9808429118773946,3.317073170731707,2.3419714895917663
1000288,17,16,1.8823529411764706,13,0.058823529411764705,2,13,8.0,1,15,0.6470588235294118,0.9411764705882353,2.8181818181818183,1.7486712783337588
1000289,13,12,1.8461538461538463,11,0.07692307692307693,2,11,6.0,1,11,0.7692307692307693,0.8461538461538461,2.7,2.4919871588754225
1000290,24,23,1.9166666666666667,15,0.041666666666666664,2,14,11.5,1,22,0.2916666666666667,0.9583333333333334,2.7142857142857144,1.9059520091609046
1000291,25,24,1.92,24,0.04,1,24,24.0,1,24,0.88,0.96,63.5,230.7095281162795
1000292,867,866,1.9976931949250287,332,0.0011534025374855825,4,505,5.154761904761905,1,699,0.8339100346020761,0.9953863898500577,15368315898.272476,412940788063.6269
1000293,322,321,1.9937888198757765,167,0.003105590062111801,3,145,4.397260273972603,1,249,0.8726708074534162,0.984472049689441,4489753.427046264,21551648.239554472
1000295,43,42,1.9534883720930232,28,0.023255813953488372,2,28,14.0,1,40,0.8372093023255814,0.9302325581395349,315.55555555555554,1825.356410318642
1000296,39,38,1.9487179487179487,38,0.02564102564102564,1,38,38.0,1,38,0.7435897435897436,0.9487179487179487,51.13793103448276,202.96708143796008
1000297,25,24,1.92,24,0.04,1,24,24.0,1,24,0.68,0.96,663.0588235294117,2612.3657853638706
1000298,276,275,1.9927536231884058,58,0.0036231884057971015,4,156,3.9855072463768115,1,207,0.7898550724637681,0.9927536231884058,12520.628440366972,106765.84710041113
1000299,257,256,1.9922178988326849,48,0.0038910505836575876,4,143,3.9384615384615387,1,192,0.5992217898832685,0.8793774319066148,203019.64285714287,1275278.2445446022
1000300,90,89,1.9777777777777779,56,0.011111111111111112,3,56,3.1785714285714284,1,62,0.7333333333333333,0.9666666666666667,729598.7424242424,2647076.1617982844
1000301,106,105,1.9811320754716981,66,0.009433962264150943,3,66,3.6206896551724137,1,77,0.6792452830188679,0.9716981132075472,501495.8333333333,2219813.494077574
1000302,101,100,1.9801980198019802,59,0.009900990099009901,3,59,3.225806451612903,1,70,0.6732673267326733,0.9900990099009901,3311200.0147058824,18776271.019920498
1000303,18,17,1.8888888888888888,14,0.05555555555555555,2,14,4.25,1,14,0.9444444444444444,0.9444444444444444,1.1764705882352942,0.3812200410828153
1000304,92,91,1.9782608695652173,76,0.010869565217391304,2,76,5.6875,1,76,0.7065217391304348,0.967391304347826,2.3076923076923075,2.7563804411029103
1000305,76,75,1.9736842105263157,35,0.013157894736842105,3,39,2.027027027027027,1,39,0.7763157894736842,0.9868421052631579,2.1186440677966103,1.3159355216123167
1000306,20,19,1.9,10,0.05,2,10,1.9,1,10,0.85,0.95,2.588235294117647,0.6910200073218078
1000307,21,20,1.9047619047619047,10,0.047619047619047616,2,10,1.8181818181818181,1,10,0.8571428571428571,0.9523809523809523,2.2777777777777777,1.1928283640879938
1000309,43,42,1.9534883720930232,21,0.023255813953488372,2,21,1.9090909090909092,1,21,0.9767441860465116,0.9767441860465116,3.0714285714285716,2.131318138336631
1000310,98,97,1.9795918367346939,89,0.01020408163265306,2,89,10.777777777777779,1,89,0.9795918367346939,0.9897959183673469,14296.729166666666,113652.2107661387
1000312,90,89,1.9777777777777779,89,0.011111111111111112,1,89,89.0,1,89,0.8666666666666667,0.9888888888888889,1714.3461538461538,12589.962609491049
1000313,96,95,1.9791666666666667,87,0.010416666666666666,2,87,10.555555555555555,1,87,0.9479166666666666,0.9895833333333334,2.6483516483516483,2.8182046594804047
1000314,213,212,1.9906103286384977,146,0.004694835680751174,4,146,7.310344827586207,1,184,0.92018779342723,0.9906103286384976,78.31122448979592,722.0228528780044
1000315,87,86,1.9770114942528736,77,0.011494252873563218,2,66,10.75,1,79,0.6896551724137931,0.9885057471264368,1891.8833333333334,14220.513184705707
1000316,127,126,1.984251968503937,59,0.007874015748031496,3,59,3.9375,1,95,0.6771653543307087,0.952755905511811,172009.44186046513,1203933.7273628402
1000317,58,57,1.9655172413793103,9,0.017241379310344827,2,48,5.7,1,48,0.7068965517241379,0.9827586206896551,30.536585365853657,170.88351439146874
1000318,23,22,1.9130434782608696,7,0.043478260869565216,3,13,2.75,1,15,0.9565217391304348,0.9565217391304348,510618.7727272727,2313332.53421314
1000319,24,23,1.9166666666666667,6,0.041666666666666664,3,16,2.875,1,16,0.7083333333333334,0.9583333333333334,729.0,2608.436425952393
1000320,78,77,1.9743589743589745,69,0.01282051282051282,4,69,9.625,1,70,0.6282051282051282,0.9743589743589743,3395.081632653061,17356.93559175102
1000321,1228,1227,1.998371335504886,223,0.0008143322475570033,3,956,9.5859375,1,1100,0.2752442996742671,0.999185667752443,3290.1183431952663,60346.95833481669
1000322,41,40,1.951219512195122,23,0.024390243902439025,2,23,4.0,1,31,0.7804878048780488,0.9512195121951219,7292016.46875,26875587.188323427
1000323,219,218,1.9908675799086757,72,0.0045662100456621,3,144,5.45,1,179,0.730593607305936,0.9817351598173516,9802573.425,32778172.42823156
1000324,66,65,1.9696969696969697,61,0.015151515151515152,2,61,13.0,1,61,0.7121212121212122,0.9848484848484849,35.680851063829785,176.27421896470318
1000325,45,44,1.9555555555555555,43,0.022222222222222223,2,43,22.0,1,43,0.2222222222222222,0.9777777777777777,11227.9,33299.66413178968
1000326,9,8,1.7777777777777777,8,0.1111111111111111,1,8,8.0,1,8,0.8888888888888888,0.8888888888888888,34.25,44.516148755255095
1000327,56,55,1.9642857142857142,29,0.017857142857142856,3,29,2.2916666666666665,1,32,0.3392857142857143,0.9821428571428571,5856.578947368421,24808.71669248488
1000328,23,22,1.9130434782608696,22,0.043478260869565216,1,22,22.0,1,22,0.6521739130434783,0.9565217391304348,7407418.0,27715977.782099027
1000329,305,304,1.9934426229508198,173,0.003278688524590164,3,173,4.405797101449275,1,236,0.8426229508196721,0.9868852459016394,1632109.0155642023,12035011.268192178
1000330,39,38,1.9487179487179487,38,0.02564102564102564,1,38,38.0,1,38,0.7948717948717948,0.9743589743589743,4.612903225806452,3.6954847720308868
1000331,172,171,1.9883720930232558,167,0.005813953488372093,2,167,85.5,1,170,0.872093023255814,0.9767441860465116,10.186666666666667,90.3088321016032
1000332,161,160,1.9875776397515528,125,0.006211180124223602,2,123,6.666666666666667,1,137,0.6770186335403726,0.9937888198757764,2.871559633027523,2.262988676735051
1000333,180,179,1.988888888888889,108,0.005555555555555556,2,108,4.589743589743589,1,141,0.75,0.9833333333333333,173289.06666666668,1344659.9520886901
1000335,47,46,1.9574468085106382,46,0.02127659574468085,1,46,46.0,1,46,0.5957446808510638,0.9787234042553191,842246.25,3005974.990918333
1000336,108,107,1.9814814814814814,107,0.009259259259259259,1,107,107.0,1,107,0.8611111111111112,0.9907407407407407,3947849.2580645164,20327200.312569782
1000337,70,69,1.9714285714285715,25,0.014285714285714285,4,34,2.76,1,45,0.6857142857142857,0.9857142857142858,7513548.916666667,26936027.581895337
1000338,27,26,1.9259259259259258,26,0.037037037037037035,1,26,26.0,1,26,0.8888888888888888,0.9629629629629629,5570.75,22219.770285059953
1000339,58,57,1.9655172413793103,25,0.017241379310344827,4,33,3.3529411764705883,1,41,0.8620689655172413,0.9827586206896551,222247.62,1555552.2049438248
1000340,231,230,1.9913419913419914,81,0.004329004329004329,4,120,3.8983050847457625,1,172,0.6623376623376623,0.9913419913419913,7990.503267973856,89922.24065800334
1000342,187,186,1.9893048128342246,186,0.0053475935828877,1,186,186.0,1,186,0.5133689839572193,0.9679144385026738,119.54166666666667,1129.1958690873291
1000344,320,319,1.99375,319,0.003125,1,319,319.0,1,319,0.80625,0.925,3793453.7751937984,23732478.494164072
1000345,162,161,1.9876543209876543,99,0.006172839506172839,3,87,4.472222222222222,1,126,0.9074074074074074,0.9876543209876543,85467.61904761905,917163.1902264567
1000346,75,74,1.9733333333333334,74,0.013333333333333334,1,74,74.0,1,74,0.56,0.9866666666666667,2.8095238095238093,1.9668453741012746
1000347,10,9,1.8,5,0.1,2,5,4.5,1,8,0.5,0.9,244449.0,435462.58079012943
1000348,5,4,1.6,4,0.2,1,4,4.0,1,4,0.8,0.8,27783.25,48110.45366848561
1000349,6,5,1.6666666666666667,4,0.16666666666666666,2,4,2.5,1,4,0.6666666666666666,0.8333333333333334,30.75,47.52039036034952
1000350,4,3,1.5,3,0.25,1,3,3.0,1,3,0.75,0.75,407412.3333333333,499657.731962813
1000351,76,75,1.9736842105263157,63,0.013157894736842105,2,63,6.818181818181818,1,65,0.6052631578947368,0.9868421052631579,33.369565217391305,162.4292968187339
1000352,56,55,1.9642857142857142,11,0.017857142857142856,3,37,2.8947368421052633,1,37,0.6071428571428571,0.9821428571428571,368.05882352941177,1879.5173495150364
1000353,32,31,1.9375,16,0.03125,3,16,3.1,1,22,0.90625,0.96875,38356.44827586207,202732.41083338475
1000354,5,4,1.6,4,0.2,1,4,4.0,1,4,0.8,0.8,3115.75,4635.626137589183
1000355,8,7,1.75,7,0.125,1,7,7.0,1,7,0.875,0.875,21.714285714285715,36.49937097584906
1000356,29,28,1.9310344827586208,25,0.034482758620689655,2,25,9.333333333333334,1,26,0.896551724137931,0.9655172413793104,470093.6153846154,2138886.746346603
1000357,8,7,1.75,7,0.125,1,7,7.0,1,7,0.875,0.875,19525421.0,37659895.184674434
1000358,34,33,1.9411764705882353,10,0.029411764705882353,3,22,3.3,1,24,0.35294117647058826,0.9411764705882353,9263.583333333334,30708.151815270856
1000359,150,149,1.9866666666666666,149,0.006666666666666667,1,149,149.0,1,149,0.43333333333333335,0.9933333333333333,34706.13846153846,191802.29263159155
1000361,371,370,1.994609164420485,313,0.0026954177897574125,2,313,6.7272727272727275,1,316,0.431266846361186,0.9946091644204852,3953008.625,19405431.00040052
1000363,165,164,1.9878787878787878,164,0.006060606060606061,1,164,164.0,1,164,0.9939393939393939,0.9878787878787879,5.365853658536586,0.732722872478039
1000365,71,70,1.971830985915493,70,0.014084507042253521,1,70,70.0,1,70,0.8028169014084507,0.9859154929577465,4.105263157894737,2.1819370962865614
1000366,97,96,1.9793814432989691,93,0.010309278350515464,2,93,24.0,1,93,0.3917525773195876,0.979381443298969,4.815789473684211,5.4088390774920425
1000367,61,60,1.9672131147540983,8,0.01639344262295082,3,28,1.935483870967742,1,30,0.7213114754098361,0.0,3617923.25,16696619.332710138
1000368,405,404,1.9950617283950618,252,0.0024691358024691358,4,252,4.43956043956044,1,314,0.39753086419753086,0.9950617283950617,1.4409937888198758,1.0681424085440883
1000369,173,172,1.9884393063583814,171,0.005780346820809248,2,147,86.0,1,171,0.9364161849710982,0.9710982658959537,700611.7345679012,8702434.16923777
1000371,164,163,1.9878048780487805,143,0.006097560975609756,2,140,8.15,1,144,0.29878048780487804,0.975609756097561,2726633.5714285714,15797395.304246748
1000374,92,91,1.9782608695652173,91,0.010869565217391304,1,91,91.0,1,91,0.9891304347826086,0.9891304347826086,39.68131868131868,120.79834064074628
1000375,99,98,1.97979797979798,93,0.010101010101010102,2,93,16.333333333333332,1,93,0.8686868686868687,0.898989898989899,4.8604651162790695,1.4954410619323515
1000376,181,180,1.988950276243094,180,0.0055248618784530384,1,180,180.0,1,180,0.9723756906077348,0.9558011049723757,7.017045454545454,4.697042628343854
1000377,46,45,1.9565217391304348,41,0.021739130434782608,2,41,9.0,1,41,0.41304347826086957,0.9565217391304348,5866.263157894737,24806.680439035616
1000378,15,14,1.8666666666666667,14,0.06666666666666667,1,14,14.0,1,14,0.7333333333333333,0.9333333333333333,11133337.090909092,31784939.349238947
1000380,189,188,1.9894179894179893,87,0.005291005291005291,4,87,2.7246376811594204,1,120,0.9259259259259259,0.9841269841269841,141232.8457142857,1186024.2220129108
1000381,90,89,1.9777777777777779,89,0.011111111111111112,1,89,89.0,1,89,0.9444444444444444,0.9777777777777777,4.411764705882353,1.5814670601323748
1000382,77,76,1.974025974025974,76,0.012987012987012988,1,76,76.0,1,76,0.987012987012987,0.8961038961038961,4.7631578947368425,0.8865726593643692
1000383,116,115,1.9827586206896552,115,0.008620689655172414,1,115,115.0,1,115,0.9827586206896551,0.9741379310344828,5.517543859649122,1.1640255026773891
1000385,99,98,1.97979797979798,98,0.010101010101010102,1,98,98.0,1,98,0.9696969696969697,0.9595959595959596,5.208333333333333,1.2822235461190932
1000386,33,32,1.9393939393939394,22,0.030303030303030304,2,22,4.0,1,25,0.5454545454545454,0.9393939393939394,6852559.666666667,25416099.549971912
1000387,34,33,1.9411764705882353,21,0.029411764705882353,3,21,4.125,1,26,0.8235294117647058,0.9411764705882353,404807.0714285714,2060627.509784007
1000388,6,5,1.6666666666666667,2,0.16666666666666666,3,2,1.25,1,2,0.8333333333333334,0.8333333333333334,444496.0,544295.4018876147
1000389,9,8,1.7777777777777777,5,0.1111111111111111,2,5,2.0,1,5,0.6666666666666666,0.8888888888888888,5.333333333333333,1.4907119849998596
1000390,137,136,1.9854014598540146,133,0.0072992700729927005,2,133,34.0,1,133,0.7226277372262774,0.9927007299270073,137055.1717171717,1119574.0056130749
1000392,12,11,1.8333333333333333,8,0.08333333333333333,2,8,3.6666666666666665,1,9,0.8333333333333334,0.9166666666666666,22469051.6,44323351.05786276
1000393,18,17,1.8888888888888888,17,0.05555555555555555,1,17,17.0,1,17,0.7777777777777778,0.9444444444444444,18352581.85714286,59747938.051447086
1000395,16,15,1.875,15,0.0625,1,15,15.0,1,15,0.625,0.9375,35568958.5,49636123.49601536
1000396,222,221,1.990990990990991,168,0.0045045045045045045,3,168,4.604166666666667,1,174,0.8153153153153153,0.9864864864864865,620290.0607734807,8235911.305227447
1000397,26,25,1.9230769230769231,18,0.038461538461538464,2,18,3.125,1,18,0.8461538461538461,0.9615384615384616,61.54545454545455,230.27803891515924
1000398,36,35,1.9444444444444444,30,0.027777777777777776,2,30,5.833333333333333,1,30,0.6666666666666666,0.9722222222222222,161.875,362.11868594196204
1000399,21,20,1.9047619047619047,20,0.047619047619047616,1,20,20.0,1,20,0.8571428571428571,0.9523809523809523,25926639.111111112,45661910.19665522
1000400,60,59,1.9666666666666666,43,0.016666666666666666,3,43,5.9,1,50,0.4166666666666667,0.9833333333333333,13797447.8,47788143.97813171
1000401,134,133,1.9850746268656716,22,0.007462686567164179,3,85,3.5945945945945947,1,97,0.835820895522388,0.9925373134328358,4616465.267857143,20752927.61130689
1000402,34,33,1.9411764705882353,24,0.029411764705882353,2,24,3.6666666666666665,1,25,0.5,0.9705882352941176,1333472.9411764706,3570588.013821541
1000403,67,66,1.9701492537313432,51,0.014925373134328358,3,51,5.076923076923077,1,54,0.5522388059701493,0.9850746268656716,7131516.135135135,25037065.338054784
1000404,21,20,1.9047619047619047,12,0.047619047619047616,2,12,4.0,1,16,0.9047619047619048,0.9523809523809523,6497141663.263158,24781506868.96658
1000405,26,25,1.9230769230769231,17,0.038461538461538464,2,17,5.0,1,21,0.9615384615384616,0.9615384615384616,50.2,217.60863953437143
1000406,126,125,1.9841269841269842,21,0.007936507936507936,3,75,2.6595744680851063,1,79,0.9285714285714286,0.9761904761904762,4630197.735042735,20227608.804391816
1000407,105,104,1.980952380952381,102,0.009523809523809525,2,102,34.666666666666664,1,102,0.21904761904761905,0.9904761904761905,49279.82608695652,226406.42681780164
1000408,48,47,1.9583333333333333,38,0.020833333333333332,2,38,4.7,1,38,0.5,0.9791666666666666,1.5,0.7071067811865476
1000409,34,33,1.9411764705882353,27,0.029411764705882353,2,24,11.0,1,31,0.8529411764705882,0.9705882352941176,8521.551724137931,29540.552614990946
1000410,15,14,1.8666666666666667,5,0.06666666666666667,2,9,2.3333333333333335,1,9,0.7333333333333333,0.9333333333333333,4.909090909090909,2.466301812045552
1000411,6,5,1.6666666666666667,5,0.16666666666666666,1,5,5.0,1,5,0.5,0.8333333333333334,3.6666666666666665,2.3570226039551585
1000412,8,7,1.75,7,0.125,1,7,7.0,1,7,0.875,0.875,17655734.0,38383886.77543333
1000413,269,266,1.9776951672862453,138,0.0036897297897131444,3,148,3.6944444444444446,3,197,0.6988847583643123,0.9776951672862454,2550502.734042553,16066924.171130659
1000414,12,11,1.8333333333333333,7,0.08333333333333333,2,7,2.75,1,8,0.6666666666666666,0.9166666666666666,2.0,0.8660254037844386
1000415,59,58,1.9661016949152543,32,0.01694915254237288,2,32,3.8666666666666667,1,44,0.9322033898305084,0.9830508474576272,1353.9818181818182,3496.5816891301606
1000416,11,10,1.8181818181818181,10,0.09090909090909091,1,10,10.0,1,10,0.9090909090909091,0.9090909090909091,5.5,3.2939338184001206
1000417,26,25,1.9230769230769231,24,0.038461538461538464,2,24,12.5,1,24,0.0,0.6923076923076923,0.0,0.0
1000418,92,91,1.9782608695652173,46,0.010869565217391304,4,46,3.64,1,67,0.6195652173913043,0.9782608695652174,2168479.403508772,14631356.673371121
1000419,97,96,1.9793814432989691,96,0.010309278350515464,1,96,96.0,1,96,0.9896907216494846,0.6082474226804123,5.072916666666667,11.095461526816068
1000420,15,14,1.8666666666666667,14,0.06666666666666667,1,14,14.0,1,14,0.9333333333333333,0.9333333333333333,20195262.214285713,37916486.757635444
1000421,32,31,1.9375,30,0.03125,2,30,15.5,1,30,0.9375,0.9375,8648445.533333333,27596558.824861526
1000422,97,96,1.9793814432989691,80,0.010309278350515464,2,80,7.384615384615385,1,84,0.6804123711340206,0.979381443298969,684580.5303030303,2308942.4087428073
1000423,52,51,1.9615384615384615,13,0.019230769230769232,4,32,2.8333333333333335,1,34,0.7692307692307693,0.9423076923076923,2874.6,17334.287667510307
1000424,28,27,1.9285714285714286,21,0.03571428571428571,2,21,3.857142857142857,1,21,0.7857142857142857,0.9642857142857143,510164.6818181818,2313431.751286316
1000425,14,13,1.8571428571428572,8,0.07142857142857142,2,8,3.25,1,10,0.7142857142857143,0.9285714285714286,11123473.3,33329237.434109338
1000426,28,27,1.9285714285714286,24,0.03571428571428571,2,24,6.75,1,24,0.6071428571428571,0.9642857142857143,7464937.470588235,26039584.136215862
1000427,19,18,1.894736842105263,12,0.05263157894736842,3,12,3.0,1,13,0.8421052631578947,0.8947368421052632,76635.5625,268467.9101196195
1000428,21,20,1.9047619047619047,9,0.047619047619047616,2,11,3.3333333333333335,1,15,0.8571428571428571,0.9523809523809523,312.72222222222223,497.93917584330137
1000429,28,27,1.9285714285714286,27,0.03571428571428571,1,27,27.0,1,27,0.8928571428571429,0.9285714285714286,16696659.32,35474939.63531791
1000430,44,43,1.9545454545454546,28,0.022727272727272728,2,28,2.6875,1,28,0.7954545454545454,0.9772727272727273,4290147.4,18595500.087256618
1000431,58,57,1.9655172413793103,51,0.017241379310344827,2,51,11.4,1,53,0.5344827586206896,0.9655172413793104,399721.77419354836,1965438.1066039905
1000432,16,15,1.875,12,0.0625,3,12,3.75,1,12,0.5,0.9375,29169460.75,47444646.106317244
1000433,65,64,1.9692307692307693,59,0.015384615384615385,2,59,10.666666666666666,1,59,0.676923076923077,0.9692307692307692,530587.7272727273,2314781.328350707
1000434,10,9,1.8,9,0.1,1,9,9.0,1,9,0.3,0.9,8.333333333333334,4.189935029992178
1000435,13,12,1.8461538461538463,4,0.07692307692307693,2,8,2.4,1,8,0.6923076923076923,0.9230769230769231,3.6666666666666665,1.4907119849998598
1000436,137,136,1.9854014598540146,100,0.0072992700729927005,2,100,6.181818181818182,1,115,0.781021897810219,0.9854014598540146,8843239.869158879,29147578.00830718
1000437,36,35,1.9444444444444444,28,0.027777777777777776,2,28,4.375,1,28,0.6666666666666666,0.8611111111111112,925936.5833333334,3070946.990011793
1000438,23,22,1.9130434782608696,22,0.043478260869565216,1,22,22.0,1,22,0.43478260869565216,0.9130434782608695,2.2,0.8717797887081347
1000439,30,29,1.9333333333333333,26,0.03333333333333333,2,26,7.25,1,26,0.8,0.9666666666666667,2.5416666666666665,1.0793194872490515
1000440,10,9,1.8,8,0.1,2,8,4.5,1,8,0.9,0.9,1234611.2222222222,3491872.105759818
1000441,19,18,1.894736842105263,18,0.05263157894736842,1,18,18.0,1,18,0.9473684210526315,0.9473684210526315,61740.666666666664,254510.17596988578
1000442,32,31,1.9375,20,0.03125,2,20,7.75,1,28,0.71875,0.96875,492812.0869565217,2264044.2407015413
1000443,8,7,1.75,4,0.125,2,4,3.5,1,6,0.75,0.875,19282.0,41572.130155510036
1000444,56,55,1.9642857142857142,55,0.017857142857142856,1,55,55.0,1,55,0.0,0.9821428571428571,0.0,0.0
1000445,18,17,1.8888888888888888,17,0.05555555555555555,1,17,17.0,1,17,0.0,0.9444444444444444,0.0,0.0
1000446,77,76,1.974025974025974,53,0.012987012987012988,2,53,3.3043478260869565,1,54,0.8441558441558441,0.974025974025974,8463582.246153846,26548361.262436748
1000447,11,10,1.8181818181818181,10,0.09090909090909091,1,10,10.0,1,10,0.0,0.9090909090909091,0.0,0.0
1000448,68,67,1.9705882352941178,63,0.014705882352941176,3,63,22.333333333333332,1,65,0.6617647058823529,0.9705882352941176,7648937.444444444,27664840.722115066
1000449,111,110,1.981981981981982,107,0.009009009009009009,2,107,27.5,1,107,0.9279279279279279,0.990990990990991,10154199.165048543,29511140.87022006
1000450,49,48,1.9591836734693877,43,0.02040816326530612,2,43,12.0,1,45,0.8571428571428571,0.9795918367346939,1.7380952380952381,1.9155941986200646
1000451,16,15,1.875,15,0.0625,1,15,15.0,1,15,0.625,0.9375,11114.4,33332.53336666747
1000452,13,12,1.8461538461538463,12,0.07692307692307693,1,12,12.0,1,12,0.9230769230769231,0.9230769230769231,1.0,0.0
1000453,34,33,1.9411764705882353,33,0.029411764705882353,1,33,33.0,1,33,0.0,0.9411764705882353,0.0,0.0
1000454,40,39,1.95,39,0.025,1,39,39.0,1,39,0.675,0.975,8239556.296296297,29096485.320596173
1000455,92,91,1.9782608695652173,85,0.010869565217391304,2,85,15.166666666666666,1,86,0.6304347826086957,0.967391304347826,1915715.3103448276,14463283.880713657
1000456,63,62,1.9682539682539681,60,0.015873015873015872,2,60,20.666666666666668,1,60,0.1111111111111111,0.1746031746031746,1.7142857142857142,0.880630571852711
1000457,58,57,1.9655172413793103,57,0.017241379310344827,1,57,57.0,1,57,0.0,0.0,0.0,0.0
1000458,19,18,1.894736842105263,18,0.05263157894736842,1,18,18.0,1,18,0.0,0.0,0.0,0.0
1000459,90,89,1.9777777777777779,89,0.011111111111111112,1,89,89.0,1,89,0.0,0.0,0.0,0.0
1000460,22,21,1.9090909090909092,21,0.045454545454545456,1,21,21.0,1,21,0.0,0.0,0.0,0.0
1000461,161,160,1.9875776397515528,160,0.006211180124223602,1,160,160.0,1,160,0.0,0.0,0.0,0.0
1000462,46,45,1.9565217391304348,45,0.021739130434782608,1,45,45.0,1,45,0.0,0.0,0.0,0.0
1000463,121,120,1.9834710743801653,120,0.008264462809917356,1,120,120.0,1,120,0.0,0.0,0.0,0.0
1000464,0,0,0.0,0,0.0,0,0,0.0,0,0,0.0,0.0,0.0,0.0
1000465,0,0,0.0,0,0.0,0,0,0.0,0,0,0.0,0.0,0.0,0.0
1000466,0,0,0.0,0,0.0,0,0,0.0,0,0,0.0,0.0,0.0,0.0
1000467,0,0,0.0,0,0.0,0,0,0.0,0,0,0.0,0.0,0.0,0.0
1000468,0,0,0.0,0,0.0,0,0,0.0,0,0,0.0,0.0,0.0,0.0
1000469,0,0,0.0,0,0.0,0,0,0.0,0,0,0.0,0.0,0.0,0.0
1000470,0,0,0.0,0,0.0,0,0,0.0,0,0,0.0,0.0,0.0,0.0
1000472,226,225,1.991150442477876,85,0.004424778761061947,4,96,2.8125,1,146,0.7743362831858407,0.9601769911504425,9960032.12,32519528.6211496
1000474,41,40,1.951219512195122,37,0.024390243902439025,2,37,10.0,1,37,0.6341463414634146,0.975609756097561,6.3076923076923075,21.64356225260178
1000475,20,19,1.9,17,0.05,2,17,6.333333333333333,1,17,0.8,0.95,31.4375,46.42597434357194
1000477,152,151,1.986842105263158,41,0.006578947368421052,3,105,3.282608695652174,1,106,0.875,0.993421052631579,17581.120300751878,135457.62574669943
1000478,41,40,1.951219512195122,40,0.024390243902439025,1,40,40.0,1,40,0.2682926829268293,0.9512195121951219,4.0,2.593698657761292
1000479,29,28,1.9310344827586208,28,0.034482758620689655,1,28,28.0,1,28,0.7931034482758621,0.9655172413793104,4831019.0869565215,22658991.732333798
1000480,10,9,1.8,8,0.1,2,8,4.5,1,8,0.9,0.9,1259275.0,3483447.400583508
1000481,8,7,1.75,7,0.125,1,7,7.0,1,7,0.875,0.875,9.285714285714286,4.43087497693452
1000482,31,30,1.935483870967742,30,0.03225806451612903,1,30,30.0,1,30,0.7741935483870968,0.967741935483871,463077.5833333333,2220268.6781190266
1000483,13,12,1.8461538461538463,6,0.07692307692307693,2,6,1.7142857142857142,1,6,0.6923076923076923,0.9230769230769231,7.222222222222222,5.593205754956987
1000485,15,14,1.8666666666666667,14,0.06666666666666667,1,14,14.0,1,14,0.9333333333333333,0.9333333333333333,4.071428571428571,0.25753937681885636
1000486,13,12,1.8461538461538463,12,0.07692307692307693,1,12,12.0,1,12,0.0,0.9230769230769231,0.0,0.0
1000487,34,33,1.9411764705882353,33,0.029411764705882353,1,33,33.0,1,33,0.8823529411764706,0.9705882352941176,4464637.133333334,19995558.42740193
1000488,40,39,1.95,21,0.025,3,21,3.0,1,27,0.85,0.975,35960.382352941175,188099.23429559488
1000489,19,18,1.894736842105263,18,0.05263157894736842,1,18,18.0,1,18,0.0,0.9473684210526315,0.0,0.0
1000490,17,16,1.8823529411764706,6,0.058823529411764705,2,12,3.2,1,12,0.7058823529411765,0.7647058823529411,93546314.58333333,306822485.6940172
1000491,9,8,1.7777777777777777,8,0.1111111111111111,1,8,8.0,1,8,0.0,0.8888888888888888,0.0,0.0
1000492,69,68,1.9710144927536233,68,0.014492753623188406,1,68,68.0,1,68,0.7246376811594203,0.9710144927536232,88890.36,301436.4215687122
1000493,155,154,1.9870967741935484,96,0.0064516129032258064,4,96,2.6551724137931036,1,97,0.9935483870967742,0.9870967741935484,812433158.9220779,8962411044.098583
1000494,91,90,1.978021978021978,31,0.01098901098901099,3,52,2.3684210526315788,1,53,0.9230769230769231,0.989010989010989,2.488095238095238,1.0176308576091218
1000495,134,133,1.9850746268656716,54,0.007462686567164179,3,70,2.891304347826087,1,88,0.8283582089552238,0.9925373134328358,8612785.495495496,30722278.535183962
1000496,31,30,1.935483870967742,30,0.03225806451612903,1,30,30.0,1,30,0.9032258064516129,0.967741935483871,5228286.785714285,20660516.70759536
1000497,64,63,1.96875,58,0.015625,2,58,12.6,1,59,0.734375,0.984375,5272619.468085106,22426154.437061135
1000499,79,78,1.9746835443037976,64,0.012658227848101266,2,64,5.571428571428571,1,65,0.9367088607594937,0.9873417721518988,20981411.243243244,43090570.846466795
1000500,89,88,1.9775280898876404,49,0.011235955056179775,2,49,3.142857142857143,1,61,0.9325842696629213,0.9887640449438202,21.03614457831325,122.40131956363406
1000501,419,417,1.990453460620525,394,0.0023809251921298145,2,395,18.130434782608695,2,396,0.8568019093078759,0.9904534606205251,71.15598885793872,248.19507370006437
1000502,29,28,1.9310344827586208,23,0.034482758620689655,2,23,5.6,1,24,0.5862068965517241,0.9655172413793104,658.1764705882352,2613.9594991077765
1000503,71,70,1.971830985915493,59,0.014084507042253521,2,59,8.75,1,63,0.5352112676056338,0.9577464788732394,88430.3947368421,299420.3788538378
1000504,228,226,1.9824561403508771,97,0.004366643480949069,4,100,2.306122448979592,2,130,0.9736842105263158,0.9780701754385965,71752.05405405405,753928.498736175
1000505,121,120,1.9834710743801653,35,0.008264462809917356,3,83,3.870967741935484,1,90,0.5950413223140496,0.9917355371900827,15748.805555555555,130009.3302089464
1000506,168,167,1.9880952380952381,134,0.005952380952380952,2,134,5.21875,1,136,0.7916666666666666,0.9880952380952381,8525.406015037594,95977.45659855957
1000507,133,132,1.9849624060150375,78,0.007518796992481203,2,78,3.0,1,89,0.5338345864661654,0.9849624060150376,1584.4366197183099,13091.701967849602
1000508,237,236,1.9915611814345993,216,0.004219409282700422,2,216,11.238095238095237,1,216,0.7172995780590717,0.9915611814345991,4303975.44117647,20550980.835317116
1000509,370,369,1.9945945945945946,257,0.002702702702702703,3,257,5.271428571428571,1,300,0.8108108108108109,0.9945945945945946,3.0566666666666666,7.456548948556713
1000510,127,126,1.984251968503937,126,0.007874015748031496,1,126,126.0,1,126,0.7716535433070866,0.9921259842519685,17601.30612244898,113684.83032537969
1000511,87,86,1.9770114942528736,86,0.011494252873563218,1,86,86.0,1,86,0.7816091954022989,0.9655172413793104,410162.25,2677703.193614909
1000512,138,137,1.9855072463768115,110,0.007246376811594203,3,110,6.85,1,118,0.7681159420289855,0.9782608695652174,4652266.773584906,26101877.193871733
1000513,114,113,1.9824561403508771,77,0.008771929824561403,3,77,3.2285714285714286,1,79,0.6754385964912281,0.9912280701754386,1488792.012987013,12576378.112744968
1000514,168,167,1.9880952380952381,113,0.005952380952380952,3,113,4.282051282051282,1,129,0.9226190476190477,0.9880952380952381,201.8709677419355,1265.80021207893
1000515,80,79,1.975,30,0.0125,3,47,3.16,1,55,0.8125,0.975,935.2,2949.4650164185578
1000516,51,50,1.9607843137254901,21,0.0196078431372549,3,28,3.8461538461538463,1,38,0.9019607843137255,0.9803921568627451,3.739130434782609,2.8470792249991126
1000517,13,12,1.8461538461538463,8,0.07692307692307693,2,8,2.4,1,8,0.8461538461538461,0.9230769230769231,11126.454545454546,31780.829908963664
1000518,165,164,1.9878787878787878,117,0.006060606060606061,3,117,4.0,1,124,0.7212121212121212,0.9939393939393939,404348.23529411765,2004409.9061835255
1000519,191,190,1.9895287958115184,148,0.005235602094240838,2,148,4.4186046511627906,1,148,0.6230366492146597,0.9947643979057592,771871.5798319328,2779409.5706192753
1000520,95,94,1.9789473684210526,71,0.010526315789473684,2,71,4.2727272727272725,1,73,0.5894736842105263,0.9894736842105263,604.4107142857143,2500.19546219309
1000521,79,78,1.9746835443037976,70,0.012658227848101266,2,70,11.142857142857142,1,72,0.4050632911392405,0.9746835443037974,347270.40625,1933243.9302342136
1000522,96,95,1.9791666666666667,95,0.010416666666666666,1,95,95.0,1,95,0.010416666666666666,0.9895833333333334,4.0,0.0
1000523,197,196,1.9898477157360406,195,0.005076142131979695,2,195,98.0,1,195,0.8223350253807107,0.9949238578680203,1608785.87654321,12334702.319989227
1000524,165,164,1.9878787878787878,102,0.006060606060606061,3,102,4.96969696969697,1,132,0.8242424242424242,0.9757575757575757,1890983.0882352942,13442896.347642977
1000525,18,17,1.8888888888888888,17,0.05555555555555555,1,17,17.0,1,17,0.8333333333333334,0.8888888888888888,3.6,2.3036203390894663
1000526,269,268,1.9925650557620818,137,0.0037174721189591076,4,137,3.152941176470588,1,184,0.8475836431226765,0.9888475836431226,4.614035087719298,12.958779975557466
1000527,170,169,1.988235294117647,32,0.0058823529411764705,4,104,2.5606060606060606,1,104,0.3588235294117647,0.9941176470588236,572.8032786885246,554.2200196250445
1000528,120,119,1.9833333333333334,87,0.008333333333333333,3,87,4.25,1,92,0.6583333333333333,0.975,1725982.3924050634,12508140.708607076
1000529,63,62,1.9682539682539681,62,0.015873015873015872,1,62,62.0,1,62,0.9682539682539683,0.9841269841269841,3707460.573770492,19776193.00947478
1000530,66,65,1.9696969696969697,65,0.015151515151515152,1,65,65.0,1,65,0.8787878787878788,0.9848484848484849,268391.3793103448,1436977.021146114
1000531,10,9,1.8,9,0.1,1,9,9.0,1,9,0.8,0.9,2808.625,4793.597994656519
1000532,11,10,1.8181818181818181,10,0.09090909090909091,1,10,10.0,1,10,0.7272727272727273,0.9090909090909091,6973.875,5341.093273794701
1000533,59,58,1.9661016949152543,44,0.01694915254237288,2,44,3.8666666666666667,1,44,0.8135593220338984,0.9830508474576272,23662.625,158636.1742537287
1000534,81,80,1.9753086419753085,80,0.012345679012345678,1,80,80.0,1,80,0.8765432098765432,0.9876543209876543,1893592.1690140846,13183025.489392256
1000535,24,23,1.9166666666666667,23,0.041666666666666664,1,23,23.0,1,23,0.8333333333333334,0.9583333333333334,694.25,2412.521479178994
1000536,48,47,1.9583333333333333,36,0.020833333333333332,2,36,4.7,1,38,0.8958333333333334,0.9791666666666666,11045378.860465117,32148535.95375685
1000537,25,24,1.92,24,0.04,1,24,24.0,1,24,0.68,0.88,6551216.294117647,26139997.141245652
1000538,76,75,1.9736842105263157,75,0.013157894736842105,1,75,75.0,1,75,0.5789473684210527,0.9605263157894737,7665324.909090909,27983552.733395346
1000539,195,194,1.9897435897435898,189,0.005128205128205128,2,189,38.8,1,190,0.5128205128205128,0.9897435897435898,1238531.53,11098209.782880288
1000540,60,59,1.9666666666666666,36,0.016666666666666666,3,36,4.538461538461538,1,47,0.8333333333333334,0.9666666666666667,22251.28,155551.75211447026
1000541,955,954,1.9979057591623037,864,0.0010471204188481676,2,864,10.483516483516484,1,864,0.23664921465968586,0.9989528795811519,2530771.703539823,15121948.030864438
1000542,135,134,1.9851851851851852,125,0.007407407407407408,2,125,13.4,1,125,0.562962962962963,0.9925925925925926,4597613.657894737,21630568.22654226
1000543,145,144,1.986206896551724,126,0.006896551724137931,2,126,7.578947368421052,1,126,0.6413793103448275,0.993103448275862,1655487.752688172,11580067.957030896
1000544,99,98,1.97979797979798,98,0.010101010101010102,1,98,98.0,1,98,0.7272727272727273,0.98989898989899,9864065.319444444,28591975.265453752
1000545,195,194,1.9897435897435898,130,0.005128205128205128,3,130,3.803921568627451,1,144,0.8205128205128205,0.9897435897435898,85521.275,883151.2332949758
1000546,150,149,1.9866666666666666,41,0.006666666666666667,5,67,2.709090909090909,1,95,0.8866666666666667,0.9933333333333333,2594145.6466165413,17065695.93941771
1000547,234,233,1.9914529914529915,206,0.004273504273504274,2,206,11.65,1,214,0.8632478632478633,0.9914529914529915,291602.2425742574,1728920.8387899555
1000548,30,29,1.9333333333333333,28,0.03333333333333333,2,28,14.5,1,28,0.8666666666666667,0.9666666666666667,51.76923076923077,213.48253534986955
1000549,72,71,1.9722222222222223,44,0.013888888888888888,3,44,3.9444444444444446,1,54,0.4722222222222222,0.9861111111111112,3336.294117647059,18763.15126789021
1000550,8,7,1.75,7,0.125,1,7,7.0,1,7,0.875,0.875,3.4285714285714284,1.8405855323893037
1000551,31,30,1.935483870967742,30,0.03225806451612903,1,30,30.0,1,30,0.8387096774193549,0.8387096774193549,864252.2692307692,2958158.7816076577
1000552,87,86,1.9770114942528736,38,0.011494252873563218,3,38,3.0714285714285716,1,59,0.8045977011494253,0.9885057471264368,15878.871428571429,131850.45539830576
1000553,53,52,1.9622641509433962,50,0.018867924528301886,2,50,17.333333333333332,1,50,0.37735849056603776,0.9811320754716981,17231.85,39510.960320238984
1000554,77,76,1.974025974025974,67,0.012987012987012988,3,67,8.444444444444445,1,68,0.8831168831168831,0.987012987012987,3506032.8529411764,18780540.694430303
1000555,73,72,1.9726027397260273,72,0.0136986301369863,1,72,72.0,1,72,0.9178082191780822,0.9863013698630136,21.895522388059703,135.6710391921333
1000556,35,34,1.9428571428571428,34,0.02857142857142857,1,34,34.0,1,34,0.9714285714285714,0.9714285714285714,10490924.235294119,31409612.078263246
1000558,16,15,1.875,15,0.0625,1,15,15.0,1,15,0.9375,0.9375,29801113.533333335,49050059.67774434
1000559,25,24,1.92,21,0.04,2,21,6.0,1,21,0.84,0.96,71127747.23809524,283213275.0160253
1000560,16,15,1.875,14,0.0625,2,14,7.5,1,14,0.875,0.9375,10566385.5,28232994.703379773
1000561,20,19,1.9,19,0.05,1,19,19.0,1,19,0.9,0.95,2.2777777777777777,1.5204369092671122
1000562,29,28,1.9310344827586208,24,0.034482758620689655,2,24,9.333333333333334,1,26,0.0,0.9655172413793104,0.0,0.0
1000563,83,82,1.9759036144578312,82,0.012048192771084338,1,82,82.0,1,82,0.0,0.9518072289156626,0.0,0.0
1000564,184,183,1.9891304347826086,81,0.005434782608695652,2,102,3.519230769230769,1,132,0.0,0.9728260869565217,0.0,0.0
1000565,368,367,1.9945652173913044,108,0.002717391304347826,2,259,5.097222222222222,1,296,0.0,0.9972826086956522,0.0,0.0
1000566,33,32,1.9393939393939394,26,0.030303030303030304,2,26,4.571428571428571,1,26,0.0,0.9696969696969697,0.0,0.0
1000567,258,257,1.9922480620155039,30,0.003875968992248062,2,227,8.862068965517242,1,229,0.0,0.9922480620155039,0.0,0.0
1000569,25,24,1.92,22,0.04,2,22,8.0,1,22,0.0,0.96,0.0,0.0
1000570,126,125,1.9841269841269842,79,0.007936507936507936,3,79,4.310344827586207,1,97,0.0,0.9920634920634921,0.0,0.0
1000571,56,55,1.9642857142857142,53,0.017857142857142856,2,53,18.333333333333332,1,53,0.0,0.9821428571428571,0.0,0.0
1000572,12,11,1.8333333333333333,11,0.08333333333333333,1,11,11.0,1,11,0.0,0.9166666666666666,0.0,0.0
1000573,40,39,1.95,15,0.025,3,21,2.2941176470588234,1,23,0.0,0.975,0.0,0.0
1000574,83,82,1.9759036144578312,51,0.012048192771084338,5,51,4.315789473684211,1,64,0.0,0.9156626506024096,0.0,0.0
1000575,67,66,1.9701492537313432,54,0.014925373134328358,3,54,6.6,1,57,0.0,0.9850746268656716,0.0,0.0
1000576,87,86,1.9770114942528736,61,0.011494252873563218,4,61,4.777777777777778,1,69,0.0,0.9885057471264368,0.0,0.0
1000577,35,34,1.9428571428571428,32,0.02857142857142857,2,32,11.333333333333334,1,32,0.0,0.8285714285714286,0.0,0.0
1000578,10,9,1.8,9,0.1,1,9,9.0,1,9,0.0,0.8,0.0,0.0
1000579,8,7,1.75,7,0.125,1,7,7.0,1,7,0.0,0.875,0.0,0.0
1000580,30,29,1.9333333333333333,20,0.03333333333333333,2,20,2.9,1,20,0.0,0.9666666666666667,0.0,0.0
1000581,33,32,1.9393939393939394,32,0.030303030303030304,1,32,32.0,1,32,0.0,0.9696969696969697,0.0,0.0
1000582,35,34,1.9428571428571428,34,0.02857142857142857,1,34,34.0,1,34,0.0,0.9714285714285714,0.0,0.0
1000583,48,47,1.9583333333333333,40,0.020833333333333332,2,40,5.875,1,40,0.0,0.9583333333333334,0.0,0.0
1000584,55,54,1.9636363636363636,50,0.01818181818181818,2,50,13.5,1,51,0.0,0.9818181818181818,0.0,0.0
1000585,34,33,1.9411764705882353,19,0.029411764705882353,3,19,4.125,1,26,0.0,0.9705882352941176,0.0,0.0
1000586,181,180,1.988950276243094,162,0.0055248618784530384,3,162,13.846153846153847,1,168,0.0,0.994475138121547,0.0,0.0
1000587,42,41,1.9523809523809523,32,0.023809523809523808,2,32,4.1,1,32,0.0,0.9761904761904762,0.0,0.0
1000588,190,189,1.9894736842105263,189,0.005263157894736842,1,189,189.0,1,189,0.0,0.9894736842105263,0.0,0.0
1000589,50,49,1.96,30,0.02,2,30,2.5789473684210527,1,31,0.0,0.98,0.0,0.0
1000590,76,75,1.9736842105263157,62,0.013157894736842105,3,62,6.818181818181818,1,65,0.0,0.9868421052631579,0.0,0.0
1000591,93,92,1.978494623655914,59,0.010752688172043012,3,59,5.411764705882353,1,76,0.0,0.967741935483871,0.0,0.0
1000592,52,51,1.9615384615384615,16,0.019230769230769232,3,32,2.55,1,32,0.0,0.9807692307692307,0.0,0.0
1000593,101,100,1.9801980198019802,100,0.009900990099009901,1,100,100.0,1,100,0.0,0.8712871287128713,0.0,0.0
1000595,15,14,1.8666666666666667,10,0.06666666666666667,3,10,3.5,1,11,0.0,0.9333333333333333,0.0,0.0
1000597,91,90,1.978021978021978,86,0.01098901098901099,3,86,18.0,1,86,0.0,0.989010989010989,0.0,0.0
1000598,177,176,1.9887005649717515,118,0.005649717514124294,4,118,3.6666666666666665,1,129,0.0,0.9943502824858758,0.0,0.0
1000599,49,48,1.9591836734693877,41,0.02040816326530612,3,41,6.0,1,41,0.0,0.9795918367346939,0.0,0.0
1000600,16,15,1.875,13,0.0625,2,13,5.0,1,13,0.0,0.9375,0.0,0.0
1000601,48,47,1.9583333333333333,24,0.020833333333333332,3,24,2.238095238095238,1,27,0.0,0.9583333333333334,0.0,0.0
1000602,16,15,1.875,12,0.0625,2,12,3.75,1,12,0.0,0.9375,0.0,0.0
1000603,491,490,1.9959266802443991,138,0.002036659877800407,5,247,2.5789473684210527,1,301,0.0,0.9979633401221996,0.0,0.0
1000604,238,237,1.9915966386554622,236,0.004201680672268907,2,236,118.5,1,236,0.0,0.9957983193277311,0.0,0.0
1000605,214,213,1.9906542056074767,211,0.004672897196261682,2,211,71.0,1,211,0.0,0.9906542056074766,0.0,0.0
1000606,26,25,1.9230769230769231,14,0.038461538461538464,3,14,5.0,1,21,0.0,0.9615384615384616,0.0,0.0
1000607,175,174,1.9885714285714287,132,0.005714285714285714,3,132,4.9714285714285715,1,140,0.0,0.9657142857142857,0.0,0.0
1000608,89,88,1.9775280898876404,82,0.011235955056179775,2,82,14.666666666666666,1,83,0.0,0.9550561797752809,0.0,0.0
1000609,132,131,1.9848484848484849,103,0.007575757575757576,4,103,6.55,1,112,0.0,0.9924242424242424,0.0,0.0
1000610,170,169,1.988235294117647,131,0.0058823529411764705,4,131,4.694444444444445,1,134,0.0,0.9764705882352941,0.0,0.0
1000611,331,330,1.9939577039274925,289,0.0030211480362537764,3,289,9.705882352941176,1,297,0.0,0.9486404833836858,0.0,0.0
1000612,382,381,1.9947643979057592,162,0.002617801047120419,3,200,2.4901960784313726,1,229,0.0,0.9842931937172775,0.0,0.0
1000613,93,92,1.978494623655914,32,0.010752688172043012,4,42,1.803921568627451,1,42,0.0,0.989247311827957,0.0,0.0
1000614,363,362,1.9944903581267217,173,0.0027548209366391185,3,176,2.806201550387597,1,234,0.0,0.9944903581267218,0.0,0.0
1000615,88,87,1.9772727272727273,83,0.011363636363636364,2,83,17.4,1,83,0.0,0.9318181818181818,0.0,0.0
1000616,125,124,1.984,114,0.008,2,114,12.4,1,115,0.0,0.952,0.0,0.0
1000617,95,94,1.9789473684210526,93,0.010526315789473684,2,93,47.0,1,93,0.0,0.9263157894736842,0.0,0.0
1000618,134,133,1.9850746268656716,101,0.007462686567164179,3,101,4.925925925925926,1,107,0.0,0.9402985074626866,0.0,0.0
1000619,126,125,1.9841269841269842,112,0.007936507936507936,2,112,9.615384615384615,1,113,0.0,0.9920634920634921,0.0,0.0
1000620,16,15,1.875,5,0.0625,2,10,2.5,1,10,0.0,0.9375,0.0,0.0
1000621,22,21,1.9090909090909092,12,0.045454545454545456,3,12,2.3333333333333335,1,13,0.0,0.9545454545454546,0.0,0.0
1000622,248,247,1.9919354838709677,150,0.004032258064516129,4,150,2.839080459770115,1,161,0.0,0.9959677419354839,0.0,0.0
1000623,323,322,1.9938080495356036,298,0.0030959752321981426,3,298,13.416666666666666,1,299,0.0,0.9938080495356038,0.0,0.0
1000624,251,250,1.9920318725099602,37,0.00398406374501992,5,108,2.7472527472527473,1,160,0.0,0.9960159362549801,0.0,0.0
1000625,37,36,1.945945945945946,36,0.02702702702702703,1,36,36.0,1,36,0.0,0.972972972972973,0.0,0.0
1000626,5,4,1.6,4,0.2,1,4,4.0,1,4,0.0,0.8,0.0,0.0
1000627,9,8,1.7777777777777777,8,0.1111111111111111,1,8,8.0,1,8,0.0,0.8888888888888888,0.0,0.0
1000628,33,32,1.9393939393939394,18,0.030303030303030304,3,18,4.0,1,25,0.0,0.9696969696969697,0.0,0.0
1000629,194,193,1.9896907216494846,149,0.005154639175257732,3,149,4.7073170731707314,1,153,0.0,0.9948453608247423,0.0,0.0
1000630,14,13,1.8571428571428572,12,0.07142857142857142,2,12,6.5,1,12,0.0,0.9285714285714286,0.0,0.0
1000631,7,6,1.7142857142857142,3,0.14285714285714285,2,3,1.5,1,3,0.0,0.8571428571428571,0.0,0.0
1000632,7,6,1.7142857142857142,6,0.14285714285714285,1,6,6.0,1,6,0.0,0.8571428571428571,0.0,0.0
1000633,96,95,1.9791666666666667,76,0.010416666666666666,3,76,5.277777777777778,1,78,0.0,0.9895833333333334,0.0,0.0
1000634,375,374,1.9946666666666666,160,0.0026666666666666666,4,183,2.3229813664596275,1,214,0.0,0.9973333333333333,0.0,0.0
1000635,127,126,1.984251968503937,87,0.007874015748031496,4,87,3.3157894736842106,1,89,0.0,0.9921259842519685,0.0,0.0
1000636,31,30,1.935483870967742,30,0.03225806451612903,1,30,30.0,1,30,0.0,0.967741935483871,0.0,0.0
1000637,79,78,1.9746835443037976,59,0.012658227848101266,3,59,5.2,1,64,0.0,0.9873417721518988,0.0,0.0
1000638,61,60,1.9672131147540983,10,0.01639344262295082,2,50,5.454545454545454,1,50,0.0,0.9836065573770492,0.0,0.0
1000639,11,10,1.8181818181818181,10,0.09090909090909091,1,10,10.0,1,10,0.0,0.9090909090909091,0.0,0.0
1000640,10,9,1.8,9,0.1,1,9,9.0,1,9,0.0,0.9,0.0,0.0
1000641,6,5,1.6666666666666667,5,0.16666666666666666,1,5,5.0,1,5,0.0,0.8333333333333334,0.0,0.0
1000642,14,13,1.8571428571428572,10,0.07142857142857142,2,10,3.25,1,10,0.0,0.9285714285714286,0.0,0.0
1000643,7,6,1.7142857142857142,3,0.14285714285714285,2,3,1.5,1,3,0.0,0.8571428571428571,0.0,0.0
1000644,5,4,1.6,3,0.2,2,3,2.0,1,3,0.0,0.8,0.0,0.0
1000645,12,11,1.8333333333333333,4,0.08333333333333333,2,7,2.2,1,7,0.0,0.9166666666666666,0.0,0.0
1000646,25,24,1.92,12,0.04,3,12,2.0,1,13,0.0,0.96,0.0,0.0
1000647,75,74,1.9733333333333334,33,0.013333333333333334,4,33,2.176470588235294,1,41,0.0,0.9866666666666667,0.0,0.0
1000648,217,216,1.9907834101382489,215,0.004608294930875576,2,215,108.0,1,215,0.0,0.9953917050691244,0.0,0.0
1000649,33,32,1.9393939393939394,32,0.030303030303030304,1,32,32.0,1,32,0.0,0.9696969696969697,0.0,0.0
1000650,199,198,1.9899497487437185,183,0.005025125628140704,2,183,12.375,1,183,0.0,0.9949748743718593,0.0,0.0
1000651,23,22,1.9130434782608696,22,0.043478260869565216,1,22,22.0,1,22,0.0,0.9565217391304348,0.0,0.0
1000652,15,14,1.8666666666666667,14,0.06666666666666667,1,14,14.0,1,14,0.0,0.9333333333333333,0.0,0.0
1000653,7,6,1.7142857142857142,6,0.14285714285714285,1,6,6.0,1,6,0.0,0.8571428571428571,0.0,0.0
1000654,58,57,1.9655172413793103,55,0.017241379310344827,2,55,28.5,1,56,0.0,0.9827586206896551,0.0,0.0
1000655,30,29,1.9333333333333333,29,0.03333333333333333,1,29,29.0,1,29,0.0,0.9666666666666667,0.0,0.0
1000656,36,35,1.9444444444444444,35,0.027777777777777776,1,35,35.0,1,35,0.0,0.9722222222222222,0.0,0.0
1000657,9,8,1.7777777777777777,8,0.1111111111111111,1,8,8.0,1,8,0.0,0.8888888888888888,0.0,0.0
1000658,273,272,1.9926739926739927,166,0.003663003663003663,3,166,3.4871794871794872,1,195,0.0,0.9963369963369964,0.0,0.0
1000659,57,56,1.9649122807017543,53,0.017543859649122806,2,53,14.0,1,53,0.0,0.9649122807017544,0.0,0.0
1000660,5,4,1.6,4,0.2,1,4,4.0,1,4,0.0,0.8,0.0,0.0
1000661,6,5,1.6666666666666667,5,0.16666666666666666,1,5,5.0,1,5,0.0,0.8333333333333334,0.0,0.0
