khipu_id,kfg_pp,kfg_ip,kfg_cp,kfg_sp,kfg_gg,kfg_gsb,kfg_is,kfg_psn,kfg_adg,kfg_any,kcat_pp,kcat_ip,kcat_cp,kcat_sp,kcat_gg,kcat_gsb,kcat_is,kcat_psn,kcat_adg,kcat_any,_merge
CM009,1,0,1,0,0,0,0,0,1,1,1,1,1,0,0,0,0,0,1,1,both
KH0001,1,0,1,1,0,0,0,0,0,1,1,0,1,1,0,0,0,0,0,1,both
KH0002,0,0,1,0,0,0,0,0,0,1,1,0,0,0,0,0,0,0,0,1,both
KH0003,0,0,0,0,0,0,0,0,0,0,1,0,0,0,0,0,1,0,0,1,both
KH0004,0,0,0,0,0,0,0,0,0,0,1,0,0,1,1,0,0,0,0,1,both
KH0005,0,0,0,0,0,0,0,0,0,0,1,0,0,0,0,0,0,0,0,1,both
KH0006,1,1,0,0,0,0,0,1,0,1,1,1,0,1,0,0,1,1,0,1,both
KH0007,1,0,1,0,0,0,1,0,0,1,1,1,1,1,1,0,1,0,0,1,both
KH0008,1,1,1,1,0,0,0,0,1,1,1,1,1,1,1,0,1,1,1,1,both
KH0009,1,1,1,1,1,1,0,0,1,1,1,1,1,1,1,1,1,0,1,1,both
KH0010,1,0,1,0,0,0,0,0,1,1,1,0,1,0,0,0,0,0,1,1,both
KH0011,1,0,0,1,0,0,0,0,0,1,1,1,1,1,0,0,0,0,0,1,both
KH0012,0,0,0,0,0,0,0,0,0,0,0,0,0,0,0,0,0,1,0,1,both
KH0013,1,0,1,0,0,0,0,0,0,1,1,0,1,0,0,0,0,1,0,1,both
KH0014,1,1,1,0,1,1,0,0,1,1,1,1,1,0,1,1,0,0,1,1,both
KH0015,0,0,0,1,0,0,0,0,0,1,1,0,0,1,0,0,0,0,0,1,both
KH0016,0,0,0,0,0,0,0,0,0,0,0,0,0,0,0,0,0,0,0,0,both
KH0017,0,0,0,0,0,0,0,0,0,0,1,0,0,0,0,0,0,0,0,1,both
KH0018,0,0,1,0,0,0,0,0,0,1,1,0,1,1,0,0,0,1,0,1,both
KH0019,0,0,0,0,0,0,0,0,0,0,0,0,0,0,0,0,0,0,0,0,both
KH0020,0,0,0,0,0,0,0,0,0,0,1,0,0,0,0,0,0,0,0,1,both
KH0021,1,0,0,0,0,0,0,0,1,1,1,0,0,0,0,0,0,0,1,1,both
KH0022,1,1,1,0,0,0,0,0,0,1,1,1,0,0,0,0,1,0,0,1,both
KH0023,0,0,0,0,0,0,0,0,0,0,0,0,0,0,0,0,0,0,0,0,both
KH0024,0,0,0,0,0,1,0,0,1,1,0,0,0,0,0,0,0,0,1,1,both
KH0025,0,0,0,0,0,0,0,0,0,0,0,0,0,0,0,0,0,0,0,0,both
KH0026,1,1,0,0,0,0,0,0,0,1,1,1,0,0,0,0,0,0,0,1,both
KH0027,1,0,1,0,0,1,0,0,0,1,1,1,1,1,0,1,1,1,0,1,both
KH0028,1,1,1,0,0,0,0,1,0,1,1,1,1,0,0,0,1,1,0,1,both
KH0029,0,0,0,1,0,0,0,0,0,1,0,0,0,1,0,0,0,0,0,1,both
KH0030,1,0,1,1,0,0,0,0,1,1,1,0,1,1,1,0,0,0,1,1,both
KH0031,1,0,1,1,0,0,0,1,0,1,1,0,1,1,0,0,0,1,1,1,both
KH0032,1,0,0,0,0,0,0,0,0,1,1,0,0,0,0,0,0,0,0,1,both
KH0033,1,0,1,0,0,0,0,0,0,1,1,1,1,1,0,0,0,0,0,1,both
KH0034,0,0,0,0,0,1,0,1,1,1,0,1,0,0,0,1,1,1,1,1,both
KH0035,0,0,0,0,0,0,0,0,0,0,0,0,0,0,0,0,0,0,0,0,both
KH0036,0,0,0,0,0,0,0,0,1,1,0,1,0,0,0,0,0,0,1,1,both
KH0037,0,0,0,0,0,0,0,0,0,0,0,0,0,0,0,0,0,0,0,0,both
KH0038,1,1,1,0,0,0,0,0,0,1,1,1,1,0,0,0,0,0,0,1,both
KH0039,0,0,0,0,0,0,0,0,0,0,0,0,0,0,0,0,0,0,0,0,both
KH0040,1,0,0,0,0,0,0,0,0,1,1,0,0,0,0,0,0,0,0,1,both
KH0041,0,0,0,0,0,0,0,0,0,0,0,0,0,1,0,0,0,0,1,1,both
KH0042,1,1,1,1,0,1,0,0,1,1,1,1,1,1,0,1,1,1,1,1,both
KH0043,0,0,0,0,0,0,0,0,0,0,0,0,0,0,0,0,0,0,0,0,both
KH0044,0,0,0,0,0,0,0,0,0,0,0,0,0,0,0,0,0,0,0,0,both
KH0045,0,0,0,0,0,0,0,0,0,0,0,0,0,0,0,0,0,0,0,0,both
KH0046,1,1,0,0,0,0,0,0,0,1,1,1,0,1,0,0,0,0,0,1,both
KH0047,1,0,1,1,0,0,0,0,1,1,1,1,1,1,0,0,0,0,1,1,both
KH0048,1,0,1,0,0,0,0,0,1,1,1,0,1,0,0,0,0,0,1,1,both
KH0049,1,1,1,0,0,0,1,0,0,1,1,1,0,0,0,0,1,0,0,1,both
KH0050,1,1,1,0,0,0,0,0,1,1,1,1,1,0,0,0,0,0,1,1,both
KH0051,1,0,0,0,0,0,0,0,0,1,1,0,0,0,0,0,0,0,0,1,both
KH0052,1,0,1,0,0,0,0,0,0,1,1,0,1,1,1,0,1,0,0,1,both
KH0053,0,0,0,0,0,0,0,0,0,0,1,0,0,0,0,0,0,0,0,1,both
KH0054,0,0,0,1,0,0,0,0,0,1,0,0,0,1,0,0,0,0,0,1,both
KH0055,1,1,1,1,1,0,1,1,0,1,1,1,1,1,1,0,1,1,0,1,both
KH0056,1,1,1,1,0,0,0,0,1,1,1,1,1,1,0,0,0,1,1,1,both
KH0057,1,1,1,1,1,0,0,0,1,1,1,1,1,1,0,0,1,0,1,1,both
KH0058,1,1,0,1,1,0,1,1,1,1,1,1,1,1,1,0,1,1,1,1,both
KH0059,1,1,1,0,0,0,0,1,0,1,1,1,1,1,0,0,1,1,0,1,both
KH0060,0,0,0,0,0,1,0,1,0,1,0,0,0,0,0,1,0,1,0,1,both
KH0061,1,1,1,1,0,0,0,0,0,1,1,1,1,1,0,0,1,1,0,1,both
KH0062,1,0,0,0,0,0,0,0,0,1,1,0,0,0,0,0,0,1,0,1,both
KH0063,0,0,0,0,0,1,0,0,1,1,0,0,0,0,0,0,1,1,1,1,both
KH0064,0,0,0,0,0,0,0,0,0,0,0,0,0,0,0,0,0,0,0,0,both
KH0065,1,0,1,1,0,0,0,0,0,1,1,0,1,1,0,0,0,0,0,1,both
KH0066,0,0,0,0,0,0,0,0,0,0,0,0,0,0,0,0,0,0,0,0,both
KH0067,0,0,0,0,0,0,0,0,0,0,0,0,0,0,0,0,0,0,0,0,both
KH0068,1,1,1,1,0,1,0,0,1,1,1,1,1,1,0,1,1,1,1,1,both
KH0069,0,0,0,0,0,0,0,0,1,1,0,0,0,0,0,0,0,0,1,1,both
KH0070,0,0,0,0,0,0,0,0,1,1,0,0,0,0,0,0,0,0,1,1,both
KH0071,0,0,0,0,0,0,0,0,1,1,0,0,0,0,0,0,0,0,1,1,both
KH0072,0,0,0,0,0,0,0,0,0,0,0,0,1,0,0,0,0,1,0,1,both
KH0073,0,0,0,0,0,0,0,0,0,0,0,1,0,1,1,0,1,1,0,1,both
KH0074,0,0,0,0,0,0,0,0,0,0,0,0,0,0,0,0,0,0,0,0,both
KH0075,1,0,1,0,0,0,0,0,0,1,1,0,1,1,0,0,0,0,0,1,both
KH0076,0,0,0,0,0,0,0,0,0,0,0,0,0,0,0,0,0,0,0,0,both
KH0077,0,0,0,0,0,0,0,0,0,0,0,0,0,0,0,0,0,0,1,1,both
KH0078,0,0,0,0,0,0,0,0,1,1,0,0,0,0,0,0,0,0,1,1,both
KH0079,1,1,1,0,1,1,0,0,1,1,1,1,1,0,1,1,0,0,1,1,both
KH0080,1,1,1,1,0,0,0,0,0,1,1,1,1,1,0,0,0,0,1,1,both
KH0081,1,1,1,0,1,0,0,0,1,1,1,1,1,0,1,0,0,0,1,1,both
KH0082,1,1,1,1,1,1,1,0,0,1,1,1,1,1,1,0,1,1,0,1,both
KH0083,1,0,1,1,0,0,1,0,0,1,1,0,1,1,0,0,1,1,0,1,both
KH0084,1,1,1,0,0,0,0,0,0,1,1,1,1,0,0,0,1,1,0,1,both
KH0085,1,0,1,0,0,0,0,0,1,1,1,1,1,0,0,0,0,1,1,1,both
KH0086,0,0,0,0,0,0,0,0,0,0,0,0,0,0,0,0,0,0,0,0,both
KH0087,1,0,1,0,0,1,0,0,0,1,1,1,1,0,0,1,0,1,0,1,both
KH0088,1,1,1,0,0,0,0,0,0,1,1,1,1,0,0,0,0,0,0,1,both
KH0089,0,0,0,0,0,0,0,0,0,0,0,0,0,0,0,0,0,0,0,0,both
KH0090,1,1,1,0,0,0,0,0,1,1,1,1,1,0,0,0,0,0,1,1,both
KH0091,0,0,0,0,0,0,0,0,0,0,0,1,0,0,0,0,0,0,0,1,both
KH0092,0,0,0,0,0,0,0,0,0,0,0,1,0,0,0,0,0,0,0,1,both
KH0093,1,0,1,0,0,0,0,0,1,1,1,0,0,1,0,0,1,0,1,1,both
KH0094,0,0,0,0,0,0,0,0,0,0,0,0,0,0,0,0,0,0,0,0,both
KH0095,0,0,0,0,0,0,0,0,0,0,0,0,0,0,0,0,0,0,0,0,both
KH0096,0,0,0,0,0,0,0,0,0,0,0,0,0,0,0,0,0,0,0,0,both
KH0097,1,1,1,0,1,0,0,0,0,1,1,1,1,0,1,0,0,0,0,1,both
KH0098,0,0,0,0,0,0,0,0,0,0,1,0,0,0,0,0,0,0,1,1,both
KH0100,0,0,1,0,0,0,0,0,0,1,1,0,0,1,0,0,0,0,0,1,both
KH0101,1,1,1,0,0,0,0,1,1,1,1,1,1,0,0,0,1,1,1,1,both
KH0102,0,0,0,0,0,0,0,0,1,1,0,0,0,0,0,0,1,0,1,1,both
KH0103,1,1,1,1,0,0,0,0,0,1,1,1,1,1,0,0,0,0,0,1,both
KH0104,1,1,1,0,0,1,0,0,0,1,1,1,1,0,0,1,0,0,1,1,both
KH0105,1,1,1,0,0,0,0,0,1,1,1,1,1,0,0,0,0,0,1,1,both
KH0106,1,1,1,0,0,1,0,0,0,1,1,1,1,0,0,1,0,0,0,1,both
KH0107,0,0,0,0,0,0,0,0,0,0,0,0,0,0,0,0,1,0,0,1,both
KH0108,1,1,1,1,0,0,0,1,0,1,1,1,1,1,0,0,1,1,0,1,both
KH0109,1,1,1,0,0,0,0,0,0,1,1,1,1,0,1,0,1,0,0,1,both
KH0110,0,0,0,0,0,0,0,0,0,0,0,1,0,0,0,0,0,0,0,1,both
KH0111,1,1,0,0,1,0,0,0,0,1,1,1,1,1,0,0,1,0,0,1,both
KH0112,1,0,1,0,0,0,0,0,1,1,1,0,1,0,0,0,0,0,1,1,both
KH0113,1,1,1,1,1,0,0,0,1,1,1,1,1,1,1,0,0,0,1,1,both
KH0114,0,0,0,1,0,0,0,0,0,1,0,0,0,1,0,0,0,0,1,1,both
KH0115,1,0,0,0,0,0,0,0,0,1,1,0,0,0,0,0,0,1,0,1,both
KH0116,1,0,1,0,0,0,0,0,0,1,1,0,1,0,0,0,0,0,0,1,both
KH0117,1,0,0,1,0,0,0,0,0,1,1,0,0,1,0,0,0,0,0,1,both
KH0118,0,0,0,0,0,0,0,0,0,0,0,0,0,0,0,0,0,0,0,0,both
KH0119,0,0,0,0,0,0,0,0,1,1,1,0,0,0,0,0,0,0,1,1,both
KH0120,1,0,0,0,0,0,0,0,1,1,1,0,1,0,0,0,0,0,1,1,both
KH0121,1,0,0,0,0,0,0,0,0,1,1,0,0,0,0,0,0,0,1,1,both
KH0122,1,0,0,0,0,0,0,0,0,1,1,1,0,1,0,0,0,1,0,1,both
KH0123,1,1,1,0,1,1,0,0,0,1,1,1,1,0,1,1,0,0,1,1,both
KH0124,1,0,1,0,0,0,0,0,0,1,1,0,1,0,0,0,0,0,0,1,both
KH0125,0,0,0,0,0,0,0,0,1,1,0,0,0,0,0,0,0,1,1,1,both
KH0126,0,0,0,0,0,0,0,0,0,0,0,0,0,0,0,0,0,0,0,0,both
KH0127,1,1,1,0,0,0,0,0,1,1,1,1,1,0,0,0,0,0,1,1,both
KH0128,1,0,1,1,0,0,0,0,0,1,1,0,1,1,0,0,0,1,0,1,both
KH0129,0,1,0,0,0,0,0,0,0,1,1,1,0,0,0,0,0,0,1,1,both
KH0130,0,0,0,0,0,0,0,0,0,0,1,0,0,0,0,0,0,0,0,1,both
KH0131,0,0,0,0,0,0,0,0,0,0,0,1,0,0,0,0,0,0,0,1,both
KH0132,0,0,0,0,0,0,0,0,0,0,0,0,0,0,0,0,0,0,0,0,both
KH0133,0,0,0,0,0,0,0,0,0,0,0,0,0,0,0,0,0,0,0,0,both
KH0134,0,1,1,0,0,0,0,0,0,1,0,1,1,0,0,0,1,0,0,1,both
KH0135,1,1,0,0,0,0,0,0,0,1,1,1,0,0,0,0,0,0,0,1,both
KH0136,0,0,0,0,0,0,0,0,0,0,0,0,0,0,0,0,0,0,0,0,both
KH0137,1,0,0,0,0,0,0,0,0,1,1,0,0,1,0,0,0,0,0,1,both
KH0138,1,1,1,0,0,0,0,0,0,1,1,1,1,0,0,0,0,0,0,1,both
KH0139,0,0,0,0,0,0,0,0,0,0,0,0,0,0,0,0,0,0,0,0,both
KH0141,1,1,1,0,1,0,0,1,0,1,1,1,1,1,1,0,1,1,0,1,both
KH0142,1,0,0,0,1,0,0,0,0,1,1,0,0,0,1,0,0,0,0,1,both
KH0143,1,1,1,0,0,1,0,0,0,1,1,1,1,1,0,1,0,1,0,1,both
KH0144,0,0,0,0,0,0,0,0,0,0,0,0,0,0,0,0,0,0,0,0,both
KH0145,0,0,0,1,0,0,0,0,0,1,0,0,0,1,1,0,0,1,0,1,both
KH0147,1,1,1,1,0,0,1,1,0,1,1,1,1,1,0,0,1,1,0,1,both
KH0148,0,0,0,0,0,0,0,0,0,0,1,0,0,0,0,0,0,0,0,1,both
KH0149,1,0,1,0,0,0,0,0,0,1,1,0,1,0,0,0,0,0,1,1,both
KH0150,0,0,0,0,0,0,0,0,1,1,0,1,0,0,0,0,0,0,1,1,both
KH0151,1,0,0,0,0,0,0,0,0,1,1,0,0,0,0,0,0,0,0,1,both
KH0152,1,1,1,1,1,0,1,1,0,1,1,1,1,1,1,0,1,1,0,1,both
KH0153,0,0,0,0,0,0,0,0,0,0,0,0,0,0,0,0,0,0,1,1,both
KH0154,1,0,1,0,0,0,0,0,0,1,1,0,1,0,0,0,0,0,0,1,both
KH0155,0,0,0,0,0,0,0,0,0,0,0,0,0,0,0,0,0,0,0,0,both
KH0156,1,1,1,0,0,0,0,0,0,1,1,1,1,0,0,0,1,0,0,1,both
KH0157,0,0,0,0,1,0,0,0,0,1,0,0,0,0,1,0,0,0,0,1,both
KH0158,0,0,0,0,0,0,0,0,0,0,0,0,0,0,0,0,0,0,0,0,both
KH0159,0,1,1,0,0,0,0,0,0,1,0,1,1,0,0,0,0,0,0,1,both
KH0160,1,0,1,0,0,0,0,0,0,1,1,1,1,0,0,0,0,0,1,1,both
KH0161,1,1,1,0,0,0,0,0,0,1,1,1,0,1,0,0,0,0,0,1,both
KH0162,1,0,1,1,0,1,0,0,0,1,1,1,1,1,0,1,0,0,0,1,both
KH0163,1,1,0,0,0,0,0,0,0,1,1,1,0,0,0,0,0,0,0,1,both
KH0164,0,1,0,0,0,0,0,0,0,1,0,1,0,0,0,0,0,0,0,1,both
KH0165,1,1,1,0,1,0,0,0,0,1,1,1,1,0,1,0,0,0,0,1,both
KH0166,1,0,1,1,0,0,0,0,0,1,1,0,0,1,0,0,0,0,0,1,both
KH0167,0,0,1,0,0,1,0,1,1,1,1,0,0,1,0,1,1,1,1,1,both
KH0168,1,1,0,1,0,0,0,0,1,1,1,1,1,1,0,0,1,0,1,1,both
KH0169,1,0,1,1,0,0,0,0,0,1,1,0,0,1,0,0,0,1,0,1,both
KH0170,0,0,0,0,0,0,0,0,0,0,0,0,0,0,0,0,0,0,0,0,both
KH0171,0,0,0,0,0,0,0,0,1,1,0,0,0,0,0,0,0,0,1,1,both
KH0172,1,1,1,0,1,0,0,0,0,1,1,1,1,0,1,0,0,0,0,1,both
KH0173,0,0,0,0,0,0,0,0,1,1,0,0,0,1,0,0,0,1,1,1,both
KH0174,0,0,0,0,0,0,0,0,0,0,0,0,0,0,0,0,0,0,0,0,both
KH0175,1,1,1,1,0,0,0,1,0,1,1,1,1,1,1,0,0,1,0,1,both
KH0176,1,1,0,0,0,0,0,0,0,1,1,1,1,0,0,0,0,0,0,1,both
KH0177,0,0,1,0,0,1,0,0,0,1,1,0,0,0,0,1,0,0,0,1,both
KH0178,0,0,0,0,0,0,0,0,0,0,0,0,0,0,0,0,0,0,0,0,both
KH0179,0,0,0,0,0,0,0,0,0,0,0,0,0,0,0,0,0,0,1,1,both
KH0180,1,0,1,0,1,0,0,0,1,1,1,0,1,1,1,0,0,0,1,1,both
KH0181,1,0,1,1,0,1,0,0,0,1,1,0,1,1,0,1,0,0,0,1,both
KH0182,1,0,1,0,1,0,0,0,0,1,1,0,1,1,1,0,0,0,0,1,both
KH0183,1,1,1,1,1,0,0,1,0,1,1,1,1,1,0,0,1,1,0,1,both
KH0184,0,0,0,0,0,0,0,0,0,0,0,0,0,0,0,0,0,0,0,0,both
KH0185,1,0,0,0,0,0,0,0,0,1,1,0,0,0,0,0,0,0,0,1,both
KH0186,0,0,0,0,0,0,0,0,1,1,0,1,0,0,0,0,0,0,1,1,both
KH0187,1,1,1,1,0,0,0,0,0,1,1,1,1,1,0,0,0,1,0,1,both
KH0188,1,1,0,0,1,0,0,0,0,1,1,1,0,0,1,0,0,0,0,1,both
KH0189,1,1,1,1,0,0,1,0,1,1,1,1,1,1,1,0,0,0,1,1,both
KH0190,1,0,0,0,0,0,0,0,1,1,1,0,0,0,0,0,0,0,1,1,both
KH0191,1,1,1,1,0,0,0,0,0,1,1,1,1,1,1,0,1,0,0,1,both
KH0192,1,1,1,1,1,0,1,1,1,1,1,1,1,1,1,0,1,1,1,1,both
KH0193,1,1,1,1,1,0,1,1,0,1,1,1,1,1,1,0,1,1,0,1,both
KH0194,0,0,0,0,0,0,0,0,0,0,0,0,0,0,0,0,0,0,0,0,both
KH0195,1,0,1,0,1,1,0,0,1,1,1,1,1,1,0,1,0,0,1,1,both
KH0196,1,0,0,0,0,0,0,0,1,1,1,0,0,0,0,0,0,0,1,1,both
KH0197,0,0,0,0,0,0,0,0,0,0,0,0,0,0,0,0,0,0,0,0,both
KH0198,1,1,1,1,1,0,1,0,0,1,1,1,1,1,0,0,1,0,1,1,both
KH0199,0,0,0,0,0,0,0,0,0,0,0,0,0,0,0,0,0,0,0,0,both
KH0200,0,0,0,0,0,0,0,0,0,0,0,0,0,0,0,0,0,0,0,0,both
KH0201,1,0,0,0,1,0,0,0,0,1,1,0,0,0,0,0,0,0,0,1,both
KH0202,0,0,0,0,0,0,0,0,0,0,0,1,0,0,0,0,0,0,0,1,both
KH0203,1,0,0,0,0,0,0,0,1,1,1,0,0,1,0,0,0,1,1,1,both
KH0204,1,0,0,1,0,0,0,1,0,1,1,0,0,1,0,0,1,1,0,1,both
KH0205,0,0,0,0,0,0,0,0,0,0,0,0,0,0,0,0,0,0,0,0,both
KH0206,0,0,0,0,0,0,0,0,0,0,0,0,0,0,0,0,0,0,1,1,both
KH0207,1,1,1,1,0,1,0,0,1,1,1,1,1,1,0,1,0,1,1,1,both
KH0208,0,0,0,0,0,0,0,0,0,0,0,0,0,0,0,0,0,0,0,0,both
KH0209,0,0,0,0,0,0,0,0,0,0,0,0,0,0,0,0,0,0,0,0,both
KH0210,0,0,0,1,0,0,0,0,0,1,1,0,0,1,0,0,0,0,0,1,both
KH0211,0,0,0,0,0,1,0,0,0,1,0,0,0,0,0,1,0,0,0,1,both
KH0212,0,0,0,0,0,0,0,0,0,0,0,0,0,0,0,0,0,0,0,0,both
KH0213,0,0,0,0,0,0,0,0,0,0,0,0,0,0,0,0,0,0,0,0,both
KH0214,0,0,0,0,0,0,0,0,0,0,0,0,0,0,0,0,0,0,0,0,both
KH0215,0,0,0,0,0,0,0,0,0,0,0,0,0,0,0,0,0,0,0,0,both
KH0216,0,0,0,0,0,1,0,0,0,1,0,0,0,0,0,1,0,0,0,1,both
KH0217,1,1,1,0,0,0,0,0,0,1,1,1,1,0,1,0,0,0,0,1,both
KH0218,1,1,0,1,1,0,0,0,0,1,1,1,1,1,0,0,1,0,0,1,both
KH0219,1,0,0,0,0,1,0,1,0,1,1,0,0,0,0,1,0,1,0,1,both
KH0220,0,0,0,0,0,0,0,0,1,1,0,1,0,0,0,0,0,0,1,1,both
KH0221,0,0,0,0,0,0,0,0,1,1,0,1,0,0,0,0,0,0,1,1,both
KH0222,0,0,0,0,0,0,0,0,1,1,0,0,0,0,0,0,0,0,1,1,both
KH0223,0,0,0,0,0,0,0,0,0,0,0,0,0,0,0,0,0,0,0,0,both
KH0224,1,0,0,0,0,0,0,0,0,1,1,0,0,0,0,0,0,0,0,1,both
KH0225,1,1,1,1,0,1,0,1,0,1,1,1,1,1,0,1,1,1,0,1,both
KH0226,0,0,0,0,0,0,0,0,0,0,1,0,0,0,0,0,0,0,0,1,both
KH0227,0,0,0,0,0,0,0,0,0,0,0,0,0,0,0,0,0,0,0,0,both
KH0228,1,1,1,1,1,0,0,1,0,1,1,1,1,1,0,0,1,1,0,1,both
KH0229,1,0,0,0,0,0,0,0,0,1,1,0,0,0,0,0,1,0,0,1,both
KH0230,1,0,0,0,0,0,0,0,1,1,1,1,0,1,0,0,1,0,1,1,both
KH0231,1,0,1,0,0,0,0,0,0,1,1,1,1,1,0,0,0,1,0,1,both
KH0232,1,1,1,0,0,1,1,1,1,1,1,1,1,1,1,1,1,1,1,1,both
KH0233,0,0,0,0,0,0,0,0,0,0,1,0,0,0,0,0,0,0,0,1,both
KH0234,1,0,1,0,1,0,0,0,0,1,1,0,0,0,1,0,0,0,0,1,both
KH0235,1,0,1,1,1,0,0,0,0,1,1,0,1,1,0,0,1,0,0,1,both
KH0236,0,0,0,0,0,0,0,0,0,0,0,0,0,0,0,0,0,0,0,0,both
KH0237,1,1,1,1,1,0,0,1,0,1,1,1,1,1,1,0,1,1,1,1,both
KH0238,1,0,0,1,0,0,0,1,0,1,1,0,0,1,0,0,1,1,1,1,both
KH0239,0,0,0,0,0,1,0,1,0,1,1,1,0,1,1,1,1,1,0,1,both
KH0240,1,1,1,1,1,1,0,0,0,1,1,1,1,1,1,1,1,1,0,1,both
KH0241,1,0,1,0,0,0,0,0,0,1,1,0,0,0,0,0,0,0,0,1,both
KH0242,1,1,1,1,1,1,0,1,1,1,1,1,1,1,1,1,1,1,1,1,both
KH0243,0,0,0,0,0,0,0,1,1,1,0,0,0,0,0,0,1,1,1,1,both
KH0244,0,0,0,0,0,0,0,0,0,0,0,0,0,0,0,0,0,0,1,1,both
KH0245,1,0,1,1,0,1,0,1,0,1,1,1,1,1,0,1,0,1,0,1,both
KH0246,1,1,1,1,1,0,0,0,1,1,1,1,1,1,1,0,1,0,1,1,both
KH0247,1,1,1,1,0,0,0,0,0,1,1,1,1,1,0,0,1,1,0,1,both
KH0248,1,1,0,1,0,0,0,0,1,1,1,1,0,1,0,0,1,0,1,1,both
KH0249,1,0,0,0,0,0,0,0,0,1,1,0,0,0,0,0,0,0,0,1,both
KH0250,1,0,0,0,0,0,0,0,0,1,1,0,1,1,0,0,1,0,0,1,both
KH0251,1,0,0,1,0,0,0,0,0,1,1,0,0,1,0,0,0,0,1,1,both
KH0252,1,1,1,1,0,0,0,1,0,1,1,1,1,1,0,0,1,1,0,1,both
KH0253,1,1,1,1,0,0,0,0,1,1,1,1,1,1,0,0,1,1,1,1,both
KH0254,1,0,0,0,0,0,0,0,0,1,1,0,0,1,0,0,0,0,1,1,both
KH0255,0,0,0,0,0,0,0,0,0,0,0,0,0,0,0,0,0,0,0,0,both
KH0256,1,0,0,0,0,0,0,0,0,1,1,0,0,1,0,0,0,0,0,1,both
KH0257,1,1,1,1,1,1,0,0,0,1,1,1,1,1,0,1,1,1,0,1,both
KH0258,1,1,1,1,1,0,0,1,1,1,1,1,1,1,1,0,1,1,1,1,both
KH0259,0,0,0,0,0,0,0,1,0,1,0,0,0,1,0,0,0,1,0,1,both
KH0260,0,0,0,0,0,0,0,0,0,0,0,0,0,0,0,0,0,1,0,1,both
KH0261,1,1,0,0,0,0,0,0,1,1,1,1,1,0,0,0,0,0,1,1,both
KH0262,0,0,0,0,0,0,0,0,0,0,0,0,0,0,0,0,0,0,0,0,both
KH0263,1,0,1,1,0,1,0,1,1,1,1,0,1,1,1,1,0,1,1,1,both
KH0264,0,0,0,0,0,1,0,1,1,1,0,1,0,1,0,1,1,1,1,1,both
KH0265,1,0,0,0,0,0,0,0,0,1,1,1,0,0,0,0,0,0,0,1,both
KH0266,0,0,0,0,0,0,0,0,0,0,0,0,0,0,0,0,0,0,0,0,both
KH0267,1,1,1,1,0,0,1,1,1,1,1,1,1,1,1,0,1,1,1,1,both
KH0268,0,0,0,0,0,0,0,0,0,0,0,0,0,0,0,0,1,0,0,1,both
KH0269,1,1,1,0,1,1,0,0,1,1,1,1,1,1,1,1,0,0,1,1,both
KH0270,1,0,0,0,0,0,0,0,0,1,1,0,0,0,0,0,0,0,0,1,both
KH0271,1,1,1,0,1,0,0,0,0,1,1,1,1,0,1,0,0,0,0,1,both
KH0272,0,0,0,0,0,0,0,0,0,0,0,0,0,1,0,0,0,0,0,1,both
KH0273,1,0,1,0,0,0,0,0,1,1,1,1,1,0,0,0,0,0,1,1,both
KH0274,0,0,0,0,0,1,0,0,0,1,1,1,1,0,0,1,0,0,0,1,both
KH0275,1,1,1,0,1,0,0,1,1,1,1,1,1,1,1,0,1,1,1,1,both
KH0276,1,0,1,1,0,0,0,0,0,1,1,0,1,1,0,0,0,0,0,1,both
KH0277,0,0,1,0,1,0,0,0,0,1,1,1,1,0,1,0,0,0,0,1,both
KH0278,1,1,1,1,1,0,0,0,0,1,1,1,1,1,0,0,0,1,0,1,both
KH0279,1,1,1,1,1,0,0,0,1,1,1,1,1,1,1,0,1,0,1,1,both
KH0280,1,1,0,0,1,0,0,0,0,1,1,1,0,0,1,0,0,0,0,1,both
KH0281,1,1,1,0,0,1,0,0,0,1,1,1,0,0,1,1,0,0,0,1,both
KH0282,1,1,0,0,1,1,0,0,1,1,1,1,1,0,1,1,0,0,1,1,both
KH0283,0,0,0,0,0,0,0,0,0,0,1,0,0,0,0,0,0,0,0,1,both
KH0284,0,0,1,0,0,0,0,0,0,1,1,0,0,0,0,0,0,0,0,1,both
KH0285,0,0,1,0,0,0,0,0,0,1,1,0,0,0,0,0,0,0,0,1,both
KH0286,1,0,1,0,0,0,0,0,0,1,1,0,0,0,0,0,0,0,0,1,both
KH0287,1,0,1,1,0,0,0,1,0,1,1,0,1,1,0,0,1,1,0,1,both
KH0288,1,1,0,0,1,0,0,0,0,1,1,1,1,0,1,0,0,0,0,1,both
KH0289,1,1,1,0,1,0,0,0,0,1,1,1,1,0,1,0,0,0,0,1,both
KH0290,1,0,1,1,0,0,0,0,0,1,1,0,1,1,0,0,1,0,0,1,both
KH0291,1,1,0,0,0,0,0,0,0,1,1,1,0,0,0,0,0,0,0,1,both
KH0292,1,0,0,0,0,0,0,0,0,1,1,0,0,0,0,0,0,0,0,1,both
KH0293,1,0,1,0,0,1,0,1,0,1,1,0,1,1,0,1,1,1,0,1,both
KH0294,0,0,0,1,0,1,0,0,1,1,0,1,0,1,0,1,1,0,1,1,both
KH0295,1,0,0,1,0,0,0,0,0,1,1,0,0,1,0,0,1,0,0,1,both
KH0296,1,0,1,1,0,1,0,0,0,1,1,1,1,1,0,1,0,0,0,1,both
KH0297,1,0,0,0,0,1,0,0,1,1,1,1,0,0,0,1,0,1,1,1,both
KH0298,1,1,1,0,0,0,0,0,1,1,1,1,1,0,0,0,0,0,1,1,both
KH0299,1,0,0,0,0,0,0,0,0,1,1,0,0,0,0,0,0,0,0,1,both
KH0300,1,0,1,0,0,0,0,0,0,1,1,1,1,0,0,0,0,0,1,1,both
KH0301,1,0,1,0,0,0,0,0,0,1,1,1,1,0,0,0,0,0,0,1,both
KH0302,0,0,0,0,0,0,0,0,0,0,0,0,0,0,0,0,0,0,0,0,both
KH0303,1,1,0,0,0,0,0,0,1,1,1,1,0,0,0,0,0,0,1,1,both
KH0304,0,0,0,0,0,0,0,0,0,0,1,0,0,0,0,0,0,0,1,1,both
KH0305,1,0,1,0,0,0,0,0,1,1,1,1,1,0,0,0,0,0,1,1,both
KH0306,1,0,0,0,0,0,0,0,0,1,1,1,0,0,0,0,0,0,0,1,both
KH0307,0,0,0,0,0,0,0,0,0,0,0,0,0,0,0,0,0,0,0,0,both
KH0308,0,0,0,0,0,0,0,0,0,0,0,0,0,0,0,0,0,0,0,0,both
KH0309,1,1,1,0,1,1,0,0,0,1,1,1,1,0,0,1,1,0,0,1,both
KH0310,1,0,1,0,0,0,0,0,0,1,1,0,0,0,0,0,0,0,0,1,both
KH0311,1,1,1,0,0,0,0,0,1,1,1,1,1,0,0,0,0,0,1,1,both
KH0312,0,0,0,0,0,0,0,0,0,0,0,0,0,0,0,0,0,0,0,0,both
KH0313,0,0,0,0,0,0,0,0,0,0,0,1,0,0,0,0,0,0,0,1,both
KH0314,0,0,0,0,0,0,0,0,0,0,0,0,0,0,0,0,1,0,0,1,both
KH0315,0,0,0,0,0,0,0,0,0,0,0,0,0,0,0,0,0,0,0,0,both
KH0316,1,0,0,1,0,0,0,0,0,1,1,1,0,1,0,0,0,0,0,1,both
KH0317,1,1,1,0,0,0,0,0,0,1,1,1,1,0,0,0,0,0,0,1,both
KH0318,0,0,0,0,0,0,0,0,0,0,0,0,0,0,0,0,0,0,0,0,both
KH0319,0,0,0,0,0,0,0,0,0,0,0,0,0,0,0,0,0,0,0,0,both
KH0320,0,0,0,0,0,0,0,0,0,0,0,0,0,0,0,0,1,0,0,1,both
KH0321,1,1,1,1,0,0,0,0,0,1,1,1,1,1,0,0,1,0,0,1,both
KH0322,1,1,1,0,1,0,0,0,1,1,1,1,1,0,1,0,0,0,1,1,both
KH0323,1,1,1,0,1,0,0,1,0,1,1,1,1,1,1,0,1,1,0,1,both
KH0324,0,0,1,0,0,0,0,0,0,1,1,0,0,1,0,0,0,0,0,1,both
KH0325,1,1,1,1,0,1,0,1,0,1,1,1,1,1,1,1,1,1,0,1,both
KH0326,1,1,1,0,0,0,0,0,0,1,1,1,1,1,0,0,0,0,0,1,both
KH0327,1,0,1,0,0,0,0,1,0,1,1,1,1,1,0,0,0,1,0,1,both
KH0328,0,0,0,0,0,0,0,0,0,0,0,0,0,0,0,0,0,0,0,0,both
KH0329,1,1,1,1,0,0,1,1,1,1,1,1,1,1,1,0,1,1,1,1,both
KH0330,0,0,0,0,0,0,0,0,0,0,0,0,0,0,0,0,0,0,1,1,both
KH0331,1,0,0,0,0,0,0,0,0,1,1,0,0,0,0,0,0,0,0,1,both
KH0332,0,0,0,0,0,0,0,0,0,0,0,0,0,0,0,0,1,0,0,1,both
KH0333,1,0,1,0,0,0,0,0,0,1,1,1,1,1,0,0,1,1,0,1,both
KH0334,0,0,0,0,0,0,0,0,0,0,0,0,0,0,0,0,0,0,0,0,both
KH0335,0,0,0,0,0,0,0,0,0,0,0,0,0,0,0,0,0,0,0,0,both
KH0336,0,0,0,0,0,0,0,0,0,0,0,0,0,0,0,0,0,0,0,0,both
KH0337,0,0,0,0,0,0,0,0,0,0,0,0,0,0,0,0,0,0,0,0,both
KH0338,1,1,1,0,0,0,0,0,0,1,1,1,1,1,0,0,0,0,0,1,both
KH0339,0,0,0,0,0,0,0,0,0,0,0,0,0,0,0,0,1,0,0,1,both
KH0340,0,0,0,0,0,0,0,0,0,0,1,0,0,1,0,0,0,0,0,1,both
KH0341,0,0,0,0,0,0,0,0,0,0,0,0,0,0,0,0,0,0,0,0,both
KH0342,1,0,0,0,0,0,0,0,0,1,1,0,0,0,0,0,0,0,0,1,both
KH0343,1,0,1,0,0,0,0,0,0,1,1,1,1,0,0,0,0,0,0,1,both
KH0344,0,0,0,0,0,0,0,0,0,0,0,0,0,0,0,0,0,0,0,0,both
KH0345,0,0,0,0,0,0,0,0,0,0,0,0,0,0,0,0,1,0,0,1,both
KH0346,1,1,0,0,1,1,0,0,1,1,1,1,1,0,1,1,0,0,1,1,both
KH0347,1,0,0,0,0,0,0,0,0,1,1,0,0,0,0,0,0,0,0,1,both
KH0348,1,1,1,0,1,1,0,0,1,1,1,1,1,0,1,1,0,0,1,1,both
KH0349,1,1,1,1,1,1,1,1,1,1,1,1,1,1,1,1,1,1,1,1,both
KH0350,1,1,1,1,0,1,0,1,0,1,1,1,1,1,1,1,0,1,0,1,both
KH0350,1,1,1,1,0,1,0,1,0,1,1,1,1,1,1,1,0,1,0,1,both
KH0350,1,1,1,1,0,1,0,1,0,1,1,1,1,1,1,1,0,1,0,1,both
KH0350,1,1,1,1,0,1,0,1,0,1,1,1,1,1,1,1,0,1,0,1,both
KH0351,1,0,0,0,0,0,0,0,0,1,1,0,0,0,0,0,1,0,0,1,both
KH0352,1,0,1,1,0,0,0,1,0,1,1,1,1,1,0,0,1,1,0,1,both
KH0353,1,0,1,0,0,0,0,0,0,1,1,0,0,0,0,0,1,0,0,1,both
KH0354,0,0,0,0,0,0,0,0,0,0,0,0,0,1,0,0,0,0,0,1,both
KH0355,0,0,0,0,0,0,0,0,1,1,0,0,0,0,0,0,0,0,1,1,both
KH0356,1,0,0,0,0,0,0,0,0,1,1,1,0,0,0,0,0,0,0,1,both
KH0357,1,0,1,0,0,0,0,0,1,1,1,1,1,0,0,0,0,0,1,1,both
KH0358,1,1,1,1,1,0,1,0,0,1,1,1,1,1,1,0,1,0,0,1,both
KH0359,1,1,1,0,0,0,1,0,0,1,1,1,1,1,0,0,1,0,0,1,both
KH0360,1,0,1,1,0,0,0,0,0,1,1,1,1,1,0,0,0,0,0,1,both
KH0361,1,0,0,0,0,0,0,0,0,1,1,0,0,1,0,0,1,0,0,1,both
KH0362,1,1,0,0,0,0,0,0,0,1,1,1,0,0,0,0,1,0,0,1,both
KH0363,1,0,0,0,0,0,0,0,0,1,1,1,0,0,0,0,0,0,0,1,both
KH0364,0,0,0,0,0,0,0,0,0,0,0,0,0,1,0,0,0,0,0,1,both
KH0365,0,0,0,0,0,0,0,0,0,0,0,0,0,0,0,0,0,0,0,0,both
KH0366,1,0,0,0,0,1,0,0,0,1,1,0,0,0,0,1,0,0,0,1,both
KH0367,1,0,0,0,0,0,0,0,1,1,1,1,0,0,0,0,0,0,1,1,both
KH0368,0,0,1,0,0,0,0,0,0,1,0,0,1,0,0,0,0,0,0,1,both
KH0369,1,0,1,0,0,0,0,0,0,1,1,0,1,1,0,0,1,0,0,1,both
KH0370,1,1,1,0,0,0,0,0,0,1,1,1,1,1,0,0,0,0,1,1,both
KH0371,1,0,0,1,0,0,0,1,0,1,1,1,0,1,0,0,0,1,1,1,both
KH0372,1,0,1,0,0,0,0,0,0,1,1,0,1,1,0,0,1,0,1,1,both
KH0373,0,0,0,0,0,0,0,0,0,0,1,0,0,0,0,0,1,0,0,1,both
KH0374,1,0,0,0,0,0,0,0,0,1,1,0,0,0,0,0,0,0,0,1,both
KH0375,0,0,0,0,0,0,0,0,0,0,0,0,0,0,0,0,0,0,0,0,both
KH0376,0,0,0,0,0,0,0,0,0,0,0,0,0,0,0,0,0,0,0,0,both
KH0377,0,0,1,0,0,0,0,0,0,1,1,0,0,0,0,0,0,1,0,1,both
KH0378,0,0,0,0,0,0,0,0,0,0,0,0,0,1,0,0,0,0,0,1,both
KH0379,0,0,0,0,0,0,0,0,0,0,1,0,0,0,0,0,0,0,0,1,both
KH0380,0,0,0,0,0,1,0,0,0,1,0,0,0,0,0,1,0,0,0,1,both
KH0381,1,1,0,0,0,0,0,0,0,1,1,1,0,0,0,0,1,0,0,1,both
KH0382,0,0,0,0,0,0,0,0,0,0,0,0,0,1,0,0,1,0,0,1,both
KH0383,1,0,0,1,0,0,0,0,0,1,1,0,0,1,0,0,1,0,0,1,both
KH0384,1,1,1,0,0,0,0,0,0,1,1,1,1,0,0,0,0,0,0,1,both
KH0385,1,1,0,0,1,0,1,0,0,1,1,1,1,0,1,0,1,0,0,1,both
KH0386,1,1,1,0,0,0,0,0,0,1,1,1,1,1,1,0,1,0,0,1,both
KH0387,1,1,1,0,0,0,0,0,0,1,1,1,1,0,0,0,0,0,1,1,both
KH0388,0,0,0,0,0,0,0,0,0,0,1,0,0,1,0,0,0,1,0,1,both
KH0389,1,1,1,0,0,0,0,0,0,1,1,1,1,1,1,0,1,0,0,1,both
KH0390,1,0,0,0,0,0,0,0,0,1,1,0,0,0,1,0,0,0,0,1,both
KH0391,1,0,0,0,0,0,0,0,0,1,1,0,0,0,0,0,1,0,0,1,both
KH0392,1,0,0,0,0,1,0,0,0,1,1,0,0,0,0,0,1,0,1,1,both
KH0393,1,0,0,0,0,0,0,0,0,1,1,0,0,0,0,0,0,0,1,1,both
KH0394,1,0,0,0,0,0,0,0,0,1,1,0,0,0,0,0,0,0,0,1,both
KH0395,1,0,0,0,0,1,0,0,0,1,1,0,0,0,0,1,0,0,0,1,both
KH0396,0,0,0,0,0,0,0,0,0,0,0,0,0,1,0,0,1,0,0,1,both
KH0397,0,0,0,0,0,0,0,0,0,0,1,0,0,0,0,0,0,0,0,1,both
KH0398,0,0,0,0,0,0,0,0,0,0,0,0,0,0,0,0,0,0,0,0,both
KH0399,0,0,0,0,0,0,0,0,0,0,0,0,0,0,0,0,0,0,0,0,both
KH0400,1,0,1,0,0,0,0,0,0,1,1,0,0,1,1,0,0,0,0,1,both
KH0401,0,0,0,0,0,0,0,0,0,0,0,0,0,0,0,0,0,0,0,0,both
KH0402,1,0,0,0,0,0,0,0,0,1,1,0,0,0,0,0,0,0,0,1,both
KH0403,0,0,0,0,0,0,0,0,0,0,0,0,0,0,0,0,0,0,0,0,both
KH0404,0,0,0,0,0,0,0,0,1,1,1,1,0,1,0,0,1,1,1,1,both
KH0405,1,0,1,0,0,0,0,0,0,1,1,0,0,0,1,0,0,0,0,1,both
KH0406,1,0,1,0,0,0,0,0,1,1,1,0,1,1,0,0,0,0,1,1,both
KH0407,0,0,0,0,0,0,0,0,1,1,1,0,0,0,0,0,0,0,1,1,both
KH0408,1,0,1,1,1,1,0,1,0,1,1,1,1,1,0,1,1,1,0,1,both
KH0409,0,0,0,0,0,1,0,0,0,1,0,0,0,0,0,1,0,0,0,1,both
KH0410,0,0,0,0,0,0,0,0,0,0,0,0,0,0,0,0,0,0,0,0,both
KH0411,1,0,0,0,1,0,0,0,0,1,1,0,1,0,1,0,0,0,1,1,both
KH0412,1,0,0,0,0,0,0,0,0,1,1,0,0,0,0,0,0,0,0,1,both
KH0413,0,0,0,0,0,0,0,0,0,0,1,0,0,0,0,0,0,0,0,1,both
KH0414,0,0,0,0,0,0,0,0,0,0,1,0,0,1,0,0,0,0,0,1,both
KH0415,0,0,1,1,0,0,0,0,0,1,1,0,0,1,0,0,0,1,0,1,both
KH0416,0,0,0,0,0,0,0,0,0,0,0,0,0,0,0,0,0,0,0,0,both
KH0417,0,0,0,0,0,0,0,0,0,0,0,0,0,0,0,0,0,0,0,0,both
KH0418,0,0,0,0,0,0,0,0,0,0,0,0,0,0,0,0,0,0,0,0,both
KH0419,0,0,0,0,0,0,0,0,0,0,0,0,0,0,0,0,0,0,0,0,both
KH0420,1,1,0,0,0,0,0,0,0,1,1,1,1,0,0,0,0,0,0,1,both
KH0421,0,0,0,0,0,0,0,0,0,0,1,0,0,0,0,0,0,0,1,1,both
KH0422,1,0,0,0,0,0,0,0,0,1,1,1,1,0,0,0,1,1,0,1,both
KH0423,0,0,0,0,0,0,0,0,0,0,0,0,0,0,0,0,0,0,0,0,both
KH0424,1,1,0,0,0,1,0,0,0,1,1,1,0,0,1,0,0,0,0,1,both
KH0425,1,0,0,0,0,0,0,0,0,1,1,0,0,0,0,0,1,0,0,1,both
KH0426,0,1,0,0,0,0,0,0,0,1,1,1,1,1,0,0,0,0,1,1,both
KH0427,1,0,1,1,0,0,0,1,0,1,1,0,1,1,0,0,1,1,0,1,both
KH0428,1,1,1,1,0,1,0,1,1,1,1,1,1,1,0,1,1,1,1,1,both
KH0429,0,0,0,0,0,0,0,0,0,0,0,0,0,0,0,0,0,1,0,1,both
KH0430,1,0,1,0,0,0,0,0,0,1,1,1,0,1,0,0,0,0,0,1,both
KH0431,1,0,1,1,0,0,0,1,0,1,1,0,1,1,0,0,1,1,0,1,both
KH0432,1,0,0,0,0,0,0,0,0,1,1,0,0,1,0,0,1,1,0,1,both
KH0433,1,1,1,1,1,1,0,1,1,1,1,1,1,1,1,1,1,1,1,1,both
KH0434,1,1,1,0,0,0,0,0,1,1,1,1,1,1,1,0,0,1,1,1,both
KH0435,1,1,1,1,0,1,0,0,0,1,1,1,1,1,0,1,1,1,0,1,both
KH0436,1,1,1,0,1,1,1,1,0,1,1,1,1,1,1,1,1,1,0,1,both
KH0437,1,1,1,0,1,0,0,0,0,1,1,1,1,0,1,0,0,0,0,1,both
KH0438,1,0,0,0,0,0,0,0,0,1,1,0,0,0,0,0,0,0,0,1,both
KH0439,1,0,0,0,1,0,0,0,0,1,1,1,0,0,1,0,0,0,0,1,both
KH0440,1,1,0,0,0,0,1,0,0,1,1,1,1,0,0,0,1,1,1,1,both
KH0441,1,1,1,1,0,0,0,0,0,1,1,1,1,1,0,0,1,0,0,1,both
KH0442,1,1,0,1,0,0,0,0,1,1,1,1,1,1,1,0,1,0,1,1,both
KH0443,1,0,0,0,0,0,0,0,1,1,1,1,0,1,0,0,1,0,1,1,both
KH0444,0,0,0,0,0,0,0,0,0,0,0,0,0,0,0,0,0,0,0,0,both
KH0445,1,1,0,1,0,0,0,0,0,1,1,1,0,1,0,0,1,0,0,1,both
KH0446,1,1,1,1,1,1,1,0,1,1,1,1,1,1,1,0,1,1,1,1,both
KH0447,1,1,0,0,0,1,0,0,0,1,1,1,0,1,0,1,1,1,0,1,both
KH0448,1,0,0,0,1,0,0,0,0,1,1,0,0,0,1,0,1,0,0,1,both
KH0449,1,1,0,0,0,1,0,0,0,1,1,1,0,0,0,0,0,0,0,1,both
KH0450,1,1,1,0,0,0,0,0,0,1,1,1,1,0,0,0,0,0,0,1,both
KH0451,1,0,1,1,0,0,0,0,0,1,1,0,1,1,0,0,0,0,0,1,both
KH0452,1,0,1,0,0,0,0,0,0,1,1,0,1,0,0,0,0,0,0,1,both
KH0453,0,0,1,1,0,0,0,0,0,1,1,0,0,1,0,0,1,1,0,1,both
KH0454,0,0,0,0,0,0,0,0,0,0,0,0,0,0,0,0,0,0,0,0,both
KH0455,1,0,1,1,0,0,0,0,0,1,1,0,1,1,0,0,0,0,0,1,both
KH0456,1,0,1,0,0,0,0,0,0,1,1,0,1,0,0,0,0,0,0,1,both
KH0457,1,0,0,0,0,1,0,0,0,1,1,0,0,0,0,0,0,0,0,1,both
KH0458,0,0,0,0,0,0,0,0,0,0,1,0,0,0,0,0,0,0,0,1,both
KH0459,0,0,0,0,0,0,0,0,0,0,1,0,0,0,0,0,0,0,0,1,both
KH0460,1,1,1,0,0,0,0,0,0,1,1,1,1,1,0,0,0,1,0,1,both
KH0461,1,0,1,0,1,0,0,0,0,1,1,1,1,0,1,0,0,0,0,1,both
KH0462,1,0,0,0,0,0,0,0,0,1,1,0,0,0,0,0,0,0,0,1,both
KH0463,1,1,0,1,0,0,0,0,0,1,1,1,1,1,0,0,0,0,1,1,both
KH0464,1,0,0,0,0,0,0,0,0,1,1,0,1,0,0,0,0,0,0,1,both
KH0465,1,0,1,0,1,0,0,0,0,1,1,0,1,0,1,0,0,0,0,1,both
KH0466,1,1,1,0,0,0,0,0,0,1,1,1,1,0,0,0,1,0,0,1,both
KH0467,1,0,0,0,0,1,0,0,0,1,1,0,1,0,0,1,0,0,0,1,both
KH0468,1,1,1,0,1,0,0,0,1,1,1,1,1,1,1,0,0,0,1,1,both
KH0469,1,1,1,0,1,1,0,0,1,1,1,1,1,0,1,0,0,0,1,1,both
KH0470,1,1,1,0,0,0,0,0,0,1,1,1,1,1,0,0,1,0,0,1,both
KH0471,1,0,0,0,0,0,0,0,0,1,1,0,0,0,0,0,0,0,1,1,both
KH0472,1,1,1,1,0,1,0,1,1,1,1,1,1,1,0,1,1,1,1,1,both
KH0473,1,0,0,0,0,0,0,0,1,1,1,0,0,0,0,0,0,0,1,1,both
KH0474,1,0,1,0,0,0,0,1,0,1,1,1,1,1,0,0,1,1,0,1,both
KH0475,1,0,0,0,0,0,0,0,0,1,1,0,0,0,0,0,0,0,0,1,both
KH0476,1,0,1,0,0,0,0,0,0,1,1,1,1,1,0,0,0,0,0,1,both
KH0477,1,0,0,1,0,0,0,0,0,1,1,1,1,1,0,0,0,0,1,1,both
KH0478,1,1,1,1,1,1,0,0,0,1,1,1,1,1,1,1,0,0,0,1,both
KH0479,1,0,1,0,0,0,0,0,0,1,1,1,1,0,0,0,0,0,0,1,both
KH0480,1,1,1,0,1,1,0,0,1,1,1,1,1,0,1,1,0,0,1,1,both
KH0481,1,0,0,0,0,1,0,0,0,1,1,0,0,0,0,1,0,0,0,1,both
KH0482,1,1,1,0,0,0,0,0,0,1,1,1,0,0,1,0,0,0,0,1,both
KH0484,0,0,0,0,0,0,0,0,0,0,1,0,0,0,0,0,0,0,1,1,both
KH0485,0,0,0,0,0,0,0,0,0,0,0,0,0,0,0,0,0,0,0,0,both
KH0486,0,0,0,0,0,1,0,0,0,1,0,0,0,0,0,0,0,0,0,0,both
KH0487,1,0,0,0,0,0,0,0,0,1,1,0,1,1,0,0,0,1,0,1,both
KH0488,1,1,1,0,0,0,0,0,0,1,1,1,1,0,0,0,1,1,0,1,both
KH0489,1,0,1,1,0,0,0,0,0,1,1,1,1,1,0,0,0,0,0,1,both
KH0490,1,0,1,0,0,1,0,0,0,1,1,0,1,1,0,0,1,0,0,1,both
KH0491,1,1,1,0,1,1,0,0,0,1,1,1,1,0,1,1,0,0,1,1,both
KH0492,1,1,1,1,0,0,0,0,0,1,1,1,1,1,0,0,0,0,1,1,both
KH0493,0,0,0,0,0,0,0,0,0,0,0,0,0,0,0,0,0,0,1,1,both
KH0494,1,0,1,0,0,0,0,0,0,1,1,0,1,1,0,0,0,0,0,1,both
KH0495,0,0,0,0,0,0,0,0,0,0,0,0,0,0,0,0,0,0,0,0,both
KH0496,1,0,1,1,0,0,0,0,0,1,1,0,1,1,0,0,0,1,0,1,both
KH0497,0,0,0,0,0,0,0,0,0,0,0,0,0,0,0,0,0,0,0,0,both
KH0498,1,0,1,1,0,0,1,0,0,1,1,0,1,1,0,0,1,0,0,1,both
KH0499,1,1,1,0,1,1,0,0,1,1,1,1,1,0,1,1,0,0,1,1,both
KH0500,1,1,1,0,1,0,0,0,0,1,1,1,1,0,1,0,0,0,0,1,both
KH0501,0,0,0,0,0,0,0,0,0,0,0,1,0,1,0,0,1,0,0,1,both
KH0502,1,1,0,0,0,1,0,0,0,1,1,1,0,1,0,1,0,0,1,1,both
KH0503,1,1,1,0,1,0,0,0,0,1,1,1,1,0,1,0,0,0,1,1,both
KH0504,1,0,1,0,0,0,0,0,0,1,1,1,1,1,0,0,0,0,1,1,both
KH0505,0,0,0,0,0,0,0,0,0,0,1,1,0,0,0,0,1,0,1,1,both
KH0506,1,1,1,1,1,0,0,0,1,1,1,1,1,1,1,0,1,0,1,1,both
KH0507,1,1,1,0,0,0,1,0,1,1,1,1,1,1,0,0,1,1,1,1,both
KH0508,0,0,0,0,0,1,0,1,1,1,0,0,0,1,0,1,0,1,1,1,both
KH0509,1,1,1,1,0,1,1,1,1,1,1,1,1,1,1,1,1,1,1,1,both
KH0510,0,0,0,0,1,0,0,0,0,1,1,1,0,0,1,0,0,0,1,1,both
KH0511,0,0,0,0,1,0,0,0,0,1,1,1,0,0,1,0,0,0,1,1,both
KH0512,1,1,0,0,0,0,0,0,0,1,1,1,0,0,0,0,0,0,1,1,both
KH0513,1,0,0,0,0,0,0,0,0,1,1,1,0,0,0,0,0,0,1,1,both
KH0514,1,0,0,0,0,0,0,0,0,1,1,1,1,0,0,0,1,0,0,1,both
KH0515,0,0,0,0,0,0,0,0,0,0,0,0,0,0,0,0,0,0,0,0,both
KH0516,1,1,1,1,1,0,0,1,0,1,1,1,1,1,0,0,1,1,0,1,both
KH0517,1,1,1,1,0,0,0,0,1,1,1,1,1,1,0,0,0,0,1,1,both
KH0518,0,0,0,0,0,0,0,0,0,0,0,0,0,0,0,0,0,0,0,0,both
KH0519,1,1,1,1,0,0,0,0,0,1,1,1,0,1,0,0,1,0,0,1,both
KH0520,1,0,0,0,0,1,0,0,1,1,1,0,0,0,0,0,0,0,1,1,both
KH0521,1,1,1,0,1,0,0,0,1,1,1,1,1,0,1,0,0,1,1,1,both
KH0522,1,0,0,0,0,1,0,0,1,1,1,0,1,0,0,1,0,0,1,1,both
KH0523,0,0,0,0,0,1,0,0,0,1,0,0,0,0,0,1,0,0,0,1,both
KH0524,0,0,0,0,0,0,0,0,0,0,1,0,0,0,0,0,0,0,0,1,both
KH0525,1,0,0,0,0,0,0,0,0,1,1,1,0,0,0,0,0,0,0,1,both
KH0526,0,0,0,0,0,0,0,0,0,0,1,0,0,0,0,0,0,0,0,1,both
KH0527,1,0,0,0,0,0,0,0,0,1,1,0,0,0,0,0,0,0,0,1,both
KH0528,0,0,0,0,0,0,0,0,0,0,0,0,0,0,0,0,0,0,0,0,both
KH0529,1,1,1,1,1,1,0,1,0,1,1,1,1,1,1,1,1,1,0,1,both
KH0530,1,0,0,0,0,0,0,0,0,1,1,1,0,0,0,0,0,0,0,1,both
KH0531,0,0,0,0,0,0,0,0,0,0,0,0,0,0,0,0,0,0,0,0,both
KH0532,0,0,0,0,0,0,0,0,0,0,0,0,0,0,0,0,0,0,0,0,both
KH0533,0,0,0,0,0,0,0,0,0,0,0,0,0,0,0,0,0,0,1,1,both
KH0534,0,0,0,0,0,0,0,0,0,0,0,0,0,0,0,0,0,0,0,0,both
KH0535,1,0,0,0,0,0,0,0,0,1,1,0,0,0,1,0,0,0,1,1,both
KH0536,1,1,1,1,0,0,0,0,0,1,1,1,1,1,0,0,1,0,0,1,both
KH0537,1,0,0,1,0,0,0,0,0,1,1,0,0,1,0,0,0,0,0,1,both
KH0538,0,0,0,0,0,0,0,0,0,0,0,0,0,0,0,0,0,0,1,1,both
KH0539,0,0,0,0,0,0,0,0,0,0,0,0,0,0,0,0,0,0,0,0,both
KH0540,0,0,0,0,0,0,0,0,0,0,0,0,0,1,0,0,0,0,0,1,both
KH0541,0,0,0,0,0,0,0,0,0,0,0,0,0,0,0,0,0,0,0,0,both
KH0542,0,0,0,0,0,0,0,0,0,0,0,0,0,0,0,0,0,0,0,0,both
KH0543,0,0,0,1,0,0,0,0,0,1,1,0,0,1,0,0,0,0,0,1,both
KH0544,0,0,0,0,0,0,0,0,0,0,1,1,1,0,0,0,0,0,0,1,both
KH0545,0,0,0,0,0,0,0,0,0,0,1,0,0,0,0,0,0,0,0,1,both
KH0546,1,1,0,0,0,0,0,0,0,1,1,1,0,0,0,0,0,0,0,1,both
KH0547,0,0,0,0,0,0,0,0,0,0,0,0,0,0,0,0,0,0,0,0,both
KH0548,0,0,0,0,0,0,0,0,0,0,0,0,0,1,0,0,0,0,0,1,both
KH0549,1,1,1,0,0,0,0,0,0,1,1,1,1,1,0,0,1,0,0,1,both
KH0550,1,1,1,0,0,0,0,0,0,1,1,1,1,0,0,0,0,0,0,1,both
KH0551,0,0,0,0,0,0,0,0,1,1,0,0,0,0,0,0,0,0,1,1,both
KH0552,1,0,0,0,0,1,0,0,0,1,1,1,0,0,0,1,0,0,0,1,both
KH0553,0,0,0,0,0,0,0,0,0,0,0,0,0,1,0,0,0,0,0,1,both
KH0554,1,0,0,0,1,0,0,0,0,1,1,0,0,0,1,0,0,0,0,1,both
KH0555,0,0,0,0,0,0,0,0,0,0,1,0,0,1,0,0,1,0,0,1,both
KH0556,0,0,0,0,0,0,0,0,0,0,0,0,0,0,0,0,0,0,0,0,both
KH0557,0,0,0,0,0,0,0,0,0,0,0,0,0,0,0,0,0,0,0,0,both
KH0558,0,0,0,0,0,0,0,0,0,0,0,0,0,0,0,0,0,0,0,0,both
KH0559,1,0,0,0,0,0,0,0,0,1,1,1,0,1,0,0,1,0,0,1,both
KH0560,0,0,0,0,0,0,0,0,0,0,0,0,0,0,0,0,0,0,0,0,both
KH0561,1,0,0,0,0,0,0,0,0,1,1,0,0,0,0,0,0,0,0,1,both
KH0562,1,1,0,0,0,0,0,0,0,1,1,1,0,0,1,0,0,0,0,1,both
KH0563,0,0,0,0,0,0,0,0,0,0,0,0,0,0,0,0,0,0,0,0,both
KH0564,1,0,1,0,0,0,0,0,1,1,1,0,1,0,0,0,0,0,1,1,both
KH0565,1,1,1,0,0,0,0,0,0,1,1,1,1,0,0,0,0,0,0,1,both
KH0566,1,0,0,0,0,0,0,0,0,1,1,0,0,0,0,0,0,0,1,1,both
KH0567,1,0,0,0,0,0,0,0,0,1,1,0,0,0,0,0,0,0,0,1,both
KH0568,0,0,0,0,0,0,0,0,0,0,0,0,0,1,0,0,1,1,0,1,both
KH0569,1,1,1,0,0,0,0,0,0,1,1,1,1,0,0,0,0,0,0,1,both
KH0570,1,0,0,0,0,0,0,0,0,1,1,0,0,0,0,0,0,0,0,1,both
KH0571,0,0,0,0,0,0,0,0,0,0,0,0,0,0,0,0,0,0,0,0,both
KH0572,1,0,1,0,0,0,0,0,1,1,1,0,0,0,0,0,0,0,1,1,both
KH0573,1,0,0,1,0,0,0,0,0,1,1,1,0,1,0,0,1,1,0,1,both
KH0574,1,0,1,0,0,0,0,0,0,1,1,1,0,1,0,0,1,1,0,1,both
KH0575,1,0,1,1,0,1,0,0,0,1,1,1,1,1,0,0,0,0,0,1,both
KH0576,1,1,0,0,0,0,0,0,1,1,1,1,0,1,1,0,1,0,1,1,both
KH0577,0,0,1,0,0,0,0,0,0,1,1,1,0,0,0,0,0,0,0,1,both
KH0578,0,0,0,0,0,0,0,0,0,0,0,0,0,0,0,0,0,0,0,0,both
KH0579,0,0,0,0,0,0,0,0,0,0,0,0,0,0,0,0,0,0,0,0,both
KH0580,1,1,0,0,1,0,0,0,0,1,1,1,1,0,1,0,1,0,0,1,both
KH0581,1,0,1,0,0,0,0,0,1,1,1,0,1,0,0,0,0,0,1,1,both
KH0582,1,0,1,0,0,0,0,0,1,1,1,1,1,0,0,0,0,0,1,1,both
KH0583,1,0,1,0,1,0,0,0,0,1,1,0,1,0,1,0,0,1,0,1,both
KH0584,1,0,0,0,0,0,0,0,0,1,1,0,0,0,0,0,0,0,0,1,both
KH0585,1,0,0,1,0,0,0,0,0,1,1,0,0,1,0,0,0,0,0,1,both
KH0586,1,1,1,0,1,0,0,0,0,1,1,1,1,0,1,0,0,0,0,1,both
KH0587,1,1,1,0,1,0,0,0,0,1,1,1,1,1,1,0,1,0,0,1,both
KH0588,0,0,0,0,0,1,0,1,0,1,1,0,0,0,0,1,0,1,0,1,both
KH0589,0,0,0,0,0,0,0,0,0,0,0,0,0,0,0,0,0,0,0,0,both
KH0590,1,1,1,0,1,0,0,0,1,1,1,1,1,1,1,0,0,0,1,1,both
KH0591,1,0,0,0,0,0,0,0,0,1,1,0,0,0,0,0,0,0,1,1,both
KH0592,1,0,0,1,0,0,0,0,0,1,1,0,0,1,0,0,0,1,0,1,both
KH0593,0,0,0,0,0,0,0,0,0,0,1,0,0,0,0,0,0,0,0,1,both
KH0594,0,0,0,0,0,0,0,0,0,0,0,0,0,0,0,0,1,0,0,1,both
KH0595,1,1,1,1,1,0,1,1,1,1,1,1,1,1,1,0,1,1,1,1,both
KH0596,1,0,1,0,0,0,0,0,0,1,1,0,0,0,0,0,1,0,0,1,both
KH0597,1,1,1,1,1,0,0,1,0,1,1,1,1,1,1,0,1,1,0,1,both
KH0598,1,0,1,0,0,0,0,0,0,1,1,0,0,0,0,0,0,0,0,1,both
KH0599,1,1,1,1,0,1,0,0,0,1,1,1,1,1,0,1,1,0,1,1,both
KH0600,1,0,1,1,0,0,0,1,0,1,1,0,1,1,0,0,1,1,0,1,both
KH0601,1,1,1,1,1,1,0,0,1,1,1,1,1,1,1,0,0,0,1,1,both
KH0602,1,1,1,1,0,0,0,0,0,1,1,1,1,1,0,0,1,0,0,1,both
KH0603,1,1,1,1,0,0,0,1,1,1,1,1,1,1,0,0,1,1,1,1,both
KH0604A,1,0,0,0,0,1,0,0,0,1,1,1,0,1,0,0,1,0,0,1,both
KH0604B,1,0,1,0,0,0,0,0,0,1,1,1,1,0,0,0,1,0,0,1,both
KH0605A,0,0,0,0,0,0,0,0,0,0,0,0,0,0,0,0,0,0,0,0,both
KH0605B,0,0,0,0,0,0,0,0,0,0,0,0,0,0,0,0,0,0,0,0,both
KH0605C,0,0,0,0,0,0,0,0,1,1,0,0,0,0,0,0,0,0,1,1,both
KH0606A,1,0,0,0,0,0,0,0,1,1,1,0,0,0,0,0,0,0,1,1,both
KH0606B,0,0,0,0,0,0,0,0,0,0,0,0,0,0,0,0,1,0,0,1,both
KH0606C,0,0,0,0,0,0,0,0,1,1,1,0,0,0,0,0,0,0,1,1,both
KH0607A,1,1,1,0,0,1,0,0,0,1,1,1,1,0,0,1,0,0,0,1,both
KH0607B,1,1,1,0,1,0,0,0,0,1,1,1,0,0,0,0,0,1,0,1,both
KH0607C,1,0,1,0,0,0,0,0,0,1,1,0,1,1,0,0,1,1,0,1,both
KH0607D,1,0,1,0,0,0,0,0,0,1,1,0,1,0,0,0,0,0,0,1,both
KH0608,1,0,1,0,1,0,0,0,1,1,1,0,1,0,1,0,0,0,1,1,both
KH0609,0,0,0,0,0,1,0,0,0,1,0,0,0,0,0,1,0,0,0,1,both
KH0610,0,0,0,0,0,0,0,0,1,1,0,0,0,0,0,0,0,0,1,1,both
KH0611,0,0,0,0,0,0,0,0,0,0,0,0,0,1,0,0,0,1,0,1,both
KH0612,1,1,1,1,0,0,0,0,0,1,1,1,1,1,0,0,0,1,0,1,both
KH0613,0,0,0,0,0,0,0,0,0,0,0,0,0,0,0,0,0,0,0,0,both
KH0614,0,0,0,0,0,0,0,0,0,0,0,0,0,0,0,0,0,0,0,0,both
KH0615,0,0,0,0,0,0,0,0,0,0,0,0,0,0,0,0,0,0,0,0,both
KH0616,1,1,1,1,0,1,0,0,1,1,1,1,1,1,0,1,0,0,1,1,both
KH0617,1,1,1,1,1,1,0,1,0,1,1,1,1,1,1,0,1,1,0,1,both
KH0618,1,0,1,1,0,1,0,0,0,1,1,0,1,1,0,1,0,1,0,1,both
KH0619,0,0,0,0,0,1,0,0,1,1,0,0,0,0,0,1,0,0,1,1,both
KH0620,1,0,0,1,0,0,0,0,0,1,1,1,0,1,0,0,1,1,0,1,both
KH0621,0,0,0,0,0,0,0,0,0,0,0,0,0,0,0,0,1,0,0,1,both
KH0622,0,0,0,0,0,1,0,0,1,1,0,0,0,0,0,1,0,0,1,1,both
KH0623,0,0,0,0,0,1,0,0,0,1,0,0,0,0,0,0,0,0,0,0,both
KH0624,0,0,0,0,0,0,0,0,1,1,0,0,0,0,0,0,0,0,1,1,both
KH0625,0,0,0,0,0,0,0,0,0,0,0,0,0,0,0,0,0,0,0,0,both
KH0626,0,0,0,0,0,0,0,0,1,1,0,0,0,0,0,0,0,0,1,1,both
KH0627,0,0,0,0,0,0,0,0,0,0,0,0,0,0,0,0,0,0,0,0,both
KH0628,0,0,0,0,0,0,0,0,0,0,0,0,0,0,0,0,1,0,0,1,both
KH0629,0,0,0,0,0,0,0,0,0,0,0,0,0,1,0,0,0,0,0,1,both
KH0630,0,0,0,0,0,0,0,0,0,0,1,0,0,1,0,0,0,1,0,1,both
KH0631,0,0,0,0,0,0,0,0,0,0,0,0,0,0,0,0,0,0,1,1,both
KH0632,0,0,0,0,0,0,0,0,0,0,0,0,0,0,0,0,0,0,0,0,both
KH0633,1,0,0,1,0,0,0,1,1,1,1,0,1,1,0,0,0,1,1,1,both
KH0634,1,0,0,1,0,0,0,0,0,1,1,0,0,1,0,0,1,0,0,1,both
KH0635,1,1,1,1,1,0,0,1,0,1,1,1,1,1,0,0,1,1,0,1,both
KH0653,0,0,0,1,0,0,0,0,1,1,1,0,0,1,0,0,0,0,1,1,both
KH0654,0,0,0,0,0,0,0,0,0,0,0,0,0,0,0,0,0,0,0,0,both
KH0655,0,0,0,0,0,0,0,0,0,0,0,0,0,0,0,0,0,0,0,0,both
KH0656,0,0,0,0,0,0,0,0,0,0,0,0,0,0,0,0,0,0,0,0,both
KH0657,0,0,0,0,0,0,0,0,0,0,0,0,0,0,0,0,0,0,0,0,both
KH0658,0,0,0,0,0,0,0,0,1,1,0,0,0,0,0,0,0,0,1,1,both
KH0659,0,0,0,0,0,0,0,0,0,0,0,0,0,0,0,0,0,0,0,0,both
KH0660,0,0,0,0,0,1,0,0,0,1,0,0,0,0,0,1,0,0,0,1,both
KH0661,0,0,0,0,0,0,0,0,0,0,0,0,0,0,0,0,0,0,0,0,both
KH0662,0,0,0,0,0,0,0,0,0,0,0,0,0,0,0,0,0,0,0,0,both
KH0663,0,0,0,0,0,0,0,0,0,0,0,0,0,0,0,0,0,0,0,0,both
KH0664,0,0,0,0,0,0,0,0,0,0,0,1,0,0,0,0,0,0,0,1,both
KH0665,1,1,0,1,0,0,0,0,0,1,1,1,0,1,0,0,1,0,0,1,both
KH0666,1,0,1,0,0,0,0,0,0,1,1,0,1,0,0,0,0,0,0,1,both
KH0667,1,1,1,0,0,0,0,1,0,1,1,1,1,1,1,0,1,1,0,1,both
KH0668,0,0,0,0,1,0,0,0,0,1,1,1,0,0,1,0,0,0,0,1,both
KH0669,1,0,1,0,0,0,0,0,1,1,1,0,1,0,0,0,0,0,1,1,both
KH0670,0,0,0,0,0,1,0,0,1,1,0,1,0,0,0,1,0,0,1,1,both
KH0671,0,0,0,0,0,0,0,0,0,0,0,0,0,0,0,0,0,0,0,0,both
KH0672,0,0,0,0,0,0,0,0,0,0,0,0,0,0,0,0,0,0,0,0,both
KH0673,1,0,1,0,0,0,0,0,0,1,1,0,0,0,0,0,0,1,0,1,both
KH0674,1,1,1,1,1,1,1,1,0,1,1,1,1,1,1,1,1,1,0,1,both
KH0675,1,0,1,1,0,0,0,0,0,1,1,0,1,1,0,0,1,1,1,1,both
KH0676,0,0,0,0,0,0,0,0,0,0,1,0,0,1,0,0,0,0,0,1,both
KH0677,1,1,1,0,1,1,0,0,1,1,1,1,1,1,1,1,0,1,1,1,both
KH0678,1,1,0,0,0,0,0,0,0,1,1,1,1,1,0,0,0,0,0,1,both
KH0679,1,0,0,0,0,0,0,0,0,1,1,0,0,0,0,0,0,0,0,1,both
KH0680,1,1,0,0,0,0,0,0,1,1,1,1,1,1,0,0,0,0,1,1,both
KH0681,1,0,0,0,0,0,0,0,0,1,1,0,0,0,0,0,0,0,0,1,both
KH0682,1,0,0,1,0,0,0,0,0,1,1,0,0,1,0,0,0,0,0,1,both
KH0683,0,0,0,0,0,0,1,0,0,1,0,0,0,0,1,0,1,0,0,1,both
KH0684,0,0,0,0,0,0,0,0,0,0,0,0,0,0,0,0,0,0,0,0,both
KH0685,0,0,0,0,0,0,0,0,0,0,0,0,0,0,0,0,0,0,0,0,both
KH0686,0,0,0,0,0,0,0,0,0,0,0,0,0,0,0,0,0,0,0,0,both
KH0687,0,0,0,0,0,0,0,0,0,0,0,1,0,0,0,0,0,0,0,1,both
KH0688,0,0,0,0,1,0,0,0,0,1,0,0,0,0,1,0,0,0,0,1,both
KH0689,1,0,0,0,0,0,0,0,1,1,1,0,0,0,0,0,1,0,1,1,both
KH0690,1,1,0,0,1,0,0,0,0,1,1,1,1,0,1,0,0,0,0,1,both
KH0691,0,0,0,0,0,0,0,0,0,0,0,0,0,0,0,0,0,0,0,0,both
KH0692,1,1,1,1,0,1,1,0,1,1,1,1,1,1,1,0,1,1,1,1,both
KH0693,1,1,1,0,0,0,0,0,1,1,1,1,1,0,0,0,0,0,1,1,both
KH0694,1,1,1,1,0,1,0,1,0,1,1,1,1,1,1,1,1,1,0,1,both
KH0695,1,1,1,0,0,0,1,0,0,1,1,1,1,1,0,0,1,0,0,1,both
KH0696,1,0,0,0,0,0,0,0,1,1,1,0,0,0,0,0,0,0,1,1,both
KH0697,1,1,0,0,0,0,0,0,0,1,1,1,0,0,0,0,0,0,1,1,both
KH0698,1,1,1,1,1,0,0,1,1,1,1,1,1,1,1,0,1,1,1,1,both
KH0699,1,1,1,1,1,1,0,0,1,1,1,1,1,1,1,1,1,1,1,1,both
KH0700,1,1,1,1,0,0,0,0,0,1,1,1,1,1,0,0,0,0,1,1,both
KH0701,1,1,1,1,1,0,0,0,1,1,1,1,1,1,0,0,1,1,1,1,both
KH0702,1,0,0,0,0,1,0,1,0,1,1,1,0,1,1,1,1,1,0,1,both
KT002,0,0,0,0,0,0,0,0,0,0,0,0,0,1,0,0,0,0,1,1,both
RA001,0,0,1,0,0,1,0,0,0,1,1,0,0,0,0,1,0,0,0,1,both
RA002,0,0,0,0,0,0,0,0,0,0,0,0,0,0,0,0,0,0,0,0,both
RA003,0,0,0,0,0,0,0,0,0,0,0,0,0,0,0,0,0,0,0,0,both
RA004,0,0,0,0,0,0,0,0,0,0,0,0,0,0,0,0,0,0,0,0,both
RA005,1,0,1,0,1,0,0,0,0,1,1,0,0,0,1,0,0,0,0,1,both
RA006,0,0,0,0,0,0,0,0,0,0,0,0,0,0,0,0,0,1,0,1,both
RA007,0,0,0,0,0,0,0,0,0,0,0,0,0,0,0,0,0,0,0,0,both
RA008,1,0,0,0,0,0,0,0,0,1,1,0,0,0,0,0,0,0,0,1,both
RA009,0,0,0,0,0,0,0,0,0,0,0,0,0,0,0,0,0,0,0,0,both
RA010,0,0,0,0,0,0,0,0,0,0,0,0,0,0,0,0,1,0,0,1,both
RS001,0,0,1,0,0,0,0,0,0,1,1,0,0,0,0,0,0,0,0,1,both
