kfg_id,n_cords,n_pendants,n_leaves,leaf_ratio,depth,mean_branching,branching_cv,branching_entropy,widest_level,balance_score,subtree_size_cv,beh_label,typology_label,geo_zone
CM009,65,65,65,1.0,0,0.0,0.0,0.0,0,1.0,0.0,B3,T1,Central Coast
HM45419A,24,24,24,1.0,0,0.0,0.0,0.0,0,1.0,0.0,B2,T1,Ica & Paracas
HM45419C,37,37,37,1.0,0,0.0,0.0,0.0,0,1.0,0.0,B2,T1,Ica & Paracas
KH0001,156,98,99,0.6346153846153846,3,0.4387755102040816,1.1768912491981391,1.0547964989665628,0,0.509793479633201,0.490206520366799,B4,T1,Central Coast
KH0002,31,14,19,0.6129032258064516,2,1.1428571428571428,0.6495190528383289,1.530618994848517,1,0.6510756830196139,0.34892431698038606,B4,T1,
KH0003,15,7,12,0.8,1,1.1428571428571428,1.357847561400027,1.6644977792004614,1,0.27581463391998573,0.7241853660800143,B5,T1,
KH0004,9,7,7,0.7777777777777778,1,0.2857142857142857,1.5811388300841898,0.8631205685666311,0,0.6486358155368468,0.35136418446315326,B5,T1,
KH0005,22,19,19,0.8636363636363636,1,0.15789473684210525,2.309401076758503,0.6292492238560347,0,0.6850816713511132,0.31491832864888675,B3,T1,
KH0006,59,40,45,0.7627118644067796,1,0.475,1.4877151605371124,1.263168140910212,0,0.5209052872846587,0.4790947127153413,B2,T1,
KH0007,92,42,71,0.7717391304347826,1,1.1904761904761905,1.3746272221951668,2.0062975577932587,1,0.25291998793740944,0.7470800120625906,B3,T1,
KH0008,171,146,154,0.9005847953216374,1,0.17123287671232876,3.2320891076825227,0.6677509050415439,0,0.5274723526779939,0.4725276473220062,B3,T1,
KH0009,250,227,236,0.944,1,0.1013215859030837,4.66292946044856,0.4119987534471249,0,0.5710104896387325,0.4289895103612675,B3,T1,
KH0010,33,28,30,0.9090909090909091,1,0.17857142857142858,3.0133038346638723,0.5896261811873141,0,0.5434388129297163,0.4565611870702837,B6,T1,Central Coast
KH0011,28,27,27,0.9642857142857143,1,0.037037037037037035,5.0990195135927845,0.22853814395352803,0,0.8178921602288292,0.18210783977117087,B3,T1,
KH0012,24,15,15,0.625,1,0.6,0.816496580927726,0.9709505944546688,0,0.6938137821521027,0.3061862178478973,B3,T1,
KH0013,106,86,92,0.8679245283018868,1,0.23255813953488372,2.596150997149434,0.8279638122286083,0,0.510160189217088,0.48983981078291206,B2,T1,
KH0014,90,90,90,1.0,0,0.0,0.0,0.0,0,1.0,0.0,B3,T1,
KH0015,75,42,42,0.56,2,0.6904761904761905,0.6695340634119862,0.8926230133850988,0,0.6645401166557567,0.3354598833442433,B4,T1,
KH0016,23,13,21,0.9130434782608695,2,0.07692307692307693,3.464101615137755,0.3912435636292556,0,0.0,1.5061311370164148,B2,T1,
KH0017,11,7,10,0.9090909090909091,1,0.5714285714285714,2.4494897427831788,0.5916727785823274,0,0.1092764571697532,0.8907235428302468,B3,T1,
KH0018,39,20,20,0.5128205128205128,1,0.95,0.22941573387056177,0.2863969571159562,0,0.888233360422034,0.11176663957796598,B2,T1,
KH0019,10,9,9,0.9,1,0.1111111111111111,2.82842712474619,0.5032583347756457,0,0.717157287525381,0.282842712474619,B6,T1,
KH0020,9,9,9,1.0,0,0.0,0.0,0.0,0,1.0,0.0,B5,T1,
KH0021,10,10,10,1.0,0,0.0,0.0,0.0,0,1.0,0.0,B5,T1,
KH0022,75,60,63,0.84,1,0.25,2.1447610589527217,0.8841837197791889,0,0.5710477882094557,0.4289522117905443,B3,T1,
KH0023,3,3,3,1.0,0,0.0,0.0,0.0,0,1.0,0.0,B5,T1,
KH0024,8,7,7,0.875,1,0.14285714285714285,2.4494897427831788,0.5916727785823274,0,0.6938137821521027,0.3061862178478973,B6,T1,
KH0025,3,3,3,1.0,0,0.0,0.0,0.0,0,1.0,0.0,B5,T1,
KH0026,37,24,36,0.972972972972973,1,0.5416666666666666,4.79583152331272,0.24988229283318544,0,0.0,1.685021886569334,B6,T1,
KH0027,77,54,56,0.7272727272727273,1,0.42592592592592593,1.3251957090546234,1.1405240078253742,0,0.6041623206719956,0.3958376793280044,B3,T1,
KH0028,260,105,148,0.5692307692307692,2,1.3238095238095238,0.49447022381121103,1.4320093672616965,1,0.6793589999897487,0.3206410000102513,B4,T2,
KH0029,28,19,21,0.75,1,0.47368421052631576,1.4315665251916807,1.2674438038072338,0,0.539853616902674,0.460146383097326,B2,T1,
KH0030,56,49,50,0.8928571428571429,1,0.14285714285714285,2.82842712474619,0.615954233367718,0,0.6464466094067263,0.35355339059327373,B3,T1,
KH0031,144,88,105,0.7291666666666666,3,0.5568181818181818,1.7306074316452127,1.3684559009702855,0,0.2735168427432213,0.7264831572567787,B4,T1,
KH0032,28,22,25,0.8928571428571429,1,0.2727272727272727,3.1622776601683795,0.699857857026928,0,0.32236907282106164,0.6776309271789384,B3,T1,Cañete–Pisco
KH0033,66,54,61,0.9242424242424242,1,0.2222222222222222,4.031128874149273,0.5859841250959648,0,0.2670674774274049,0.7329325225725951,B3,T1,Cañete–Pisco
KH0034,541,415,427,0.789279112754159,1,0.3036144578313253,1.7090970860616075,0.9814820862477408,0,0.6019478135974814,0.39805218640251855,B2,T2,Nazca & Far South
KH0035,12,12,12,1.0,0,0.0,0.0,0.0,0,1.0,0.0,B5,T1,
KH0036,18,18,18,1.0,0,0.0,0.0,0.0,0,1.0,0.0,B3,T1,
KH0037,15,15,15,1.0,0,0.0,0.0,0.0,0,1.0,0.0,B2,T1,
KH0038,25,25,25,1.0,0,0.0,0.0,0.0,0,1.0,0.0,B3,T1,
KH0039,10,4,7,0.7,2,1.0,1.224744871391589,1.5,0,0.4,0.6,B5,T1,
KH0040,21,21,21,1.0,0,0.0,0.0,0.0,0,1.0,0.0,B3,T1,
KH0041,11,9,10,0.9090909090909091,1,0.2222222222222222,2.82842712474619,0.5032583347756457,0,0.48574052277341995,0.51425947722658,B5,T1,
KH0042,179,108,141,0.7877094972067039,1,0.6574074074074074,1.8183202234024558,1.4836257217598963,0,0.27876683876215436,0.7212331612378456,B3,T1,Central Coast
KH0043,16,16,16,1.0,0,0.0,0.0,0.0,0,1.0,0.0,B5,T1,
KH0044,4,4,4,1.0,0,0.0,0.0,0.0,0,1.0,0.0,B5,T1,
KH0045,12,8,9,0.75,1,0.5,1.4142135623730951,1.2987949406953987,0,0.5285954792089682,0.47140452079103173,B5,T1,
KH0046,38,37,37,0.9736842105263158,1,0.02702702702702703,6.0,0.17925606692832147,0,0.8421052631578947,0.15789473684210525,B3,T1,
KH0047,81,74,74,0.9135802469135802,3,0.06756756756756757,3.714835124201342,0.3567800143839433,0,0.6269643227225152,0.3730356772774847,B4,T1,Central Coast
KH0048,82,78,78,0.9512195121951219,1,0.05128205128205128,4.301162633521314,0.29181825659888583,0,0.7901871886087164,0.20981281139128363,B6,T1,Central Coast
KH0049,367,108,296,0.8065395095367848,1,2.3981481481481484,0.9794705517161626,2.752748707487209,1,0.30876601391148195,0.691233986088518,B3,T2,Nazca & Far South
KH0050,36,36,36,1.0,0,0.0,0.0,0.0,0,1.0,0.0,B3,T1,
KH0051,45,27,27,0.6,3,0.5185185185185185,0.9636241116594317,0.9990102708804813,0,0.5381197846482995,0.4618802153517006,B4,T1,
KH0052,56,32,37,0.6607142857142857,2,0.625,1.0392304845413265,1.3543370204656966,0,0.36112343500006006,0.6388765649999399,B4,T1,
KH0053,14,11,11,0.7857142857142857,3,0.09090909090909091,3.162277660168379,0.43949698692151334,0,0.32236907282106164,0.6776309271789384,B4,T1,
KH0054,29,27,28,0.9655172413793104,1,0.07407407407407407,5.0990195135927845,0.22853814395352803,0,0.6483434818211873,0.35165651817881266,B3,T1,
KH0055,159,100,125,0.7861635220125787,1,0.59,1.762956306388828,1.4821565933140561,0,0.345821244799114,0.654178755200886,B3,T1,
KH0056,53,40,43,0.8113207547169812,1,0.325,2.217466970061473,0.9285270228564532,0,0.4560930073434123,0.5439069926565877,B3,T1,
KH0057,126,80,98,0.7777777777777778,2,0.5,1.8973665961010275,1.3448489824069185,0,0.27070444395808624,0.7292955560419138,B4,T1,
KH0058,189,87,138,0.7301587301587301,1,1.1724137931034482,1.1363248394341776,2.099472237755325,1,0.38674532474980894,0.6132546752501911,B3,T1,
KH0059,80,52,60,0.75,1,0.5384615384615384,1.3850513878332371,1.3346791410515946,0,0.5152320142583672,0.4847679857416328,B2,T1,Cañete–Pisco
KH0060,86,61,66,0.7674418604651163,1,0.4098360655737705,1.5543487382180357,1.1787269834988532,0,0.5481544365645246,0.4518455634354755,B2,T1,Cañete–Pisco
KH0061,370,313,316,0.8540540540540541,1,0.18210862619808307,2.251499961706046,0.7168497528318926,0,0.6531473031966362,0.34685269680336384,B6,T1,
KH0062,45,35,37,0.8222222222222222,1,0.2857142857142857,1.97484176581315,0.9609476580095211,0,0.5611462742637445,0.43885372573625553,B3,T1,Cañete–Pisco
KH0063,49,20,30,0.6122448979591837,1,1.45,0.40654572836384817,1.2344977967946407,1,0.759391303621396,0.240608696378604,B2,T1,Cañete–Pisco
KH0064,20,20,20,1.0,0,0.0,0.0,0.0,0,1.0,0.0,B3,T1,Cañete–Pisco
KH0065,26,21,21,0.8076923076923077,1,0.23809523809523808,1.7888543819998317,0.7918583525674836,0,0.6559895419231093,0.3440104580768907,B6,T1,Cañete–Pisco
KH0066,3,3,3,1.0,0,0.0,0.0,0.0,0,1.0,0.0,B5,T1,Cañete–Pisco
KH0067,11,8,9,0.8181818181818182,1,0.375,1.8559214542766738,1.061278124459133,0,0.49383960337908894,0.5061603966209111,B6,T1,Ica & Paracas
KH0068,589,560,561,0.9524617996604414,1,0.05178571428571429,4.431940065787225,0.2975111986502406,0,0.7817890290189651,0.2182109709810349,B2,T2,
KH0069,38,38,38,1.0,0,0.0,0.0,0.0,0,1.0,0.0,B2,T1,
KH0070,8,8,8,1.0,0,0.0,0.0,0.0,0,1.0,0.0,B5,T1,Nazca & Far South
KH0071,15,15,15,1.0,0,0.0,0.0,0.0,0,1.0,0.0,B3,T1,Nazca & Far South
KH0072,18,9,9,0.5,1,1.0,0.0,0.0,0,1.0,0.0,B3,T1,Nazca & Far South
KH0073,32,16,16,0.5,1,1.0,0.0,0.0,0,1.0,0.0,B3,T1,Nazca & Far South
KH0074,10,9,9,0.9,1,0.1111111111111111,2.82842712474619,0.5032583347756457,0,0.717157287525381,0.282842712474619,B5,T1,Nazca & Far South
KH0075,31,24,26,0.8387096774193549,1,0.2916666666666667,2.3167535343181225,0.8886865525783177,0,0.4768621051539724,0.5231378948460276,B3,T1,Nazca & Far South
KH0076,7,7,7,1.0,0,0.0,0.0,0.0,0,1.0,0.0,B2,T1,Nazca & Far South
KH0077,5,5,5,1.0,0,0.0,0.0,0.0,0,1.0,0.0,B5,T1,Nazca & Far South
KH0078,5,5,5,1.0,0,0.0,0.0,0.0,0,1.0,0.0,B5,T1,Nazca & Far South
KH0079,172,171,171,0.9941860465116279,1,0.005847953216374269,13.038404810405297,0.05179135030455701,0,0.9241953208697367,0.07580467913026336,B3,T1,Nazca & Far South
KH0080,163,143,144,0.8834355828220859,1,0.13986013986013987,2.6201145013147804,0.6047734870305982,0,0.6785135581208858,0.32148644187911424,B3,T1,Nazca & Far South
KH0081,217,216,216,0.9953917050691244,1,0.004629629629629629,14.66287829861518,0.04256591576655208,0,0.9324291322644462,0.06757086773555382,B3,T1,Nazca & Far South
KH0082,1831,1650,1694,0.9251774986346258,2,0.10363636363636364,3.810196209840689,0.47569867489451284,0,0.5962963932954017,0.4037036067045983,B4,T2,Arica & N. Chile
KH0083,591,88,342,0.5786802030456852,5,2.5568181818181817,0.8377158833605627,2.722408468143146,1,0.19910730604960303,0.800892693950397,B4,T2,Chachapoyas
KH0084,405,252,314,0.7753086419753087,3,0.5515873015873016,1.8707664452840123,1.4231092427967313,0,0.09075771306479274,0.9092422869352073,B2,T2,Arica & N. Chile
KH0085,60,36,36,0.6,1,0.6666666666666666,0.7071067811865476,0.9182958340544894,0,0.717157287525381,0.282842712474619,B6,T1,Ica & Paracas
KH0086,25,25,25,1.0,0,0.0,0.0,0.0,0,1.0,0.0,B6,T1,Ica & Paracas
KH0087,96,93,93,0.96875,1,0.03225806451612903,5.477225575051663,0.20559250818508307,0,0.8288367007796356,0.17116329922036447,B3,T1,
KH0088,186,186,186,1.0,0,0.0,0.0,0.0,0,1.0,0.0,B2,T1,
KH0089,16,15,15,0.9375,1,0.06666666666666667,3.7416573867739418,0.3533593350214213,0,0.7661464133266287,0.23385358667337136,B3,T1,
KH0090,33,33,33,1.0,0,0.0,0.0,0.0,0,1.0,0.0,B2,T1,
KH0091,27,27,27,1.0,0,0.0,0.0,0.0,0,1.0,0.0,B3,T1,Nazca & Far South
KH0092,74,74,74,1.0,0,0.0,0.0,0.0,0,1.0,0.0,B3,T1,
KH0093,40,16,28,0.7,1,1.5,0.7453559924999299,1.9746017527145816,1,0.552786404500042,0.447213595499958,B2,T1,
KH0094,8,8,8,1.0,0,0.0,0.0,0.0,0,1.0,0.0,B5,T1,
KH0095,20,6,19,0.95,1,2.3333333333333335,2.23606797749979,0.6500224216483541,1,0.0,1.5652475842498528,B5,T1,
KH0096,3,3,3,1.0,0,0.0,0.0,0.0,0,1.0,0.0,B3,T1,
KH0097,319,319,319,1.0,0,0.0,0.0,0.0,0,1.0,0.0,B3,T1,
KH0098,45,42,42,0.9333333333333333,1,0.07142857142857142,3.605551275463989,0.3712323266408757,0,0.7596299149690674,0.2403700850309326,B6,T1,
KH0100,97,89,89,0.9175257731958762,1,0.0898876404494382,3.1819805153394647,0.43609466429612137,0,0.7375686172915905,0.26243138270840943,B3,T1,
KH0101,95,87,87,0.9157894736842105,1,0.09195402298850575,3.1424512724941334,0.4429586785384854,0,0.7353725244215468,0.2646274755784533,B3,T1,Central Coast
KH0102,35,27,27,0.7714285714285715,1,0.2962962962962963,1.5411035007422442,0.876716288999464,0,0.6477477712589157,0.35225222874108436,B6,T1,
KH0103,58,56,57,0.9827586206896551,1,0.03571428571428571,7.416198487095664,0.1292337748458849,0,0.7442690176863564,0.2557309823136436,B3,T1,
KH0104,89,89,89,1.0,0,0.0,0.0,0.0,0,1.0,0.0,B3,T1,
KH0105,56,56,56,1.0,0,0.0,0.0,0.0,0,1.0,0.0,B3,T1,
KH0106,70,70,70,1.0,0,0.0,0.0,0.0,0,1.0,0.0,B3,T1,
KH0107,51,6,36,0.7058823529411765,2,6.0,0.0,0.0,1,0.8873615167345484,0.11263848326545155,B2,T1,
KH0108,212,146,184,0.8679245283018868,3,0.4315068493150685,3.7279966716285395,0.8934859741487194,0,0.0,1.125808123182756,B4,T1,Central Coast
KH0109,86,77,79,0.9186046511627907,1,0.11688311688311688,3.3701668640229117,0.5179624931548434,0,0.6473081188813232,0.35269188111867683,B3,T1,Central Coast
KH0110,64,64,64,1.0,0,0.0,0.0,0.0,0,1.0,0.0,B2,T1,Central Coast
KH0111,101,80,89,0.8811881188118812,1,0.2625,2.464717008496673,0.7315320233852703,0,0.4875340873422759,0.5124659126577241,B3,T1,Ica & Paracas
KH0112,48,48,48,1.0,0,0.0,0.0,0.0,0,1.0,0.0,B6,T1,Central Coast
KH0113,73,66,66,0.9041095890410958,1,0.10606060606060606,2.9032002047002243,0.4879179925894858,0,0.7216109392753209,0.2783890607246791,B3,T1,Ica & Paracas
KH0114,21,9,12,0.5714285714285714,1,1.3333333333333333,0.3535533905932738,0.9182958340544894,1,0.7979694910895578,0.20203050891044214,B6,T1,Central Coast
KH0115,28,16,16,0.5714285714285714,1,0.75,0.5773502691896257,0.8112781244591328,0,0.7525641703473033,0.24743582965269675,B6,T1,Central Coast
KH0116,20,18,19,0.95,1,0.1111111111111111,4.123105625617661,0.3095434291503252,0,0.587689437438234,0.412310562561766,B6,T1,Central Coast
KH0117,71,43,43,0.6056338028169014,1,0.6511627906976745,0.7319250547113999,0.9330252953592911,0,0.7113534995504338,0.2886465004495662,B6,T1,Ica & Paracas
KH0118,21,21,21,1.0,0,0.0,0.0,0.0,0,1.0,0.0,B6,T1,Central Coast
KH0119,22,12,13,0.5909090909090909,1,0.8333333333333334,0.6633249580710799,1.1887218755408673,0,0.6984886554222364,0.30151134457776363,B3,T1,Ica & Paracas
KH0120,55,50,50,0.9090909090909091,1,0.1,2.9999999999999996,0.46899559358928117,0,0.7272727272727273,0.2727272727272727,B6,T1,Central Coast
KH0121,29,29,29,1.0,0,0.0,0.0,0.0,0,1.0,0.0,B6,T1,Central Coast
KH0122,42,34,35,0.8333333333333334,2,0.20588235294117646,2.290174220268771,0.7870046561900536,0,0.5583991192621093,0.4416008807378907,B4,T1,Ica & Paracas
KH0123,287,287,287,1.0,0,0.0,0.0,0.0,0,1.0,0.0,B6,T1,Ica & Paracas
KH0124,20,20,20,1.0,0,0.0,0.0,0.0,0,1.0,0.0,B3,T1,Central Coast
KH0125,11,7,7,0.6363636363636364,1,0.5714285714285714,0.8660254037844387,0.9852281360342515,0,0.6850816713511132,0.3149183286488868,B6,T1,Central Coast
KH0126,42,42,42,1.0,0,0.0,0.0,0.0,0,1.0,0.0,B1,T1,Central Coast
KH0127,163,163,163,1.0,0,0.0,0.0,0.0,0,1.0,0.0,B3,T1,Ica & Paracas
KH0128,357,339,339,0.9495798319327731,1,0.05309734513274336,4.2229531531066415,0.2994113292359871,0,0.7870779922803374,0.2129220077196626,B3,T1,Ica & Paracas
KH0129,55,55,55,1.0,0,0.0,0.0,0.0,0,1.0,0.0,B6,T1,Ica & Paracas
KH0130,13,13,13,1.0,0,0.0,0.0,0.0,0,1.0,0.0,B5,T1,Ica & Paracas
KH0131,11,11,11,1.0,0,0.0,0.0,0.0,0,1.0,0.0,B3,T1,Ica & Paracas
KH0132,20,15,19,0.95,1,0.3333333333333333,3.7416573867739413,0.3533593350214213,0,0.06458565330651467,0.9354143466934853,B6,T1,Central Coast
KH0133,11,7,7,0.6363636363636364,1,0.5714285714285714,0.8660254037844387,0.9852281360342515,0,0.6850816713511132,0.3149183286488868,B6,T1,Central Coast
KH0134,36,32,32,0.8888888888888888,1,0.125,2.6457513110645907,0.5435644431995964,0,0.7060276321039344,0.2939723678960656,B6,T1,Ica & Paracas
KH0135,281,280,280,0.99644128113879,1,0.0035714285714285713,16.703293088490067,0.034176424086597386,0,0.9405576758416724,0.059442324158327633,B3,T1,Central Coast
KH0136,9,8,8,0.8888888888888888,1,0.125,2.6457513110645907,0.5435644431995964,0,0.7060276321039344,0.2939723678960656,B5,T1,Central Coast
KH0137,94,70,72,0.7659574468085106,1,0.34285714285714286,1.626601774661928,0.9818992181882599,0,0.5846974192352524,0.4153025807647476,B6,T1,Ica & Paracas
KH0138,35,35,35,1.0,0,0.0,0.0,0.0,0,1.0,0.0,B6,T1,Central Coast
KH0139,28,23,24,0.8571428571428571,1,0.21739130434782608,2.33238075793812,0.8076702057269437,0,0.5835034360824787,0.4164965639175214,B6,T1,Central Coast
KH0141,157,104,116,0.7388535031847133,2,0.4230769230769231,1.6614242620451878,1.2226267668807644,0,0.42636248167141655,0.5736375183285835,B4,T1,Ica & Paracas
KH0142,6,6,6,1.0,0,0.0,0.0,0.0,0,1.0,0.0,B5,T1,Nazca & Far South
KH0143,289,269,269,0.9307958477508651,1,0.07434944237918216,3.5284557528754696,0.38194919161722124,0,0.7558162108736699,0.2441837891263301,B3,T1,Nazca & Far South
KH0144,14,14,14,1.0,0,0.0,0.0,0.0,0,1.0,0.0,B6,T1,Ica & Paracas
KH0145,28,16,16,0.5714285714285714,1,0.75,0.5773502691896257,0.8112781244591328,0,0.7525641703473033,0.24743582965269675,B3,T1,Central Coast
KH0147,287,146,146,0.5087108013937283,1,0.9657534246575342,0.18831089428867734,0.21526030434120424,0,0.9074848916560854,0.09251510834391466,B3,T2,Central Coast
KH0148,15,11,13,0.8666666666666667,1,0.36363636363636365,2.4238399287081642,0.8658566174572236,0,0.35364268567782275,0.6463573143221772,B5,T1,Central Coast
KH0149,49,47,47,0.9591836734693877,1,0.0425531914893617,4.743416490252571,0.2538784402981616,0,0.8063911636631604,0.1936088363368396,B6,T1,Central Coast
KH0150,13,13,13,1.0,0,0.0,0.0,0.0,0,1.0,0.0,B5,T1,Central Coast
KH0151,23,22,22,0.9565217391304348,1,0.045454545454545456,4.582575694955841,0.26676498780302604,0,0.8007575784801808,0.19924242151981916,B3,T1,Ica & Paracas
KH0152,285,181,200,0.7017543859649122,2,0.569060773480663,1.1855796133960192,1.3542322058985146,0,0.5616140856383023,0.4383859143616977,B4,T1,Nazca & Far South
KH0153,4,4,4,1.0,0,0.0,0.0,0.0,0,1.0,0.0,B5,T1,Central Coast
KH0154,35,35,35,1.0,0,0.0,0.0,0.0,0,1.0,0.0,B6,T1,Ica & Paracas
KH0155,14,13,13,0.9285714285714286,1,0.07692307692307693,3.464101615137755,0.3912435636292556,0,0.7525641703473032,0.2474358296526968,B6,T1,Central Coast
KH0156,192,182,182,0.9479166666666666,1,0.054945054945054944,4.147288270665546,0.3070428887831223,0,0.7839954025695028,0.21600459743049713,B3,T1,Nazca & Far South
KH0157,20,20,20,1.0,0,0.0,0.0,0.0,0,1.0,0.0,B3,T1,Ica & Paracas
KH0158,18,12,12,0.6666666666666666,1,0.5,1.0,1.0,0,0.6666666666666667,0.3333333333333333,B3,T1,Ica & Paracas
KH0159,30,30,30,1.0,0,0.0,0.0,0.0,0,1.0,0.0,B6,T1,Ica & Paracas
KH0160,62,62,62,1.0,0,0.0,0.0,0.0,0,1.0,0.0,B3,T1,Central Coast
KH0161,90,88,88,0.9777777777777777,1,0.022727272727272728,6.557438524302,0.15649106290570153,0,0.8542791439044,0.1457208560956,B3,T1,Central Coast
KH0162,123,110,110,0.8943089430894309,1,0.11818181818181818,2.731581677625339,0.5241118769066088,0,0.7112962454542324,0.2887037545457676,B3,T1,Ica & Paracas
KH0163,18,18,18,1.0,0,0.0,0.0,0.0,0,1.0,0.0,B6,T1,Ica & Paracas
KH0164,20,20,20,1.0,0,0.0,0.0,0.0,0,1.0,0.0,B6,T1,Ica & Paracas
KH0165,112,112,112,1.0,0,0.0,0.0,0.0,0,1.0,0.0,B6,T1,Ica & Paracas
KH0166,41,27,29,0.7073170731707317,2,0.48148148148148145,1.3099527973789542,1.2538013905715866,0,0.5134161623595122,0.48658383764048785,B4,T1,Ica & Paracas
KH0167,47,23,29,0.6170212765957447,2,0.8695652173913043,1.236931687685298,1.5416892248400096,0,0.33122410019141646,0.6687758998085835,B4,T1,Central Coast
KH0168,118,80,95,0.8050847457627118,1,0.475,1.9685899167647418,1.2740158793413434,0,0.36604731494016796,0.633952685059832,B3,T1,Ica & Paracas
KH0169,40,21,25,0.625,1,0.9047619047619048,0.7554052681267013,1.4607210985246075,0,0.6411824976398169,0.35881750236018306,B3,T1,
KH0170,3,3,3,1.0,0,0.0,0.0,0.0,0,1.0,0.0,B5,T1,Central Coast
KH0171,9,6,6,0.6666666666666666,1,0.5,1.0,1.0,0,0.6666666666666667,0.3333333333333333,B5,T1,Central Coast
KH0172,65,65,65,1.0,0,0.0,0.0,0.0,0,1.0,0.0,B6,T1,Central Coast
KH0173,34,18,18,0.5294117647058824,1,0.8888888888888888,0.35355339059327384,0.5032583347756457,0,0.8336219338384594,0.1663780661615406,B3,T1,
KH0174,18,18,18,1.0,0,0.0,0.0,0.0,0,1.0,0.0,B3,T1,Central Coast
KH0175,53,35,37,0.6981132075471698,1,0.5142857142857142,1.1732617823301599,1.2431803979668354,0,0.6015337343029645,0.3984662656970354,B3,T1,Ica & Paracas
KH0176,23,23,23,1.0,0,0.0,0.0,0.0,0,1.0,0.0,B3,T1,Ica & Paracas
KH0177,8,8,8,1.0,0,0.0,0.0,0.0,0,1.0,0.0,B3,T1,Ica & Paracas
KH0178,16,16,16,1.0,0,0.0,0.0,0.0,0,1.0,0.0,B3,T1,Ica & Paracas
KH0179,5,5,5,1.0,0,0.0,0.0,0.0,0,1.0,0.0,B5,T1,Ica & Paracas
KH0180,27,26,26,0.9629629629629629,1,0.038461538461538464,4.999999999999999,0.2351933818192415,0,0.8148148148148149,0.18518518518518512,B3,T1,Central Coast
KH0181,33,22,23,0.696969696969697,1,0.5,1.1677484162422844,1.2072100267448116,0,0.6107505279192385,0.3892494720807615,B3,T1,Ica & Paracas
KH0182,21,19,19,0.9047619047619048,1,0.10526315789473684,2.91547594742265,0.4854607607459134,0,0.7223356240549856,0.2776643759450143,B5,T1,Central Coast
KH0183,362,222,273,0.7541436464088398,2,0.545045045045045,1.601025045600341,1.4339530577094495,0,0.34182220500174887,0.6581777949982511,B4,T2,Ica & Paracas
KH0184,9,9,9,1.0,0,0.0,0.0,0.0,0,1.0,0.0,B5,T1,Central Coast
KH0185,18,18,18,1.0,0,0.0,0.0,0.0,0,1.0,0.0,B6,T1,
KH0186,30,30,30,1.0,0,0.0,0.0,0.0,0,1.0,0.0,B3,T1,
KH0187,125,101,101,0.808,2,0.21782178217821782,1.894969416879621,0.756170148929897,0,0.6203580634334505,0.3796419365665495,B4,T1,Central Coast
KH0188,24,23,23,0.9583333333333334,1,0.043478260869565216,4.690415759823431,0.2580186686648155,0,0.8045660100073571,0.19543398999264294,B3,T1,Ica & Paracas
KH0189,59,32,34,0.576271186440678,3,0.71875,0.7157425057893186,1.0794391616491377,0,0.5090593776962631,0.4909406223037369,B6,T1,Central Coast
KH0190,15,13,13,0.8666666666666667,1,0.15384615384615385,2.3452078799117144,0.6193821946787638,0,0.6873056160117714,0.31269438398822863,B3,T1,Ica & Paracas
KH0191,27,13,14,0.5185185185185185,2,1.0,0.3922322702763681,0.7732283485249177,0,0.7037037037037037,0.2962962962962963,B4,T1,Ica & Paracas
KH0192,338,224,231,0.6834319526627219,3,0.41964285714285715,1.3182907297582696,1.0661545894404496,0,0.5069546377754253,0.4930453622245748,B4,T2,Central Coast
KH0193,303,219,253,0.834983498349835,2,0.3333333333333333,2.7844972001304384,1.0034339241548085,0,0.2596512998874181,0.7403487001125819,B4,T2,Nazca & Far South
KH0194,15,15,15,1.0,0,0.0,0.0,0.0,0,1.0,0.0,B5,T1,Central Coast
KH0195,30,29,29,0.9666666666666667,1,0.034482758620689655,5.291502622129182,0.21639693245126465,0,0.8236165792623606,0.17638342073763938,B3,T1,Central Coast
KH0196,28,27,27,0.9642857142857143,1,0.037037037037037035,5.0990195135927845,0.22853814395352803,0,0.8178921602288292,0.18210783977117087,B6,T1,Ica & Paracas
KH0197,35,27,29,0.8285714285714286,1,0.2962962962962963,2.0155644370746377,0.968270247409618,0,0.5392995572400828,0.4607004427599172,B6,T1,Ica & Paracas
KH0198,149,41,95,0.6375838926174496,4,1.6341463414634145,0.8194016257498988,2.125688143400775,1,0.18972411958192925,0.8102758804180707,B4,T2,
KH0199,5,5,5,1.0,0,0.0,0.0,0.0,0,1.0,0.0,B5,T1,
KH0200,22,22,22,1.0,0,0.0,0.0,0.0,0,1.0,0.0,B6,T1,
KH0201,7,4,4,0.5714285714285714,1,0.75,0.5773502691896257,0.8112781244591328,0,0.7525641703473033,0.24743582965269675,B5,T1,
KH0202,9,9,9,1.0,0,0.0,0.0,0.0,0,1.0,0.0,B5,T1,
KH0203,30,23,24,0.8,2,0.21739130434782608,1.8973665961010275,0.7553754125614287,0,0.4729537233052702,0.5270462766947298,B4,T1,
KH0204,64,32,43,0.671875,1,1.0,0.9354143466934853,1.7961252463298516,0,0.5322928266532574,0.46770717334674267,B3,T1,
KH0205,3,3,3,1.0,0,0.0,0.0,0.0,0,1.0,0.0,B5,T1,Central Coast
KH0206,12,12,12,1.0,0,0.0,0.0,0.0,0,1.0,0.0,B5,T1,Central Coast
KH0207,35,23,23,0.6571428571428571,1,0.5217391304347826,0.957427107756338,0.9986359641585719,0,0.6717392773406842,0.32826072265931583,B3,T1,Central Coast
KH0208,101,101,101,1.0,0,0.0,0.0,0.0,0,1.0,0.0,B1,T1,
KH0209,7,7,7,1.0,0,0.0,0.0,0.0,0,1.0,0.0,B5,T1,Ica & Paracas
KH0210,13,10,12,0.9230769230769231,1,0.3,3.0000000000000004,0.46899559358928117,0,0.3076923076923076,0.6923076923076924,B5,T1,Ica & Paracas
KH0211,8,8,8,1.0,0,0.0,0.0,0.0,0,1.0,0.0,B5,T1,Ica & Paracas
KH0212,7,2,5,0.7142857142857143,2,1.5,1.0,1.0,1,0.2857142857142857,0.7142857142857143,B5,T1,Ica & Paracas
KH0213,7,1,5,0.7142857142857143,2,3.0,0.0,0.0,1,1.0,0.0,B5,T1,Ica & Paracas
KH0214,6,5,5,0.8333333333333334,1,0.2,2.0000000000000004,0.7219280948873623,0,0.6666666666666665,0.3333333333333334,B6,T1,Ica & Paracas
KH0215,11,9,9,0.8181818181818182,1,0.2222222222222222,1.8708286933869709,0.7642045065086203,0,0.6598493284750963,0.34015067152490375,B6,T1,Ica & Paracas
KH0216,19,19,19,1.0,0,0.0,0.0,0.0,0,1.0,0.0,B3,T1,
KH0217,86,85,85,0.9883720930232558,1,0.011764705882352941,9.165151389911681,0.0922772477445739,0,0.8934284722103293,0.10657152778967072,B3,T1,
KH0218,64,37,37,0.578125,1,0.7297297297297297,0.6085806194501847,0.8418521897563208,0,0.7432550511694533,0.2567449488305466,B3,T1,Central Coast
KH0219,18,10,10,0.5555555555555556,1,0.8,0.5,0.7219280948873623,0,0.7777777777777778,0.22222222222222224,B3,T1,Ica & Paracas
KH0220,30,30,30,1.0,0,0.0,0.0,0.0,0,1.0,0.0,B2,T1,
KH0221,37,37,37,1.0,0,0.0,0.0,0.0,0,1.0,0.0,B2,T1,
KH0222,20,12,12,0.6,1,0.6666666666666666,0.7071067811865476,0.9182958340544894,0,0.717157287525381,0.282842712474619,B2,T1,Ica & Paracas
KH0223,21,10,15,0.7142857142857143,1,1.1,0.9491187735373227,1.8464393446710157,1,0.5028425471947358,0.4971574528052643,B2,T1,Ica & Paracas
KH0224,32,30,30,0.9375,1,0.06666666666666667,3.7416573867739418,0.3533593350214213,0,0.7661464133266287,0.23385358667337136,B6,T1,
KH0225,253,211,220,0.8695652173913043,2,0.1943127962085308,2.5309505894776287,0.7439699274152705,0,0.5717340689144178,0.4282659310855822,B4,T1,
KH0226,28,17,18,0.6428571428571429,1,0.6470588235294118,0.9090909090909091,1.253297578463043,0,0.6428571428571428,0.35714285714285715,B3,T1,
KH0227,14,14,14,1.0,0,0.0,0.0,0.0,0,1.0,0.0,B3,T1,
KH0228,218,163,169,0.7752293577981652,2,0.3312883435582822,1.6736479300288896,1.0385395633673145,0,0.5758926850889461,0.42410731491105397,B4,T1,
KH0229,143,56,100,0.6993006993006993,1,1.5535714285714286,0.8061561262114473,2.2138120598621973,1,0.5095413777594692,0.49045862224053083,B3,T1,
KH0230,39,30,30,0.7692307692307693,1,0.3,1.5275252316519465,0.8812908992306927,0,0.6474941773110893,0.35250582268891073,B3,T1,
KH0231,68,50,50,0.7352941176470589,1,0.36,1.3333333333333333,0.9426831892554923,0,0.6470588235294117,0.35294117647058826,B3,T1,
KH0232,100,68,69,0.69,1,0.47058823529411764,1.1215224028078976,1.0881026589484764,0,0.6411128311014729,0.3588871688985272,B3,T1,
KH0233,36,18,18,0.5,1,1.0,0.0,0.0,0,1.0,0.0,B3,T1,
KH0234,20,20,20,1.0,0,0.0,0.0,0.0,0,1.0,0.0,B3,T1,
KH0235,37,28,32,0.8648648648648649,1,0.32142857142857145,2.3596400646217,0.9487147438679151,0,0.42603349779472155,0.5739665022052785,B2,T1,Nazca & Far South
KH0236,5,2,3,0.6,1,1.5,0.3333333333333333,1.0,1,0.8,0.2,B2,T1,Nazca & Far South
KH0237,572,407,493,0.8618881118881119,2,0.35872235872235875,5.239229092739458,0.8120953240887923,0,0.0,1.6678138422414668,B4,T2,Chachapoyas
KH0238,116,72,80,0.6896551724137931,2,0.5555555555555556,1.3711309200802089,1.3641753645524288,0,0.44719932614202074,0.5528006738579793,B4,T1,Chachapoyas
KH0239,758,281,552,0.7282321899736148,4,1.395017793594306,1.4894464225222563,2.1786138462984304,1,0.00328789410677921,0.9967121058932208,B2,T2,Chachapoyas
KH0240,573,482,489,0.8534031413612565,2,0.18049792531120332,2.589474308901179,0.6924218186211717,0,0.5036476170349626,0.49635238296503736,B4,T2,Chachapoyas
KH0241,62,49,49,0.7903225806451613,1,0.2653061224489796,1.664100588675687,0.8346482851813829,0,0.6510756830196139,0.34892431698038606,B3,T1,Chachapoyas
KH0242,874,571,770,0.8810068649885584,2,0.4991243432574431,3.6534825508210083,0.7877651884177285,0,0.0,1.2830286302960776,B2,T2,Chachapoyas
KH0243,80,45,48,0.6,2,0.7555555555555555,0.7463869141440896,1.2104354468056115,0,0.6669271851381442,0.33307281486185575,B2,T1,Chachapoyas
KH0244,6,6,6,1.0,0,0.0,0.0,0.0,0,1.0,0.0,B6,T1,Chachapoyas
KH0245,164,149,153,0.9329268292682927,1,0.10067114093959731,4.70932880331983,0.4124862655342356,0,0.5692687070134301,0.4307312929865698,B2,T1,Chachapoyas
KH0246,176,159,160,0.9090909090909091,1,0.1069182389937107,3.0746198459698775,0.5049272314262581,0,0.7030196739688186,0.2969803260311814,B3,T1,Chachapoyas
KH0247,343,176,238,0.6938775510204082,2,0.8125,1.3597218334012584,1.7729087408098603,0,0.28624997775485517,0.7137500222451448,B4,T2,Chachapoyas
KH0248,126,50,75,0.5952380952380952,2,1.08,1.6650197624436314,1.7918407280110185,1,0.0,1.237789950151232,B4,T1,Chachapoyas
KH0249,59,24,47,0.7966101694915254,2,1.2916666666666667,1.4042450877212203,1.6594208586976316,1,0.17818454763385372,0.8218154523661463,B4,T1,Chachapoyas
KH0250,44,23,30,0.6818181818181818,1,0.9130434782608695,0.96421222530079,1.7349112826910293,0,0.5398078015609866,0.4601921984390133,B3,T1,Chachapoyas
KH0251,88,65,79,0.8977272727272727,2,0.2,4.0382783841251335,0.5083149555436682,0,0.0,1.278901420350766,B6,T1,Chachapoyas
KH0252,442,222,276,0.6244343891402715,2,0.9774774774774775,0.8489900159776402,1.6189661471263737,0,0.5736269420306312,0.4263730579693687,B4,T2,Chachapoyas
KH0253,122,97,98,0.8032786885245902,1,0.25773195876288657,1.7861690849412888,0.8689941021092663,0,0.6339817448890802,0.3660182551109198,B3,T1,Chachapoyas
KH0254,38,31,31,0.8157894736842105,1,0.22580645161290322,1.851640199545103,0.7706290693639406,0,0.6589083842943231,0.34109161570567686,B3,T1,Chachapoyas
KH0255,18,13,13,0.7222222222222222,1,0.38461538461538464,1.2649110640673518,0.961236604722876,0,0.6486358155368467,0.3513641844631533,B5,T1,Chachapoyas
KH0256,30,24,24,0.8,1,0.25,1.7320508075688772,0.8112781244591328,0,0.6535898384862245,0.34641016151377546,B6,T1,Chachapoyas
KH0257,162,136,143,0.8827160493827161,1,0.19117647058823528,3.9366281790535345,0.6250266484766633,0,0.36819547743585257,0.6318045225641474,B2,T1,Chachapoyas
KH0258,314,266,278,0.8853503184713376,1,0.18045112781954886,2.746525582946166,0.7102508662889789,0,0.5801489554731976,0.41985104452680244,B3,T1,Chachapoyas
KH0259,20,10,10,0.5,1,1.0,0.0,0.0,0,1.0,0.0,B3,T1,Ica & Paracas
KH0260,19,10,10,0.5263157894736842,1,0.9,0.33333333333333337,0.46899559358928117,0,0.8421052631578947,0.15789473684210525,B3,T1,Ica & Paracas
KH0261,46,46,46,1.0,0,0.0,0.0,0.0,0,1.0,0.0,B3,T1,
KH0262,17,14,14,0.8235294117647058,1,0.21428571428571427,1.9148542155126762,0.74959525725948,0,0.6620845502036452,0.33791544979635474,B2,T1,Ica & Paracas
KH0263,91,76,76,0.8351648351648352,1,0.19736842105263158,2.0165977949672227,0.7166336117927454,0,0.6675937700603478,0.33240622993965213,B2,T1,Ica & Paracas
KH0264,75,35,39,0.52,2,1.1142857142857143,0.2855263775810268,0.5127091420308771,1,0.8367006838144548,0.16329931618554522,B2,T1,Ica & Paracas
KH0265,38,38,38,1.0,0,0.0,0.0,0.0,0,1.0,0.0,B3,T1,Ica & Paracas
KH0266,8,7,7,0.875,1,0.14285714285714285,2.4494897427831788,0.5916727785823274,0,0.6938137821521027,0.30618621784789735,B6,T1,Ica & Paracas
KH0267,188,87,120,0.6382978723404256,3,0.9655172413793104,0.9863007227241893,1.8141301424895537,0,0.39287093304764775,0.6071290669523522,B4,T2,
KH0268,22,7,15,0.6818181818181818,2,1.8571428571428572,0.44853476114194607,1.1488348542809168,1,0.5687803190679482,0.43121968093205176,B6,T1,Arica & N. Chile
KH0269,171,167,170,0.9941520467836257,1,0.023952095808383235,12.884098726725128,0.05282677388968398,0,0.6986175736438567,0.3013824263561434,B3,T1,
KH0270,39,39,39,1.0,0,0.0,0.0,0.0,0,1.0,0.0,B6,T1,
KH0271,91,91,91,1.0,0,0.0,0.0,0.0,0,1.0,0.0,B3,T1,Southern Highlands
KH0272,49,33,39,0.7959183673469388,1,0.48484848484848486,1.6932771480180084,1.297376984093359,0,0.447093176157385,0.552906823842615,B3,T1,Nazca & Far South
KH0273,43,43,43,1.0,0,0.0,0.0,0.0,0,1.0,0.0,B3,T1,
KH0274,25,25,25,1.0,0,0.0,0.0,0.0,0,1.0,0.0,B3,T1,
KH0275,160,125,137,0.85625,1,0.28,2.4578072191550357,0.94338121034483,0,0.46235467080983583,0.5376453291901642,B2,T1,
KH0276,107,77,92,0.8598130841121495,2,0.3246753246753247,2.6003076741032016,0.8052326140443206,0,0.23810277674060487,0.7618972232593951,B4,T1,Central Coast
KH0277,47,47,47,1.0,0,0.0,0.0,0.0,0,1.0,0.0,B6,T1,Central Coast
KH0278,61,46,51,0.8360655737704918,2,0.2608695652173913,3.5237290853109946,0.7052910530145211,0,0.0,1.0074967582170133,B4,T1,Central Coast
KH0279,327,239,276,0.8440366972477065,3,0.3263598326359833,2.618525012538285,0.9728606245346174,0,0.30904443255688063,0.6909555674431194,B4,T2,
KH0280,164,164,164,1.0,0,0.0,0.0,0.0,0,1.0,0.0,B3,T1,
KH0281,98,93,93,0.9489795918367347,1,0.053763440860215055,4.195235392680606,0.30217361847879504,0,0.7859573779244589,0.21404262207554114,B3,T1,
KH0282,98,98,98,1.0,0,0.0,0.0,0.0,0,1.0,0.0,B3,T1,
KH0283,55,49,51,0.9272727272727272,1,0.12244897959183673,3.551212625443753,0.48953863320020075,0,0.6125949863152269,0.38740501368477304,B6,T1,
KH0284,54,36,36,0.6666666666666666,1,0.5,1.0,1.0,0,0.6666666666666667,0.3333333333333333,B3,T1,
KH0285,61,61,61,1.0,0,0.0,0.0,0.0,0,1.0,0.0,B3,T1,
KH0286,72,72,72,1.0,0,0.0,0.0,0.0,0,1.0,0.0,B3,T1,
KH0287,105,70,70,0.6666666666666666,1,0.5,1.0,1.0,0,0.6666666666666667,0.3333333333333333,B3,T1,
KH0288,115,115,115,1.0,0,0.0,0.0,0.0,0,1.0,0.0,B3,T1,
KH0289,180,180,180,1.0,0,0.0,0.0,0.0,0,1.0,0.0,B3,T1,
KH0290,42,28,40,0.9523809523809523,1,0.5,3.946064947695181,0.442660898069447,0,0.0,1.3153549825650603,B3,T1,
KH0291,38,38,38,1.0,0,0.0,0.0,0.0,0,1.0,0.0,B3,T1,
KH0292,24,24,24,1.0,0,0.0,0.0,0.0,0,1.0,0.0,B3,T1,
KH0293,42,21,21,0.5,1,1.0,0.0,0.0,0,1.0,0.0,B3,T1,Ica & Paracas
KH0294,275,58,207,0.7527272727272727,3,2.689655172413793,0.6911195883047977,2.5263408520119928,1,0.3439915340195552,0.6560084659804448,B4,T2,Arica & N. Chile
KH0295,256,48,192,0.75,3,2.9791666666666665,1.6322193650819266,2.702572732832805,1,0.0,1.2303137303143457,B4,T2,
KH0296,136,133,133,0.9779411764705882,1,0.022556390977443608,6.582805886043833,0.15556286259996746,0,0.854791046631386,0.14520895336861397,B3,T1,
KH0297,114,112,112,0.9824561403508771,1,0.017857142857142856,7.416198487095665,0.1292337748458849,0,0.8698912546123567,0.13010874538764325,B2,T1,Central Coast
KH0298,41,41,41,1.0,0,0.0,0.0,0.0,0,1.0,0.0,B3,T1,Central Coast
KH0299,23,22,22,0.9565217391304348,1,0.045454545454545456,4.582575694955841,0.26676498780302604,0,0.8007575784801808,0.19924242151981916,B6,T1,Central Coast
KH0300,111,111,111,1.0,0,0.0,0.0,0.0,0,1.0,0.0,B2,T1,
KH0301,74,71,71,0.9594594594594594,1,0.04225352112676056,4.760952285695232,0.25253077151613923,0,0.8069884208501933,0.1930115791498067,B2,T1,Central Coast
KH0302,6,6,6,1.0,0,0.0,0.0,0.0,0,1.0,0.0,B2,T1,Central Coast
KH0303,35,32,33,0.9428571428571428,1,0.09375,4.096068575814836,0.3997900666170139,0,0.6489084077872997,0.3510915922127002,B3,T1,Central Coast
KH0304,35,32,33,0.9428571428571428,1,0.09375,4.096068575814836,0.3997900666170139,0,0.6489084077872997,0.3510915922127002,B3,T1,Central Coast
KH0305,73,73,73,1.0,0,0.0,0.0,0.0,0,1.0,0.0,B3,T1,
KH0306,33,32,32,0.9696969696969697,1,0.03125,5.5677643628300215,0.20062232431271465,0,0.8312798677930296,0.16872013220697035,B3,T1,Central Coast
KH0307,26,26,26,1.0,0,0.0,0.0,0.0,0,1.0,0.0,B1,T1,Central Coast
KH0308,26,26,26,1.0,0,0.0,0.0,0.0,0,1.0,0.0,B1,T1,Central Coast
KH0309,66,61,62,0.9393939393939394,1,0.08196721311475409,4.009987531152684,0.4023829390456118,0,0.6962130658217663,0.30378693417823366,B3,T1,Central Coast
KH0310,74,74,74,1.0,0,0.0,0.0,0.0,0,1.0,0.0,B2,T1,
KH0311,79,66,66,0.8354430379746836,1,0.19696969696969696,2.0191391920625676,0.7158259310602147,0,0.667736588647932,0.33226341135206805,B2,T1,Central Coast
KH0312,13,13,13,1.0,0,0.0,0.0,0.0,0,1.0,0.0,B3,T1,Central Coast
KH0313,24,24,24,1.0,0,0.0,0.0,0.0,0,1.0,0.0,B3,T1,Central Coast
KH0314,25,12,21,0.84,1,1.0833333333333333,2.07977012839935,1.4182958340544896,1,0.0,1.081480466767662,B3,T1,
KH0315,11,11,11,1.0,0,0.0,0.0,0.0,0,1.0,0.0,B5,T1,Central Coast
KH0316,31,30,30,0.967741935483871,1,0.03333333333333333,5.385164807134504,0.21084230031853216,0,0.8262850062214677,0.17371499377853233,B3,T1,Central Coast
KH0317,14,14,14,1.0,0,0.0,0.0,0.0,0,1.0,0.0,B5,T1,Central Coast
KH0318,7,6,6,0.8571428571428571,1,0.16666666666666666,2.2360679774997902,0.6500224216483541,0,0.6805617175000301,0.31943828249996986,B5,T1,Central Coast
KH0319,44,44,44,1.0,0,0.0,0.0,0.0,0,1.0,0.0,B1,T1,Central Coast
KH0320,23,6,16,0.6956521739130435,2,2.6666666666666665,0.2795084971874737,0.6500224216483541,1,0.9027796531521831,0.09722034684781693,B6,T1,Arica & N. Chile
KH0321,273,152,197,0.7216117216117216,1,0.7960526315789473,1.275380940720033,1.7503645831503434,0,0.4347212680325129,0.5652787319674871,B3,T1,
KH0322,107,107,107,1.0,0,0.0,0.0,0.0,0,1.0,0.0,B3,T1,
KH0323,370,306,312,0.8432432432432433,1,0.20915032679738563,2.1970772488695065,0.7926150679612968,0,0.619965016411761,0.38003498358823895,B2,T2,North Peru Coast
KH0324,102,54,75,0.7352941176470589,1,0.8888888888888888,1.1592023119369634,1.7530523421103017,0,0.4544930296767231,0.5455069703232769,B3,T1,North Peru Coast
KH0325,288,206,226,0.7847222222222222,1,0.39805825242718446,1.7092323751655594,1.1930032167293432,0,0.5133435598486948,0.4866564401513051,B3,T2,North Peru Coast
KH0326,131,108,113,0.8625954198473282,1,0.21296296296296297,2.395253655798142,0.7920899514232673,0,0.579459281806433,0.4205407181935669,B3,T1,North Peru Coast
KH0327,125,90,101,0.808,1,0.3888888888888889,1.8261144207171194,1.1500496985580615,0,0.4886879621992066,0.5113120378007934,B3,T1,North Peru Coast
KH0328,61,60,60,0.9836065573770492,1,0.016666666666666666,7.681145747868609,0.1222915970693747,0,0.8740795779037933,0.12592042209620674,B2,T1,North Peru Coast
KH0329,1227,223,1100,0.8964955175224124,2,4.286995515695067,0.9536984386179271,1.6013226397655453,1,0.22473451052611504,0.775265489473885,B2,T2,
KH0330,69,25,45,0.6521739130434783,3,1.36,1.4390740967911844,1.8263137138648349,1,0.0,1.0313302536033158,B4,T1,
KH0331,26,26,26,1.0,0,0.0,0.0,0.0,0,1.0,0.0,B3,T1,
KH0332,57,4,41,0.7192982456140351,3,8.25,1.125299674401645,2.0,1,0.0,1.0258283442837697,B4,T1,
KH0333,230,81,172,0.7478260869565218,3,1.4814814814814814,1.636688730333291,2.107145065010767,1,0.0,1.1758116691398517,B2,T2,
KH0334,9,5,8,0.8888888888888888,1,0.8,2.0,0.7219280948873623,0,0.11111111111111105,0.888888888888889,B5,T1,
KH0335,4,4,4,1.0,0,0.0,0.0,0.0,0,1.0,0.0,B5,T1,
KH0336,5,4,4,0.8,1,0.25,1.7320508075688772,0.8112781244591328,0,0.6535898384862245,0.34641016151377546,B5,T1,
KH0337,3,3,3,1.0,0,0.0,0.0,0.0,0,1.0,0.0,B5,T1,
KH0338,75,63,65,0.8666666666666667,1,0.19047619047619047,2.4494897427831788,0.7458547791848441,0,0.6080816411546914,0.39191835884530857,B3,T1,
KH0339,55,8,37,0.6727272727272727,2,4.625,0.7247074420428067,2.4056390622295667,1,0.33967200736964076,0.6603279926303592,B6,T1,
KH0340,31,16,22,0.7096774193548387,2,0.875,1.3324827218698307,1.7743974703476992,0,0.38202438513974135,0.6179756148602586,B4,T1,
KH0341,4,4,4,1.0,0,0.0,0.0,0.0,0,1.0,0.0,B6,T1,
KH0342,10,10,10,1.0,0,0.0,0.0,0.0,0,1.0,0.0,B5,T1,
KH0343,28,25,26,0.9285714285714286,1,0.12,3.5901098714230026,0.48217919020227273,0,0.615345370918964,0.38465462908103604,B3,T1,
KH0344,7,7,7,1.0,0,0.0,0.0,0.0,0,1.0,0.0,B6,T1,
KH0345,33,10,24,0.7272727272727273,2,2.2,0.9045340337332908,1.8464393446710157,1,0.4085084455774808,0.5914915544225192,B4,T1,
KH0346,89,89,89,1.0,0,0.0,0.0,0.0,0,1.0,0.0,B3,T1,
KH0347,149,149,149,1.0,0,0.0,0.0,0.0,0,1.0,0.0,B3,T1,
KH0348,76,76,76,1.0,0,0.0,0.0,0.0,0,1.0,0.0,B3,T1,
KH0349,866,332,699,0.8071593533487298,3,1.5210843373493976,1.5622883936704992,2.1904359870769365,1,0.02551635333809399,0.974483646661906,B4,T2,Nazca & Far South
KH0350,260,219,224,0.8615384615384616,1,0.1872146118721461,2.4299832428189143,0.7422393065959532,0,0.6168103347862481,0.38318966521375186,B3,T2,Nazca & Far South
KH0351,55,29,32,0.5818181818181818,2,0.8620689655172413,0.6621178142898739,1.2332570395415439,0,0.651212252849984,0.348787747150016,B4,T1,Central Coast
KH0352,157,80,113,0.7197452229299363,2,0.95,1.1757004159836144,1.8737987255930615,0,0.41654521200484784,0.5834547879951522,B2,T1,
KH0353,43,22,34,0.7906976744186046,1,0.9545454545454546,1.4293648590289174,1.78394962600104,0,0.3019380921021566,0.6980619078978434,B2,T1,
KH0354,16,13,15,0.9375,1,0.23076923076923078,3.4641016151377544,0.3912435636292556,0,0.3504809471616711,0.6495190528383289,B3,T1,Ica & Paracas
KH0355,12,11,11,0.9166666666666666,1,0.09090909090909091,3.1622776601683786,0.43949698692151334,0,0.736476861652635,0.26352313834736496,B2,T1,Ica & Paracas
KH0356,23,9,22,0.9565217391304348,1,1.5555555555555556,2.82842712474619,0.5032583347756457,1,0.0,1.721651293323768,B2,T1,Ica & Paracas
KH0357,24,24,24,1.0,0,0.0,0.0,0.0,0,1.0,0.0,B3,T1,Ica & Paracas
KH0358,321,167,249,0.7757009345794392,2,0.8622754491017964,1.5948654109398528,1.7708203745658244,0,0.23829386731652302,0.761706132683477,B4,T2,Ica & Paracas
KH0359,304,173,236,0.7763157894736842,2,0.7398843930635838,1.602800588520762,1.6774655609121392,0,0.31343711563846866,0.6865628843615313,B4,T2,Ica & Paracas
KH0360,77,69,70,0.9090909090909091,3,0.057971014492753624,4.0311288741492755,0.31933738653397287,0,0.5288738403320246,0.4711261596679755,B4,T1,Central Coast
KH0361,40,23,31,0.775,1,0.7391304347826086,1.3945023048387881,1.5645247207974506,0,0.4073365204435151,0.5926634795564849,B3,T1,Nazca & Far South
KH0362,218,72,179,0.8211009174311926,2,2.0,1.2332207155790618,2.4245934586577094,1,0.15621264153568704,0.843787358464313,B4,T2,Nazca & Far South
KH0363,65,61,61,0.9384615384615385,1,0.06557377049180328,3.774917217635375,0.34918437350730797,0,0.7676974019916691,0.2323025980083308,B3,T1,Central Coast
KH0364,44,43,43,0.9772727272727273,1,0.023255813953488372,6.48074069840786,0.15935006268563445,0,0.8527104386725486,0.14728956132745136,B5,T1,Central Coast
KH0365,8,8,8,1.0,0,0.0,0.0,0.0,0,1.0,0.0,B5,T1,Ica & Paracas
KH0366,24,24,24,1.0,0,0.0,0.0,0.0,0,1.0,0.0,B3,T1,
KH0367,45,41,41,0.9111111111111111,1,0.0975609756097561,3.0413812651491092,0.4612160405139095,0,0.7296549986534124,0.2703450013465875,B5,T1,
KH0368,14,14,14,1.0,0,0.0,0.0,0.0,0,1.0,0.0,B5,T1,
KH0369,126,59,95,0.753968253968254,2,0.7627118644067796,2.0100979645680197,1.516596486048762,0,0.0,1.1387160424116516,B4,T1,Arica & N. Chile
KH0370,89,56,62,0.6966292134831461,2,0.5535714285714286,1.227079135587757,1.3466320045263864,0,0.5129501842316124,0.4870498157683875,B4,T1,Arica & N. Chile
KH0371,105,66,77,0.7333333333333333,2,0.5606060606060606,1.3931377263632299,1.4170236828664033,0,0.4754982928375481,0.5245017071624519,B4,T1,Arica & N. Chile
KH0372,100,59,70,0.7,2,0.6271186440677966,1.2420675992514656,1.422946224311553,0,0.4541062374417527,0.5458937625582473,B4,T1,Arica & N. Chile
KH0373,57,9,48,0.8421052631578947,1,5.333333333333333,0.23385358667337133,1.2243944454059863,1,0.803070663854003,0.19692933614599692,B2,T1,Arica & N. Chile
KH0374,13,13,13,1.0,0,0.0,0.0,0.0,0,1.0,0.0,B2,T1,Central Coast
KH0375,8,5,5,0.625,1,0.6,0.8164965809277261,0.9709505944546688,0,0.6938137821521028,0.30618621784789724,B5,T1,Central Coast
KH0376,5,2,2,0.4,2,1.0,0.0,0.0,0,0.8,0.2,B5,T1,Central Coast
KH0377,33,21,26,0.7878787878787878,2,0.2857142857142857,1.5811388300841898,0.8631205685666311,0,0.04653741075440765,0.9534625892455924,B4,T1,Central Coast
KH0378,32,22,25,0.78125,1,0.45454545454545453,1.7204650534085255,1.267931645520725,0,0.46235467080983583,0.5376453291901642,B3,T1,Southern Highlands
KH0379,104,102,102,0.9807692307692307,1,0.0196078431372549,7.071067811865474,0.1392329990550989,0,0.8640179266948947,0.13598207330510528,B3,T1,Ica & Paracas
KH0380,47,38,38,0.8085106382978723,1,0.23684210526315788,1.795054935711501,0.7897492536625224,0,0.6562660761403509,0.3437339238596491,B2,T1,Ica & Paracas
KH0381,33,27,31,0.9393939393939394,1,0.2222222222222222,3.7416573867739418,0.45502065977946415,0,0.3196986569501925,0.6803013430498075,B6,T1,
KH0382,125,21,79,0.632,2,3.5714285714285716,0.45372532072462807,2.5701906367554077,1,0.5968126986126672,0.4031873013873329,B4,T2,Ica & Paracas
KH0383,133,22,97,0.7293233082706767,2,3.8636363636363638,0.547912048103295,2.7016573248619746,1,0.5101228231800925,0.48987717681990745,B4,T2,Ica & Paracas
KH0384,96,96,96,1.0,0,0.0,0.0,0.0,0,1.0,0.0,B3,T1,Cañete–Pisco
KH0385,58,32,44,0.7586206896551724,1,0.8125,1.3910108707711635,1.7431278286033818,0,0.37644340275775434,0.6235565972422457,B3,T1,Nazca & Far South
KH0386,91,46,67,0.7362637362637363,3,0.5652173913043478,2.1716298789989392,1.323142804994543,0,0.0,1.2448662844561191,B4,T1,
KH0387,59,43,50,0.847457627118644,2,0.3488372093023256,2.4639624816768437,1.0187088106771252,0,0.35148723831494955,0.6485127616850505,B6,T1,
KH0388,11,7,8,0.7272727272727273,1,0.5714285714285714,1.2747548783981961,1.3787834934861756,0,0.536452771491565,0.46354722850843494,B5,T1,
KH0389,264,146,195,0.7386363636363636,2,0.4520547945205479,1.8863484239376864,1.2782586193097372,0,0.17789939598481597,0.822100604015184,B4,T2,Cañete–Pisco
KH0390,25,17,21,0.84,1,0.47058823529411764,2.200852107707376,1.1400677626718572,0,0.2957273255336398,0.7042726744663602,B3,T1,
KH0391,20,12,16,0.8,1,0.6666666666666666,1.7677669529663689,1.4182958340544896,0,0.29289321881345265,0.7071067811865474,B6,T1,Ica & Paracas
KH0392,33,24,25,0.7575757575757576,1,0.375,1.5030832509409648,1.0994839817876882,0,0.5900682042888278,0.4099317957111722,B6,T1,Cañete–Pisco
KH0393,66,51,54,0.8181818181818182,2,0.2549019607843137,2.31025498733557,0.8947854951216634,0,0.48574052277341995,0.51425947722658,B6,T1,
KH0394,20,20,20,1.0,0,0.0,0.0,0.0,0,1.0,0.0,B6,T1,Ica & Paracas
KH0395,35,30,30,0.8571428571428571,1,0.16666666666666666,2.2360679774997894,0.6500224216483541,0,0.6805617175000301,0.31943828249996986,B6,T1,Ica & Paracas
KH0396,14,5,9,0.6428571428571429,1,1.8,0.22222222222222227,0.7219280948873623,1,0.8571428571428572,0.14285714285714285,B3,T1,Cañete–Pisco
KH0397,10,10,10,1.0,0,0.0,0.0,0.0,0,1.0,0.0,B5,T1,Cañete–Pisco
KH0398,25,24,24,0.96,1,0.041666666666666664,4.795831523312721,0.24988229283318544,0,0.8081667390674913,0.19183326093250877,B1,T1,Cañete–Pisco
KH0399,5,5,5,1.0,0,0.0,0.0,0.0,0,1.0,0.0,B5,T1,Cañete–Pisco
KH0400,25,18,18,0.72,1,0.3888888888888889,1.2535663410560176,0.964078764808229,0,0.6490014245043152,0.35099857549568486,B3,T1,
KH0401,15,15,15,1.0,0,0.0,0.0,0.0,0,1.0,0.0,B6,T1,
KH0402,17,17,17,1.0,0,0.0,0.0,0.0,0,1.0,0.0,B6,T1,Ica & Paracas
KH0403,7,7,7,1.0,0,0.0,0.0,0.0,0,1.0,0.0,B6,T1,
KH0404,225,85,146,0.6488888888888888,3,1.1294117647058823,1.1823719686385592,2.081178174589171,1,0.2060724292138979,0.7939275707861021,B4,T2,Central Coast
KH0405,30,30,30,1.0,0,0.0,0.0,0.0,0,1.0,0.0,B6,T1,Central Coast
KH0406,40,37,37,0.925,1,0.08108108108108109,3.3665016461206916,0.40597703847557115,0,0.747512376540948,0.25248762345905196,B2,T1,Ica & Paracas
KH0407,19,17,17,0.8947368421052632,1,0.11764705882352941,2.7386127875258306,0.5225593745369408,0,0.7117249697341231,0.28827503026587686,B3,T1,Ica & Paracas
KH0408,151,41,106,0.7019867549668874,2,2.5609756097560976,0.48822878544671605,2.295384321163579,1,0.6281942027121008,0.37180579728789925,B4,T1,Ica & Paracas
KH0409,68,68,68,1.0,0,0.0,0.0,0.0,0,1.0,0.0,B2,T1,
KH0410,40,40,40,1.0,0,0.0,0.0,0.0,0,1.0,0.0,B5,T1,
KH0411,28,28,28,1.0,0,0.0,0.0,0.0,0,1.0,0.0,B3,T1,
KH0412,7,7,7,1.0,0,0.0,0.0,0.0,0,1.0,0.0,B5,T1,
KH0413,9,8,8,0.8888888888888888,1,0.125,2.6457513110645907,0.5435644431995964,0,0.7060276321039344,0.2939723678960656,B5,T1,
KH0414,12,6,6,0.5,1,1.0,0.0,0.0,0,1.0,0.0,B5,T1,
KH0415,90,31,53,0.5888888888888889,2,1.6774193548387097,0.4639360800698007,1.6115218283616606,1,0.69248105548671,0.3075189445132899,B4,T2,Central Coast
KH0416,15,15,15,1.0,0,0.0,0.0,0.0,0,1.0,0.0,B3,T1,Central Coast
KH0417,18,18,18,1.0,0,0.0,0.0,0.0,0,1.0,0.0,B1,T1,Central Coast
KH0418,12,12,12,1.0,0,0.0,0.0,0.0,0,1.0,0.0,B5,T1,Central Coast
KH0419,8,8,8,1.0,0,0.0,0.0,0.0,0,1.0,0.0,B2,T1,Central Coast
KH0420,30,30,30,1.0,0,0.0,0.0,0.0,0,1.0,0.0,B6,T1,Central Coast
KH0421,33,33,33,1.0,0,0.0,0.0,0.0,0,1.0,0.0,B6,T1,Central Coast
KH0422,39,21,27,0.6923076923076923,2,0.8095238095238095,1.2422771812907574,1.648238712995888,0,0.4175478619692027,0.5824521380307973,B4,T1,
KH0423,16,4,12,0.75,1,3.0,0.5270462766947299,2.0,1,0.6047152924789525,0.39528470752104744,B6,T1,
KH0424,63,58,59,0.9365079365079365,1,0.08620689655172414,3.903844259188627,0.4180014672139382,0,0.6901710905405851,0.3098289094594148,B3,T1,Central Coast
KH0425,133,54,88,0.6616541353383458,2,1.2962962962962963,1.097306535409801,2.120605301020984,1,0.2119597689632995,0.7880402310367005,B4,T1,Ica & Paracas
KH0426,78,64,65,0.8333333333333334,1,0.21875,2.055356367134023,0.8076055867312476,0,0.6310898828220985,0.3689101171779015,B6,T1,
KH0427,88,49,61,0.6931818181818182,1,0.7959183673469388,1.2168010787389407,1.648834469221829,0,0.46073588555887857,0.5392641144411214,B3,T1,
KH0428,417,395,396,0.9496402877697842,1,0.05569620253164557,4.311238436865229,0.31437443826516553,0,0.7725485716761751,0.22745142832382495,B3,T1,Central Coast
KH0429,28,23,24,0.8571428571428571,1,0.21739130434782608,2.33238075793812,0.8076702057269437,0,0.5835034360824787,0.4164965639175214,B3,T1,Central Coast
KH0430,70,59,63,0.9,1,0.1864406779661017,2.8747978728803454,0.6423421536753963,0,0.5482460485473744,0.4517539514526257,B3,T1,Central Coast
KH0431,226,99,131,0.5796460176991151,3,1.02020202020202,2.568844270520817,1.1009785936213234,1,0.0,1.3796939827159198,B4,T2,Central Coast
KH0432,120,35,90,0.75,2,2.3714285714285714,0.7481529974101216,2.2501928463590146,1,0.4862988330859186,0.5137011669140814,B4,T1,Ica & Paracas
KH0433,167,134,136,0.8143712574850299,1,0.2462686567164179,1.8848874594041198,0.8601861818117196,0,0.6275372086207428,0.3724627913792572,B3,T1,Central Coast
KH0434,132,78,89,0.6742424242424242,1,0.6923076923076923,1.0423146132940955,1.4838735452098941,0,0.5735985672887791,0.42640143271122083,B2,T1,Central Coast
KH0435,236,216,216,0.9152542372881356,1,0.09259259259259259,3.1304951684997055,0.4450648570508386,0,0.734703799279686,0.265296200720314,B6,T1,Central Coast
KH0436,369,257,300,0.8130081300813008,2,0.42412451361867703,2.135231178942061,1.2081594194500285,0,0.342283624977042,0.657716375022958,B2,T2,Nazca & Far South
KH0437,126,126,126,1.0,0,0.0,0.0,0.0,0,1.0,0.0,B3,T1,Central Coast
KH0438,86,86,86,1.0,0,0.0,0.0,0.0,0,1.0,0.0,B6,T1,Central Coast
KH0439,137,110,118,0.8613138686131386,2,0.2,2.844452335847639,0.7439919749566858,0,0.40516546768235506,0.5948345323176449,B6,T1,Central Coast
KH0440,113,77,79,0.6991150442477876,2,0.44155844155844154,1.2373931745860371,1.1195124211742402,0,0.5952355176626806,0.40476448233731943,B6,T1,Central Coast
KH0441,167,113,129,0.7724550898203593,2,0.4336283185840708,1.8376414995086416,1.2602841380118583,0,0.402216435605828,0.597783564394172,B4,T1,Central Coast
KH0442,79,30,55,0.6962025316455697,2,1.5666666666666667,1.0767302918195742,2.2159220638351664,1,0.29647122878024035,0.7035287712197597,B4,T1,Ica & Paracas
KH0443,50,21,38,0.76,2,1.3333333333333333,1.395144641758901,2.067130688335406,1,0.1652545298116318,0.8347454701883682,B4,T1,Ica & Paracas
KH0444,12,8,8,0.6666666666666666,1,0.5,1.0,1.0,0,0.6666666666666667,0.3333333333333333,B5,T1,Ica & Paracas
KH0445,164,117,124,0.7560975609756098,2,0.39316239316239315,1.522360121740139,1.1446138005606816,0,0.5619081720320473,0.43809182796795265,B4,T1,North Peru Coast
KH0446,190,148,148,0.7789473684210526,1,0.28378378378378377,1.5886502207249789,0.8605553930586319,0,0.6488246880502678,0.35117531194973217,B6,T1,Central Coast
KH0447,94,71,73,0.776595744680851,1,0.323943661971831,1.61982052262584,1.0102621583192686,0,0.6036609359532519,0.39633906404674807,B2,T1,Cañete–Pisco
KH0448,79,71,73,0.9240506329113924,1,0.11267605633802817,3.811987670494228,0.4727957346978321,0,0.6139759321018503,0.38602406789814964,B2,T1,Ica & Paracas
KH0449,95,95,95,1.0,0,0.0,0.0,0.0,0,1.0,0.0,B3,T1,Ica & Paracas
KH0450,196,195,195,0.9948979591836735,1,0.005128205128205128,13.92838827718412,0.04639138357369902,0,0.9289367945041627,0.07106320549583735,B3,T1,Central Coast
KH0451,164,102,132,0.8048780487804879,2,0.46078431372549017,2.2054913153434157,1.2511992702643007,0,0.0,1.0742788070997675,B4,T1,Central Coast
KH0452,17,17,17,1.0,0,0.0,0.0,0.0,0,1.0,0.0,B3,T1,Central Coast
KH0453,268,137,184,0.6865671641791045,3,0.8321167883211679,1.303332849218123,1.7898162380901352,0,0.3644874968345143,0.6355125031654857,B4,T2,Central Coast
KH0454,169,32,104,0.6153846153846154,3,3.25,0.24325212770525997,1.5164336144561055,1,0.8214036890794488,0.17859631092055114,B4,T2,Central Coast
KH0455,119,87,92,0.773109243697479,2,0.3448275862068966,1.693123346560039,1.0727323048582649,0,0.5414197092557227,0.45858029074427725,B4,T1,Ica & Paracas
KH0456,62,62,62,1.0,0,0.0,0.0,0.0,0,1.0,0.0,B3,T1,Central Coast
KH0457,65,65,65,1.0,0,0.0,0.0,0.0,0,1.0,0.0,B6,T1,Ica & Paracas
KH0458,9,9,9,1.0,0,0.0,0.0,0.0,0,1.0,0.0,B5,T1,Ica & Paracas
KH0459,10,10,10,1.0,0,0.0,0.0,0.0,0,1.0,0.0,B6,T1,Ica & Paracas
KH0460,58,44,44,0.7586206896551724,1,0.3181818181818182,1.4638501094227996,0.9023932827949789,0,0.6466568701393243,0.3533431298606758,B3,T1,Ica & Paracas
KH0461,80,80,80,1.0,0,0.0,0.0,0.0,0,1.0,0.0,B3,T1,Ica & Paracas
KH0462,23,23,23,1.0,0,0.0,0.0,0.0,0,1.0,0.0,B3,T1,
KH0463,47,36,38,0.8085106382978723,1,0.3055555555555556,1.8608626809507927,1.002329251086288,0,0.5644789470115166,0.4355210529884834,B6,T1,Central Coast
KH0464,24,24,24,1.0,0,0.0,0.0,0.0,0,1.0,0.0,B6,T1,Cañete–Pisco
KH0465,75,75,75,1.0,0,0.0,0.0,0.0,0,1.0,0.0,B6,T1,Cañete–Pisco
KH0466,194,189,190,0.979381443298969,1,0.026455026455026454,7.205553413860728,0.16509714539736256,0,0.8142898604675071,0.18571013953249296,B3,T1,Ica & Paracas
KH0467,59,36,47,0.7966101694915254,2,0.5833333333333334,1.5319721849662296,1.0222670655189308,0,0.40436327488794654,0.5956367251120535,B4,T1,Central Coast
KH0468,955,865,865,0.9057591623036649,1,0.10404624277456648,2.934469476943168,0.48169219963979715,0,0.7234531382985496,0.27654686170145043,B3,T2,Ica & Paracas
KH0469,134,125,125,0.9328358208955224,1,0.072,3.590109871423003,0.3733433210798535,0,0.7588732175909925,0.2411267824090076,B3,T1,Central Coast
KH0470,144,126,126,0.875,1,0.14285714285714285,2.4494897427831783,0.5916727785823274,0,0.6938137821521027,0.3061862178478973,B6,T1,Central Coast
KH0471,98,98,98,1.0,0,0.0,0.0,0.0,0,1.0,0.0,B6,T1,
KH0472,194,130,144,0.7422680412371134,2,0.45384615384615384,1.5486925846118444,1.2801946094945527,0,0.4534137673479768,0.5465862326520232,B4,T1,
KH0473,30,30,30,1.0,0,0.0,0.0,0.0,0,1.0,0.0,B6,T1,
KH0474,86,38,59,0.686046511627907,2,1.0,1.877848713148555,1.605377606542194,0,0.0,1.4180326715745255,B4,T1,Ica & Paracas
KH0475,52,50,50,0.9615384615384616,1,0.04,4.898979485566357,0.24229218908241482,0,0.8115777120936016,0.18842228790639834,B3,T1,
KH0476,76,67,68,0.8947368421052632,2,0.11940298507462686,3.0771334062727926,0.5448472391019806,0,0.600034627537614,0.39996537246238595,B4,T1,
KH0477,71,44,54,0.7605633802816901,2,0.4318181818181818,1.9373855072953645,1.0461493966485234,0,0.08255895242330935,0.9174410475766906,B4,T1,
KH0478,233,206,214,0.9184549356223176,1,0.13106796116504854,3.5044553261611116,0.5536122731306832,0,0.5939043184276824,0.4060956815723176,B3,T1,Ica & Paracas
KH0479,30,29,29,0.9666666666666667,1,0.034482758620689655,5.291502622129182,0.21639693245126465,0,0.8236165792623606,0.17638342073763938,B3,T1,Central Coast
KH0480,73,73,73,1.0,0,0.0,0.0,0.0,0,1.0,0.0,B3,T1,Central Coast
KH0481,7,7,7,1.0,0,0.0,0.0,0.0,0,1.0,0.0,B5,T1,Central Coast
KH0482,34,34,34,1.0,0,0.0,0.0,0.0,0,1.0,0.0,B3,T1,Central Coast
KH0483,15,15,15,1.0,0,0.0,0.0,0.0,0,1.0,0.0,B6,T1,Central Coast
KH0484,24,21,21,0.875,1,0.14285714285714285,2.4494897427831783,0.5916727785823274,0,0.6938137821521028,0.30618621784789724,B6,T1,Central Coast
KH0485,15,14,14,0.9333333333333333,1,0.07142857142857142,3.605551275463989,0.3712323266408757,0,0.7596299149690674,0.2403700850309326,B6,T1,Central Coast
KH0486,19,19,19,1.0,0,0.0,0.0,0.0,0,1.0,0.0,B3,T1,Ica & Paracas
KH0487,49,30,31,0.6326530612244898,1,0.6333333333333333,0.8632220772029855,1.156676651944864,0,0.665281235370271,0.33471876462972905,B3,T1,
KH0488,75,62,65,0.8666666666666667,2,0.1935483870967742,2.598076211353316,0.7308987846071985,0,0.5511991285411513,0.4488008714588488,B2,T1,
KH0489,90,57,74,0.8222222222222222,3,0.3333333333333333,3.292735225182538,0.8296069064481516,0,0.0,1.3730204605850511,B4,T1,Central Coast
KH0490,51,16,32,0.6274509803921569,2,1.8125,0.215344758565462,0.6962122601251458,1,0.8775490588549334,0.12245094114506663,B4,T1,Central Coast
KH0491,89,89,89,1.0,0,0.0,0.0,0.0,0,1.0,0.0,B6,T1,Cañete–Pisco
KH0492,176,118,129,0.7329545454545454,3,0.423728813559322,1.6375591592366974,1.2221066705094301,0,0.40963749055179366,0.5903625094482063,B4,T1,Cañete–Pisco
KH0493,14,10,11,0.7857142857142857,2,0.3,2.1343747458109497,0.9219280948873624,0,0.3453463292920227,0.6546536707079773,B6,T1,Cañete–Pisco
KH0494,48,41,41,0.8541666666666666,2,0.14634146341463414,2.41522945769824,0.6006085754131871,0,0.627322003750035,0.372677996249965,B4,T1,Cañete–Pisco
KH0495,15,13,13,0.8666666666666667,1,0.15384615384615385,2.345207879911715,0.6193821946787638,0,0.6873056160117713,0.3126943839882287,B2,T1,Cañete–Pisco
KH0496,47,24,27,0.574468085106383,2,0.75,0.7934920476158722,1.2806721295208872,0,0.5707608297482549,0.4292391702517451,B4,T1,Cañete–Pisco
KH0497,15,12,12,0.8,1,0.25,1.7320508075688772,0.8112781244591328,0,0.6535898384862245,0.34641016151377546,B6,T1,Cañete–Pisco
KH0498,490,138,301,0.6142857142857143,4,1.5869565217391304,0.8335178378346896,2.2608071505708756,1,0.38030384573150666,0.6196961542684933,B4,T2,Cañete–Pisco
KH0499,237,236,236,0.9957805907172996,1,0.00423728813559322,15.329709716755893,0.03950117460432034,0,0.9353176805200173,0.06468231947998267,B2,T1,Cañete–Pisco
KH0500,213,211,211,0.9906103286384976,1,0.009478672985781991,10.222524150130438,0.07731692043749558,0,0.9040138577452541,0.09598614225474589,B3,T1,Cañete–Pisco
KH0501,25,14,21,0.84,2,0.7142857142857143,2.5612496949731387,1.089230078842585,0,0.0,1.1627553482998907,B3,T1,Cañete–Pisco
KH0502,174,132,139,0.7988505747126436,3,0.23484848484848486,2.020446989005109,0.8497197031978083,0,0.41446962634712514,0.5855303736528749,B4,T1,Cañete–Pisco
KH0503,88,82,83,0.9431818181818182,1,0.07317073170731707,4.14996653266291,0.37532561884360327,0,0.717047736409347,0.282952263590653,B6,T1,Cañete–Pisco
KH0504,131,103,112,0.8549618320610687,4,0.1553398058252427,2.498437011413336,0.6502582810775038,0,0.0,1.0347383855840153,B4,T1,Cañete–Pisco
KH0505,169,131,134,0.7928994082840237,3,0.26717557251908397,1.7806213086723293,0.8973798691307059,0,0.5560158229040457,0.4439841770959543,B6,T1,Cañete–Pisco
KH0506,330,289,297,0.9,2,0.1245674740484429,3.185858025402998,0.5501000373386652,0,0.5970494496771227,0.4029505503228773,B6,T2,Cañete–Pisco
KH0507,381,162,224,0.5879265091863517,4,1.1296296296296295,0.6308813575375035,1.4510554113805323,1,0.5125100254436501,0.4874899745563499,B4,T2,Cañete–Pisco
KH0508,92,32,42,0.45652173913043476,3,1.03125,0.16872013220697035,0.20062232431271465,1,0.6038941922111174,0.39610580778888255,B4,T1,Cañete–Pisco
KH0509,362,173,233,0.643646408839779,3,0.9942196531791907,0.9458714479811743,1.7815977081920276,0,0.49585824567069636,0.5041417543293036,B4,T2,Cañete–Pisco
KH0510,87,83,83,0.9540229885057471,1,0.04819277108433735,4.4440972086577935,0.27866980356389914,0,0.7956736915559635,0.20432630844403651,B6,T1,Cañete–Pisco
KH0511,124,114,115,0.9274193548387096,1,0.08771929824561403,3.560898762952971,0.438190195261734,0,0.7128307449231475,0.2871692550768525,B6,T1,Cañete–Pisco
KH0512,94,93,93,0.9893617021276596,1,0.010752688172043012,9.59166304662544,0.08574268253550253,0,0.8979610314188783,0.10203896858112171,B6,T1,Cañete–Pisco
KH0513,109,101,102,0.9357798165137615,1,0.07920792079207921,3.8446391248074243,0.40433893758323175,0,0.7178246513902808,0.28217534860971916,B6,T1,Cañete–Pisco
KH0514,125,112,113,0.904,1,0.11607142857142858,2.9901218039348945,0.5355748614997223,0,0.689027332390771,0.310972667609229,B6,T1,Cañete–Pisco
KH0515,15,5,10,0.6666666666666666,1,2.0,0.0,0.0,1,1.0,0.0,B3,T1,Cañete–Pisco
KH0516,247,150,161,0.6518218623481782,3,0.5666666666666667,1.0273087762689987,1.2253644902086667,0,0.5448088996238756,0.45519110037612437,B4,T1,Cañete–Pisco
KH0517,322,298,299,0.9285714285714286,2,0.050335570469798654,4.638486343146389,0.29086684839785326,0,0.6522848446638906,0.3477151553361094,B4,T1,Cañete–Pisco
KH0518,21,12,13,0.6190476190476191,2,0.6666666666666666,0.9354143466934853,1.3250112108241772,0,0.5876069505788387,0.4123930494211613,B4,T1,Cañete–Pisco
KH0519,250,37,160,0.64,4,2.8378378378378377,0.5936932333527123,2.234916705873006,1,0.45877176718134893,0.5412282328186511,B4,T2,Cañete–Pisco
KH0520,32,32,32,1.0,0,0.0,0.0,0.0,0,1.0,0.0,B3,T1,Central Coast
KH0521,198,184,183,0.9242424242424242,1,0.07608695652173914,3.484660262185848,0.3882389775123621,0,0.7536098804515057,0.24639011954849435,B3,T1,Central Coast
KH0522,22,22,22,1.0,0,0.0,0.0,0.0,0,1.0,0.0,B3,T1,Central Coast
KH0523,14,14,14,1.0,0,0.0,0.0,0.0,0,1.0,0.0,B2,T1,Central Coast
KH0524,6,6,6,1.0,0,0.0,0.0,0.0,0,1.0,0.0,B5,T1,Central Coast
KH0525,55,55,55,1.0,0,0.0,0.0,0.0,0,1.0,0.0,B3,T1,Central Coast
KH0526,29,29,29,1.0,0,0.0,0.0,0.0,0,1.0,0.0,B3,T1,Central Coast
KH0527,35,35,35,1.0,0,0.0,0.0,0.0,0,1.0,0.0,B2,T1,Central Coast
KH0528,8,8,8,1.0,0,0.0,0.0,0.0,0,1.0,0.0,B3,T1,Central Coast
KH0529,273,166,195,0.7142857142857143,2,0.6024096385542169,1.3124023773218334,1.4802685238211069,0,0.47613196674832714,0.5238680332516729,B4,T2,Central Coast
KH0530,56,53,53,0.9464285714285714,1,0.05660377358490566,4.08248290463863,0.3138129641688651,0,0.7812955586800734,0.21870444131992664,B2,T1,Central Coast
KH0531,4,4,4,1.0,0,0.0,0.0,0.0,0,1.0,0.0,B5,T1,Central Coast
KH0532,5,5,5,1.0,0,0.0,0.0,0.0,0,1.0,0.0,B5,T1,Central Coast
KH0533,14,14,14,1.0,0,0.0,0.0,0.0,0,1.0,0.0,B6,T1,Central Coast
KH0534,31,30,30,0.967741935483871,1,0.03333333333333333,5.385164807134504,0.21084230031853216,0,0.8262850062214676,0.17371499377853236,B6,T1,Central Coast
KH0535,96,80,84,0.875,1,0.2,2.5495097567963922,0.747584679824574,0,0.5750817072006011,0.4249182927993988,B6,T1,Central Coast
KH0536,51,13,34,0.6666666666666666,3,2.4615384615384617,0.4397264774834465,1.7004397181410922,1,0.5477426433462433,0.4522573566537567,B4,T1,Central Coast
KH0537,27,21,21,0.7777777777777778,1,0.2857142857142857,1.5811388300841898,0.8631205685666311,0,0.6486358155368468,0.35136418446315326,B3,T1,Central Coast
KH0538,13,8,10,0.7692307692307693,1,0.625,1.5874507866387544,1.2987949406953987,0,0.38944200513894056,0.6105579948610594,B5,T1,Central Coast
KH0539,27,24,24,0.8888888888888888,1,0.125,2.6457513110645907,0.5435644431995964,0,0.7060276321039344,0.2939723678960656,B6,T1,Central Coast
KH0540,18,12,13,0.7222222222222222,2,0.4166666666666667,1.5362291495737215,1.1887218755408673,0,0.42264973081037427,0.5773502691896257,B6,T1,Central Coast
KH0541,20,9,15,0.75,1,1.2222222222222223,1.266217116107647,1.8365916681089793,1,0.3035805861407941,0.6964194138592059,B3,T1,Central Coast
KH0542,27,27,27,1.0,0,0.0,0.0,0.0,0,1.0,0.0,B6,T1,Central Coast
KH0543,43,28,28,0.6511627906976745,1,0.5357142857142857,0.9309493362512625,0.9963165195589622,0,0.6752502315402571,0.32474976845974285,B6,T1,Central Coast
KH0544,57,51,53,0.9298245614035088,1,0.11764705882352941,3.6285901761795403,0.4750591453273984,0,0.618043139349522,0.3819568606504779,B6,T1,Central Coast
KH0545,15,12,12,0.8,2,0.16666666666666666,2.23606797749979,0.6500224216483541,0,0.5239047714304766,0.47609522856952335,B5,T1,Central Coast
KH0546,63,58,58,0.9206349206349206,1,0.08620689655172414,3.255764119219941,0.4236805715709106,0,0.7416060222841316,0.25839397771586836,B3,T1,Central Coast
KH0547,9,9,9,1.0,0,0.0,0.0,0.0,0,1.0,0.0,B5,T1,Central Coast
KH0548,12,4,8,0.6666666666666666,1,2.0,0.0,0.0,1,1.0,0.0,B3,T1,Central Coast
KH0549,136,100,115,0.8455882352941176,1,0.36,2.0979119542776896,1.0233319206647107,0,0.44467036504414104,0.555329634955859,B3,T1,Central Coast
KH0550,35,28,28,0.8,1,0.25,1.7320508075688772,0.8112781244591328,0,0.6535898384862245,0.34641016151377546,B3,T1,Central Coast
KH0551,22,22,22,1.0,0,0.0,0.0,0.0,0,1.0,0.0,B2,T1,Central Coast
KH0552,29,26,26,0.896551724137931,1,0.11538461538461539,2.7688746209726913,0.5159469300074474,0,0.7135646943821354,0.2864353056178646,B2,T1,Central Coast
KH0553,9,8,8,0.8888888888888888,1,0.125,2.6457513110645907,0.5435644431995964,0,0.7060276321039344,0.2939723678960656,B5,T1,Central Coast
KH0554,18,18,18,1.0,0,0.0,0.0,0.0,0,1.0,0.0,B3,T1,Central Coast
KH0555,31,20,28,0.9032258064516129,1,0.55,2.725757154648173,0.747584679824574,0,0.032795848350648193,0.9672041516493518,B3,T1,Central Coast
KH0556,7,4,6,0.8571428571428571,1,0.75,1.7320508075688774,0.8112781244591328,0,0.2576925110419097,0.7423074889580903,B5,T1,Central Coast
KH0557,55,55,55,1.0,0,0.0,0.0,0.0,0,1.0,0.0,B1,T1,Central Coast
KH0558,17,17,17,1.0,0,0.0,0.0,0.0,0,1.0,0.0,B1,T1,Central Coast
KH0559,77,53,54,0.7012987012987013,1,0.4528301886792453,1.1799835215421912,1.0993503889353482,0,0.6322129283504858,0.36778707164951424,B6,T1,Central Coast
KH0560,10,10,10,1.0,0,0.0,0.0,0.0,0,1.0,0.0,B1,T1,Central Coast
KH0561,67,63,65,0.9701492537313433,2,0.047619047619047616,7.87400787401181,0.11759466565886476,0,0.5299099776709366,0.47009002232906333,B4,T1,Central Coast
KH0562,110,107,107,0.9727272727272728,1,0.028037383177570093,5.8878405775518985,0.1844518631409876,0,0.83942252970313,0.16057747029686997,B6,T1,Central Coast
KH0563,48,43,45,0.9375,1,0.11627906976744186,3.8052595180880897,0.42912234085338874,0,0.6036188001991574,0.3963811998008427,B2,T1,Central Coast
KH0564,15,15,15,1.0,0,0.0,0.0,0.0,0,1.0,0.0,B5,T1,Central Coast
KH0565,29,25,27,0.9310344827586207,1,0.16,3.8242646351945893,0.48217919020227273,0,0.4725152227317808,0.5274847772682192,B3,T1,Ica & Paracas
KH0566,86,86,86,1.0,0,0.0,0.0,0.0,0,1.0,0.0,B3,T1,Ica & Paracas
KH0567,32,26,26,0.8125,1,0.23076923076923078,1.8257418583505536,0.7793498372920851,0,0.6576734015592711,0.3423265984407288,B6,T1,Central Coast
KH0568,225,30,200,0.8888888888888888,1,6.5,0.49254801826406525,1.445280383848826,1,0.5731250508378101,0.4268749491621899,B2,T2,
KH0569,101,100,100,0.9900990099009901,1,0.01,9.9498743710662,0.08079313589591118,0,0.9014863923656812,0.0985136076343188,B3,T1,Nazca & Far South
KH0570,24,22,22,0.9166666666666666,1,0.09090909090909091,3.1622776601683786,0.43949698692151334,0,0.736476861652635,0.26352313834736496,B3,T1,
KH0571,55,53,53,0.9636363636363636,1,0.03773584905660377,5.04975246918104,0.23181305002459018,0,0.8163726374843259,0.18362736251567416,B5,T1,
KH0572,11,11,11,1.0,0,0.0,0.0,0.0,0,1.0,0.0,B5,T1,
KH0573,39,15,23,0.5897435897435898,2,1.4,0.6801360408136048,1.5589385323502771,1,0.5384615384615384,0.46153846153846156,B4,T1,
KH0574,80,48,61,0.7625,4,0.5625,1.882341594010824,1.381853782930047,0,0.13976747329573735,0.8602325267042626,B4,T1,Arica & N. Chile
KH0575,66,54,57,0.8636363636363636,2,0.18518518518518517,2.764054992217051,0.6841363256632385,0,0.46217456517276223,0.5378254348272378,B4,T1,
KH0576,86,61,69,0.8023255813953488,3,0.3442622950819672,2.1612963272209935,1.0499228377429073,0,0.35300336077936945,0.6469966392206306,B4,T1,
KH0577,34,32,32,0.9411764705882353,1,0.0625,3.872983346207417,0.3372900666170139,0,0.7721774502230931,0.22782254977690689,B5,T1,Central Coast
KH0578,9,9,9,1.0,0,0.0,0.0,0.0,0,1.0,0.0,B1,T1,
KH0579,7,7,7,1.0,0,0.0,0.0,0.0,0,1.0,0.0,B3,T1,
KH0580,29,20,20,0.6896551724137931,1,0.45,1.1055415967851334,0.9927744539878083,0,0.6569008837563379,0.3430991162436621,B3,T1,Central Coast
KH0581,32,32,32,1.0,0,0.0,0.0,0.0,0,1.0,0.0,B3,T1,
KH0582,34,34,34,1.0,0,0.0,0.0,0.0,0,1.0,0.0,B3,T1,
KH0583,46,39,39,0.8478260869565217,1,0.1794871794871795,2.1380899352993947,0.6789538995185759,0,0.6746384881066139,0.3253615118933862,B6,T1,
KH0584,54,50,51,0.9444444444444444,1,0.08,4.2130748865881795,0.38254266919774566,0,0.687920378771246,0.312079621228754,B6,T1,
KH0585,34,19,26,0.7647058823529411,2,0.6842105263157895,2.5994992690332004,1.1050139971135324,0,0.0,1.237393174586037,B4,T1,
KH0586,189,189,189,1.0,0,0.0,0.0,0.0,0,1.0,0.0,B3,T1,
KH0587,180,162,168,0.9333333333333333,2,0.10493827160493827,4.1830933406025945,0.44694506404209294,0,0.587689437438234,0.412310562561766,B4,T1,
KH0588,41,32,32,0.7804878048780488,1,0.28125,1.5986105077709065,0.8571484374283717,0,0.6490854982941913,0.35091450170580873,B3,T1,
KH0589,33,33,33,1.0,0,0.0,0.0,0.0,0,1.0,0.0,B1,T1,
KH0590,91,85,86,0.945054945054945,1,0.07058823529411765,4.229525846816507,0.36522331742018427,0,0.7211301639461644,0.27886983605383564,B3,T1,
KH0591,45,45,45,1.0,0,0.0,0.0,0.0,0,1.0,0.0,B3,T1,
KH0592,65,55,55,0.8461538461538461,1,0.18181818181818182,2.121320343559643,0.6840384356390417,0,0.6736430240677473,0.3263569759322527,B3,T1,
KH0593,82,57,69,0.8414634146341463,1,0.43859649122807015,2.1784398086704164,1.133478160227122,0,0.33584152174682425,0.6641584782531758,B6,T1,
KH0594,41,18,38,0.926829268292683,1,1.2777777777777777,2.2411346032799777,0.8030717273241025,1,0.0,1.2572218506204753,B2,T1,
KH0595,157,91,120,0.7643312101910829,2,0.7032967032967034,1.4373301530093912,1.5714181730891745,0,0.37404379608810523,0.6259562039118948,B2,T1,
KH0596,62,21,49,0.7903225806451613,2,1.7619047619047619,1.2978602382208615,1.7956828983511028,1,0.14775194750819964,0.8522480524918004,B4,T1,
KH0597,207,166,178,0.8599033816425121,1,0.2469879518072289,2.4917472350069505,0.8779283366617279,0,0.5064655235010387,0.49353447649896126,B3,T1,
KH0598,50,46,47,0.94,1,0.08695652173913043,4.031128874149275,0.4077057723137474,0,0.677509690068058,0.322490309931942,B6,T1,
KH0599,150,120,123,0.82,2,0.2,2.19848432637882,0.7678895404332048,0,0.53524199845511,0.46475800154489005,B4,T1,
KH0600,282,160,223,0.7907801418439716,2,0.74375,1.5712038665568424,1.605196962374128,0,0.3272123461285493,0.6727876538714507,B4,T1,
KH0601,367,342,346,0.9427792915531336,1,0.07309941520467836,4.260516400625633,0.37737732368057325,0,0.7097740871508424,0.29022591284915755,B3,T1,
KH0602,249,193,211,0.8473895582329317,1,0.29015544041450775,2.2430448056157952,0.9623241599746324,0,0.4955401240382147,0.5044598759617853,B3,T1,
KH0603,153,101,122,0.7973856209150327,2,0.46534653465346537,2.0855405540158034,1.2546054276722631,0,0.29490482041870014,0.7050951795812999,B4,T1,
KH0604,90,59,77,0.8555555555555555,1,0.5254237288135594,2.2805333731785336,1.2098720247337158,0,0.21448294923850497,0.785517050761495,B3,T1,
KH0604A,43,28,36,0.8372093023255814,1,0.5357142857142857,2.3654926665613565,1.227402569259248,0,0.1748281395716199,0.8251718604283801,B3,T1,
KH0604B,47,31,41,0.8723404255319149,1,0.5161290322580645,2.19374109684803,1.055767528240695,0,0.2531945202219472,0.7468054797780528,B3,T1,
KH0605,52,44,45,0.8653846153846154,1,0.18181818181818182,2.4238399287081647,0.7262600383509772,0,0.6271015494295131,0.3728984505704868,B3,T1,
KH0605A,24,18,19,0.7916666666666666,1,0.3333333333333333,1.7320508075688772,1.0529407605626349,0,0.5669872981077807,0.4330127018922193,B5,T1,
KH0605B,15,13,13,0.8666666666666667,1,0.15384615384615385,2.345207879911715,0.6193821946787638,0,0.6873056160117713,0.3126943839882287,B1,T1,
KH0605C,15,15,15,1.0,0,0.0,0.0,0.0,0,1.0,0.0,B3,T1,
KH0606,39,25,33,0.8461538461538461,1,0.56,2.6283384989962997,1.0954312795575998,0,0.05649387215517443,0.9435061278448256,B3,T1,
KH0606A,25,18,20,0.8,1,0.3888888888888889,1.943067215533635,1.0529407605626349,0,0.45594117965058234,0.5440588203494177,B3,T1,
KH0606B,11,4,10,0.9090909090909091,1,1.75,1.7320508075688772,0.8112781244591328,1,0.0,1.1022141502711038,B6,T1,
KH0606C,8,8,8,1.0,0,0.0,0.0,0.0,0,1.0,0.0,B5,T1,
KH0607,211,175,189,0.8957345971563981,1,0.2057142857142857,3.339577484918979,0.7169626897155833,0,0.4302142679759088,0.5697857320240912,B3,T1,
KH0607A,80,80,80,1.0,0,0.0,0.0,0.0,0,1.0,0.0,B3,T1,
KH0607B,43,34,36,0.8372093023255814,1,0.2647058823529412,2.3013683530231086,0.8553529129344398,0,0.5183182516928377,0.48168174830716226,B3,T1,
KH0607C,73,47,59,0.8082191780821918,1,0.5531914893617021,2.035920041210161,1.3584209061246069,0,0.2748777935415865,0.7251222064584135,B3,T1,
KH0607D,23,22,22,0.9565217391304348,1,0.045454545454545456,4.582575694955841,0.26676498780302604,0,0.8007575784801808,0.19924242151981916,B6,T1,
KH0608,36,36,36,1.0,0,0.0,0.0,0.0,0,1.0,0.0,B3,T1,Cañete–Pisco
KH0609,4,4,4,1.0,0,0.0,0.0,0.0,0,1.0,0.0,B5,T1,Cañete–Pisco
KH0610,8,8,8,1.0,0,0.0,0.0,0.0,0,1.0,0.0,B5,T1,Cañete–Pisco
KH0611,32,18,25,0.78125,2,0.6111111111111112,1.9004131782151696,0.9444885341662054,0,0.14990809320403464,0.8500919067959654,B3,T1,Cañete–Pisco
KH0612,193,149,153,0.7927461139896373,2,0.28859060402684567,1.808578799555682,0.9502633624780287,0,0.5852332415297512,0.41476675847024874,B4,T1,Cañete–Pisco
KH0613,13,12,12,0.9230769230769231,1,0.08333333333333333,3.3166247903554,0.4138168503036338,0,0.7448750161265076,0.2551249838734923,B3,T1,Cañete–Pisco
KH0614,6,3,3,0.5,1,1.0,0.0,0.0,0,1.0,0.0,B6,T1,Cañete–Pisco
KH0615,6,6,6,1.0,0,0.0,0.0,0.0,0,1.0,0.0,B5,T1,Cañete–Pisco
KH0616,95,76,78,0.8210526315789474,2,0.19736842105263158,2.1776643961414766,0.7575868873933163,0,0.5298376540183727,0.47016234598162726,B4,T1,Cañete–Pisco
KH0617,374,160,214,0.5721925133689839,4,1.03125,0.6807061638788793,1.4489015131242045,1,0.5291991243666532,0.47080087563334677,B4,T2,Cañete–Pisco
KH0618,126,87,89,0.7063492063492064,3,0.3793103448275862,1.3402026901512716,1.0227725778504593,0,0.5346471360549507,0.4653528639450492,B4,T1,Cañete–Pisco
KH0619,30,30,30,1.0,0,0.0,0.0,0.0,0,1.0,0.0,B2,T1,Cañete–Pisco
KH0620,78,59,64,0.8205128205128205,2,0.2711864406779661,2.3351927115336757,0.9252774223926515,0,0.4527577956304347,0.5472422043695653,B4,T1,Cañete–Pisco
KH0621,60,10,50,0.8333333333333334,1,5.0,0.0,0.0,1,1.0,0.0,B2,T1,Cañete–Pisco
KH0622,10,10,10,1.0,0,0.0,0.0,0.0,0,1.0,0.0,B3,T1,Cañete–Pisco
KH0623,9,9,9,1.0,0,0.0,0.0,0.0,0,1.0,0.0,B2,T1,Cañete–Pisco
KH0624,5,5,5,1.0,0,0.0,0.0,0.0,0,1.0,0.0,B5,T1,Cañete–Pisco
KH0625,13,10,10,0.7692307692307693,1,0.3,1.5275252316519465,0.8812908992306927,0,0.6474941773110893,0.35250582268891073,B6,T1,Cañete–Pisco
KH0626,6,3,3,0.5,1,1.0,0.0,0.0,0,1.0,0.0,B5,T1,Cañete–Pisco
KH0627,4,3,3,0.75,1,0.3333333333333333,1.4142135623730951,0.9182958340544894,0,0.6464466094067263,0.3535533905932738,B6,T1,Cañete–Pisco
KH0628,11,4,7,0.6363636363636364,1,1.75,0.24743582965269675,0.8112781244591328,1,0.8425408356755566,0.15745916432444337,B6,T1,Cañete–Pisco
KH0629,24,12,13,0.5416666666666666,2,0.6666666666666666,0.7071067811865476,0.9182958340544894,0,0.5435645354123615,0.45643546458763845,B2,T1,Cañete–Pisco
KH0630,74,33,41,0.5540540540540541,3,0.8484848484848485,0.7178482586514922,1.1643357863490202,0,0.5086578658730312,0.4913421341269688,B4,T1,Cañete–Pisco
KH0631,22,22,22,1.0,0,0.0,0.0,0.0,0,1.0,0.0,B6,T1,
KH0632,14,14,14,1.0,0,0.0,0.0,0.0,0,1.0,0.0,B6,T1,
KH0633,67,35,41,0.6119402985074627,3,0.7428571428571429,1.0837694464311824,1.5120441902556014,0,0.45038947344710534,0.5496105265528947,B4,T1,
KH0634,42,23,33,0.7857142857142857,2,0.782608695652174,1.551582227085438,1.2640886121123147,0,0.28412874388700415,0.7158712561129958,B4,T1,
KH0635,166,80,113,0.6807228915662651,2,0.9625,1.2231946262176312,1.8666485088526508,0,0.36349499075314273,0.6365050092468573,B4,T1,
KH0653,16,8,8,0.5,1,1.0,0.0,0.0,0,1.0,0.0,B5,T1,Cañete–Pisco
KH0654,10,4,8,0.8,1,1.5,1.0,1.0,1,0.4,0.6,B5,T1,Cañete–Pisco
KH0655,2,2,2,1.0,0,0.0,0.0,0.0,0,1.0,0.0,B1,T1,Cañete–Pisco
KH0656,12,12,12,1.0,0,0.0,0.0,0.0,0,1.0,0.0,B5,T1,Cañete–Pisco
KH0657,12,8,10,0.8333333333333334,1,0.5,1.7320508075688772,0.8112781244591328,0,0.42264973081037427,0.5773502691896257,B5,T1,Cañete–Pisco
KH0658,10,6,6,0.6,1,0.6666666666666666,0.7071067811865476,0.9182958340544894,0,0.717157287525381,0.282842712474619,B6,T1,Cañete–Pisco
KH0659,5,5,5,1.0,0,0.0,0.0,0.0,0,1.0,0.0,B5,T1,Cañete–Pisco
KH0660,11,9,9,0.8181818181818182,1,0.2222222222222222,1.8708286933869709,0.7642045065086203,0,0.6598493284750963,0.34015067152490375,B5,T1,Cañete–Pisco
KH0661,8,6,6,0.75,2,0.16666666666666666,2.2360679774997902,0.6500224216483541,0,0.44098300562505244,0.5590169943749476,B5,T1,Cañete–Pisco
KH0662,8,8,8,1.0,0,0.0,0.0,0.0,0,1.0,0.0,B5,T1,Cañete–Pisco
KH0663,7,4,5,0.7142857142857143,1,0.75,1.1055415967851332,1.5,0,0.5261964585206571,0.47380354147934284,B5,T1,Cañete–Pisco
KH0664,46,46,46,1.0,0,0.0,0.0,0.0,0,1.0,0.0,B6,T1,
KH0665,354,95,272,0.768361581920904,3,1.736842105263158,1.9719800288440499,1.6669201647588612,1,0.0,1.5435572117375458,B4,T2,
KH0666,17,17,17,1.0,0,0.0,0.0,0.0,0,1.0,0.0,B3,T1,
KH0667,189,149,158,0.8359788359788359,1,0.2684563758389262,2.1418449990603894,0.938327652888928,0,0.5466994710983303,0.4533005289016697,B3,T1,
KH0668,6,6,6,1.0,0,0.0,0.0,0.0,0,1.0,0.0,B5,T1,Central Coast
KH0669,32,31,31,0.96875,1,0.03225806451612903,5.477225575051662,0.20559250818508307,0,0.8288367007796356,0.17116329922036444,B3,T1,
KH0670,228,228,228,1.0,0,0.0,0.0,0.0,0,1.0,0.0,B2,T1,
KH0671,1,1,1,1.0,0,0.0,0.0,0.0,0,1.0,0.0,B3,T1,
KH0672,40,32,32,0.8,1,0.25,1.7320508075688772,0.8112781244591328,0,0.6535898384862245,0.34641016151377546,B6,T1,Nazca & Far South
KH0673,83,63,71,0.8554216867469879,1,0.31746031746031744,2.3695991222145567,0.9548496390664242,0,0.4290122597073357,0.5709877402926643,B3,T1,Nazca & Far South
KH0674,623,438,483,0.7752808988764045,4,0.3744292237442922,2.052116911668355,1.1406976723329354,0,0.27727317100931936,0.7227268289906806,B4,T2,
KH0675,285,203,225,0.7894736842105263,2,0.3054187192118227,2.1687401695447237,0.9842370346601752,0,0.2844341594617058,0.7155658405382942,B4,T2,
KH0676,138,65,84,0.6086956521739131,4,0.7384615384615385,2.8630488314227387,1.2997740853599187,0,0.0,2.3666493604983296,B4,T2,Central Coast
KH0677,308,264,269,0.8733766233766234,2,0.1553030303030303,2.6475494601540364,0.6539068113054571,0,0.5891092981933409,0.4108907018066591,B4,T1,Central Coast
KH0678,63,56,57,0.9047619047619048,1,0.125,3.0472470011002204,0.5608826012866568,0,0.6614169998777533,0.33858300012224674,B6,T1,
KH0679,44,41,41,0.9318181818181818,1,0.07317073170731707,3.559026084010437,0.3776463213737003,0,0.7573391306356521,0.24266086936434797,B6,T1,
KH0680,75,73,73,0.9733333333333334,1,0.0273972602739726,5.958187643906493,0.18116640155354566,0,0.8411149961624935,0.15888500383750645,B6,T1,
KH0681,54,54,54,1.0,0,0.0,0.0,0.0,0,1.0,0.0,B5,T1,
KH0682,59,25,40,0.6779661016949152,2,1.24,1.4655247344000706,1.7103377769685426,1,0.06487361192313756,0.9351263880768624,B4,T1,
KH0683,16,6,10,0.625,1,1.6666666666666667,0.282842712474619,0.9182958340544894,1,0.8232233047033631,0.1767766952966369,B5,T1,
KH0684,8,4,4,0.5,1,1.0,0.0,0.0,0,1.0,0.0,B5,T1,
KH0685,4,4,4,1.0,0,0.0,0.0,0.0,0,1.0,0.0,B5,T1,
KH0686,4,4,4,1.0,0,0.0,0.0,0.0,0,1.0,0.0,B5,T1,
KH0687,3,3,3,1.0,0,0.0,0.0,0.0,0,1.0,0.0,B5,T1,
KH0688,4,4,4,1.0,0,0.0,0.0,0.0,0,1.0,0.0,B6,T1,
KH0689,41,23,32,0.7804878048780488,2,0.6086956521739131,3.015267274172204,0.9976267918964657,0,0.0,1.3736710088125583,B4,T1,
KH0690,23,19,19,0.8260869565217391,1,0.21052631578947367,1.9364916731037085,0.7424875695421236,0,0.6632188394602246,0.33678116053977536,B5,T1,
KH0691,18,9,13,0.7222222222222222,2,0.7777777777777778,1.5779087167410373,1.2243944454059863,0,0.18350341907227397,0.816496580927726,B4,T1,
KH0692,265,182,208,0.7849056603773585,3,0.3791208791208791,2.0019419263756255,1.071956527430774,0,0.24636870542719136,0.7536312945728086,B4,T2,
KH0693,89,87,88,0.9887640449438202,1,0.022988505747126436,9.273618495495702,0.09054385326964297,0,0.7916040787529056,0.2083959212470944,B3,T1,
KH0694,175,142,149,0.8514285714285714,1,0.2323943661971831,2.781448447073609,0.800678665813769,0,0.47549829283754796,0.524501707162452,B3,T2,
KH0695,268,143,221,0.8246268656716418,2,0.8671328671328671,1.6436188214987733,1.6008727706274206,0,0.23787370521952733,0.7621262947804727,B4,T1,
KH0696,39,38,38,0.9743589743589743,1,0.02631578947368421,6.082762530298221,0.17556502585750278,0,0.8440317299923533,0.15596827000764668,B3,T1,
KH0697,83,77,77,0.927710843373494,1,0.07792207792207792,3.439961240091715,0.39481484603049405,0,0.7513281031259001,0.24867189687409988,B6,T1,
KH0698,556,517,517,0.9298561151079137,1,0.07543520309477757,3.500915631147122,0.3858869678963167,0,0.7544321769519104,0.2455678230480895,B3,T2,
KH0699,250,206,207,0.828,1,0.21359223300970873,1.9734812132811284,0.7723256684629584,0,0.6526673064625214,0.34733269353747864,B3,T1,Central Coast
KH0700,162,126,135,0.8333333333333334,1,0.2857142857142857,2.1081851067789197,0.9719750616133077,0,0.5315144207157957,0.4684855792842043,B3,T1,
KH0701,136,97,103,0.7573529411764706,1,0.4020618556701031,1.5008216027345533,1.1577299807155752,0,0.5696173345099442,0.43038266549005577,B3,T1,
KH0702,147,121,121,0.8231292517006803,1,0.21487603305785125,2.0029563948140825,0.7850161291213817,0,0.6457356036383255,0.35426439636167445,B2,T1,
KT002,59,37,47,0.7966101694915254,1,0.5945945945945946,1.7248787237282066,1.4699650615516926,0,0.3568248826776178,0.6431751173223822,B6,T1,Nazca & Far South
RA001,76,76,76,1.0,0,0.0,0.0,0.0,0,1.0,0.0,B2,T1,Ica & Paracas
RA002,12,12,12,1.0,0,0.0,0.0,0.0,0,1.0,0.0,B1,T1,Ica & Paracas
RA003,7,5,6,0.8571428571428571,1,0.4,2.0000000000000004,0.7219280948873623,0,0.4285714285714285,0.5714285714285715,B6,T1,Ica & Paracas
RA004,8,8,8,1.0,0,0.0,0.0,0.0,0,1.0,0.0,B5,T1,Ica & Paracas
RA005,22,22,22,1.0,0,0.0,0.0,0.0,0,1.0,0.0,B2,T1,Ica & Paracas
RA006,47,23,25,0.5319148936170213,2,1.0,0.41702882811414954,0.8404914014731814,0,0.7308699863686485,0.2691300136313514,B6,T1,Ica & Paracas
RA007,7,3,4,0.5714285714285714,2,1.0,0.816496580927726,1.584962500721156,0,0.4654775161751513,0.5345224838248487,B6,T1,Ica & Paracas
RA008,20,20,20,1.0,0,0.0,0.0,0.0,0,1.0,0.0,B3,T1,Ica & Paracas
RA009,8,6,6,0.75,1,0.3333333333333333,1.4142135623730951,0.9182958340544894,0,0.6464466094067263,0.3535533905932738,B6,T1,Ica & Paracas
RA010,9,3,5,0.5555555555555556,2,1.6666666666666667,0.282842712474619,0.9182958340544894,1,0.7278344730240913,0.2721655269759087,B6,T1,Ica & Paracas
RS001,35,24,24,0.6857142857142857,1,0.4583333333333333,1.0871146130092182,0.99498482818597,0,0.6583354073399601,0.34166459266003996,B6,T1,Central Coast
