kfg_id,typology_label,geo_zone,provenance_display,beh_cluster,beh_label,value_register,pct_nonzero,pct_round5,entropy_per_cord,max_hier_level,knot_L_ratio,knot_E_ratio,has_pp,has_ip,has_cp,has_sp,has_gg,has_gsb,has_is,has_psn,has_adg
CM009,T1,Central Coast,Purucucho,2,B3,3.5,0.7692307692307693,0.08,0.07383326760571976,0,0.45714285714285713,0.22857142857142856,1,1,1,0,0,0,0,0,1
HM45419A,T1,Ica & Paracas,"Ica Valley (Site T, Grave K)",1,B2,1.5,0.3333333333333333,0.0,0.21875,0,0.5,0.5,0,0,0,0,0,0,0,0,1
HM45419C,T1,Ica & Paracas,"Ica Valley (Site T, Grave K)",1,B2,4.0,0.32432432432432434,0.08333333333333333,0.21017126740618342,0,0.5833333333333334,0.4166666666666667,0,0,0,0,0,0,0,0,1
KH0001,T1,Central Coast,Chuquitanta,3,B4,60.5,1.0,0.28846153846153844,0.04001809201146759,3,0.47657841140529533,0.002036659877800407,1,0,1,1,0,0,0,0,0
KH0002,T1,,Unknown,3,B4,5.0,1.0,0.1935483870967742,0.11910579619482765,2,0.5945945945945946,0.16216216216216217,1,0,0,0,0,0,0,0,0
KH0003,T1,,Unknown,4,B5,8.0,0.8666666666666667,0.3076923076923077,0.2446794605542647,1,0.47058823529411764,0.11764705882352941,1,0,0,0,0,0,0,0,0
KH0004,T1,,Unknown,4,B5,7.0,1.0,0.1111111111111111,0.30283117299976303,1,0.6666666666666666,0.0,1,0,0,1,1,0,0,0,0
KH0005,T1,,Unknown,2,B3,100.5,1.0,0.5,0.17892091034234217,1,0.5526315789473685,0.39473684210526316,1,0,0,0,0,0,0,0,0
KH0006,T1,,Unknown,1,B2,2.0,0.847457627118644,0.16,0.05545393284489009,1,0.42105263157894735,0.49122807017543857,1,1,0,0,0,0,1,1,0
KH0007,T1,,Unknown,2,B3,6.5,0.9565217391304348,0.13636363636363635,0.04925644589164284,1,0.5210084033613446,0.15126050420168066,1,1,1,1,1,0,1,0,0
KH0008,T1,,Unknown,2,B3,6.5,0.9122807017543859,0.19230769230769232,0.029529346643245694,1,0.45754716981132076,0.12735849056603774,1,1,1,1,1,0,0,1,1
KH0009,T1,,Unknown,2,B3,63.0,0.788,0.29441624365482233,0.033282874337947556,1,0.34841628959276016,0.03167420814479638,1,1,1,1,1,1,0,0,1
KH0010,T1,Central Coast,Pachacamac (Nordenskiöld),5,B6,25.0,0.42424242424242425,0.5714285714285714,0.23113759647350235,1,0.2,0.2,1,0,1,0,0,0,0,0,1
KH0011,T1,,Unknown,2,B3,4.0,0.8214285714285714,0.13043478260869565,0.1520459064553393,1,0.6333333333333333,0.06666666666666667,1,1,1,1,0,0,0,0,0
KH0012,T1,,Unknown,2,B3,25.0,0.8333333333333334,0.2,0.17732196723355073,1,0.6206896551724138,0.0,0,0,0,0,0,0,0,1,0
KH0013,T1,,Unknown,1,B2,2.0,0.36792452830188677,0.1282051282051282,0.06594388448483618,1,0.4186046511627907,0.4418604651162791,1,0,1,0,0,0,0,1,0
KH0014,T1,,Unknown,2,B3,4.0,0.4666666666666667,0.19047619047619047,0.07717851984932185,0,0.7021276595744681,0.0851063829787234,1,1,1,0,1,1,0,0,1
KH0015,T1,,Unknown,3,B4,48.0,1.0,0.26666666666666666,0.07169548423222467,2,0.4693140794223827,0.0,1,0,0,1,0,0,0,0,0
KH0016,T1,,Unknown,1,B2,1.0,0.391304347826087,0.0,0.0,2,0.0,0.5,0,0,0,0,0,0,0,0,0
KH0017,T1,,Unknown,2,B3,3.0,1.0,0.2727272727272727,0.23590060165853996,1,0.6428571428571429,0.35714285714285715,1,0,0,0,0,0,0,0,0
KH0018,T1,,Unknown,1,B2,2.0,0.6923076923076923,0.07407407407407407,0.08609941182201991,1,0.48148148148148145,0.48148148148148145,1,0,1,0,0,0,0,1,0
KH0019,T1,,Unknown,5,B6,70.0,1.0,1.0,0.04689955935892812,1,0.0,0.0,0,0,0,0,0,0,0,0,0
KH0020,T1,,Unknown,4,B5,410.0,0.4444444444444444,0.75,0.5,0,1.0,0.0,1,0,0,0,0,0,0,0,0
KH0021,T1,,Unknown,4,B5,37.5,1.0,0.2,0.3121928094887363,0,0.47368421052631576,0.0,1,0,0,0,0,0,0,0,1
KH0022,T1,,Unknown,2,B3,8.5,0.8,0.13333333333333333,0.05980063375329918,1,0.4823529411764706,0.08235294117647059,1,1,0,0,0,0,0,0,0
KH0023,T1,,Unknown,4,B5,6.0,1.0,0.0,0.5283208335737187,0,0.3333333333333333,0.0,0,0,0,0,0,0,0,0,0
KH0024,T1,,Unknown,5,B6,10.0,0.625,0.8,0.14438561897747246,1,0.2,0.0,0,0,0,0,0,0,0,0,1
KH0025,T1,,Unknown,4,B5,20.5,0.6666666666666666,0.5,0.5,0,0.3333333333333333,0.3333333333333333,0,0,0,0,0,0,0,0,0
KH0026,T1,,Unknown,5,B6,10.0,0.35135135135135137,1.0,0.03009565874071197,1,0.0,0.0,1,1,0,0,0,0,0,0,0
KH0027,T1,,Unknown,2,B3,3.0,0.5324675324675324,0.12195121951219512,0.07487756231262378,1,0.717391304347826,0.17391304347826086,1,1,1,0,0,1,0,1,0
KH0028,T2,,Unknown,3,B4,2.0,0.8807692307692307,0.03056768558951965,0.011181586001418466,2,0.5223880597014925,0.27238805970149255,1,1,1,0,0,0,0,1,0
KH0029,T1,,Unknown,1,B2,10.0,0.7857142857142857,0.4090909090909091,0.13603891137093005,1,0.5,0.5,0,0,0,1,0,0,0,0,0
KH0030,T1,,Unknown,2,B3,30.0,0.625,0.6,0.10738835685064224,1,0.5918367346938775,0.0,1,0,1,1,1,0,0,0,1
KH0031,T1,,Aankoop,3,B4,36.5,0.8472222222222222,0.3770491803278688,0.04513473103935866,3,0.3333333333333333,0.06944444444444445,1,0,1,1,0,0,0,1,1
KH0032,T1,Cañete–Pisco,La Puntilla (Paracas/Pisco),2,B3,25.0,0.9285714285714286,0.4230769230769231,0.14896694921204362,1,0.5081967213114754,0.06557377049180328,1,0,0,0,0,0,0,0,0
KH0033,T1,Cañete–Pisco,La Puntilla (Paracas/Pisco),2,B3,15.0,0.3484848484848485,0.2608695652173913,0.1621498345610981,1,0.38095238095238093,0.09523809523809523,1,1,1,1,0,0,0,0,0
KH0034,T2,Nazca & Far South,Nazca,1,B2,1.0,0.4399260628465804,0.0,0.0048389896089181955,1,0.2625,0.7375,0,1,0,0,0,1,0,1,1
KH0035,T1,,Unknown,4,B5,13.0,0.3333333333333333,0.25,0.5,0,0.5714285714285714,0.0,0,0,0,0,0,0,0,0,0
KH0036,T1,,Unknown,2,B3,5.5,1.0,0.3888888888888889,0.14675578710381074,0,0.7777777777777778,0.0,0,1,0,0,0,0,0,0,1
KH0037,T1,,Unknown,1,B2,1.0,0.9333333333333333,0.0,0.09193243057990907,0,0.35714285714285715,0.6428571428571429,0,0,0,0,0,0,0,0,0
KH0038,T1,,Unknown,2,B3,2.0,0.92,0.21739130434782608,0.12905007084781464,0,0.5769230769230769,0.23076923076923078,1,1,1,0,0,0,0,0,0
KH0039,T1,,Unknown,4,B5,4.0,0.8,0.0,0.3125,2,0.6363636363636364,0.09090909090909091,0,0,0,0,0,0,0,0,0
KH0040,T1,,Unknown,2,B3,6.0,0.9047619047619048,0.0,0.15709313782667073,0,0.6296296296296297,0.07407407407407407,1,0,0,0,0,0,0,0,0
KH0041,T1,,Unknown,4,B5,22.0,0.45454545454545453,0.4,0.46438561897747255,1,0.4444444444444444,0.0,0,0,0,1,0,0,0,0,1
KH0042,T1,Central Coast,Pachacamac,2,B3,5.0,0.7541899441340782,0.2740740740740741,0.030765878044528336,1,0.4484848484848485,0.19393939393939394,1,1,1,1,0,1,0,1,1
KH0043,T1,,Unknown,4,B5,14.0,0.1875,0.0,0.5283208335737187,0,0.3333333333333333,0.16666666666666666,0,0,0,0,0,0,0,0,0
KH0044,T1,,Unknown,4,B5,24.0,1.0,0.25,0.5,0,0.42857142857142855,0.0,0,0,0,0,0,0,0,0,0
KH0045,T1,,Unknown,4,B5,57.5,1.0,0.25,0.2987468750600964,1,0.28,0.12,0,0,0,0,0,0,0,0,0
KH0046,T1,,Unknown,2,B3,4.5,0.7368421052631579,0.07142857142857142,0.12338218729169095,1,0.5142857142857142,0.2571428571428571,1,1,0,0,0,0,0,0,0
KH0047,T1,Central Coast,"Lima (Maranga, Huaca 1)",3,B4,10.0,0.8024691358024691,0.5538461538461539,0.05543321798784085,3,0.45977011494252873,0.0,1,1,1,1,0,0,0,0,1
KH0048,T1,Central Coast,"Lima (Maranga, Huaca 1)",5,B6,17.5,0.5121951219512195,0.5714285714285714,0.09876001658175593,1,0.3728813559322034,0.0,1,0,1,0,0,0,0,0,1
KH0049,T2,Nazca & Far South,South Coast,2,B3,13.0,0.9564032697547684,0.17663817663817663,0.017035852268709333,1,0.3414985590778098,0.12247838616714697,1,1,0,0,0,0,1,0,0
KH0050,T1,,Unknown,2,B3,2.0,0.8333333333333334,0.03333333333333333,0.08901459326494968,0,0.46875,0.28125,1,1,1,0,0,0,0,0,1
KH0051,T1,,Unknown,3,B4,31.0,0.9111111111111111,0.17073170731707318,0.1016589721928462,3,0.47540983606557374,0.11475409836065574,1,0,0,0,0,0,0,0,0
KH0052,T1,,Unknown,3,B4,10.0,0.9285714285714286,0.5384615384615384,0.08096853620117338,2,0.4107142857142857,0.05357142857142857,1,0,1,1,1,0,0,0,0
KH0053,T1,,Unknown,3,B4,122.0,0.7142857142857143,0.3,0.26464393446710155,3,0.2857142857142857,0.047619047619047616,1,0,0,0,0,0,0,0,0
KH0054,T1,,Unknown,2,B3,3.0,0.896551724137931,0.038461538461538464,0.1140414455516341,1,0.7241379310344828,0.13793103448275862,0,0,0,1,0,0,0,0,0
KH0055,T1,,Unknown,2,B3,5.0,0.9119496855345912,0.14482758620689656,0.029968869948352836,1,0.5706521739130435,0.15760869565217392,1,1,1,1,1,0,1,1,0
KH0056,T1,,Unknown,2,B3,10.0,0.8490566037735849,0.6,0.08641699943082355,1,0.4375,0.015625,1,1,1,1,0,0,0,1,1
KH0057,T1,,Unknown,3,B4,8.0,0.6984126984126984,0.25,0.04802820986935685,2,0.5526315789473685,0.09649122807017543,1,1,1,1,0,0,1,0,1
KH0058,T1,,Unknown,2,B3,10.0,0.9206349206349206,0.19540229885057472,0.02916044137027139,1,0.56640625,0.078125,1,1,1,1,1,0,1,1,1
KH0059,T1,Cañete–Pisco,La Centinela / Tambo de Mora,1,B2,1.0,0.925,0.02702702702702703,0.03408323713800475,1,0.45,0.4875,1,1,1,0,0,0,0,1,0
KH0060,T1,Cañete–Pisco,La Centinela / Tambo de Mora,1,B2,2.0,0.7441860465116279,0.046875,0.03589886506933552,1,0.515625,0.46875,0,0,0,0,0,1,0,1,0
KH0061,T1,,Unknown,5,B6,30.0,0.43243243243243246,0.51875,0.03497975136911713,1,0.31620553359683795,0.04743083003952569,1,1,1,1,0,0,1,1,0
KH0062,T1,Cañete–Pisco,Hda. Ullujalla / Callengo,2,B3,21.5,0.8888888888888888,0.325,0.11663278830562758,1,0.45714285714285713,0.07142857142857142,1,0,0,0,0,0,0,1,0
KH0063,T1,Cañete–Pisco,Hda. Ullujalla / Callengo,1,B2,1.0,0.673469387755102,0.0,0.03792528886779903,1,0.45454545454545453,0.5454545454545454,0,0,0,0,0,0,0,1,1
KH0064,T1,Cañete–Pisco,Hda. Ullujalla / Callengo,2,B3,2.0,0.6,0.08333333333333333,0.14838934412674057,0,0.75,0.16666666666666666,0,0,0,0,0,0,0,0,0
KH0065,T1,Cañete–Pisco,Hda. Ullujalla / Callengo,5,B6,60.0,0.9230769230769231,0.7083333333333334,0.177151215307826,1,0.047619047619047616,0.0,1,0,1,1,0,0,0,0,0
KH0066,T1,Cañete–Pisco,Hda. Ullujalla / Callengo,4,B5,1421.0,1.0,0.0,0.5283208335737187,0,0.18181818181818182,0.09090909090909091,0,0,0,0,0,0,0,0,0
KH0067,T1,Ica & Paracas,Ica Valley (Hda. Callango / Ocucaje),5,B6,845.0,0.9090909090909091,0.3,0.3321928094887362,1,0.2,0.03333333333333333,0,0,0,0,0,0,0,0,0
KH0068,T2,,Unknown,1,B2,1.0,0.31239388794567063,0.05434782608695652,0.011790532996735678,1,0.2647058823529412,0.6274509803921569,1,1,1,1,0,1,0,1,1
KH0069,T1,,Unknown,1,B2,2.0,0.5,0.05263157894736842,0.08948545927662446,0,0.47619047619047616,0.38095238095238093,0,0,0,0,0,0,0,0,1
KH0070,T1,Nazca & Far South,Chala,4,B5,10.0,1.0,0.25,0.3125,0,0.45454545454545453,0.09090909090909091,0,0,0,0,0,0,0,0,1
KH0071,T1,Nazca & Far South,Chala,2,B3,4.0,1.0,0.26666666666666666,0.17157048415167905,0,0.7333333333333333,0.26666666666666666,0,0,0,0,0,0,0,0,1
KH0072,T1,Nazca & Far South,Chala,2,B3,2.5,0.8888888888888888,0.125,0.17378994138934792,1,0.5294117647058824,0.35294117647058826,0,0,1,0,0,0,0,1,0
KH0073,T1,Nazca & Far South,Chala,2,B3,7.0,0.8125,0.23076923076923078,0.13106773993673315,1,0.6176470588235294,0.17647058823529413,0,1,0,0,1,0,0,1,0
KH0074,T1,Nazca & Far South,Chala,4,B5,12.5,0.8,0.125,0.34375,1,0.6153846153846154,0.07692307692307693,0,0,0,0,0,0,0,0,0
KH0075,T1,Nazca & Far South,Chala,2,B3,7.5,0.8387096774193549,0.19230769230769232,0.15600080646376474,1,0.5555555555555556,0.1111111111111111,1,0,1,0,0,0,0,0,0
KH0076,T1,Nazca & Far South,Chala,1,B2,5.5,0.5714285714285714,0.5,0.25,0,0.0,0.5,0,0,0,0,0,0,0,0,0
KH0077,T1,Nazca & Far South,Chala,4,B5,125.0,1.0,0.4,0.46438561897747255,0,0.2727272727272727,0.09090909090909091,0,0,0,0,0,0,0,0,1
KH0078,T1,Nazca & Far South,Chala,4,B5,9.5,0.4,0.0,0.5,0,0.5,0.25,0,0,0,0,0,0,0,0,1
KH0079,T1,Nazca & Far South,Chala,2,B3,13.0,0.9418604651162791,0.2777777777777778,0.02804044400338982,1,0.5349794238683128,0.03292181069958848,1,1,1,0,1,1,0,0,1
KH0080,T1,Nazca & Far South,Chala,2,B3,15.0,0.3006134969325153,0.16326530612244897,0.09745996121736004,1,0.4588235294117647,0.15294117647058825,1,1,1,1,0,0,0,0,1
KH0081,T1,Nazca & Far South,Nazca (Monte de Cacatilla),2,B3,49.0,0.9539170506912442,0.25120772946859904,0.03246350572311346,1,0.3767123287671233,0.02511415525114155,1,1,1,0,1,0,0,0,1
KH0082,T2,Arica & N. Chile,Lluta Valley,3,B4,10.0,0.2184598580010923,0.29,0.013433350071376639,2,0.45410628019323673,0.11916264090177134,1,1,1,1,1,0,1,1,0
KH0083,T2,Chachapoyas,Mollepampa,3,B4,12.0,0.6040609137055838,0.3389355742296919,0.015563219700392195,5,0.40350877192982454,0.11228070175438597,1,0,1,1,0,0,1,1,0
KH0084,T2,Arica & N. Chile,Lluta Valley,1,B2,1.0,0.4,0.0,0.007249304692031699,3,0.21212121212121213,0.7818181818181819,1,1,1,0,0,0,0,1,0
KH0085,T1,Ica & Paracas,Ica Valley (Rancho San Juan),5,B6,60.0,0.7333333333333333,0.8863636363636364,0.08498161505595565,1,0.11320754716981132,0.0,1,1,1,0,0,0,0,1,1
KH0086,T1,Ica & Paracas,Ica Valley (Rancho San Juan),5,B6,45.0,0.24,0.8333333333333334,0.430827083453526,0,0.125,0.0,0,0,0,0,0,0,0,0,0
KH0087,T1,,Nazca / Ancon,2,B3,4.0,0.3958333333333333,0.07894736842105263,0.08649024965226833,1,0.6938775510204082,0.10204081632653061,1,1,1,0,0,1,0,1,0
KH0088,T1,,Nazca / Ancon,1,B2,2.0,0.5161290322580645,0.07291666666666667,0.027986777648799654,0,0.5086206896551724,0.33620689655172414,1,1,1,0,0,0,0,0,0
KH0089,T1,,Nazca / Ancon,2,B3,5.0,1.0,0.0625,0.171875,1,0.8125,0.09375,0,0,0,0,0,0,0,0,0
KH0090,T1,,Nazca / Ancon,1,B2,3.0,0.9090909090909091,0.16666666666666666,0.09245190874250618,0,0.5,0.45,1,1,1,0,0,0,0,0,1
KH0091,T1,Nazca & Far South,Nazca (Hda. Copara),2,B3,4.0,0.8518518518518519,0.13043478260869565,0.1340690160879916,0,0.8260869565217391,0.17391304347826086,0,1,0,0,0,0,0,0,0
KH0092,T1,,Nazca / Ancon,2,B3,2.0,0.5675675675675675,0.09523809523809523,0.065254371438689,0,0.6904761904761905,0.2619047619047619,0,1,0,0,0,0,0,0,0
KH0093,T1,,Nazca / Ancon,1,B2,3.0,0.95,0.07894736842105263,0.06555841967360997,1,0.5,0.45454545454545453,1,0,0,0,0,0,0,0,1
KH0094,T1,,Unknown,4,B5,10.0,1.0,0.5,0.25,0,0.5384615384615384,0.15384615384615385,0,0,0,0,0,0,0,0,0
KH0095,T1,,Unknown,4,B5,11.5,0.3,0.3333333333333333,0.3752715278979705,1,0.42424242424242425,0.09090909090909091,0,0,0,0,0,0,0,0,0
KH0096,T1,,Unknown,2,B3,23.0,1.0,0.0,0.0,0,0.5,0.0,0,0,0,0,0,0,0,0,0
KH0097,T1,,Unknown,2,B3,33.0,0.8087774294670846,0.22868217054263565,0.019036714424598818,0,0.3856858846918489,0.027833001988071572,1,1,1,0,1,0,0,0,0
KH0098,T1,,Unknown,5,B6,20.0,0.1111111111111111,0.6,0.3843856189774725,1,0.14285714285714285,0.14285714285714285,1,0,0,0,0,0,0,0,1
KH0100,T1,,Peru (unknown),2,B3,21.5,0.9896907216494846,0.40625,0.05143244597990559,1,0.43386243386243384,0.07407407407407407,1,0,0,1,0,0,0,0,0
KH0101,T1,Central Coast,Huacho / Pachacamac,2,B3,2.0,0.9578947368421052,0.16483516483516483,0.02866890100762681,1,0.6060606060606061,0.18181818181818182,1,1,1,0,0,0,0,1,1
KH0102,T1,,Peru (unknown),5,B6,7.5,0.34285714285714286,0.6666666666666666,0.22406015629507228,1,0.3076923076923077,0.23076923076923078,0,0,0,0,0,0,0,0,1
KH0103,T1,,Peru (unknown),2,B3,211.0,1.0,0.5,0.0917786408171062,1,0.7801418439716312,0.2198581560283688,1,1,1,1,0,0,0,0,0
KH0104,T1,,Unknown,2,B3,5.0,0.8764044943820225,0.16666666666666666,0.05046657507757995,0,0.6504854368932039,0.1650485436893204,1,1,1,0,0,1,0,0,1
KH0105,T1,,Peru (unknown),2,B3,7.5,0.8928571428571429,0.1,0.08283969022357417,0,0.6376811594202898,0.057971014492753624,1,1,1,0,0,0,0,0,1
KH0106,T1,,Peru (unknown),2,B3,4.0,0.8142857142857143,0.17543859649122806,0.058278758137493364,0,0.8387096774193549,0.0967741935483871,1,1,1,0,0,1,0,0,0
KH0107,T1,,Peru (unknown),1,B2,1.0,0.7450980392156863,0.0,0.04588636083295098,2,0.39473684210526316,0.6052631578947368,0,0,0,0,0,0,0,0,0
KH0108,T1,Central Coast,Pachacamac,3,B4,11.0,0.9245283018867925,0.22448979591836735,0.02537702036793688,3,0.44808743169398907,0.24043715846994534,1,1,1,1,0,0,1,1,0
KH0109,T1,Central Coast,Pachacamac,2,B3,2.5,0.6976744186046512,0.13333333333333333,0.05485957443362506,1,0.49295774647887325,0.29577464788732394,1,1,1,0,1,0,0,0,0
KH0110,T1,Central Coast,Pachacamac,1,B2,1.0,0.734375,0.425531914893617,0.02649647323980697,0,0.46808510638297873,0.5319148936170213,0,1,0,0,0,0,0,0,0
KH0111,T1,Ica & Paracas,Between Ica and Pisco,2,B3,10.0,0.5643564356435643,0.40350877192982454,0.06776083590415165,1,0.43661971830985913,0.07042253521126761,1,1,1,1,0,0,1,0,0
KH0112,T1,Central Coast,Pachacamac,5,B6,229.0,1.0,0.1875,0.10962171225272942,0,0.3464566929133858,0.007874015748031496,1,0,1,0,0,0,0,0,1
KH0113,T1,Ica & Paracas,Ica,2,B3,5.0,0.9452054794520548,0.21739130434782608,0.05794271761707877,1,0.6705882352941176,0.09411764705882353,1,1,1,1,1,0,0,0,1
KH0114,T1,Central Coast,Pachacamac,5,B6,80.0,1.0,1.0,0.11271959379903211,1,0.0,0.0,0,0,0,1,0,0,0,0,1
KH0115,T1,Central Coast,Pachacamac,5,B6,40.0,1.0,1.0,0.09402051636228548,1,0.0,0.0,1,0,0,0,0,0,0,1,0
KH0116,T1,Central Coast,Pachacamac,5,B6,28.0,1.0,0.9,0.14518508480286743,1,0.13636363636363635,0.0,1,0,1,0,0,0,0,0,0
KH0117,T1,Ica & Paracas,Ica,5,B6,79.0,0.9577464788732394,0.29411764705882354,0.0848697444205658,1,0.31333333333333335,0.03333333333333333,1,0,0,1,0,0,0,0,0
KH0118,T1,Central Coast,Pachacamac,5,B6,2578.0,1.0,0.19047619047619047,0.20915797251327423,0,0.24050632911392406,0.012658227848101266,0,0,0,0,0,0,0,0,0
KH0119,T1,Ica & Paracas,Ica,2,B3,14.0,0.9090909090909091,0.2,0.18207230355827606,1,0.4,0.2,1,0,0,0,0,0,0,0,1
KH0120,T1,Central Coast,Marquez,5,B6,45.0,0.8,0.5454545454545454,0.11296757035935649,1,0.3150684931506849,0.0136986301369863,1,0,1,0,0,0,0,0,1
KH0121,T1,Central Coast,Marquez,5,B6,45.0,0.896551724137931,0.6153846153846154,0.16375984862032766,0,0.275,0.05,1,0,0,0,0,0,0,0,1
KH0122,T1,Ica & Paracas,Between Ica and Pisco,3,B4,3.0,0.7380952380952381,0.12903225806451613,0.07307163286753578,2,0.65625,0.3125,1,1,0,0,0,0,0,1,0
KH0123,T1,Ica & Paracas,Ica,5,B6,110.0,0.7909407665505227,0.7929515418502202,0.019230427653004475,0,0.1443850267379679,0.02406417112299465,1,1,1,0,1,1,0,0,1
KH0124,T1,Central Coast,Pachacamac,2,B3,11.0,0.95,0.21052631578947367,0.20486353255751982,0,0.5862068965517241,0.034482758620689655,1,0,1,0,0,0,0,0,0
KH0125,T1,Central Coast,Pachacamac,5,B6,40.0,1.0,1.0,0.22561041572600662,1,0.07142857142857142,0.0,0,0,0,0,0,0,0,1,1
KH0126,T1,Central Coast,Pachacamac,0,B1,10.0,0.023809523809523808,1.0,0.0,0,0.0,0.0,0,0,0,0,0,0,0,0,0
KH0127,T1,Ica & Paracas,Between Ica and Pisco,2,B3,49.0,0.6809815950920245,0.17117117117117117,0.05268733147927993,0,0.38425925925925924,0.06481481481481481,1,1,1,0,0,0,0,0,1
KH0128,T1,Ica & Paracas,Between Ica and Pisco,2,B3,20.0,0.49019607843137253,0.34285714285714286,0.03202498647835216,1,0.3971631205673759,0.09219858156028368,1,0,1,1,0,0,0,1,0
KH0129,T1,Ica & Paracas,Ica,5,B6,241.5,0.7636363636363637,0.16666666666666666,0.11732854691178062,0,0.34146341463414637,0.0,1,1,0,0,0,0,0,0,1
KH0130,T1,Ica & Paracas,Ica,4,B5,32.0,0.9230769230769231,0.08333333333333333,0.26572682296173894,0,0.5,0.05,1,0,0,0,0,0,0,0,0
KH0131,T1,Ica & Paracas,Ica,2,B3,5.0,1.0,0.2727272727272727,0.23184915541330806,0,0.3125,0.25,0,1,0,0,0,0,0,0,0
KH0132,T1,Central Coast,Pachacamac,5,B6,574.0,0.8,0.4375,0.25,1,0.23529411764705882,0.0,0,0,0,0,0,0,0,0,0
KH0133,T1,Central Coast,Pachacamac,5,B6,11400.0,0.8181818181818182,0.4444444444444444,0.35221388904914586,1,0.1724137931034483,0.0,0,0,0,0,0,0,0,0,0
KH0134,T1,Ica & Paracas,Ica,5,B6,3655.0,1.0,0.25,0.14360902781784202,1,0.17829457364341086,0.046511627906976744,0,1,1,0,0,0,0,0,0
KH0135,T1,Central Coast,Pachacamac,2,B3,4.0,0.07473309608540925,0.09523809523809523,0.13859240453421817,1,0.625,0.20833333333333334,1,1,0,0,0,0,0,0,0
KH0136,T1,Central Coast,Lima,4,B5,68.0,1.0,0.4444444444444444,0.35221388904914586,1,0.375,0.0,0,0,0,0,0,0,0,0,0
KH0137,T1,Ica & Paracas,Ica,5,B6,50.0,0.7446808510638298,0.45714285714285713,0.0774031374847613,1,0.2462686567164179,0.08208955223880597,1,0,0,1,0,0,0,0,0
KH0138,T1,Central Coast,Marquez,5,B6,20.0,0.8571428571428571,0.5333333333333333,0.12887492991042437,0,0.3191489361702128,0.0,1,1,1,0,0,0,0,0,0
KH0139,T1,Central Coast,Marquez,5,B6,349.5,1.0,0.6071428571428571,0.16403818599185324,1,0.18181818181818182,0.01818181818181818,0,0,0,0,0,0,0,0,0
KH0141,T1,Ica & Paracas,Ica,3,B4,20.0,0.8662420382165605,0.4411764705882353,0.027473437273338622,2,0.2923076923076923,0.15384615384615385,1,1,1,1,1,0,0,1,0
KH0142,T1,Nazca & Far South,Nazca,4,B5,45.0,0.8333333333333334,0.6,0.46438561897747255,0,0.45454545454545453,0.0,1,0,0,0,1,0,0,0,0
KH0143,T1,Nazca & Far South,Nazca,2,B3,4.0,0.4844290657439446,0.25,0.029382760525995616,1,0.521978021978022,0.11538461538461539,1,1,1,0,0,1,0,1,0
KH0144,T1,Ica & Paracas,Ica,5,B6,1592.0,1.0,0.21428571428571427,0.27195392300411453,0,0.2222222222222222,0.018518518518518517,0,0,0,0,0,0,0,0,0
KH0145,T1,Central Coast,Near Lima,2,B3,2.5,0.9285714285714286,0.07692307692307693,0.10196334342681082,1,0.6071428571428571,0.32142857142857145,0,0,0,1,1,0,0,1,0
KH0147,T2,Central Coast,Pachacamac,2,B3,33.0,0.7142857142857143,0.2097560975609756,0.02993461560869568,1,0.43444730077120824,0.04113110539845758,1,1,1,1,0,0,1,1,0
KH0148,T1,Central Coast,Marquez,4,B5,9.0,0.6666666666666666,0.4,0.28464393446710157,1,0.625,0.0,1,0,0,0,0,0,0,0,0
KH0149,T1,Central Coast,Marquez,5,B6,30.0,0.7551020408163265,0.5405405405405406,0.12417449746245997,1,0.3157894736842105,0.07017543859649122,1,0,1,0,0,0,0,0,1
KH0150,T1,Central Coast,Pachacamac,4,B5,10.5,0.6153846153846154,0.125,0.30070488277869584,0,0.6363636363636364,0.0,0,1,0,0,0,0,0,0,1
KH0151,T1,Ica & Paracas,Ica,2,B3,14.0,0.9130434782608695,0.23809523809523808,0.19555253033640355,1,0.47058823529411764,0.058823529411764705,1,0,0,0,0,0,0,0,0
KH0152,T1,Nazca & Far South,Nazca,3,B4,12.0,0.9052631578947369,0.20930232558139536,0.02079770175604026,2,0.49373433583959897,0.10025062656641603,1,1,1,1,1,0,1,1,0
KH0153,T1,Central Coast,Chuquitanta,4,B5,27.0,1.0,0.0,0.5,0,0.5714285714285714,0.0,0,0,0,0,0,0,0,0,1
KH0154,T1,Ica & Paracas,Ica,5,B6,80.0,1.0,0.8571428571428571,0.11338425723263931,0,0.13793103448275862,0.0,1,0,1,0,0,0,0,0,0
KH0155,T1,Central Coast,Pachacamac,5,B6,10.0,0.7857142857142857,0.8181818181818182,0.21854634157498729,1,0.23076923076923078,0.0,0,0,0,0,0,0,0,0,0
KH0156,T1,Nazca & Far South,Nazca,2,B3,16.0,0.96875,0.23118279569892472,0.028787636488172657,1,0.44193548387096776,0.08709677419354839,1,1,1,0,0,0,0,0,0
KH0157,T1,Ica & Paracas,Ica,2,B3,22.0,1.0,0.1,0.05958800740904867,0,0.47368421052631576,0.0,0,0,0,0,1,0,0,0,0
KH0158,T1,Ica & Paracas,Ica,2,B3,10.0,0.8333333333333334,0.4666666666666667,0.19152703968800375,1,0.6363636363636364,0.0,0,0,0,0,0,0,0,0,0
KH0159,T1,Ica & Paracas,Ica,5,B6,4871.5,1.0,0.16666666666666666,0.15911857540917282,0,0.24242424242424243,0.010101010101010102,0,1,1,0,0,0,0,0,0
KH0160,T1,Central Coast,Pachacamac,2,B3,63.0,0.9032258064516129,0.25,0.09572459363092219,0,0.3706896551724138,0.02586206896551724,1,1,1,0,0,0,0,0,1
KH0161,T1,Central Coast,Pachacamac,2,B3,9.0,0.8333333333333334,0.30666666666666664,0.06744372477251025,1,0.5035460992907801,0.05673758865248227,1,1,0,0,0,0,0,0,0
KH0162,T1,Ica & Paracas,Ica,2,B3,5.0,0.8617886178861789,0.14150943396226415,0.035117230003981106,1,0.6504065040650406,0.18699186991869918,1,1,1,1,0,1,0,0,0
KH0163,T1,Ica & Paracas,Ocucaje,5,B6,45.0,1.0,0.5,0.18996566364702067,0,0.25806451612903225,0.0967741935483871,1,1,0,0,0,0,0,0,0
KH0164,T1,Ica & Paracas,Ocucaje,5,B6,459.0,1.0,0.3,0.2160964047443681,0,0.22807017543859648,0.07017543859649122,0,1,0,0,0,0,0,0,0
KH0165,T1,Ica & Paracas,Ocucaje,5,B6,674.0,0.9464285714285714,0.7358490566037735,0.05320180582043833,0,0.08536585365853659,0.04065040650406504,1,1,1,0,1,0,0,0,0
KH0166,T1,Ica & Paracas,Ica,3,B4,37.0,0.9024390243902439,0.21621621621621623,0.12351956908244556,2,0.42857142857142855,0.11428571428571428,1,0,0,1,0,0,0,0,0
KH0167,T1,Central Coast,Pachacamac,3,B4,3.0,0.8723404255319149,0.2682926829268293,0.07214699094689926,2,0.7659574468085106,0.1276595744680851,1,0,0,1,0,1,0,1,1
KH0168,T1,Ica & Paracas,Ica,2,B3,10.0,0.8983050847457628,0.2358490566037736,0.04938054407519559,1,0.42528735632183906,0.10344827586206896,1,1,1,1,0,0,0,0,1
KH0169,T1,,Unknown,2,B3,5.0,0.975,0.23076923076923078,0.08902145337437678,1,0.7021276595744681,0.0425531914893617,1,0,0,1,0,0,0,1,0
KH0170,T1,Central Coast,Near Lima,4,B5,18.0,1.0,0.0,0.5283208335737187,0,0.6,0.0,0,0,0,0,0,0,0,0,0
KH0171,T1,Central Coast,Near Lima,4,B5,3.5,0.8888888888888888,0.0,0.30070488277869584,1,1.0,0.0,0,0,0,0,0,0,0,0,1
KH0172,T1,Central Coast,Pachacamac,5,B6,40.0,0.9384615384615385,0.8360655737704918,0.044078116070420045,0,0.08860759493670886,0.05063291139240506,1,1,1,0,1,0,0,0,0
KH0173,T1,,Unknown,2,B3,2.0,0.7941176470588235,0.1111111111111111,0.09545675588332296,1,0.6774193548387096,0.25806451612903225,0,0,0,0,0,0,0,1,1
KH0174,T1,Central Coast,Pachacamac,2,B3,5.0,0.6666666666666666,0.6666666666666666,0.17121543077814994,0,0.5714285714285714,0.07142857142857142,0,0,0,0,0,0,0,0,0
KH0175,T1,Ica & Paracas,Between Ica and Pisco,2,B3,7.0,0.9811320754716981,0.11538461538461539,0.07469578157154676,1,0.5952380952380952,0.11904761904761904,1,1,1,1,1,0,0,1,0
KH0176,T1,Ica & Paracas,Between Ica and Pisco,2,B3,7.0,0.8260869565217391,0.5789473684210527,0.17507160041856284,0,0.5238095238095238,0.047619047619047616,1,1,1,0,0,0,0,0,0
KH0177,T1,Ica & Paracas,Ica,2,B3,17.0,1.0,0.25,0.1875,0,0.42857142857142855,0.0,1,0,0,0,0,1,0,0,0
KH0178,T1,Ica & Paracas,Ica,2,B3,4.0,0.9375,0.0,0.1682154285865081,0,0.8666666666666667,0.13333333333333333,0,0,0,0,0,0,0,0,0
KH0179,T1,Ica & Paracas,Ica,4,B5,92.0,0.8,0.25,0.5,0,0.375,0.0,0,0,0,0,0,0,0,0,1
KH0180,T1,Central Coast,Pachacamac,2,B3,5.0,0.8518518518518519,0.21739130434782608,0.1454111710974434,1,0.7333333333333333,0.03333333333333333,1,0,1,0,1,0,0,0,1
KH0181,T1,Ica & Paracas,Ica,2,B3,10.0,1.0,0.2727272727272727,0.1239258318957778,1,0.5454545454545454,0.045454545454545456,1,0,1,1,0,1,0,0,0
KH0182,T1,Central Coast,Pachacamac,4,B5,15.0,0.7142857142857143,0.3333333333333333,0.24268159526279015,1,0.4074074074074074,0.1111111111111111,1,0,1,1,1,0,0,0,0
KH0183,T2,Ica & Paracas,Ica,3,B4,8.0,0.5662983425414365,0.15609756097560976,0.022870167730666805,2,0.6232876712328768,0.07534246575342465,1,1,1,1,0,0,1,1,0
KH0184,T1,Central Coast,Pachacamac,4,B5,168.0,0.8888888888888888,0.0,0.34375,0,0.36363636363636365,0.0,0,0,0,0,0,0,0,0,0
KH0185,T1,,Unknown,5,B6,32.0,0.9444444444444444,0.7647058823529411,0.1841598816427867,0,0.2,0.0,1,0,0,0,0,0,0,0,0
KH0186,T1,,Unknown,2,B3,3.0,0.9666666666666667,0.06896551724137931,0.07817600588458067,0,0.9,0.1,0,1,0,0,0,0,0,0,1
KH0187,T1,Central Coast,Pachacamac,3,B4,59.0,0.648,0.49382716049382713,0.07127778497983953,2,0.3151515151515151,0.01818181818181818,1,1,1,1,0,0,0,1,0
KH0188,T1,Ica & Paracas,Ica,2,B3,17.0,1.0,0.4166666666666667,0.17020677086338154,1,0.5,0.0,1,1,0,0,1,0,0,0,0
KH0189,T1,Central Coast,Pachacamac,5,B6,500.0,0.9661016949152542,0.7543859649122807,0.08747616752874726,3,0.10679611650485436,0.06796116504854369,1,1,1,1,1,0,0,0,1
KH0190,T1,Ica & Paracas,Between Ica and Pisco,2,B3,16.0,1.0,0.13333333333333333,0.21265987303095252,1,0.46875,0.1875,1,0,0,0,0,0,0,0,1
KH0191,T1,Ica & Paracas,Between Ica and Pisco,3,B4,4.0,0.9629629629629629,0.19230769230769232,0.13771008460488857,2,0.5238095238095238,0.07142857142857142,1,1,1,1,1,0,0,0,0
KH0192,T2,Central Coast,Pachacamac,3,B4,26.0,0.7928994082840237,0.47388059701492535,0.02150731302576566,3,0.38498789346246975,0.03631961259079903,1,1,1,1,1,0,1,1,1
KH0193,T2,Nazca & Far South,Nazca,3,B4,12.0,0.5544554455445545,0.17857142857142858,0.03158830666622867,2,0.4620938628158845,0.1263537906137184,1,1,1,1,1,0,1,1,0
KH0194,T1,Central Coast,Near Lima,4,B5,24.0,1.0,0.2,0.2037709841420636,0,0.5151515151515151,0.0,0,0,0,0,0,0,0,0,0
KH0195,T1,Central Coast,Near Lima,2,B3,10.0,0.9333333333333333,0.5714285714285714,0.12894918726184437,1,0.4722222222222222,0.027777777777777776,1,1,1,0,0,1,0,0,1
KH0196,T1,Ica & Paracas,Ica,5,B6,745.0,0.7857142857142857,0.5,0.19856920580582751,1,0.21739130434782608,0.021739130434782608,1,0,0,0,0,0,0,0,1
KH0197,T1,Ica & Paracas,Ica,5,B6,218.0,0.8857142857142857,0.3870967741935484,0.14524462603745386,1,0.2054794520547945,0.0958904109589041,0,0,0,0,0,0,0,0,0
KH0198,T2,,Unknown,3,B4,7.0,0.8791946308724832,0.183206106870229,0.03726560783873351,4,0.5148514851485149,0.0297029702970297,1,1,1,1,0,0,1,0,1
KH0199,T1,,Unknown,4,B5,2.0,1.0,0.4,0.2741901188909338,0,0.6,0.0,0,0,0,0,0,0,0,0,0
KH0200,T1,,Unknown,5,B6,10.0,1.0,1.0,0.0,0,0.0,0.0,0,0,0,0,0,0,0,0,0
KH0201,T1,,Unknown,4,B5,45.0,0.7142857142857143,1.0,0.46438561897747255,1,0.7272727272727273,0.0,1,0,0,0,0,0,0,0,0
KH0202,T1,,Unknown,4,B5,6.0,1.0,0.3333333333333333,0.3275225310244545,0,0.6666666666666666,0.08333333333333333,0,1,0,0,0,0,0,0,0
KH0203,T1,,Unknown,3,B4,7.5,0.9333333333333333,0.2857142857142857,0.14316506357272024,2,0.5,0.09523809523809523,1,0,0,1,0,0,0,1,1
KH0204,T1,,Unknown,2,B3,2.0,0.796875,0.1568627450980392,0.054955325912599905,1,0.5423728813559322,0.13559322033898305,1,0,0,1,0,0,0,1,0
KH0205,T1,Central Coast,Pachacamac,4,B5,103.0,1.0,0.0,0.5283208335737187,0,0.42857142857142855,0.0,0,0,0,0,0,0,0,0,0
KH0206,T1,Central Coast,Pachacamac,4,B5,39.0,0.9166666666666666,0.2727272727272727,0.31449378351248164,0,0.4090909090909091,0.0,0,0,0,0,0,0,0,0,1
KH0207,T1,Central Coast,Pachacamac,2,B3,8.5,0.8,0.10714285714285714,0.12882180783568384,1,0.6285714285714286,0.08571428571428572,1,1,1,1,0,1,0,1,1
KH0208,T1,,Unknown,0,B1,0.0,0.0,0.0,0.0,0,0.0,0.0,0,0,0,0,0,0,0,0,0
KH0209,T1,Ica & Paracas,Ica Valley (near Callengo),4,B5,8.0,0.8571428571428571,0.16666666666666666,0.31971597234241494,0,0.8333333333333334,0.0,0,0,0,0,0,0,0,0,0
KH0210,T1,Ica & Paracas,Ica Valley (near Callengo),4,B5,16.0,1.0,0.3076923076923077,0.2609805700345219,1,0.4090909090909091,0.045454545454545456,1,0,0,1,0,0,0,0,0
KH0211,T1,Ica & Paracas,Ica Valley (near Callengo),4,B5,2.0,0.875,0.14285714285714285,0.3194180500898619,0,0.7142857142857143,0.2857142857142857,0,0,0,0,0,1,0,0,0
KH0212,T1,Ica & Paracas,Ica Valley (near Callengo),4,B5,8.0,0.7142857142857143,0.2,0.3843856189774725,2,0.5714285714285714,0.0,0,0,0,0,0,0,0,0,0
KH0213,T1,Ica & Paracas,Ica Valley (near Callengo),4,B5,6.0,0.8571428571428571,0.16666666666666666,0.2987468750600964,2,0.625,0.0,0,0,0,0,0,0,0,0,0
KH0214,T1,Ica & Paracas,Ica Valley (near Callengo),5,B6,41.5,1.0,0.8333333333333334,0.430827083453526,1,0.25,0.0,0,0,0,0,0,0,0,0,0
KH0215,T1,Ica & Paracas,Ica Valley (near Callengo),5,B6,837.0,1.0,0.2727272727272727,0.31449378351248164,1,0.21875,0.03125,0,0,0,0,0,0,0,0,0
KH0216,T1,,Unknown,2,B3,4.0,1.0,0.05263157894736842,0.06275004527550747,0,1.0,0.0,0,0,0,0,0,1,0,0,0
KH0217,T1,,Unknown,2,B3,55.0,0.9186046511627907,0.22784810126582278,0.07346401283474835,1,0.3987341772151899,0.03164556962025317,1,1,1,0,1,0,0,0,0
KH0218,T1,Central Coast,"Central Coast (Late Period, prob.)",2,B3,13.0,1.0,0.46875,0.053232892590282015,1,0.48,0.0,1,1,1,1,0,0,0,0,0
KH0219,T1,Ica & Paracas,Ica,2,B3,8.0,0.9444444444444444,0.11764705882352941,0.18246360138094225,1,0.7619047619047619,0.0,1,0,0,0,0,1,0,1,0
KH0220,T1,,Unknown,1,B2,1.0,0.4666666666666667,0.07142857142857142,0.11504123166654587,0,0.42857142857142855,0.5714285714285714,0,1,0,0,0,0,0,0,1
KH0221,T1,,Unknown,1,B2,4.0,0.32432432432432434,0.0,0.1486799273209518,0,0.5833333333333334,0.4166666666666667,0,1,0,0,0,0,0,0,1
KH0222,T1,Ica & Paracas,Ica,1,B2,1.0,0.45,0.0,0.1360438272673318,1,0.3333333333333333,0.6666666666666666,0,0,0,0,0,0,0,0,1
KH0223,T1,Ica & Paracas,"Ica (Site T, Grave M — Uhle)",1,B2,1.0,0.7142857142857143,0.06666666666666667,0.1237709841420636,1,0.4,0.5333333333333333,0,0,0,0,0,0,0,0,0
KH0224,T1,,Unknown,5,B6,45.0,0.6875,0.5454545454545454,0.16137912316119946,1,0.1875,0.125,1,0,0,0,0,0,0,0,0
KH0225,T1,,Unknown,3,B4,7.0,0.6442687747035574,0.2147239263803681,0.01975566755322523,2,0.4926829268292683,0.33170731707317075,1,1,1,1,0,1,0,1,0
KH0226,T1,,Unknown,2,B3,8.0,0.8214285714285714,0.21739130434782608,0.13784973442447554,1,0.5428571428571428,0.34285714285714286,1,0,0,0,0,0,0,0,0
KH0227,T1,,Unknown,2,B3,10.0,0.8571428571428571,0.5833333333333334,0.14838934412674057,0,0.5555555555555556,0.3333333333333333,0,0,0,0,0,0,0,0,0
KH0228,T1,,Unknown,3,B4,6.0,0.8348623853211009,0.13186813186813187,0.023407475880316074,2,0.6160714285714286,0.14285714285714285,1,1,1,1,0,0,1,1,0
KH0229,T1,,Unknown,2,B3,48.0,0.916083916083916,0.21374045801526717,0.04699519609648766,1,0.3519163763066202,0.04529616724738676,1,0,0,0,0,0,0,0,0
KH0230,T1,,Unknown,2,B3,8.0,0.8461538461538461,0.24242424242424243,0.11519325613422873,1,0.6,0.1111111111111111,1,1,0,0,0,0,0,0,1
KH0231,T1,,Unknown,2,B3,4.0,0.6764705882352942,0.13043478260869565,0.0732161316080109,1,0.6666666666666666,0.22807017543859648,1,1,1,0,0,0,0,1,0
KH0232,T1,,Unknown,2,B3,4.0,0.98,0.061224489795918366,0.03852589897602694,1,0.6782608695652174,0.16521739130434782,1,1,1,0,1,1,1,1,1
KH0233,T1,,Unknown,2,B3,9.0,0.8055555555555556,0.3103448275862069,0.12111997485142176,1,0.5675675675675675,0.05405405405405406,1,0,0,0,0,0,0,0,0
KH0234,T1,,Unknown,2,B3,10.0,1.0,0.65,0.13920918598895943,0,0.4782608695652174,0.0,1,0,0,0,1,0,0,0,0
KH0235,T1,Nazca & Far South,Nazca,1,B2,3.0,0.9459459459459459,0.14285714285714285,0.08384666259586973,1,0.35714285714285715,0.38095238095238093,1,0,1,1,0,0,0,0,0
KH0236,T1,Nazca & Far South,Nazca,1,B2,2.0,0.8,0.0,0.375,1,0.5,0.5,0,0,0,0,0,0,0,0,0
KH0237,T2,Chachapoyas,Leymebamba,3,B4,3.5,0.5559440559440559,0.12578616352201258,0.014870008477487543,2,0.3624733475479744,0.27078891257995735,1,1,1,1,1,0,1,1,1
KH0238,T1,Chachapoyas,Leymebamba,3,B4,44.0,0.9396551724137931,0.29357798165137616,0.053788490610018336,2,0.3788546255506608,0.048458149779735685,1,0,0,1,0,0,0,1,1
KH0239,T2,Chachapoyas,Leymebamba,1,B2,1.0,0.6147757255936676,0.034334763948497854,0.0040067040494330495,4,0.38414634146341464,0.6117886178861789,1,1,0,0,1,1,1,1,0
KH0240,T2,Chachapoyas,Leymebamba,3,B4,5.0,0.7399650959860384,0.12735849056603774,0.011146272889018304,2,0.46245733788395904,0.22696245733788395,1,1,1,1,1,1,1,1,0
KH0241,T1,Chachapoyas,Leymebamba,2,B3,17.5,0.6451612903225806,0.175,0.11632639768333193,1,0.5978260869565217,0.09782608695652174,1,0,0,0,0,0,0,0,0
KH0242,T2,Chachapoyas,Leymebamba,1,B2,2.0,0.6281464530892449,0.12750455373406194,0.005543406711951297,2,0.49333333333333335,0.3983333333333333,1,1,1,1,1,1,1,1,1
KH0243,T1,Chachapoyas,Leymebamba,1,B2,1.5,0.475,0.02631578947368421,0.04559546908043716,2,0.36363636363636365,0.6136363636363636,0,0,0,0,0,0,0,1,1
KH0244,T1,Chachapoyas,Leymebamba,5,B6,83.5,1.0,0.6666666666666666,0.430827083453526,0,0.2222222222222222,0.0,0,0,0,0,0,0,0,0,1
KH0245,T1,Chachapoyas,Leymebamba,1,B2,2.0,0.6097560975609756,0.08,0.02827603198947083,1,0.5046728971962616,0.3925233644859813,1,1,1,1,0,1,0,1,0
KH0246,T1,Chachapoyas,Leymebamba,2,B3,12.0,0.8977272727272727,0.17721518987341772,0.03150447683307934,1,0.496,0.088,1,1,1,1,1,0,0,0,1
KH0247,T2,Chachapoyas,Leymebamba,3,B4,20.5,0.8338192419825073,0.1958041958041958,0.022159604070449434,2,0.35315315315315315,0.0972972972972973,1,1,1,1,0,0,1,1,0
KH0248,T1,Chachapoyas,Leymebamba,3,B4,5.0,0.7698412698412699,0.15463917525773196,0.0463205363755323,2,0.5401459854014599,0.15328467153284672,1,1,0,1,0,0,1,0,1
KH0249,T1,Chachapoyas,Leymebamba,3,B4,3.0,0.864406779661017,0.11764705882352941,0.06603302290434922,2,0.6060606060606061,0.13636363636363635,1,0,0,0,0,0,0,0,0
KH0250,T1,Chachapoyas,Leymebamba,2,B3,6.5,0.7272727272727273,0.25,0.11609432082151974,1,0.5714285714285714,0.14285714285714285,1,0,1,1,0,0,0,0,0
KH0251,T1,Chachapoyas,Leymebamba,5,B6,149.0,0.8636363636363636,0.42105263157894735,0.07744679986450578,2,0.26455026455026454,0.14285714285714285,1,0,0,1,0,0,0,0,1
KH0252,T2,Chachapoyas,Leymebamba,3,B4,3.0,0.7398190045248869,0.15902140672782875,0.011864521029293796,2,0.5,0.30637254901960786,1,1,1,1,0,0,1,1,0
KH0253,T1,Chachapoyas,Leymebamba,2,B3,6.0,0.8442622950819673,0.1553398058252427,0.040459291968357,1,0.4411764705882353,0.25735294117647056,1,1,1,1,0,0,0,1,1
KH0254,T1,Chachapoyas,Leymebamba,2,B3,50.5,0.8421052631578947,0.28125,0.15234374999999994,1,0.38461538461538464,0.07692307692307693,1,0,0,1,0,0,0,0,1
KH0255,T1,Chachapoyas,Leymebamba,4,B5,8.5,0.5555555555555556,0.2,0.3121928094887363,1,0.5,0.16666666666666666,0,0,0,0,0,0,0,0,0
KH0256,T1,Chachapoyas,Leymebamba,5,B6,354.0,0.9333333333333333,0.17857142857142858,0.16658920640001645,1,0.38333333333333336,0.06666666666666667,1,0,0,1,0,0,0,0,0
KH0257,T1,Chachapoyas,Leymebamba,1,B2,1.0,0.845679012345679,0.08029197080291971,0.01664839097969077,1,0.3055555555555556,0.6111111111111112,1,1,1,1,0,1,0,1,0
KH0258,T1,Chachapoyas,Leymebamba,2,B3,14.0,0.6592356687898089,0.18840579710144928,0.02668517417384563,1,0.49707602339181284,0.09064327485380116,1,1,1,1,1,0,1,1,1
KH0259,T1,Ica & Paracas,Atarco,2,B3,2.0,0.9,0.05555555555555555,0.11799298951435551,1,0.7222222222222222,0.2777777777777778,0,0,0,0,0,0,0,1,0
KH0260,T1,Ica & Paracas,Atarco,2,B3,2.0,0.8947368421052632,0.0,0.08113414631123883,1,1.0,0.0,0,0,0,0,0,0,0,1,0
KH0261,T1,,Unknown,2,B3,17.5,0.6086956521739131,0.5,0.1503202172390937,0,0.4318181818181818,0.022727272727272728,1,1,1,0,0,0,0,0,1
KH0262,T1,Ica & Paracas,Atarco,1,B2,1.0,1.0,0.0,0.03954675394562576,1,0.17647058823529413,0.8235294117647058,0,0,0,0,0,0,0,0,0
KH0263,T1,Ica & Paracas,Atarco,1,B2,2.0,0.7142857142857143,0.015384615384615385,0.03662226810587692,1,0.5211267605633803,0.38028169014084506,1,0,1,1,1,1,0,1,1
KH0264,T1,Ica & Paracas,Atarco,1,B2,2.0,0.7866666666666666,0.05084745762711865,0.03456196630525977,2,0.5932203389830508,0.4067796610169492,0,1,0,0,0,1,0,1,1
KH0265,T1,Ica & Paracas,"Ica Valley (Site T, Grave M)",2,B3,7.0,0.8157894736842105,0.1935483870967742,0.10515167597191712,0,0.6666666666666666,0.1282051282051282,1,1,0,0,0,0,0,0,0
KH0266,T1,Ica & Paracas,"Ica Valley (Site T, Grave M)",5,B6,30.0,1.0,1.0,0.13265976555739162,1,0.0,0.0,0,0,0,0,0,0,0,0,0
KH0267,T2,,Unknown,3,B4,7.0,0.9308510638297872,0.34285714285714286,0.02537028656031293,3,0.5102880658436214,0.13168724279835392,1,1,1,1,1,0,1,1,1
KH0268,T1,Arica & N. Chile,"Arica, Chile (Playa Miller 6)",5,B6,10.0,1.0,0.6363636363636364,0.14666958704805125,2,0.22727272727272727,0.13636363636363635,0,0,0,0,0,0,0,0,0
KH0269,T1,,Unknown,2,B3,2.0,0.8771929824561403,0.02,0.011699302454298365,1,0.8626373626373627,0.07692307692307693,1,1,1,0,1,1,0,0,1
KH0270,T1,,Unknown,5,B6,79.0,0.7948717948717948,0.3548387096774194,0.141488496511505,0,0.3717948717948718,0.02564102564102564,1,0,0,0,0,0,0,0,0
KH0271,T1,Southern Highlands,Huari,2,B3,13.0,1.0,0.31868131868131866,0.051297828525151544,0,0.7971698113207547,0.0,1,1,1,0,1,0,0,0,0
KH0272,T1,Nazca & Far South,Nazca,2,B3,4.0,0.46938775510204084,0.17391304347826086,0.13784973442447554,1,0.7916666666666666,0.125,0,0,0,0,0,0,0,0,0
KH0273,T1,,Unknown,2,B3,4.0,0.8372093023255814,0.2222222222222222,0.09671790132620084,0,0.7441860465116279,0.046511627906976744,1,1,1,0,0,0,0,0,1
KH0274,T1,,Unknown,2,B3,8.0,0.84,0.19047619047619047,0.18023532511607815,0,0.5806451612903226,0.03225806451612903,1,1,1,0,0,1,0,0,0
KH0275,T1,,Unknown,1,B2,2.0,0.68125,0.01834862385321101,0.02671075294166468,1,0.5887096774193549,0.3225806451612903,1,1,1,0,1,0,1,1,1
KH0276,T1,Central Coast,Lima (Pueblo Libre),3,B4,47.5,0.7289719626168224,0.4230769230769231,0.07009975929658745,2,0.38028169014084506,0.035211267605633804,1,0,1,1,0,0,0,0,0
KH0277,T1,Central Coast,Lima (Pueblo Libre),5,B6,10.0,1.0,0.9361702127659575,0.01874424800339861,0,0.058823529411764705,0.0,1,1,1,0,1,0,0,0,0
KH0278,T1,Central Coast,Lima (Pueblo Libre),3,B4,2.0,0.8360655737704918,0.13725490196078433,0.0665339721195766,2,0.5166666666666667,0.26666666666666666,1,1,1,1,0,0,0,1,0
KH0279,T2,,Unknown,3,B4,41.0,0.6574923547400612,0.3674418604651163,0.02956714995942492,3,0.33163265306122447,0.07397959183673469,1,1,1,1,1,0,1,0,1
KH0280,T1,,Unknown,2,B3,17.0,1.0,0.20121951219512196,0.018771336529641813,0,1.0,0.0,1,1,0,0,1,0,0,0,0
KH0281,T1,,Unknown,2,B3,9.0,0.8775510204081632,0.18604651162790697,0.03833074975316906,1,1.0,0.0,1,1,0,0,1,1,0,0,0
KH0282,T1,,Unknown,2,B3,20.0,0.9795918367346939,0.15625,0.04713779154844502,0,1.0,0.0,1,1,1,0,1,1,0,0,1
KH0283,T1,,Unknown,5,B6,442.5,0.9818181818181818,0.12962962962962962,0.106571990780805,1,0.2903225806451613,0.04516129032258064,1,0,0,0,0,0,0,0,0
KH0284,T1,,Unknown,2,B3,16.5,1.0,0.12962962962962962,0.08581433474068813,1,0.5154639175257731,0.020618556701030927,1,0,0,0,0,0,0,0,0
KH0285,T1,,Unknown,2,B3,16.0,1.0,0.18032786885245902,0.07672515524155928,0,0.47619047619047616,0.05714285714285714,1,0,0,0,0,0,0,0,0
KH0286,T1,,Unknown,2,B3,29.0,1.0,0.2222222222222222,0.07337197089562485,0,0.41379310344827586,0.041379310344827586,1,0,0,0,0,0,0,0,0
KH0287,T1,,Unknown,2,B3,7.0,1.0,0.1619047619047619,0.04230146090881127,1,0.5857142857142857,0.12142857142857143,1,0,1,1,0,0,0,1,0
KH0288,T1,,Unknown,2,B3,15.0,0.991304347826087,0.2631578947368421,0.03250155100408049,0,0.9968051118210862,0.0,1,1,1,0,1,0,0,0,0
KH0289,T1,,Unknown,2,B3,27.5,0.9777777777777777,0.18181818181818182,0.02698918774697102,0,0.9762237762237762,0.0013986013986013986,1,1,1,0,1,0,0,0,0
KH0290,T1,,Unknown,2,B3,5.0,0.8571428571428571,0.19444444444444445,0.10540704093178728,1,0.6428571428571429,0.14285714285714285,1,0,1,1,0,0,0,0,0
KH0291,T1,,Unknown,2,B3,5.0,0.7631578947368421,0.27586206896551724,0.1333252810422546,0,0.575,0.1,1,1,0,0,0,0,0,0,0
KH0292,T1,,Unknown,2,B3,6.0,0.7083333333333334,0.058823529411764705,0.19630443183076918,0,0.5217391304347826,0.17391304347826086,1,0,0,0,0,0,0,0,0
KH0293,T1,Ica & Paracas,Atarco,2,B3,3.0,1.0,0.11904761904761904,0.05748676560656365,1,0.75,0.11363636363636363,1,0,1,0,0,1,0,1,0
KH0294,T2,Arica & N. Chile,"Arica, Chile (Playa Miller 6)",3,B4,4.0,0.7927272727272727,0.44954128440366975,0.014775567993763592,3,0.2073170731707317,0.3983739837398374,0,1,0,1,0,1,0,0,1
KH0295,T2,,Unknown,3,B4,10.0,0.6015625,0.4935064935064935,0.02401108917701475,3,0.23333333333333334,0.2777777777777778,1,0,0,1,0,0,0,0,0
KH0296,T1,,Unknown,2,B3,4.0,0.7279411764705882,0.21212121212121213,0.03910698701295534,1,0.568,0.144,1,1,1,1,0,1,0,0,0
KH0297,T1,Central Coast,Huaquerones,1,B2,1.0,0.7456140350877193,0.10588235294117647,0.019151151970602798,1,0.3218390804597701,0.6551724137931034,1,1,0,0,0,1,0,1,1
KH0298,T1,Central Coast,Huaquerones,2,B3,29.0,0.7560975609756098,0.03225806451612903,0.1374300838893509,0,0.46296296296296297,0.09259259259259259,1,1,1,0,0,0,0,0,1
KH0299,T1,Central Coast,Huaquerones,5,B6,128.0,0.9565217391304348,0.2727272727272727,0.19856920580582751,1,0.3137254901960784,0.0392156862745098,1,0,0,0,0,0,0,0,0
KH0300,T1,,Unknown,1,B2,2.0,0.5135135135135135,0.03508771929824561,0.05282346523879923,0,0.37662337662337664,0.4025974025974026,1,1,1,0,0,0,0,0,1
KH0301,T1,Central Coast,Huaquerones,1,B2,3.0,0.6621621621621622,0.04081632653061224,0.06984489977471191,1,0.4492753623188406,0.2753623188405797,1,1,1,0,0,0,0,0,0
KH0302,T1,Central Coast,Huaquerones,1,B2,2.0,0.6666666666666666,0.0,0.2028195311147832,0,0.0,1.0,0,0,0,0,0,0,0,0,0
KH0303,T1,Central Coast,Huaquerones,2,B3,4.5,0.6285714285714286,0.09090909090909091,0.16218565110657798,1,0.48484848484848486,0.18181818181818182,1,1,0,0,0,0,0,0,1
KH0304,T1,Central Coast,Huaquerones,2,B3,5.0,0.6285714285714286,0.045454545454545456,0.16218565110657798,1,0.42857142857142855,0.2,1,0,0,0,0,0,0,0,1
KH0305,T1,,Unknown,2,B3,3.0,0.6986301369863014,0.058823529411764705,0.07080902612909745,0,0.4722222222222222,0.25,1,1,1,0,0,0,0,0,1
KH0306,T1,Central Coast,Huaquerones,2,B3,7.0,0.696969696969697,0.30434782608695654,0.15196680630417406,1,0.36666666666666664,0.26666666666666666,1,1,0,0,0,0,0,0,0
KH0307,T1,Central Coast,Huaquerones,0,B1,0.0,0.0,0.0,0.0,0,0.0,0.0,0,0,0,0,0,0,0,0,0
KH0308,T1,Central Coast,Huaquerones,0,B1,0.0,0.0,0.0,0.0,0,0.0,0.0,0,0,0,0,0,0,0,0,0
KH0309,T1,Central Coast,Huaquerones,2,B3,3.0,0.9696969696969697,0.125,0.051063204409778566,1,0.7125,0.075,1,1,1,0,0,1,0,0,0
KH0310,T1,,Unknown,1,B2,2.0,0.4864864864864865,0.027777777777777776,0.08580608847891973,0,0.38461538461538464,0.34615384615384615,1,0,0,0,0,0,0,0,0
KH0311,T1,Central Coast,Huaquerones,1,B2,1.0,0.8987341772151899,0.056338028169014086,0.019572561465471764,1,0.13414634146341464,0.7073170731707317,1,1,1,0,0,0,0,0,1
KH0312,T1,Central Coast,Huaquerones,2,B3,4.0,0.9230769230769231,0.0,0.10672267746007393,0,1.0,0.0,0,0,0,0,0,0,0,0,0
KH0313,T1,Central Coast,Huaquerones,2,B3,3.0,1.0,0.125,0.11071950956739122,0,0.8461538461538461,0.15384615384615385,0,1,0,0,0,0,0,0,0
KH0314,T1,,Unknown,2,B3,2.5,0.48,0.16666666666666666,0.20492899308560375,1,0.5833333333333334,0.25,0,0,0,0,0,0,0,0,0
KH0315,T1,Central Coast,Huaquerones,4,B5,5.0,0.6363636363636364,0.14285714285714285,0.3040121826987706,0,0.36363636363636365,0.36363636363636365,0,0,0,0,0,0,0,0,0
KH0316,T1,Central Coast,Huaquerones,2,B3,5.0,0.8387096774193549,0.3076923076923077,0.12587576507826131,1,0.8064516129032258,0.0,1,1,0,1,0,0,0,0,0
KH0317,T1,Central Coast,Huaquerones,4,B5,5.0,0.5,0.5714285714285714,0.23778539702863735,0,0.75,0.125,1,1,1,0,0,0,0,0,0
KH0318,T1,Central Coast,Huaquerones,4,B5,2.0,0.42857142857142855,0.0,0.5283208335737187,1,0.6666666666666666,0.3333333333333333,0,0,0,0,0,0,0,0,0
KH0319,T1,Central Coast,Huaquerones,0,B1,0.0,0.0,0.0,0.0,0,0.0,0.0,0,0,0,0,0,0,0,0,0
KH0320,T1,Arica & N. Chile,"Arica, Chile (Playa Miller 6)",5,B6,10.0,0.7391304347826086,0.6470588235294118,0.1729311186744942,2,0.17647058823529413,0.23529411764705882,0,0,0,0,0,0,0,0,0
KH0321,T1,,Unknown,2,B3,51.0,0.9377289377289377,0.1875,0.025049923430570924,1,0.36217303822937624,0.0925553319919517,1,1,1,1,0,0,1,0,0
KH0322,T1,,Unknown,2,B3,14.0,0.8691588785046729,0.2903225806451613,0.05428333524325965,0,0.49635036496350365,0.043795620437956206,1,1,1,0,1,0,0,0,1
KH0323,T2,North Peru Coast,Santa,1,B2,1.0,0.8675675675675676,0.06230529595015576,0.007933433245068924,1,0.3269230769230769,0.521978021978022,1,1,1,0,1,0,1,1,0
KH0324,T1,North Peru Coast,Santa,2,B3,9.0,0.8725490196078431,0.20224719101123595,0.051288091524620334,1,0.48872180451127817,0.11278195488721804,1,0,0,1,0,0,0,0,0
KH0325,T2,North Peru Coast,Santa,2,B3,4.0,0.8263888888888888,0.226890756302521,0.017139772726664008,1,0.6382252559726962,0.1296928327645051,1,1,1,1,1,1,0,1,0
KH0326,T1,North Peru Coast,Santa,2,B3,10.0,0.9389312977099237,0.2764227642276423,0.038049611836305626,1,0.5193370165745856,0.07734806629834254,1,1,1,1,0,0,0,0,0
KH0327,T1,North Peru Coast,Santa,2,B3,5.0,0.648,0.2345679012345679,0.04644554734614163,1,0.7446808510638298,0.07446808510638298,1,1,1,0,0,0,0,1,0
KH0328,T1,North Peru Coast,Santa,1,B2,2.0,0.819672131147541,0.02,0.04818801403033789,1,0.6,0.4,0,0,0,0,0,0,0,0,0
KH0329,T2,,Unknown,1,B2,1.0,0.2754686226568867,0.0621301775147929,0.006928893688430974,2,0.40057636887608067,0.5302593659942363,1,1,1,1,1,0,1,1,1
KH0330,T1,,Unknown,3,B4,175.0,0.6956521739130435,0.4375,0.10701754558606276,3,0.26595744680851063,0.06382978723404255,0,0,0,0,0,0,0,0,1
KH0331,T1,,Unknown,2,B3,13.0,0.9230769230769231,0.16666666666666666,0.17584064672768107,0,0.6458333333333334,0.020833333333333332,1,0,0,0,0,0,0,0,0
KH0332,T1,,Unknown,3,B4,3.0,0.8771929824561403,0.1,0.06973773522270876,3,0.5555555555555556,0.20833333333333334,0,0,0,0,0,0,0,0,0
KH0333,T2,,Unknown,1,B2,2.0,0.6652173913043479,0.032679738562091505,0.016614866028870415,3,0.42441860465116277,0.4941860465116279,1,1,1,1,0,0,0,1,0
KH0334,T1,,Unknown,4,B5,17.0,0.5555555555555556,0.2,0.46438561897747255,1,0.5555555555555556,0.0,0,0,0,0,0,0,0,0,0
KH0335,T1,,Unknown,4,B5,12.5,1.0,0.5,0.5,0,0.6,0.0,0,0,0,0,0,0,0,0,0
KH0336,T1,,Unknown,4,B5,8.0,0.8,0.25,0.5,1,0.6,0.0,0,0,0,0,0,0,0,0,0
KH0337,T1,,Unknown,4,B5,67.0,1.0,0.0,0.5283208335737187,0,0.5,0.0,0,0,0,0,0,0,0,0,0
KH0338,T1,,Unknown,2,B3,4.5,0.6133333333333333,0.13043478260869565,0.0782393785281861,1,0.48214285714285715,0.25,1,1,1,0,0,0,0,0,0
KH0339,T1,,Unknown,5,B6,10.0,0.6181818181818182,1.0,0.03526150859069477,2,0.0,0.0,0,0,0,0,0,0,0,0,0
KH0340,T1,,Unknown,3,B4,8.0,0.9354838709677419,0.20689655172413793,0.1348057953084098,2,0.48717948717948717,0.1794871794871795,1,0,0,1,0,0,0,0,0
KH0341,T1,,Unknown,5,B6,687.5,1.0,0.75,0.5,0,0.2,0.0,0,0,0,0,0,0,0,0,0
KH0342,T1,,Unknown,4,B5,23.0,1.0,0.3,0.3121928094887363,0,0.65,0.0,1,0,0,0,0,0,0,0,0
KH0343,T1,,Unknown,2,B3,4.5,0.9285714285714286,0.38461538461538464,0.11884190782654022,1,0.6666666666666666,0.06666666666666667,1,1,1,0,0,0,0,0,0
KH0344,T1,,Unknown,5,B6,278.0,1.0,0.42857142857142855,0.40105070315108643,0,0.29411764705882354,0.0,0,0,0,0,0,0,0,0,0
KH0345,T1,,Unknown,3,B4,4.5,0.36363636363636365,0.25,0.2709690972823186,2,0.5333333333333333,0.26666666666666666,0,0,0,0,0,0,0,0,0
KH0346,T1,,Unknown,2,B3,8.0,0.9550561797752809,0.16470588235294117,0.0386370101206633,0,0.9856115107913669,0.0,1,1,1,0,1,1,0,0,1
KH0347,T1,,Unknown,2,B3,5.0,0.436241610738255,0.3384615384615385,0.05726785702322857,0,0.56,0.09333333333333334,1,0,0,0,0,0,0,0,0
KH0348,T1,,Unknown,2,B3,6.5,1.0,0.32894736842105265,0.04061322054131418,0,0.9829059829059829,0.0,1,1,1,0,1,1,0,0,1
KH0349,T2,Nazca & Far South,Nazca,3,B4,5.0,0.8348729792147807,0.27247579529737204,0.0061921746178523855,3,0.4612794612794613,0.1941638608305275,1,1,1,1,1,1,1,1,1
KH0350,T2,Nazca & Far South,Nazca,2,B3,3.0,0.47307692307692306,0.15447154471544716,0.02640796046836886,1,0.6434108527131783,0.24031007751937986,1,1,1,1,1,1,0,1,0
KH0351,T1,Central Coast,Pachacamac,3,B4,6.0,0.34545454545454546,0.3684210526315789,0.17507160041856284,2,0.4782608695652174,0.21739130434782608,1,0,0,0,0,0,0,0,0
KH0352,T1,,Unknown,1,B2,2.0,0.7707006369426752,0.09917355371900827,0.022479375593177326,2,0.5343511450381679,0.37404580152671757,1,1,1,1,0,0,0,1,0
KH0353,T1,,Unknown,1,B2,2.0,0.7906976744186046,0.11764705882352941,0.07375812780029271,1,0.5263157894736842,0.3684210526315789,1,0,0,0,0,0,0,0,0
KH0354,T1,Ica & Paracas,Paracas,2,B3,2.0,0.6875,0.0,0.20284275041887054,1,0.7272727272727273,0.2727272727272727,0,0,0,0,0,0,0,0,0
KH0355,T1,Ica & Paracas,Paracas,1,B2,1.5,0.8333333333333334,0.0,0.17609640474436813,1,0.45454545454545453,0.5454545454545454,0,0,0,0,0,0,0,0,1
KH0356,T1,Ica & Paracas,Paracas,1,B2,3.0,0.30434782608695654,0.14285714285714285,0.3040121826987706,1,0.3333333333333333,0.5555555555555556,1,1,0,0,0,0,0,0,0
KH0357,T1,Ica & Paracas,Paracas,2,B3,3.5,0.9166666666666666,0.2727272727272727,0.13739226267682592,0,0.7083333333333334,0.16666666666666666,1,1,1,0,0,0,0,0,1
KH0358,T2,Ica & Paracas,Paracas,3,B4,22.0,0.8753894080996885,0.19572953736654805,0.021567549945059543,2,0.43280632411067194,0.09090909090909091,1,1,1,1,1,0,1,0,0
KH0359,T2,Ica & Paracas,Paracas,3,B4,30.0,0.8453947368421053,0.1556420233463035,0.024156275124411684,2,0.41260162601626016,0.0975609756097561,1,1,1,1,0,0,1,0,0
KH0360,T1,Central Coast,Huacho,3,B4,16.0,0.6363636363636364,0.30612244897959184,0.09431476380615915,3,0.3783783783783784,0.33783783783783783,1,1,1,1,0,0,0,0,0
KH0361,T1,Nazca & Far South,Nazca,2,B3,3.0,0.8,0.1875,0.1038586518635307,1,0.47368421052631576,0.2894736842105263,1,0,0,0,0,0,0,0,0
KH0362,T2,Nazca & Far South,Nazca,3,B4,16.0,0.7339449541284404,0.35,0.03514225082730577,2,0.3055555555555556,0.1076388888888889,1,1,0,0,0,0,1,0,0
KH0363,T1,Central Coast,Pachacamac,2,B3,5.0,0.7230769230769231,0.2978723404255319,0.07182403986975205,1,0.6811594202898551,0.028985507246376812,1,1,0,0,0,0,0,0,0
KH0364,T1,Central Coast,Pachacamac,4,B5,11.0,0.22727272727272727,0.5,0.29219280948873627,1,0.42857142857142855,0.0,0,0,0,1,0,0,0,0,0
KH0365,T1,Ica & Paracas,Paracas,4,B5,23.5,1.0,0.375,0.21875,0,0.42105263157894735,0.05263157894736842,0,0,0,0,0,0,0,0,0
KH0366,T1,,Unknown,2,B3,3.0,0.7083333333333334,0.23529411764705882,0.1768939111579775,0,0.6842105263157895,0.05263157894736842,1,0,0,0,0,1,0,0,0
KH0367,T1,,Unknown,4,B5,19.0,0.4222222222222222,0.21052631578947367,0.2124947998765322,1,0.45454545454545453,0.09090909090909091,1,1,0,0,0,0,0,0,1
KH0368,T1,,Unknown,4,B5,9.0,0.7857142857142857,0.0,0.28143593227281216,0,0.5,0.1,0,0,1,0,0,0,0,0,0
KH0369,T1,Arica & N. Chile,"Arica, Chile (Playa Miller 6)",3,B4,10.0,0.6825396825396826,0.5465116279069767,0.048745166094152616,2,0.40186915887850466,0.07476635514018691,1,0,1,1,0,0,0,0,0
KH0370,T1,Arica & N. Chile,Lluta Valley,3,B4,20.0,0.7415730337078652,0.5151515151515151,0.07510458548366405,2,0.39316239316239315,0.05128205128205128,1,1,1,1,0,0,0,0,1
KH0371,T1,Arica & N. Chile,Lluta Valley,3,B4,14.5,0.6857142857142857,0.3611111111111111,0.07126555026704769,2,0.376,0.056,1,1,0,1,0,0,0,1,1
KH0372,T1,Arica & N. Chile,Lluta Valley,3,B4,26.0,0.68,0.4117647058823529,0.07570786553289272,2,0.3275862068965517,0.10344827586206896,1,0,1,1,0,0,0,0,1
KH0373,T1,Arica & N. Chile,"Arica, Chile (Playa Miller 6)",1,B2,5.5,0.7017543859649122,0.375,0.07322146836412687,1,0.25,0.36363636363636365,1,0,0,0,0,0,0,0,0
KH0374,T1,Central Coast,Chancay (Central Coast),1,B2,1.0,1.0,0.0,0.03009565874071197,0,0.07692307692307693,0.9230769230769231,1,0,0,0,0,0,0,0,0
KH0375,T1,Central Coast,Chancay (Central Coast),4,B5,5.0,0.75,0.3333333333333333,0.3752715278979705,1,0.8571428571428571,0.0,0,0,0,0,0,0,0,0,0
KH0376,T1,Central Coast,Chancay (Central Coast),4,B5,39.0,1.0,0.0,0.3043856189774725,2,0.6,0.0,0,0,0,0,0,0,0,0,0
KH0377,T1,Central Coast,Chancay (Central Coast),3,B4,12.0,0.8484848484848485,0.2857142857142857,0.15190837093531376,2,0.5476190476190477,0.047619047619047616,1,0,0,0,0,0,0,1,0
KH0378,T1,Southern Highlands,Cuzco,2,B3,14.0,0.5625,0.16666666666666666,0.21081408186357456,1,0.36666666666666664,0.16666666666666666,0,0,0,0,0,0,0,0,0
KH0379,T1,Ica & Paracas,Ica Valley (Hda. Callango / Ocucaje),2,B3,5.0,0.22115384615384615,0.13043478260869565,0.14181923436797245,1,0.6666666666666666,0.16666666666666666,1,0,0,0,0,0,0,0,0
KH0380,T1,Ica & Paracas,Ica Valley (Hda. Callango / Ocucaje),1,B2,1.0,0.5106382978723404,0.0,0.060887522754478625,1,0.25,0.75,0,0,0,0,0,1,0,0,0
KH0381,T1,,Unknown,5,B6,17.0,0.8787878787878788,0.5862068965517241,0.13051371388815203,1,0.13953488372093023,0.13953488372093023,1,1,0,0,0,0,0,0,0
KH0382,T2,Ica & Paracas,Ica Valley (Hda. Callango / Ocucaje),3,B4,10.5,0.928,0.14655172413793102,0.045222004223579665,2,0.4117647058823529,0.12254901960784313,0,0,0,1,0,0,0,0,0
KH0383,T2,Ica & Paracas,Ica Valley (Hda. Callango / Ocucaje),3,B4,16.0,0.8421052631578947,0.21428571428571427,0.049706145236755976,2,0.4321608040201005,0.08542713567839195,1,0,0,1,0,0,0,0,0
KH0384,T1,Cañete–Pisco,Pisco Valley,2,B3,6.0,1.0,0.10416666666666667,0.03001158985158438,0,0.9512195121951219,0.0,1,1,1,0,0,0,0,0,0
KH0385,T1,Nazca & Far South,Acari,2,B3,24.0,0.9482758620689655,0.2727272727272727,0.08874876338496838,1,0.42574257425742573,0.039603960396039604,1,1,1,0,1,0,1,0,0
KH0386,T1,,Belli Collection,3,B4,17.0,0.6263736263736264,0.5087719298245614,0.08213268017911664,3,0.3333333333333333,0.010416666666666666,1,1,1,1,1,0,0,0,0
KH0387,T1,,Unknown,5,B6,380.0,0.423728813559322,0.76,0.1717464275875274,2,0.15,0.0,1,1,1,0,0,0,0,0,1
KH0388,T1,,Unknown,4,B5,10.5,0.7272727272727273,0.125,0.30070488277869584,1,0.4166666666666667,0.16666666666666666,1,0,0,1,0,0,0,1,0
KH0389,T2,Cañete–Pisco,Hda. Ullujalla / Callengo,3,B4,10.0,0.7272727272727273,0.24479166666666666,0.025611150687047165,2,0.4601449275362319,0.12318840579710146,1,1,1,1,1,0,1,0,0
KH0390,T1,,Unknown,2,B3,10.0,1.0,0.24,0.14693078758060427,1,0.6486486486486487,0.0,1,0,0,0,1,0,0,0,0
KH0391,T1,Ica & Paracas,Ica Valley (Hda. Callango / Ocucaje),5,B6,40.0,0.95,1.0,0.17716270153258906,1,0.0,0.0,1,0,0,0,0,0,0,0,0
KH0392,T1,Cañete–Pisco,Hda. Ullujalla / Callengo,5,B6,20.0,0.5151515151515151,0.7058823529411765,0.18246360138094225,1,0.12,0.12,1,0,0,0,0,0,0,0,1
KH0393,T1,,Unknown,5,B6,520.0,0.5606060606060606,0.7297297297297297,0.13440094012133505,2,0.17391304347826086,0.0,1,0,0,0,0,0,0,0,1
KH0394,T1,Ica & Paracas,Ica Valley (Hda. Callango / Ocucaje),5,B6,227.5,0.9,0.5,0.2254896605739557,0,0.2222222222222222,0.05555555555555555,1,0,0,0,0,0,0,0,0
KH0395,T1,Ica & Paracas,Ica Valley (Hda. Callango / Ocucaje),5,B6,17.0,0.6857142857142857,0.5833333333333334,0.1480628689499033,1,0.3333333333333333,0.030303030303030304,1,0,0,0,0,1,0,0,0
KH0396,T1,Cañete–Pisco,Tambo Colorado,2,B3,6.0,0.7857142857142857,0.09090909090909091,0.21937167603870525,1,0.9090909090909091,0.0,0,0,0,0,0,0,0,0,0
KH0397,T1,Cañete–Pisco,Tambo Colorado,4,B5,6.5,1.0,0.1,0.29219280948873627,0,1.0,0.0,1,0,0,0,0,0,0,0,0
KH0398,T1,Cañete–Pisco,Tambo Colorado,0,B1,0.0,0.0,0.0,0.0,1,0.0,0.0,0,0,0,0,0,0,0,0,0
KH0399,T1,Cañete–Pisco,Tambo Colorado,4,B5,7.0,0.6,0.0,0.5283208335737187,0,0.5,0.25,0,0,0,0,0,0,0,0,0
KH0400,T1,,Unknown,2,B3,9.5,0.88,0.22727272727272727,0.1606259661847526,1,0.65625,0.0,1,0,0,1,1,0,0,0,0
KH0401,T1,,Unknown,5,B6,3401.5,0.6666666666666666,0.5,0.3321928094887362,0,0.0967741935483871,0.06451612903225806,0,0,0,0,0,0,0,0,0
KH0402,T1,Ica & Paracas,Ica Valley (Hda. Callango / Ocucaje),5,B6,1150.0,0.8235294117647058,1.0,0.24769429289103567,0,0.0,0.0,1,0,0,0,0,0,0,0,0
KH0403,T1,,Unknown,5,B6,1110.0,1.0,0.7142857142857143,0.40105070315108643,0,0.05555555555555555,0.05555555555555555,0,0,0,0,0,0,0,0,0
KH0404,T2,Central Coast,La Molina,3,B4,120.0,0.7733333333333333,0.3563218390804598,0.037308769605174666,3,0.28735632183908044,0.04597701149425287,1,1,0,1,0,0,1,1,1
KH0405,T1,Central Coast,Chancay / Huando (Gaffron),5,B6,134.5,0.9333333333333333,0.2857142857142857,0.16914022680817978,0,0.3125,0.046875,1,0,0,0,1,0,0,0,0
KH0406,T1,Ica & Paracas,Ica / Cajamarquilla,1,B2,1.0,0.65,0.15384615384615385,0.06679405716820529,1,0.15151515151515152,0.6666666666666666,1,0,1,1,0,0,0,0,1
KH0407,T1,Ica & Paracas,Ica,2,B3,4.0,0.8421052631578947,0.25,0.17045106259140516,1,0.7058823529411765,0.0,1,0,0,0,0,0,0,0,1
KH0408,T1,Ica & Paracas,Ica Valley (near Callango),3,B4,3.0,0.8807947019867549,0.12030075187969924,0.024229703069266268,2,0.6111111111111112,0.2847222222222222,1,1,1,1,0,1,1,1,0
KH0409,T1,,Unknown,1,B2,1.0,0.7352941176470589,0.1,0.03490304513001055,0,0.34,0.5,0,0,0,0,0,1,0,0,0
KH0410,T1,,Unknown,4,B5,7.0,0.275,0.2727272727272727,0.2586682669656761,0,0.7368421052631579,0.10526315789473684,0,0,0,0,0,0,0,0,0
KH0411,T1,,Unknown,2,B3,5.0,0.8214285714285714,0.6086956521739131,0.1148975426473937,0,0.6086956521739131,0.08695652173913043,1,0,1,0,1,0,0,0,1
KH0412,T1,,Unknown,4,B5,20.0,1.0,0.42857142857142855,0.36023437662047414,0,0.6666666666666666,0.0,1,0,0,0,0,0,0,0,0
KH0413,T1,,Unknown,4,B5,15.0,1.0,0.2222222222222222,0.35221388904914586,1,0.4666666666666667,0.06666666666666667,1,0,0,0,0,0,0,0,0
KH0414,T1,,Unknown,4,B5,9.0,0.75,0.1111111111111111,0.30283117299976303,1,0.5833333333333334,0.08333333333333333,1,0,0,1,0,0,0,0,0
KH0415,T2,Central Coast,Chuquitanta,3,B4,5.0,0.9333333333333333,0.2619047619047619,0.04221892435523488,2,0.6923076923076923,0.019230769230769232,1,0,0,1,0,0,0,1,0
KH0416,T1,Central Coast,Cajamarquilla,2,B3,4.0,0.9333333333333333,0.07142857142857142,0.02651659476006255,0,0.0,0.0,0,0,0,0,0,0,0,0,0
KH0417,T1,Central Coast,Cajamarquilla,0,B1,0.0,0.0,0.0,0.0,0,0.0,0.0,0,0,0,0,0,0,0,0,0
KH0418,T1,Central Coast,Cajamarquilla,4,B5,2.0,0.25,0.0,0.5283208335737187,0,0.0,0.1891891891891892,0,0,0,0,0,0,0,0,0
KH0419,T1,Central Coast,Cajamarquilla,1,B2,3.0,1.0,0.125,0.21875,0,0.0,1.0,0,0,0,0,0,0,0,0,0
KH0420,T1,Central Coast,Chuquitanta,5,B6,100.0,0.8,0.5416666666666666,0.1654239800610144,0,0.3157894736842105,0.13157894736842105,1,1,1,0,0,0,0,0,0
KH0421,T1,Central Coast,Chancay (Central Coast),5,B6,305.0,0.9090909090909091,0.43333333333333335,0.15911857540917282,0,0.31666666666666665,0.016666666666666666,1,0,0,0,0,0,0,0,1
KH0422,T1,,Unknown,3,B4,2.5,0.8717948717948718,0.058823529411764705,0.09118530604945878,2,0.5121951219512195,0.3170731707317073,1,1,1,0,0,0,0,1,0
KH0423,T1,,Unknown,5,B6,215.0,0.75,0.25,0.26572682296173894,1,0.2647058823529412,0.0,0,0,0,0,0,0,0,0,0
KH0424,T1,Central Coast,Chancay (Hda. Huando),2,B3,19.0,0.7777777777777778,0.22448979591836735,0.09660954723153481,1,0.4157303370786517,0.0898876404494382,1,1,0,0,1,0,0,0,0
KH0425,T1,Ica & Paracas,Ica Valley (near Callango),3,B4,165.0,0.8345864661654135,0.24324324324324326,0.05572230405481874,2,0.29435483870967744,0.07661290322580645,1,0,0,0,0,0,0,0,0
KH0426,T1,,Unknown,5,B6,2278.5,0.9487179487179487,0.28378378378378377,0.07930611178007098,1,0.21942446043165467,0.0539568345323741,1,1,1,1,0,0,0,0,1
KH0427,T1,,Unknown,2,B3,6.0,0.9431818181818182,0.12048192771084337,0.05156636686783607,1,0.6106194690265486,0.13274336283185842,1,0,1,1,0,0,0,1,0
KH0428,T1,Central Coast,Lima (Huaca Pérez),2,B3,6.0,0.8609112709832134,0.3816155988857939,0.011159144192908893,1,0.47191011235955055,0.16853932584269662,1,1,1,1,0,1,0,1,1
KH0429,T1,Central Coast,Lima (Huaca Pérez),2,B3,4.0,0.6071428571428571,0.058823529411764705,0.17723946641787325,1,0.7,0.2,0,0,0,0,0,0,0,1,0
KH0430,T1,Central Coast,Lima (Huaca Pérez),2,B3,12.0,0.5428571428571428,0.2631578947368421,0.11550696331562713,1,0.4727272727272727,0.12727272727272726,1,1,0,1,0,0,0,0,0
KH0431,T2,Central Coast,Pachacamac (Fundort),3,B4,24.0,0.9823008849557522,0.18018018018018017,0.02620470820363032,3,0.508955223880597,0.0,1,0,1,1,0,0,1,1,0
KH0432,T1,Ica & Paracas,Ica,3,B4,8.0,0.5916666666666667,0.16901408450704225,0.05917027110220028,2,0.4803921568627451,0.17647058823529413,1,0,0,1,0,0,0,1,0
KH0433,T1,Central Coast,Huacho,2,B3,3.0,0.7964071856287425,0.2781954887218045,0.025772320708088874,1,0.46835443037974683,0.2468354430379747,1,1,1,1,1,1,1,1,1
KH0434,T1,Central Coast,Pachacamac,1,B2,3.0,0.5378787878787878,0.08450704225352113,0.04406117014611743,1,0.5510204081632653,0.336734693877551,1,1,1,0,1,0,0,1,1
KH0435,T1,Central Coast,Pachacamac,5,B6,20.0,0.7330508474576272,0.6127167630057804,0.026796018180381655,1,0.24545454545454545,0.08636363636363636,1,1,1,1,0,1,0,1,0
KH0436,T2,Nazca & Far South,Nazca (Santa Clara),1,B2,2.0,0.8130081300813008,0.06,0.009580555320046475,2,0.5,0.38764044943820225,1,1,1,0,1,1,1,1,0
KH0437,T1,Central Coast,Pachacamac,2,B3,8.0,0.7777777777777778,0.061224489795918366,0.03926920103884285,0,0.6492537313432836,0.05970149253731343,1,1,1,0,1,0,0,0,0
KH0438,T1,Central Coast,Pachacamac,5,B6,345.0,0.7906976744186046,0.3088235294117647,0.08676310244439008,0,0.2916666666666667,0.015625,1,0,0,0,0,0,0,0,0
KH0439,T1,Central Coast,Pachacamac,5,B6,326.0,0.7737226277372263,0.33962264150943394,0.060199775781553555,2,0.3246268656716418,0.011194029850746268,1,1,0,0,1,0,0,0,0
KH0440,T1,Central Coast,Pachacamac,5,B6,22.0,0.6814159292035398,0.8571428571428571,0.04850062928464698,2,0.15841584158415842,0.0,1,1,1,0,0,0,0,1,1
KH0441,T1,Central Coast,Pachacamac,3,B4,13.0,0.9281437125748503,0.16774193548387098,0.03294233872139913,2,0.2644628099173554,0.256198347107438,1,1,1,1,0,0,0,0,0
KH0442,T1,Ica & Paracas,Ica,3,B4,10.0,0.810126582278481,0.296875,0.06501867448329829,2,0.5,0.14893617021276595,1,1,1,1,1,0,0,0,1
KH0443,T1,Ica & Paracas,Ica,3,B4,6.5,0.92,0.21739130434782608,0.07954131023998358,2,0.5,0.21428571428571427,1,1,0,1,0,0,1,0,1
KH0444,T1,Ica & Paracas,Ica,4,B5,15.0,0.9166666666666666,0.2727272727272727,0.29796485789264693,1,0.4444444444444444,0.1111111111111111,0,0,0,0,0,0,0,0,0
KH0445,T1,North Peru Coast,Pacasmayo,3,B4,12.0,0.725609756097561,0.3697478991596639,0.04485059961037266,2,0.441025641025641,0.06666666666666667,1,1,0,1,0,0,1,0,0
KH0446,T1,Central Coast,Pachacamac,5,B6,25.5,0.631578947368421,0.8083333333333333,0.03524509633255783,1,0.17880794701986755,0.006622516556291391,1,1,1,1,1,0,0,1,1
KH0447,T1,Cañete–Pisco,Pisco,1,B2,3.5,0.5957446808510638,0.21428571428571427,0.05802676271263294,1,0.4444444444444444,0.30158730158730157,1,1,0,0,0,1,0,1,0
KH0448,T1,Ica & Paracas,Ica / Pisco,1,B2,2.0,0.4050632911392405,0.03125,0.07634507823925646,1,0.37209302325581395,0.37209302325581395,1,0,0,0,1,0,0,0,0
KH0449,T1,Ica & Paracas,Ica / Pisco,2,B3,1.0,0.8736842105263158,0.04819277108433735,0.02479154602719381,0,0.0,0.009009009009009009,1,1,0,0,0,0,0,0,0
KH0450,T1,Central Coast,Pachacamac,2,B3,11.0,0.826530612244898,0.14814814814814814,0.03325497865886993,1,0.48120300751879697,0.10150375939849623,1,1,1,0,0,0,0,0,0
KH0451,T1,Central Coast,Pachacamac,3,B4,13.5,0.8292682926829268,0.22058823529411764,0.03979629599497109,2,0.45982142857142855,0.07142857142857142,1,0,1,1,0,0,0,0,0
KH0452,T1,Central Coast,Pachacamac,2,B3,4.0,0.8823529411764706,0.3333333333333333,0.19152703968800375,0,0.6875,0.1875,1,0,1,0,0,0,0,0,0
KH0453,T2,Central Coast,Chancay,3,B4,3.0,0.8507462686567164,0.14035087719298245,0.015721115140154656,3,0.445993031358885,0.23344947735191637,1,0,0,1,0,0,0,1,0
KH0454,T2,Central Coast,Pachacamac,3,B4,48.0,0.3609467455621302,0.03278688524590164,0.03350849690003118,3,0.5648148148148148,0.0,0,0,0,0,0,0,0,0,0
KH0455,T1,Ica & Paracas,Ocucaje,3,B4,20.0,0.6638655462184874,0.34177215189873417,0.06743522691815798,2,0.42857142857142855,0.027210884353741496,1,0,1,1,0,0,0,0,0
KH0456,T1,Central Coast,Pachacamac,2,B3,24.5,1.0,0.3709677419354839,0.07658409763548889,0,0.3543307086614173,0.0,1,0,1,0,0,0,0,0,0
KH0457,T1,Ica & Paracas,Ica,5,B6,60.0,0.8923076923076924,1.0,0.027798076927239155,0,0.0,0.0,1,0,0,0,0,0,0,0,0
KH0458,T1,Ica & Paracas,Ica,4,B5,22.0,0.8888888888888888,0.375,0.26945488277869584,0,0.6,0.0,1,0,0,0,0,0,0,0,0
KH0459,T1,Ica & Paracas,Ica,5,B6,50.0,0.8,0.75,0.19359936758692484,0,0.18181818181818182,0.0,1,0,0,0,0,0,0,0,0
KH0460,T1,Ica & Paracas,Ica,2,B3,4.0,0.8448275862068966,0.2857142857142857,0.07533608971433474,1,0.6428571428571429,0.08928571428571429,1,1,1,0,0,0,0,1,0
KH0461,T1,Ica & Paracas,Ica,2,B3,14.0,0.8875,0.39436619718309857,0.06012044396591832,0,0.46218487394957986,0.01680672268907563,1,1,1,0,1,0,0,0,0
KH0462,T1,,Unknown,2,B3,15.0,0.8695652173913043,0.45,0.1842091859889594,0,0.5,0.03333333333333333,1,0,0,0,0,0,0,0,0
KH0463,T1,Central Coast,Pachacamac,5,B6,139.0,0.9148936170212766,0.2558139534883721,0.12511053783244466,1,0.3333333333333333,0.020202020202020204,1,1,1,1,0,0,0,0,1
KH0464,T1,Cañete–Pisco,Pisco,5,B6,40.0,0.7083333333333334,1.0,0.1469457380366848,0,0.0,0.0,1,0,1,0,0,0,0,0,0
KH0465,T1,Cañete–Pisco,Pisco,5,B6,30.0,0.5866666666666667,0.9772727272727273,0.06730453937076762,0,0.022222222222222223,0.0,1,0,1,0,1,0,0,0,0
KH0466,T1,Ica & Paracas,Ica,2,B3,21.0,0.5154639175257731,0.14,0.05338821255134544,1,0.4245810055865922,0.08379888268156424,1,1,1,0,0,0,0,0,0
KH0467,T1,Central Coast,Pachacamac,3,B4,6.0,0.847457627118644,0.18,0.08060394848025411,2,0.4657534246575342,0.2328767123287671,1,0,1,0,0,1,0,0,0
KH0468,T2,Ica & Paracas,Ica / Pisco,2,B3,34.0,0.23769633507853402,0.2026431718061674,0.02896865195710029,1,0.39166666666666666,0.041666666666666664,1,1,1,1,1,0,0,0,1
KH0469,T1,Central Coast,Huacho,2,B3,20.0,0.5671641791044776,0.42105263157894735,0.06690423528874731,1,0.3944954128440367,0.05504587155963303,1,1,1,0,1,0,0,0,1
KH0470,T1,Central Coast,Huacho,5,B6,30.5,0.6527777777777778,0.48936170212765956,0.05580531797397473,1,0.3464052287581699,0.0457516339869281,1,1,1,0,0,0,0,0,0
KH0471,T1,,Unknown,5,B6,442.0,0.7346938775510204,0.2361111111111111,0.0837643904521309,0,0.3125,0.0,1,0,0,0,0,0,0,0,1
KH0472,T1,,Unknown,3,B4,5.0,0.8247422680412371,0.2,0.02557551765288541,2,0.6307692307692307,0.1282051282051282,1,1,1,1,0,1,1,1,1
KH0473,T1,,Unknown,5,B6,48.5,0.8666666666666667,0.6153846153846154,0.16375984862032766,0,0.275,0.05,1,0,0,0,0,0,0,0,1
KH0474,T1,Ica & Paracas,Ica,3,B4,2.5,0.813953488372093,0.18571428571428572,0.04503924507292637,2,0.5,0.34210526315789475,1,1,1,0,0,0,0,1,0
KH0475,T1,,Unknown,2,B3,10.0,0.38461538461538464,0.35,0.19420918598895948,1,0.43333333333333335,0.06666666666666667,1,0,0,0,0,0,0,0,0
KH0476,T1,,Unknown,3,B4,31.5,0.8947368421052632,0.35294117647058826,0.0803505841800295,2,0.4338235294117647,0.029411764705882353,1,1,1,1,0,0,0,0,0
KH0477,T1,,Unknown,3,B4,4.0,0.4788732394366197,0.029411764705882353,0.09619316530423373,2,0.576271186440678,0.3050847457627119,1,1,1,1,0,0,0,0,1
KH0478,T1,Ica & Paracas,Ica,2,B3,3.5,0.8669527896995708,0.10396039603960396,0.019739728999454444,1,0.6213991769547325,0.1728395061728395,1,1,1,1,1,1,0,0,0
KH0479,T1,Central Coast,Pachacamac,2,B3,4.0,0.8666666666666667,0.038461538461538464,0.13475150472323177,1,0.5555555555555556,0.2222222222222222,1,1,1,0,0,0,0,0,0
KH0480,T1,Central Coast,Pachacamac,2,B3,3.0,0.9178082191780822,0.16417910447761194,0.04791617864836622,0,0.547945205479452,0.3013698630136986,1,1,1,0,1,1,0,0,1
KH0481,T1,Central Coast,Pachacamac,4,B5,4.0,1.0,0.14285714285714285,0.3040121826987706,0,0.6,0.3,1,0,0,0,0,1,0,0,0
KH0482,T1,Central Coast,Pachacamac,2,B3,15.0,1.0,0.29411764705882354,0.1199905485259699,0,0.4098360655737705,0.08196721311475409,1,1,0,0,1,0,0,0,0
KH0483,T1,Central Coast,Pachacamac,5,B6,3332.0,1.0,0.13333333333333333,0.26045937304056793,0,0.2,0.016666666666666666,0,0,0,0,0,0,0,0,1
KH0484,T1,Central Coast,Pachacamac,5,B6,238.0,0.875,0.5714285714285714,0.204622825120984,1,0.23529411764705882,0.0,1,0,0,0,0,0,0,0,1
KH0485,T1,Central Coast,Pachacamac,5,B6,2766.0,0.9333333333333333,0.5714285714285714,0.27195392300411453,1,0.15789473684210525,0.02631578947368421,0,0,0,0,0,0,0,0,0
KH0486,T1,Ica & Paracas,Ica,2,B3,2.0,0.9473684210526315,0.3333333333333333,0.10431334906519008,0,0.6111111111111112,0.2777777777777778,0,0,0,0,0,0,0,0,0
KH0487,T1,,Unknown,2,B3,7.0,0.46938775510204084,0.43478260869565216,0.1454111710974434,1,0.5714285714285714,0.07142857142857142,1,0,1,0,0,0,0,1,0
KH0488,T1,,Unknown,1,B2,2.0,0.68,0.0784313725490196,0.0496780728311908,2,0.49122807017543857,0.42105263157894735,1,1,1,0,0,0,0,1,0
KH0489,T1,Central Coast,Pachacamac,3,B4,5.0,0.7888888888888889,0.1267605633802817,0.05717567280801431,3,0.5288461538461539,0.21153846153846154,1,1,1,1,0,0,0,0,0
KH0490,T1,Central Coast,Pachacamac,3,B4,13.5,0.5490196078431373,0.4642857142857143,0.11918964076388106,2,0.36585365853658536,0.04878048780487805,1,0,1,1,0,0,0,0,0
KH0491,T1,Cañete–Pisco,Incahuasi,5,B6,61.0,0.7303370786516854,0.5692307692307692,0.06358814682304813,0,0.34615384615384615,0.12179487179487179,1,1,1,0,1,1,0,0,1
KH0492,T1,Cañete–Pisco,Incahuasi,3,B4,63.0,0.8238636363636364,0.4068965517241379,0.04150420382074657,3,0.29411764705882354,0.10457516339869281,1,1,1,1,0,0,0,0,1
KH0493,T1,Cañete–Pisco,Incahuasi,5,B6,3151.5,1.0,0.5714285714285714,0.27195392300411453,2,0.125,0.14583333333333334,0,0,0,0,0,0,0,0,1
KH0494,T1,Cañete–Pisco,Incahuasi,3,B4,25.0,0.9583333333333334,0.2608695652173913,0.10482948368248209,2,0.3977272727272727,0.07954545454545454,1,0,1,1,0,0,0,0,0
KH0495,T1,Cañete–Pisco,Incahuasi,1,B2,3.0,0.8,0.0,0.1493734375300482,1,0.6,0.4,0,0,0,0,0,0,0,0,0
KH0496,T1,Cañete–Pisco,Incahuasi,3,B4,20.0,0.9148936170212766,0.20930232558139536,0.09551126473714965,2,0.3684210526315789,0.23684210526315788,1,0,1,1,0,0,0,1,0
KH0497,T1,Cañete–Pisco,Incahuasi,5,B6,41.0,0.6,0.5555555555555556,0.35221388904914586,1,0.29411764705882354,0.11764705882352941,0,0,0,0,0,0,0,0,0
KH0498,T2,Cañete–Pisco,Incahuasi,3,B4,52.0,0.7653061224489796,0.328,0.018651983436650692,4,0.33793103448275863,0.060689655172413794,1,0,1,1,0,0,1,0,0
KH0499,T1,Cañete–Pisco,Incahuasi,1,B2,2.0,0.5147679324894515,0.09836065573770492,0.024380467252584154,1,0.5984848484848485,0.32575757575757575,1,1,1,0,1,1,0,0,1
KH0500,T1,Cañete–Pisco,Incahuasi,2,B3,20.0,0.6948356807511737,0.40540540540540543,0.03683083809094057,1,0.3930131004366812,0.06550218340611354,1,1,1,0,1,0,0,0,0
KH0501,T1,Cañete–Pisco,Incahuasi,2,B3,3.0,0.92,0.043478260869565216,0.111384706069088,2,0.75,0.25,0,1,0,0,0,0,0,0,0
KH0502,T1,Cañete–Pisco,Incahuasi,3,B4,403.5,0.6896551724137931,0.23333333333333334,0.0486133947189966,3,0.2796352583586626,0.06382978723404255,1,1,0,1,0,1,0,0,1
KH0503,T1,Cañete–Pisco,Incahuasi,5,B6,78.5,0.8636363636363636,0.5131578947368421,0.06072473792890311,1,0.3224043715846995,0.12568306010928962,1,1,1,0,1,0,0,0,1
KH0504,T1,Cañete–Pisco,Incahuasi,3,B4,111.0,0.8091603053435115,0.39622641509433965,0.04943381634992025,4,0.23076923076923078,0.1581196581196581,1,1,1,1,0,0,0,0,1
KH0505,T1,Cañete–Pisco,Incahuasi,5,B6,1759.0,0.7988165680473372,0.37777777777777777,0.04740217258404776,3,0.21889400921658986,0.08064516129032258,1,1,0,0,0,0,0,0,1
KH0506,T2,Cañete–Pisco,Incahuasi,5,B6,559.0,0.6606060606060606,0.48623853211009177,0.030787904817140967,2,0.2177858439201452,0.05989110707803993,1,1,1,1,1,0,0,0,1
KH0507,T2,Cañete–Pisco,Incahuasi,3,B4,74.0,0.7795275590551181,0.31986531986531985,0.02275238319319493,4,0.29709035222052066,0.1362940275650842,1,1,1,1,0,0,1,1,1
KH0508,T1,Cañete–Pisco,Incahuasi,3,B4,6.0,0.9891304347826086,0.45054945054945056,0.039088164025996436,3,0.39097744360902253,0.03007518796992481,0,0,0,0,0,1,0,1,1
KH0509,T2,Cañete–Pisco,Incahuasi,3,B4,4.0,0.5883977900552486,0.20657276995305165,0.0169711345591607,3,0.6335877862595419,0.20610687022900764,1,1,1,1,1,1,1,1,1
KH0510,T1,Cañete–Pisco,Incahuasi,5,B6,448.0,0.26436781609195403,0.13043478260869565,0.1928958884486036,1,0.2647058823529412,0.17647058823529413,1,1,0,0,1,0,0,0,1
KH0511,T1,Cañete–Pisco,Incahuasi,5,B6,1193.0,0.2661290322580645,0.3939393939393939,0.14482104539638704,1,0.1875,0.07291666666666667,1,1,0,0,1,0,0,0,1
KH0512,T1,Cañete–Pisco,Incahuasi,5,B6,37.5,0.5319148936170213,0.52,0.08268237647499217,1,0.17894736842105263,0.15789473684210525,1,1,0,0,0,0,0,0,1
KH0513,T1,Cañete–Pisco,Incahuasi,5,B6,520.0,0.6513761467889908,0.5352112676056338,0.0728522054155085,1,0.20496894409937888,0.018633540372670808,1,1,0,0,0,0,0,0,1
KH0514,T1,Cañete–Pisco,Incahuasi,5,B6,390.0,0.912,0.22807017543859648,0.051162693259269976,1,0.25970149253731345,0.06567164179104477,1,1,1,0,0,0,0,0,0
KH0515,T1,Cañete–Pisco,Incahuasi,2,B3,5.0,1.0,0.2,0.2037709841420636,1,0.65,0.2,0,0,0,0,0,0,0,0,0
KH0516,T1,Cañete–Pisco,Incahuasi,3,B4,17.0,0.7044534412955465,0.25287356321839083,0.029133518039830927,3,0.3862928348909657,0.19626168224299065,1,1,1,1,0,0,1,1,0
KH0517,T1,Cañete–Pisco,Incahuasi,3,B4,214.0,0.906832298136646,0.21232876712328766,0.025106109808994557,2,0.2849035187287174,0.14188422247446084,1,1,1,1,0,0,0,0,1
KH0518,T1,Cañete–Pisco,Incahuasi,3,B4,50.0,1.0,0.3333333333333333,0.20008767772869376,2,0.2857142857142857,0.16666666666666666,0,0,0,0,0,0,0,0,0
KH0519,T2,Cañete–Pisco,Incahuasi,3,B4,21.0,0.6,0.38,0.03747440476427866,4,0.42578125,0.0703125,1,1,0,1,0,0,1,0,0
KH0520,T1,Central Coast,Armatambo (Huaca San Pedro),2,B3,5.0,0.84375,0.4444444444444444,0.09514734231791465,0,0.5151515151515151,0.18181818181818182,1,0,0,0,0,0,0,0,1
KH0521,T1,Central Coast,Armatambo (Huaca San Pedro),2,B3,5.0,0.9090909090909091,0.2722222222222222,0.022212134373741158,1,0.43231441048034935,0.1965065502183406,1,1,1,0,1,0,0,1,1
KH0522,T1,Central Coast,Armatambo / Huaca San Pedro,2,B3,7.0,0.9545454545454546,0.23809523809523808,0.15413606206771777,0,0.65,0.125,1,0,1,0,0,1,0,0,1
KH0523,T1,Central Coast,Armatambo / Huaca San Pedro,1,B2,1.0,0.8571428571428571,0.0,0.07652465283787412,0,0.3333333333333333,0.6666666666666666,0,0,0,0,0,1,0,0,0
KH0524,T1,Central Coast,Armatambo / Huaca San Pedro,4,B5,12.0,1.0,0.16666666666666666,0.31971597234241494,0,0.2727272727272727,0.18181818181818182,1,0,0,0,0,0,0,0,0
KH0525,T1,Central Coast,Armatambo / Huaca San Pedro,2,B3,5.0,0.6727272727272727,0.43243243243243246,0.07296376290437337,0,0.4883720930232558,0.2558139534883721,1,1,0,0,0,0,0,0,0
KH0526,T1,Central Coast,Armatambo / Huaca San Pedro,2,B3,5.0,0.6896551724137931,0.35,0.14829786604745876,0,0.5416666666666666,0.20833333333333334,1,0,0,0,0,0,0,0,0
KH0527,T1,Central Coast,Armatambo / Huaca San Pedro,1,B2,3.0,0.7142857142857143,0.16,0.10011298769446028,0,0.46875,0.46875,1,0,0,0,0,0,0,0,0
KH0528,T1,Central Coast,Armatambo / Huaca San Pedro,2,B3,8.0,0.75,0.0,0.2086048612313038,0,1.0,0.0,0,0,0,0,0,0,0,0,0
KH0529,T2,Central Coast,Armatambo / Huaca San Pedro,3,B4,5.0,0.6263736263736264,0.26900584795321636,0.022905118504290167,2,0.555,0.15,1,1,1,1,1,1,1,1,0
KH0530,T1,Central Coast,Armatambo / Huaca San Pedro,1,B2,2.0,0.5714285714285714,0.0625,0.07654737173812388,1,0.5,0.4722222222222222,1,1,0,0,0,0,0,0,0
KH0531,T1,Central Coast,Armatambo / Huaca San Pedro,4,B5,143.0,1.0,0.25,0.5,0,0.3333333333333333,0.0,0,0,0,0,0,0,0,0,0
KH0532,T1,Central Coast,Armatambo / Huaca San Pedro,4,B5,58.5,0.8,0.5,0.5,0,0.42857142857142855,0.0,0,0,0,0,0,0,0,0,0
KH0533,T1,Central Coast,Pachacamac,5,B6,1878.0,1.0,0.2857142857142857,0.27195392300411453,0,0.22641509433962265,0.018867924528301886,0,0,0,0,0,0,0,0,1
KH0534,T1,Central Coast,Pachacamac,5,B6,391.0,0.967741935483871,0.43333333333333335,0.16134079763139506,1,0.22972972972972974,0.013513513513513514,0,0,0,0,0,0,0,0,0
KH0535,T1,Central Coast,Pachacamac,5,B6,66.5,0.6875,0.3484848484848485,0.07872222209519157,1,0.3684210526315789,0.05263157894736842,1,0,0,0,1,0,0,0,1
KH0536,T1,Central Coast,Pachacamac,3,B4,13.0,0.7843137254901961,0.3,0.11241098361677541,3,0.4444444444444444,0.06349206349206349,1,1,1,1,0,0,1,0,0
KH0537,T1,Central Coast,Pachacamac,2,B3,6.5,0.8148148148148148,0.13636363636363635,0.16239198472250746,1,0.3548387096774194,0.2903225806451613,1,0,0,1,0,0,0,0,0
KH0538,T1,Central Coast,Pachacamac,4,B5,158.0,0.7692307692307693,0.2,0.3121928094887363,1,0.42105263157894735,0.05263157894736842,0,0,0,0,0,0,0,0,1
KH0539,T1,Central Coast,Pachacamac,5,B6,140.0,0.6296296296296297,0.5882352941176471,0.2404389906617847,1,0.14285714285714285,0.05714285714285714,0,0,0,0,0,0,0,0,0
KH0540,T1,Central Coast,Pachacamac,5,B6,100.0,0.8888888888888888,0.4375,0.24218750000000003,2,0.3076923076923077,0.038461538461538464,0,0,0,1,0,0,0,0,0
KH0541,T1,Central Coast,Pachacamac,2,B3,6.0,0.9,0.16666666666666666,0.18965743688742231,1,0.4230769230769231,0.23076923076923078,0,0,0,0,0,0,0,0,0
KH0542,T1,Central Coast,Pachacamac,5,B6,1356.0,0.9259259259259259,0.28,0.18575424759098896,0,0.1951219512195122,0.04878048780487805,0,0,0,0,0,0,0,0,0
KH0543,T1,Central Coast,Pachacamac,5,B6,210.0,0.813953488372093,0.6285714285714286,0.14491829028006026,1,0.10606060606060606,0.09090909090909091,1,0,0,1,0,0,0,0,0
KH0544,T1,Central Coast,Pachacamac,5,B6,124.0,0.543859649122807,0.41935483870967744,0.13445947725847335,1,0.265625,0.015625,1,1,1,0,0,0,0,0,0
KH0545,T1,Central Coast,Pachacamac,4,B5,56.5,0.5333333333333333,0.25,0.34375,2,0.4166666666666667,0.08333333333333333,1,0,0,0,0,0,0,0,0
KH0546,T1,Central Coast,Pachacamac,2,B3,3.0,0.6984126984126984,0.13636363636363635,0.08309763992762736,1,0.45161290322580644,0.27419354838709675,1,1,0,0,0,0,0,0,0
KH0547,T1,Central Coast,Cieneguilla (Lurin Valley),4,B5,17.0,0.3333333333333333,0.0,0.5283208335737187,0,0.5,0.0,0,0,0,0,0,0,0,0,0
KH0548,T1,Central Coast,Cieneguilla (Lurin Valley),2,B3,3.0,0.75,0.1111111111111111,0.24412885815823884,1,1.0,0.0,0,0,0,0,0,0,0,0,0
KH0549,T1,Central Coast,Pachacamac,2,B3,32.0,0.7867647058823529,0.18691588785046728,0.044026653157212686,1,0.391025641025641,0.1858974358974359,1,1,1,1,0,0,0,0,0
KH0550,T1,Central Coast,Pachacamac,2,B3,10.5,0.6857142857142857,0.16666666666666666,0.16889620228323665,1,0.5,0.1388888888888889,1,1,1,0,0,0,0,0,0
KH0551,T1,Central Coast,Pachacamac,1,B2,3.0,0.45454545454545453,0.0,0.21709505944546686,0,0.42105263157894735,0.5789473684210527,0,0,0,0,0,0,0,0,1
KH0552,T1,Central Coast,Pachacamac,1,B2,3.0,0.8275862068965517,0.041666666666666664,0.11054613201511715,1,0.5581395348837209,0.4418604651162791,1,1,0,0,0,1,0,0,0
KH0553,T1,Central Coast,Pachacamac,4,B5,7.0,1.0,0.0,0.29351157420762153,1,0.375,0.1875,0,0,0,0,0,0,0,0,0
KH0554,T1,Central Coast,Pachacamac,2,B3,15.0,1.0,0.16666666666666666,0.1984684028512289,0,0.5161290322580645,0.0967741935483871,1,0,0,0,1,0,0,0,0
KH0555,T1,Central Coast,Pachacamac,2,B3,14.0,0.7419354838709677,0.21739130434782608,0.16122313324602613,1,0.48717948717948717,0.0,1,0,0,1,0,0,0,0,0
KH0556,T1,Central Coast,Pachacamac (Casa de los Quipus),4,B5,185.0,0.8571428571428571,0.3333333333333333,0.430827083453526,1,0.2727272727272727,0.09090909090909091,0,0,0,0,0,0,0,0,0
KH0557,T1,Central Coast,Pachacamac,0,B1,0.0,0.0,0.0,0.0,0,0.0,0.0,0,0,0,0,0,0,0,0,0
KH0558,T1,Central Coast,Pachacamac,0,B1,0.0,0.0,0.0,0.0,0,0.0,0.0,0,0,0,0,0,0,0,0,0
KH0559,T1,Central Coast,Pachacamac,5,B6,646.0,0.8571428571428571,0.3181818181818182,0.09020431861286912,1,0.23404255319148937,0.010638297872340425,1,1,0,1,0,0,0,0,0
KH0560,T1,Central Coast,Pachacamac,0,B1,0.0,0.0,0.0,0.0,0,0.0,0.0,0,0,0,0,0,0,0,0,0
KH0561,T1,Central Coast,Pachacamac (Casa del Quipu),3,B4,143.0,0.6716417910447762,0.17777777777777778,0.11512759967152363,2,0.34234234234234234,0.036036036036036036,1,0,0,0,0,0,0,0,0
KH0562,T1,Central Coast,Pachacamac (Casa del Quipu),5,B6,278.0,0.9363636363636364,0.30097087378640774,0.0625129398902389,1,0.24468085106382978,0.028368794326241134,1,1,0,0,1,0,0,0,0
KH0563,T1,Central Coast,Pachacamac,1,B2,1.0,0.875,0.023809523809523808,0.026929475710995687,1,0.20930232558139536,0.7906976744186046,0,0,0,0,0,0,0,0,0
KH0564,T1,Central Coast,Pachacamac,4,B5,8.5,0.6666666666666666,0.1,0.2721928094887362,0,0.6666666666666666,0.0,1,0,1,0,0,0,0,0,1
KH0565,T1,Ica & Paracas,Ocucaje / Ullujaya (Ica),2,B3,3.0,0.9655172413793104,0.10714285714285714,0.10950389070848143,1,0.59375,0.25,1,1,1,0,0,0,0,0,0
KH0566,T1,Ica & Paracas,Ocucaje / Ullujaya (Ica),2,B3,74.0,0.7325581395348837,0.09523809523809523,0.0784317476509476,0,0.35,0.1,1,0,0,0,0,0,0,0,1
KH0567,T1,Central Coast,Huacho (Central Coast),5,B6,133.5,1.0,0.53125,0.11619184569467396,1,0.22727272727272727,0.0,1,0,0,0,0,0,0,0,0
KH0568,T2,,Unknown,1,B2,1.0,0.23555555555555555,0.03773584905660377,0.036032981660377085,1,0.4528301886792453,0.5283018867924528,0,0,0,0,0,0,1,1,0
KH0569,T1,Nazca & Far South,South Coast,2,B3,43.0,0.7722772277227723,0.1794871794871795,0.07240087698232053,1,0.3727810650887574,0.047337278106508875,1,1,1,0,0,0,0,0,0
KH0570,T1,,Unknown,2,B3,3.0,0.875,0.09523809523809523,0.10424944075252508,1,0.5909090909090909,0.2727272727272727,1,0,0,0,0,0,0,0,0
KH0571,T1,,Unknown,4,B5,13.0,0.09090909090909091,0.2,0.46438561897747255,1,0.4,0.0,0,0,0,0,0,0,0,0,0
KH0572,T1,,Unknown,4,B5,2.5,0.9090909090909091,0.1,0.25219280948873624,0,0.8666666666666667,0.06666666666666667,1,0,0,0,0,0,0,0,1
KH0573,T1,,Unknown,3,B4,3.0,0.8717948717948718,0.08823529411764706,0.08986172376532069,2,0.6153846153846154,0.2564102564102564,1,1,0,1,0,0,0,1,0
KH0574,T1,Arica & N. Chile,"Quillagua, Valle de Loa",3,B4,10.0,0.475,0.21052631578947367,0.10295454155726648,4,0.41509433962264153,0.18867924528301888,1,1,0,1,0,0,0,1,0
KH0575,T1,,Unknown,3,B4,4.0,0.5454545454545454,0.2777777777777778,0.08366258918226256,2,0.8717948717948718,0.0,1,1,1,1,0,0,0,0,0
KH0576,T1,,Unknown,3,B4,5.0,0.47674418604651164,0.3170731707317073,0.07805720417338906,3,0.7021276595744681,0.0425531914893617,1,1,0,0,1,0,0,0,1
KH0577,T1,Central Coast,"Armatambo, Lima",4,B5,75.0,0.5,0.17647058823529413,0.22659816021195767,1,0.3170731707317073,0.04878048780487805,1,1,0,0,0,0,0,0,0
KH0578,T1,,Unknown,0,B1,11.0,0.1111111111111111,0.0,0.0,0,0.0,0.5,0,0,0,0,0,0,0,0,0
KH0579,T1,,Unknown,2,B3,4.0,0.14285714285714285,0.0,0.0,0,1.0,0.0,0,0,0,0,0,0,0,0,0
KH0580,T1,Central Coast,Cerro Solar (foothills),2,B3,10.0,0.7931034482758621,0.391304347826087,0.1522346880623523,1,0.35294117647058826,0.08823529411764706,1,1,1,0,1,0,0,0,0
KH0581,T1,,Unknown,2,B3,6.0,0.84375,0.25925925925925924,0.12238779574716531,0,0.6829268292682927,0.024390243902439025,1,0,1,0,0,0,0,0,1
KH0582,T1,,Unknown,2,B3,3.0,1.0,0.3235294117647059,0.06026883018486598,0,0.6571428571428571,0.0,1,1,1,0,0,0,0,0,1
KH0583,T1,,Unknown,5,B6,30.0,0.8913043478260869,1.0,0.0681535087802145,1,0.0,0.0,1,0,1,0,1,0,0,1,0
KH0584,T1,,Unknown,5,B6,40.0,0.5370370370370371,0.7931034482758621,0.13063245998816375,1,0.18181818181818182,0.0,1,0,0,0,0,0,0,0,0
KH0585,T1,,Unknown,3,B4,9.0,0.6470588235294118,0.2727272727272727,0.1737758173760755,2,0.6666666666666666,0.05128205128205128,1,0,0,1,0,0,0,0,0
KH0586,T1,,Unknown,2,B3,42.0,0.8571428571428571,0.2654320987654321,0.02768836429995423,0,0.3639240506329114,0.0189873417721519,1,1,1,0,1,0,0,0,0
KH0587,T1,,Unknown,3,B4,8.0,0.9444444444444444,0.14705882352941177,0.028550779936218608,2,0.5655737704918032,0.09016393442622951,1,1,1,0,1,0,0,0,0
KH0588,T1,,Unknown,2,B3,3.0,0.7317073170731707,0.13333333333333333,0.09921174545262437,1,0.5625,0.25,1,0,0,0,0,1,0,1,0
KH0589,T1,,Unknown,0,B1,0.0,0.0,0.0,0.0,0,0.0,0.0,0,0,0,0,0,0,0,0,0
KH0590,T1,,Unknown,2,B3,5.0,0.6373626373626373,0.2413793103448276,0.06555041376531465,1,0.6575342465753424,0.0958904109589041,1,1,1,0,1,0,0,0,1
KH0591,T1,,Unknown,2,B3,46.0,0.6444444444444445,0.10344827586206896,0.1419401591609663,0,0.5,0.057692307692307696,1,0,0,0,0,0,0,0,1
KH0592,T1,,Unknown,2,B3,3.0,0.7846153846153846,0.11764705882352941,0.038486722931225036,1,0.7924528301886793,0.09433962264150944,1,0,0,1,0,0,0,1,0
KH0593,T1,,Unknown,5,B6,79.0,0.9634146341463414,0.2911392405063291,0.07498777104726663,1,0.35714285714285715,0.041666666666666664,1,0,0,0,0,0,0,0,0
KH0594,T1,,Unknown,1,B2,2.0,0.21951219512195122,0.0,0.19474614210885613,1,0.5555555555555556,0.4444444444444444,0,0,0,0,0,0,0,0,0
KH0595,T1,,Unknown,1,B2,2.0,0.7961783439490446,0.12,0.024887565896571862,2,0.47183098591549294,0.36619718309859156,1,1,1,1,1,0,1,1,1
KH0596,T1,,Unknown,3,B4,5.0,0.532258064516129,0.30303030303030304,0.09489953210290655,2,0.8285714285714286,0.05714285714285714,1,0,0,0,0,0,0,0,0
KH0597,T1,,Unknown,2,B3,3.0,0.9130434782608695,0.13227513227513227,0.020120679577681645,1,0.6071428571428571,0.21428571428571427,1,1,1,1,1,0,0,1,0
KH0598,T1,,Unknown,5,B6,100.0,0.68,0.4411764705882353,0.13752053339317613,1,0.3333333333333333,0.015151515151515152,1,0,0,0,0,0,0,0,0
KH0599,T1,,Unknown,3,B4,25.0,0.9266666666666666,0.2302158273381295,0.043360498458449866,2,0.4141791044776119,0.08582089552238806,1,1,1,1,0,1,1,0,1
KH0600,T1,,Unknown,3,B4,9.0,0.7553191489361702,0.23943661971830985,0.022805391496854975,2,0.4440677966101695,0.17288135593220338,1,0,1,1,0,0,0,1,0
KH0601,T1,,Unknown,2,B3,4.0,0.4141689373297003,0.15789473684210525,0.024583745265402024,1,0.6342857142857142,0.17142857142857143,1,1,1,1,1,0,0,0,1
KH0602,T1,,Unknown,2,B3,20.0,0.6305220883534136,0.4140127388535032,0.034938878736900846,1,0.3780487804878049,0.06910569105691057,1,1,1,1,0,0,1,0,0
KH0603,T1,,Unknown,3,B4,23.0,0.8235294117647058,0.2619047619047619,0.04534767289289559,2,0.3656387665198238,0.039647577092511016,1,1,1,1,0,0,0,1,1
KH0604,T1,,Unknown,2,B3,10.0,0.6777777777777778,0.16393442622950818,0.0638661196511362,1,0.40217391304347827,0.1956521739130435,1,1,1,0,0,0,0,1,0
KH0604A,T1,,Unknown,2,B3,10.0,0.813953488372093,0.17142857142857143,0.09574373439636436,1,0.39215686274509803,0.1568627450980392,1,1,0,0,0,0,0,0,0
KH0604B,T1,,Unknown,2,B3,5.5,0.6382978723404256,0.13333333333333333,0.11521882540436512,1,0.4146341463414634,0.24390243902439024,1,1,1,0,0,0,0,0,0
KH0605,T1,,Unknown,2,B3,5.0,0.40384615384615385,0.14285714285714285,0.1584447571468337,1,0.56,0.2,1,0,0,0,0,0,0,0,1
KH0605A,T1,,Unknown,4,B5,6.0,0.20833333333333334,0.4,0.46438561897747255,1,0.3333333333333333,0.16666666666666666,0,0,0,0,0,0,0,0,0
KH0605B,T1,,Unknown,0,B1,0.0,0.0,0.0,0.0,1,0.0,0.0,0,0,0,0,0,0,0,0,0
KH0605C,T1,,Unknown,2,B3,3.0,0.9333333333333333,0.14285714285714285,0.2005253515755432,0,0.6428571428571429,0.2857142857142857,0,0,0,0,0,0,0,0,1
KH0606,T1,,Unknown,2,B3,10.0,0.7435897435897436,0.27586206896551724,0.136286309574565,1,0.4722222222222222,0.1111111111111111,1,0,0,0,0,0,0,0,1
KH0606A,T1,,Unknown,2,B3,7.5,0.64,0.125,0.20798872069467397,1,0.5,0.2,1,0,0,0,0,0,0,0,1
KH0606B,T1,,Unknown,5,B6,30.0,0.8181818181818182,0.7777777777777778,0.2534484569503804,1,0.18181818181818182,0.0,0,0,0,0,0,0,0,0,0
KH0606C,T1,,Unknown,4,B5,8.0,0.625,0.0,0.3843856189774725,0,0.8333333333333334,0.0,1,0,0,0,0,0,0,0,1
KH0607,T1,,Unknown,2,B3,12.0,0.95260663507109,0.1691542288557214,0.025252879505431917,1,0.44625407166123776,0.1465798045602606,1,1,1,0,1,1,0,1,1
KH0607A,T1,,Unknown,2,B3,32.5,0.925,0.17567567567567569,0.06861777631385826,0,0.4244604316546763,0.06474820143884892,1,1,1,0,0,1,0,0,0
KH0607B,T1,,Unknown,2,B3,4.0,0.9302325581395349,0.175,0.08797749366064987,1,0.5384615384615384,0.17307692307692307,1,1,0,0,0,0,0,1,0
KH0607C,T1,,Unknown,2,B3,2.0,0.9041095890410958,0.09090909090909091,0.050070306516018154,1,0.5256410256410257,0.2692307692307692,1,0,1,0,0,0,0,1,0
KH0607D,T1,,Unknown,5,B6,13.0,0.9130434782608695,0.38095238095238093,0.16297990453912398,1,0.23684210526315788,0.15789473684210525,1,0,1,0,0,0,0,0,0
KH0608,T1,Cañete–Pisco,Incahuasi,2,B3,10.0,1.0,0.5277777777777778,0.09664084463630125,0,0.375,0.1,1,0,1,0,1,0,0,0,1
KH0609,T1,Cañete–Pisco,Incahuasi,4,B5,2.0,1.0,0.0,0.375,0,0.75,0.25,0,0,0,0,0,1,0,0,0
KH0610,T1,Cañete–Pisco,Incahuasi,4,B5,9.0,1.0,0.25,0.28125,0,0.5555555555555556,0.1111111111111111,0,0,0,0,0,0,0,0,1
KH0611,T1,Cañete–Pisco,Incahuasi,2,B3,3.0,0.84375,0.07407407407407407,0.1002712620620979,2,0.7741935483870968,0.22580645161290322,0,0,0,0,0,0,0,1,0
KH0612,T1,Cañete–Pisco,Incahuasi,3,B4,8.0,0.7202072538860104,0.2517985611510791,0.03358721892243054,2,0.42473118279569894,0.22043010752688172,1,1,1,1,0,0,0,1,0
KH0613,T1,Cañete–Pisco,Incahuasi,2,B3,10.0,0.9230769230769231,0.3333333333333333,0.21541354172676308,1,0.5294117647058824,0.11764705882352941,0,0,0,0,0,0,0,0,0
KH0614,T1,Cañete–Pisco,Incahuasi,5,B6,5710.0,0.8333333333333334,0.6,0.3843856189774725,1,0.15384615384615385,0.0,0,0,0,0,0,0,0,0,0
KH0615,T1,Cañete–Pisco,Incahuasi,4,B5,3.0,1.0,0.16666666666666666,0.2987468750600964,0,1.0,0.0,0,0,0,0,0,0,0,0,0
KH0616,T1,Cañete–Pisco,Incahuasi,3,B4,4.0,0.9368421052631579,0.25842696629213485,0.044046867069400295,2,0.5217391304347826,0.20869565217391303,1,1,1,1,0,1,0,0,1
KH0617,T2,Cañete–Pisco,Incahuasi,3,B4,8.0,0.5133689839572193,0.3697916666666667,0.020980751802164133,4,0.43478260869565216,0.1608695652173913,1,1,1,1,1,0,1,1,0
KH0618,T1,Cañete–Pisco,Incahuasi,3,B4,2.5,0.7301587301587301,0.14130434782608695,0.03379038478612231,3,0.5510204081632653,0.2857142857142857,1,0,1,1,0,1,0,1,0
KH0619,T1,Cañete–Pisco,Incahuasi,1,B2,2.0,0.7333333333333333,0.0,0.05487318303385507,0,0.02857142857142857,0.9714285714285714,0,0,0,0,0,1,0,0,1
KH0620,T1,Cañete–Pisco,Incahuasi,3,B4,4.0,0.7307692307692307,0.22807017543859648,0.0635233697808244,2,0.4931506849315068,0.273972602739726,1,1,0,1,0,0,0,1,0
KH0621,T1,Cañete–Pisco,Incahuasi,1,B2,1.0,1.0,0.0,0.015304930567574824,1,0.3333333333333333,0.6666666666666666,0,0,0,0,0,0,0,0,0
KH0622,T1,Cañete–Pisco,Incahuasi,2,B3,3.0,0.7,0.0,0.1969690704980251,0,1.0,0.0,0,0,0,0,0,1,0,0,1
KH0623,T1,Cañete–Pisco,Incahuasi,1,B2,1.0,0.8888888888888888,0.0,0.0,0,0.0,1.0,0,0,0,0,0,0,0,0,0
KH0624,T1,Cañete–Pisco,Incahuasi,4,B5,69.0,1.0,0.0,0.2741901188909338,0,0.5,0.0,0,0,0,0,0,0,0,0,1
KH0625,T1,Cañete–Pisco,Incahuasi,5,B6,355.0,0.3076923076923077,0.75,0.5,1,0.125,0.0,0,0,0,0,0,0,0,0,0
KH0626,T1,Cañete–Pisco,Incahuasi,4,B5,11.0,1.0,0.0,0.430827083453526,1,0.6666666666666666,0.0,0,0,0,0,0,0,0,0,1
KH0627,T1,Cañete–Pisco,Incahuasi,5,B6,630.0,1.0,1.0,0.0,1,0.0,0.0,0,0,0,0,0,0,0,0,0
KH0628,T1,Cañete–Pisco,Incahuasi,5,B6,600.0,0.6363636363636364,0.7142857142857143,0.3040121826987706,1,0.1875,0.0,0,0,0,0,0,0,1,0,0
KH0629,T1,Cañete–Pisco,Incahuasi,1,B2,1.0,0.625,0.0,0.1326598730309525,2,0.4666666666666667,0.5333333333333333,0,0,0,0,0,0,0,0,0
KH0630,T1,Cañete–Pisco,Incahuasi,3,B4,9.0,0.5135135135135135,0.15789473684210525,0.08564587226385167,3,0.44642857142857145,0.2857142857142857,1,0,0,1,0,0,0,1,0
KH0631,T1,,Unknown,5,B6,212.0,0.5909090909090909,0.38461538461538464,0.2846492090877764,0,0.2702702702702703,0.0,0,0,0,0,0,0,0,0,1
KH0632,T1,,Unknown,5,B6,428.5,1.0,0.2857142857142857,0.27195392300411453,0,0.26666666666666666,0.0,0,0,0,0,0,0,0,0,0
KH0633,T1,,Unknown,3,B4,4.0,0.835820895522388,0.08928571428571429,0.06223978296529925,3,0.6666666666666666,0.1746031746031746,1,0,1,1,0,0,0,1,1
KH0634,T1,,Unknown,3,B4,9.5,0.9047619047619048,0.2631578947368421,0.10735102046695955,2,0.4423076923076923,0.19230769230769232,1,0,0,1,0,0,0,0,0
KH0635,T1,,Unknown,3,B4,8.5,0.5903614457831325,0.20408163265306123,0.044904266391440115,2,0.4580152671755725,0.183206106870229,1,1,1,1,0,0,1,1,0
KH0653,T1,Cañete–Pisco,Huacones,4,B5,19.0,0.625,0.3,0.2721928094887362,1,0.5294117647058824,0.0,1,0,0,1,0,0,0,0,1
KH0654,T1,Cañete–Pisco,Huacones,4,B5,16.0,1.0,0.1,0.3121928094887363,1,0.4444444444444444,0.1111111111111111,0,0,0,0,0,0,0,0,0
KH0655,T1,Cañete–Pisco,Huacones,0,B1,0.0,0.0,0.0,0.0,0,0.0,0.0,0,0,0,0,0,0,0,0,0
KH0656,T1,Cañete–Pisco,Huacones,4,B5,24.0,1.0,0.08333333333333333,0.2709690972823186,0,0.4166666666666667,0.041666666666666664,0,0,0,0,0,0,0,0,0
KH0657,T1,Cañete–Pisco,Huacones,4,B5,31.5,1.0,0.16666666666666666,0.2987468750600964,1,0.6785714285714286,0.03571428571428571,0,0,0,0,0,0,0,0,0
KH0658,T1,Cañete–Pisco,Huacones,5,B6,37.0,0.8,0.625,0.34375,1,0.18181818181818182,0.09090909090909091,0,0,0,0,0,0,0,0,1
KH0659,T1,Cañete–Pisco,Huacones,4,B5,5.0,1.0,0.4,0.46438561897747255,0,0.8,0.0,0,0,0,0,0,0,0,0,0
KH0660,T1,Cañete–Pisco,Huacones,4,B5,4.0,0.6363636363636364,0.0,0.36023437662047414,1,0.7272727272727273,0.2727272727272727,0,0,0,0,0,1,0,0,0
KH0661,T1,Cañete–Pisco,Huacones,4,B5,65.0,1.0,0.0,0.375,2,0.47368421052631576,0.05263157894736842,0,0,0,0,0,0,0,0,0
KH0662,T1,Cañete–Pisco,Huacones,4,B5,4.0,0.5,0.0,0.375,0,0.6,0.2,0,0,0,0,0,0,0,0,0
KH0663,T1,Cañete–Pisco,Huacones,4,B5,7.0,0.8571428571428571,0.0,0.31971597234241494,1,0.4444444444444444,0.3333333333333333,0,0,0,0,0,0,0,0,0
KH0664,T1,,Unknown,5,B6,1056.5,0.7391304347826086,0.5,0.14444094861808962,0,0.2391304347826087,0.010869565217391304,0,1,0,0,0,0,0,0,0
KH0665,T2,,Unknown,3,B4,2.0,0.4011299435028249,0.09154929577464789,0.022494840255170404,3,0.4551282051282051,0.3974358974358974,1,1,0,1,0,0,0,0,0
KH0666,T1,,Unknown,2,B3,6.0,1.0,0.17647058823529413,0.1989164993123037,0,0.6086956521739131,0.08695652173913043,1,0,1,0,0,0,0,0,0
KH0667,T1,,Unknown,2,B3,2.0,0.7142857142857143,0.1259259259259259,0.024054365509238305,1,0.5503355704697986,0.18120805369127516,1,1,1,0,1,0,0,1,0
KH0668,T1,Central Coast,Rimac Valley,4,B5,104.0,0.8333333333333334,0.0,0.3043856189774725,0,0.25,0.16666666666666666,1,1,0,0,1,0,0,0,0
KH0669,T1,,Unknown,2,B3,15.0,0.625,0.3,0.20609640474436816,1,0.3548387096774194,0.0967741935483871,1,0,1,0,0,0,0,0,1
KH0670,T1,,Unknown,1,B2,2.0,0.5921052631578947,0.044444444444444446,0.01316708172878156,0,0.5109489051094891,0.4744525547445255,0,1,0,0,0,1,0,0,1
KH0671,T1,,Unknown,2,B3,53.0,1.0,0.0,0.0,0,0.6666666666666666,0.1111111111111111,0,0,0,0,0,0,0,0,0
KH0672,T1,Nazca & Far South,South Peru,5,B6,242.0,0.675,0.2222222222222222,0.17610694452457293,1,0.3150684931506849,0.0273972602739726,0,0,0,0,0,0,0,0,0
KH0673,T1,Nazca & Far South,South Peru,2,B3,3.0,0.6385542168674698,0.16981132075471697,0.0596951291613366,1,0.5967741935483871,0.25806451612903225,1,0,0,0,0,0,0,1,0
KH0674,T2,,Unknown,3,B4,11.5,0.7351524879614767,0.4585152838427948,0.01056125908269847,4,0.4431438127090301,0.02508361204013378,1,1,1,1,1,1,1,1,0
KH0675,T2,,Unknown,3,B4,50.0,0.7157894736842105,0.4852941176470588,0.030248847571907135,2,0.2765957446808511,0.05319148936170213,1,0,1,1,0,0,0,1,1
KH0676,T2,Central Coast,Ancon (prob.),3,B4,413.0,0.9927536231884058,0.0948905109489051,0.04953250081855339,4,0.45023696682464454,0.2156398104265403,1,0,0,1,0,0,0,0,0
KH0677,T1,Central Coast,Huacho (?),3,B4,12.0,0.685064935064935,0.6919431279620853,0.020371796522570578,2,0.2177121771217712,0.04428044280442804,1,1,1,1,1,1,0,1,1
KH0678,T1,,Gaffron Estate,5,B6,34.0,0.8095238095238095,0.5098039215686274,0.09786190116815947,1,0.34782608695652173,0.010869565217391304,1,1,1,0,0,0,0,0,0
KH0679,T1,,Gaffron Estate,5,B6,37.5,0.36363636363636365,0.625,0.21875,1,0.2571428571428571,0.02857142857142857,1,0,0,0,0,0,0,0,0
KH0680,T1,,Unknown (non-Gaffron),5,B6,23.0,0.68,0.6078431372549019,0.07739856713717219,1,0.2916666666666667,0.027777777777777776,1,1,1,1,0,0,0,0,1
KH0681,T1,,Unknown,4,B5,6.0,0.16666666666666666,0.4444444444444444,0.24412885815823884,0,0.5555555555555556,0.0,1,0,0,0,0,0,0,0,0
KH0682,T1,,Gaffron Collection,3,B4,15.0,0.7966101694915254,0.19148936170212766,0.10108249819738867,2,0.47560975609756095,0.06097560975609756,1,0,0,1,0,0,0,0,0
KH0683,T1,,Gaffron Collection,4,B5,18.0,0.75,0.3333333333333333,0.2709690972823186,1,0.3888888888888889,0.1111111111111111,0,0,0,0,1,0,0,0,0
KH0684,T1,,Gaffron Collection,4,B5,37.0,0.5,0.0,0.5,1,0.42857142857142855,0.14285714285714285,0,0,0,0,0,0,0,0,0
KH0685,T1,,Gaffron Collection,4,B5,5.5,1.0,0.0,0.375,0,1.0,0.0,0,0,0,0,0,0,0,0,0
KH0686,T1,,Gaffron Collection,4,B5,16.0,0.75,0.0,0.5283208335737187,0,0.42857142857142855,0.0,0,0,0,0,0,0,0,0,0
KH0687,T1,,Gaffron Collection,4,B5,4.0,1.0,0.0,0.5283208335737187,0,1.0,0.0,0,1,0,0,0,0,0,0,0
KH0688,T1,,Gaffron Collection,5,B6,55.0,0.75,0.6666666666666666,0.30609861135149646,0,0.42857142857142855,0.0,0,0,0,0,1,0,0,0,0
KH0689,T1,,Gaffron Collection,3,B4,12.0,0.6829268292682927,0.07142857142857142,0.14316506357272024,2,0.5333333333333333,0.06666666666666667,1,0,0,0,0,0,0,0,1
KH0690,T1,,Gaffron Collection,4,B5,40.0,0.782608695652174,0.16666666666666666,0.2254896605739557,1,0.3684210526315789,0.10526315789473684,1,1,1,0,1,0,0,0,0
KH0691,T1,,Gaffron Collection,3,B4,28.0,0.9444444444444444,0.23529411764705882,0.23351857543687118,2,0.4857142857142857,0.05714285714285714,0,0,0,0,0,0,0,0,0
KH0692,T2,,Unknown,3,B4,2.0,0.8226415094339623,0.0779816513761468,0.013304669144094727,3,0.8487084870848709,0.06642066420664207,1,1,1,1,1,0,1,1,1
KH0693,T1,,Unknown,2,B3,21.5,0.6966292134831461,0.46774193548387094,0.07944477984733841,1,0.44086021505376344,0.0,1,1,1,0,0,0,0,0,1
KH0694,T2,,Unknown,2,B3,5.0,0.6857142857142857,0.2,0.03471453158858083,1,0.6038961038961039,0.14935064935064934,1,1,1,1,1,1,0,1,0
KH0695,T1,,Unknown,3,B4,10.0,0.753731343283582,0.23267326732673269,0.025518427295999464,2,0.46488294314381273,0.09364548494983277,1,1,1,1,0,0,1,0,0
KH0696,T1,,Unknown,2,B3,5.5,0.9743589743589743,0.05263157894736842,0.10072512261760329,1,0.68,0.06,1,0,0,0,0,0,0,0,1
KH0697,T1,,Unknown,5,B6,1135.0,0.9759036144578314,0.49382716049382713,0.06695458303248392,1,0.17355371900826447,0.024793388429752067,1,1,0,0,0,0,0,0,1
KH0698,T2,,Unknown,2,B3,14.0,0.8884892086330936,0.2732793522267207,0.011413686071990791,1,0.4530663329161452,0.06382978723404255,1,1,1,1,1,0,0,1,1
KH0699,T1,Central Coast,Near Lima (prob.),2,B3,18.0,0.804,0.29850746268656714,0.027206309694584357,1,0.3682795698924731,0.12903225806451613,1,1,1,1,1,1,0,1,1
KH0700,T1,,Stanford Collection (prob. 1905),2,B3,8.5,0.654320987654321,0.3018867924528302,0.04096230390937818,1,0.38636363636363635,0.23484848484848486,1,1,1,1,0,0,0,0,1
KH0701,T1,,Goodspeed Collection,2,B3,3.0,0.6691176470588235,0.07692307692307693,0.0337612211598364,1,0.7029702970297029,0.21782178217821782,1,1,1,1,0,0,0,1,1
KH0702,T1,,Unknown,1,B2,2.0,0.6870748299319728,0.0594059405940594,0.02094569697844003,1,0.4154929577464789,0.5704225352112676,1,1,0,0,1,1,1,1,0
KT002,T1,Nazca & Far South,Southern Coast,5,B6,40.5,0.7457627118644068,0.36363636363636365,0.11296757035935649,1,0.3023255813953488,0.08139534883720931,0,0,0,1,0,0,0,0,1
RA001,T1,Ica & Paracas,Ica (Coast),1,B2,1.0,0.5789473684210527,0.20454545454545456,0.05568622843705036,0,0.2553191489361702,0.5106382978723404,1,0,0,0,0,1,0,0,0
RA002,T1,Ica & Paracas,Ica,0,B1,0.0,0.0,0.0,0.0,0,0.0,0.0,0,0,0,0,0,0,0,0,0
RA003,T1,Ica & Paracas,Ica,5,B6,40.0,0.2857142857142857,1.0,0.0,1,0.0,0.0,0,0,0,0,0,0,0,0,0
RA004,T1,Ica & Paracas,Ica,4,B5,62.0,1.0,0.25,0.375,0,0.6666666666666666,0.047619047619047616,0,0,0,0,0,0,0,0,0
RA005,T1,Ica & Paracas,Ica,1,B2,2.0,1.0,0.045454545454545456,0.07512167282678948,0,0.5,0.4166666666666667,1,0,0,0,1,0,0,0,0
RA006,T1,Ica & Paracas,Ica,5,B6,20.0,0.5957446808510638,1.0,0.08694818357125723,2,0.0,0.0,0,0,0,0,0,0,0,1,0
RA007,T1,Ica & Paracas,Ica,5,B6,30.0,0.8571428571428571,1.0,0.2987468750600964,2,0.0,0.0,0,0,0,0,0,0,0,0,0
RA008,T1,Ica & Paracas,Ica,2,B3,2.0,0.95,0.05263157894736842,0.1048195494519426,0,0.6190476190476191,0.23809523809523808,1,0,0,0,0,0,0,0,0
RA009,T1,Ica & Paracas,Ica,5,B6,30.0,1.0,1.0,0.16234936758692484,1,0.0,0.0,0,0,0,0,0,0,0,0,0
RA010,T1,Ica & Paracas,Ica,5,B6,10.0,0.5555555555555556,1.0,0.2741901188909338,2,0.0,0.0,0,0,0,0,0,0,0,0,0
RS001,T1,Central Coast,Huaca San Marco,5,B6,40.0,0.4857142857142857,1.0,0.15909028822466723,1,0.0,0.0,1,0,0,0,0,0,0,0,0
