kfg_id,provenance_display,geo_zone,cluster_label,typology,typology_label,n_cords,n_pattern_types,n_unique_colors,numeric_coverage,frac_broken,iso_score,anomaly_class,has_pp,has_ip,has_cp,has_sp,has_gg,has_gsb,has_is,has_psn,has_adg
CM009,Purucucho,Central Coast,Simple,0,T1,65,4,4,0.7692307692307693,0.0,0.3561379165895296,Normal,1,1,1,0,0,0,0,0,1
HM45419A,"Ica Valley (Site T, Grave K)",Ica & Paracas,Simple,0,T1,24,1,2,0.3333333333333333,0.0,0.3837741005606365,Normal,0,0,0,0,0,0,0,0,1
HM45419C,"Ica Valley (Site T, Grave K)",Ica & Paracas,Simple,0,T1,37,1,4,0.3243243243243243,0.081081081081081,0.3780140835373508,Normal,0,0,0,0,0,0,0,0,1
KH0001,Chuquitanta,Central Coast,Simple,0,T1,156,3,8,1.0,0.0064102564102564,0.4623171334912604,Normal,1,0,1,1,0,0,0,0,0
KH0002,Unknown,,Simple,0,T1,31,1,5,1.0,0.032258064516129,0.3805862892435858,Normal,1,0,0,0,0,0,0,0,0
KH0003,Unknown,,Simple,0,T1,15,1,2,0.8666666666666667,0.1333333333333333,0.3587925095051299,Normal,1,0,0,0,0,0,0,0,0
KH0004,Unknown,,Simple,0,T1,9,3,2,1.0,0.0,0.3694106379906864,Normal,1,0,0,1,1,0,0,0,0
KH0005,Unknown,,Simple,0,T1,22,1,2,1.0,0.0,0.357968042003386,Normal,1,0,0,0,0,0,0,0,0
KH0006,Unknown,,Simple,0,T1,59,4,7,0.847457627118644,0.1016949152542373,0.3526206828199447,Normal,1,1,0,0,0,0,1,1,0
KH0007,Unknown,,Simple,0,T1,92,6,4,0.9565217391304348,0.0869565217391304,0.3964684503094731,Normal,1,1,1,1,1,0,1,0,0
KH0008,Unknown,,Complex,0,T1,171,7,9,0.912280701754386,0.1403508771929824,0.4075026856084528,Normal,1,1,1,1,1,0,0,1,1
KH0009,Unknown,,Complex,0,T1,250,7,11,0.788,0.084,0.4187591894080379,Normal,1,1,1,1,1,1,0,0,1
KH0010,Pachacamac (Nordenskiöld),Central Coast,Simple,0,T1,33,3,3,0.4242424242424242,0.4242424242424242,0.3924393186623252,Normal,1,0,1,0,0,0,0,0,1
KH0011,Unknown,,Simple,0,T1,28,4,3,0.8214285714285714,0.0,0.3583226530965909,Normal,1,1,1,1,0,0,0,0,0
KH0012,Unknown,,Simple,0,T1,24,1,2,0.8333333333333334,0.125,0.3614206700597228,Normal,0,0,0,0,0,0,0,1,0
KH0013,Unknown,,Simple,0,T1,106,3,18,0.3679245283018867,0.0471698113207547,0.4038652718402612,Normal,1,0,1,0,0,0,0,1,0
KH0014,Unknown,,Simple,0,T1,90,6,5,0.4666666666666667,0.3444444444444444,0.4051395008971366,Normal,1,1,1,0,1,1,0,0,1
KH0015,Unknown,,Simple,0,T1,75,2,3,1.0,0.0,0.4650623255207482,High-confidence,1,0,0,1,0,0,0,0,0
KH0016,Unknown,,Simple,0,T1,23,0,3,0.391304347826087,0.0,0.5652387812768501,High-confidence,0,0,0,0,0,0,0,0,0
KH0017,Unknown,,Simple,0,T1,11,1,2,1.0,0.0,0.3656141687704584,Normal,1,0,0,0,0,0,0,0,0
KH0018,Unknown,,Simple,0,T1,39,3,1,0.6923076923076923,0.0,0.3978415463870608,Normal,1,0,1,0,0,0,0,1,0
KH0019,Unknown,,Simple,0,T1,10,0,9,1.0,0.0,0.3722532087689488,Normal,0,0,0,0,0,0,0,0,0
KH0020,Unknown,,Simple,0,T1,9,1,1,0.4444444444444444,0.0,0.3851126069409997,Normal,1,0,0,0,0,0,0,0,0
KH0021,Unknown,,Simple,0,T1,10,2,2,1.0,0.1,0.3558764975865346,Normal,1,0,0,0,0,0,0,0,1
KH0022,Unknown,,Simple,0,T1,75,2,7,0.8,0.12,0.3517616421578885,Normal,1,1,0,0,0,0,0,0,0
KH0023,Unknown,,Simple,0,T1,3,0,2,1.0,0.0,0.3619284002349338,Normal,0,0,0,0,0,0,0,0,0
KH0024,Unknown,,Simple,0,T1,8,1,4,0.625,0.0,0.3596250994868418,Normal,0,0,0,0,0,0,0,0,1
KH0025,Unknown,,Simple,0,T1,3,0,3,0.6666666666666666,0.0,0.3649348038105235,Normal,0,0,0,0,0,0,0,0,0
KH0026,Unknown,,Simple,0,T1,37,2,4,0.3513513513513513,0.0,0.3913813890056822,Normal,1,1,0,0,0,0,0,0,0
KH0027,Unknown,,Simple,0,T1,77,5,5,0.5324675324675324,0.1298701298701298,0.378298377303644,Normal,1,1,1,0,0,1,0,1,0
KH0028,Unknown,,Complex,1,T2,260,4,5,0.8807692307692307,0.1038461538461538,0.4862893835166941,Normal,1,1,1,0,0,0,0,1,0
KH0029,Unknown,,Simple,0,T1,28,1,3,0.7857142857142857,0.1071428571428571,0.3513806538925382,Normal,0,0,0,1,0,0,0,0,0
KH0030,Unknown,,Simple,0,T1,56,5,3,0.625,0.0714285714285714,0.3733935338265002,Normal,1,0,1,1,1,0,0,0,1
KH0031,Aankoop,,Simple,0,T1,144,5,23,0.8472222222222222,0.0763888888888889,0.4244116662557979,Normal,1,0,1,1,0,0,0,1,1
KH0032,La Puntilla (Paracas/Pisco),Cañete–Pisco,Simple,0,T1,28,1,3,0.9285714285714286,0.2857142857142857,0.3604208849095527,Normal,1,0,0,0,0,0,0,0,0
KH0033,La Puntilla (Paracas/Pisco),Cañete–Pisco,Simple,0,T1,66,4,5,0.3484848484848485,0.1212121212121212,0.3809150048482996,Normal,1,1,1,1,0,0,0,0,0
KH0034,Nazca,Nazca & Far South,Complex,1,T2,541,4,15,0.4399260628465804,0.2476894639556377,0.5553845786547194,High-confidence,0,1,0,0,0,1,0,1,1
KH0035,Unknown,,Simple,0,T1,12,0,3,0.3333333333333333,0.6666666666666666,0.4176371662356957,Normal,0,0,0,0,0,0,0,0,0
KH0036,Unknown,,Simple,0,T1,18,2,4,1.0,0.0,0.3531147311628083,Normal,0,1,0,0,0,0,0,0,1
KH0037,Unknown,,Simple,0,T1,15,0,2,0.9333333333333332,0.0666666666666666,0.3663366986377233,Normal,0,0,0,0,0,0,0,0,0
KH0038,Unknown,,Simple,0,T1,25,3,3,0.92,0.04,0.3523055800646614,Normal,1,1,1,0,0,0,0,0,0
KH0039,Unknown,,Simple,0,T1,10,0,3,0.8,0.0,0.4137323685639822,Candidate,0,0,0,0,0,0,0,0,0
KH0040,Unknown,,Simple,0,T1,21,1,3,0.9047619047619048,0.1904761904761904,0.3494492593418205,Normal,1,0,0,0,0,0,0,0,0
KH0041,Unknown,,Simple,0,T1,11,2,4,0.4545454545454545,0.4545454545454545,0.3864236267940019,Normal,0,0,0,1,0,0,0,0,1
KH0042,Pachacamac,Central Coast,Complex,0,T1,179,7,13,0.7541899441340782,0.0111731843575419,0.4166091630392842,Normal,1,1,1,1,0,1,0,1,1
KH0043,Unknown,,Simple,0,T1,16,0,6,0.1875,0.0,0.390388961990164,Normal,0,0,0,0,0,0,0,0,0
KH0044,Unknown,,Simple,0,T1,4,0,1,1.0,0.0,0.3677122418325328,Normal,0,0,0,0,0,0,0,0,0
KH0045,Unknown,,Simple,0,T1,12,0,4,1.0,0.0,0.3601651381186909,Normal,0,0,0,0,0,0,0,0,0
KH0046,Unknown,,Simple,0,T1,38,2,8,0.7368421052631579,0.1842105263157894,0.3455914141998741,Normal,1,1,0,0,0,0,0,0,0
KH0047,"Lima (Maranga, Huaca 1)",Central Coast,Simple,0,T1,81,5,9,0.8024691358024691,0.4691358024691358,0.43710186061093,Normal,1,1,1,1,0,0,0,0,1
KH0048,"Lima (Maranga, Huaca 1)",Central Coast,Simple,0,T1,82,3,11,0.5121951219512195,0.6219512195121951,0.398184748154103,Normal,1,0,1,0,0,0,0,0,1
KH0049,South Coast,Nazca & Far South,Complex,1,T2,367,3,8,0.9564032697547684,0.0326975476839237,0.5552266798924551,High-confidence,1,1,0,0,0,0,1,0,0
KH0050,Unknown,,Simple,0,T1,36,4,4,0.8333333333333334,0.7222222222222222,0.39085209434777,Normal,1,1,1,0,0,0,0,0,1
KH0051,Unknown,,Simple,0,T1,45,1,2,0.9111111111111112,0.0222222222222222,0.4113887186841737,Normal,1,0,0,0,0,0,0,0,0
KH0052,Unknown,,Simple,0,T1,56,4,5,0.9285714285714286,0.0535714285714285,0.3942032344917215,Normal,1,0,1,1,1,0,0,0,0
KH0053,Unknown,,Simple,0,T1,14,1,5,0.7142857142857143,0.2142857142857142,0.4777323774488915,High-confidence,1,0,0,0,0,0,0,0,0
KH0054,Unknown,,Simple,0,T1,29,1,7,0.896551724137931,0.0344827586206896,0.3521942064318556,Normal,0,0,0,1,0,0,0,0,0
KH0055,Unknown,,Complex,0,T1,159,7,7,0.9119496855345912,0.0880503144654088,0.4060412582055296,Normal,1,1,1,1,1,0,1,1,0
KH0056,Unknown,,Simple,0,T1,53,6,15,0.8490566037735849,0.1698113207547169,0.3774643889695552,Normal,1,1,1,1,0,0,0,1,1
KH0057,Unknown,,Complex,0,T1,126,6,10,0.6984126984126984,0.0317460317460317,0.421456240230148,Normal,1,1,1,1,0,0,1,0,1
KH0058,Unknown,,Complex,0,T1,189,8,11,0.9206349206349206,0.074074074074074,0.4544592891497503,Normal,1,1,1,1,1,0,1,1,1
KH0059,La Centinela / Tambo de Mora,Cañete–Pisco,Simple,0,T1,80,4,9,0.925,0.0,0.3699182947353802,Normal,1,1,1,0,0,0,0,1,0
KH0060,La Centinela / Tambo de Mora,Cañete–Pisco,Simple,0,T1,86,2,10,0.7441860465116279,0.0697674418604651,0.3697190009368284,Normal,0,0,0,0,0,1,0,1,0
KH0061,Unknown,,Complex,0,T1,370,6,12,0.4324324324324324,0.8243243243243243,0.499577489663326,Normal,1,1,1,1,0,0,1,1,0
KH0062,Hda. Ullujalla / Callengo,Cañete–Pisco,Simple,0,T1,45,2,6,0.8888888888888888,0.1333333333333333,0.3439651496661074,Normal,1,0,0,0,0,0,0,1,0
KH0063,Hda. Ullujalla / Callengo,Cañete–Pisco,Simple,0,T1,49,2,3,0.673469387755102,0.0408163265306122,0.3762346014347793,Normal,0,0,0,0,0,0,0,1,1
KH0064,Hda. Ullujalla / Callengo,Cañete–Pisco,Simple,0,T1,20,0,2,0.6,0.05,0.3644206914863876,Normal,0,0,0,0,0,0,0,0,0
KH0065,Hda. Ullujalla / Callengo,Cañete–Pisco,Simple,0,T1,26,3,8,0.9230769230769232,0.0769230769230769,0.3455480838397243,Normal,1,0,1,1,0,0,0,0,0
KH0066,Hda. Ullujalla / Callengo,Cañete–Pisco,Simple,0,T1,3,0,2,1.0,0.0,0.3619284002349338,Normal,0,0,0,0,0,0,0,0,0
KH0067,Ica Valley (Hda. Callango / Ocucaje),Ica & Paracas,Simple,0,T1,11,0,5,0.9090909090909092,0.2727272727272727,0.3657783750279674,Normal,0,0,0,0,0,0,0,0,0
KH0068,Unknown,,Complex,1,T2,589,7,29,0.3123938879456706,0.0390492359932088,0.5579246972797149,High-confidence,1,1,1,1,0,1,0,1,1
KH0069,Unknown,,Simple,0,T1,38,1,2,0.5,0.0789473684210526,0.3718662990661244,Normal,0,0,0,0,0,0,0,0,1
KH0070,Chala,Nazca & Far South,Simple,0,T1,8,1,2,1.0,0.0,0.3538619590505464,Normal,0,0,0,0,0,0,0,0,1
KH0071,Chala,Nazca & Far South,Simple,0,T1,15,1,2,1.0,0.0,0.3525491179243644,Normal,0,0,0,0,0,0,0,0,1
KH0072,Chala,Nazca & Far South,Simple,0,T1,18,2,3,0.8888888888888888,0.0,0.3569690407321496,Normal,0,0,1,0,0,0,0,1,0
KH0073,Chala,Nazca & Far South,Simple,0,T1,32,3,2,0.8125,0.09375,0.3573527688636605,Normal,0,1,0,0,1,0,0,1,0
KH0074,Chala,Nazca & Far South,Simple,0,T1,10,0,2,0.8,0.0,0.3573040198942693,Normal,0,0,0,0,0,0,0,0,0
KH0075,Chala,Nazca & Far South,Simple,0,T1,31,2,3,0.8387096774193549,0.1935483870967742,0.3509259114264141,Normal,1,0,1,0,0,0,0,0,0
KH0076,Chala,Nazca & Far South,Simple,0,T1,7,0,3,0.5714285714285714,0.2857142857142857,0.3756795516150278,Normal,0,0,0,0,0,0,0,0,0
KH0077,Chala,Nazca & Far South,Simple,0,T1,5,1,4,1.0,0.2,0.3591158444563452,Normal,0,0,0,0,0,0,0,0,1
KH0078,Chala,Nazca & Far South,Simple,0,T1,5,1,4,0.4,0.0,0.3785618500455146,Normal,0,0,0,0,0,0,0,0,1
KH0079,Chala,Nazca & Far South,Complex,0,T1,172,6,4,0.9418604651162792,0.1046511627906976,0.4307263862916539,Normal,1,1,1,0,1,1,0,0,1
KH0080,Chala,Nazca & Far South,Complex,0,T1,163,5,6,0.3006134969325153,0.0,0.4138300092377323,Normal,1,1,1,1,0,0,0,0,1
KH0081,Nazca (Monte de Cacatilla),Nazca & Far South,Complex,0,T1,217,5,7,0.9539170506912442,0.1105990783410138,0.3989689068876795,Normal,1,1,1,0,1,0,0,0,1
KH0082,Lluta Valley,Arica & N. Chile,Complex,1,T2,1831,7,236,0.2184598580010923,0.0016384489350081,0.7547821484771406,High-confidence,1,1,1,1,1,0,1,1,0
KH0083,Mollepampa,Chachapoyas,Complex,1,T2,591,5,151,0.6040609137055838,0.0,0.7350448057135925,High-confidence,1,0,1,1,0,0,1,1,0
KH0084,Lluta Valley,Arica & N. Chile,Complex,1,T2,405,4,229,0.4,0.0,0.6315107043975433,High-confidence,1,1,1,0,0,0,0,1,0
KH0085,Ica Valley (Rancho San Juan),Ica & Paracas,Simple,0,T1,60,5,1,0.7333333333333333,0.6166666666666667,0.4305589657306493,Normal,1,1,1,0,0,0,0,1,1
KH0086,Ica Valley (Rancho San Juan),Ica & Paracas,Simple,0,T1,25,0,1,0.24,1.0,0.4940563328628687,Candidate,0,0,0,0,0,0,0,0,0
KH0087,Nazca / Ancon,,Simple,0,T1,96,5,6,0.3958333333333333,0.0520833333333333,0.3944774567160687,Normal,1,1,1,0,0,1,0,1,0
KH0088,Nazca / Ancon,,Complex,0,T1,186,3,5,0.5161290322580645,0.0967741935483871,0.3976460243580041,Normal,1,1,1,0,0,0,0,0,0
KH0089,Nazca / Ancon,,Simple,0,T1,16,0,3,1.0,0.0,0.3616896884003797,Normal,0,0,0,0,0,0,0,0,0
KH0090,Nazca / Ancon,,Simple,0,T1,33,4,5,0.9090909090909092,0.0606060606060606,0.3492280468931684,Normal,1,1,1,0,0,0,0,0,1
KH0091,Nazca (Hda. Copara),Nazca & Far South,Simple,0,T1,27,1,4,0.8518518518518519,0.0,0.3476286912175368,Normal,0,1,0,0,0,0,0,0,0
KH0092,Nazca / Ancon,,Simple,0,T1,74,1,5,0.5675675675675675,0.0135135135135135,0.3673092949817843,Normal,0,1,0,0,0,0,0,0,0
KH0093,Nazca / Ancon,,Simple,0,T1,40,2,10,0.95,0.0,0.3726825831669898,Normal,1,0,0,0,0,0,0,0,1
KH0094,Unknown,,Simple,0,T1,8,0,2,1.0,0.625,0.4050668696970242,Normal,0,0,0,0,0,0,0,0,0
KH0095,Unknown,,Simple,0,T1,20,0,3,0.3,0.3,0.4095344706880115,Normal,0,0,0,0,0,0,0,0,0
KH0096,Unknown,,Simple,0,T1,3,0,1,1.0,0.0,0.3685762610531181,Normal,0,0,0,0,0,0,0,0,0
KH0097,Unknown,,Complex,0,T1,319,4,15,0.8087774294670846,0.1630094043887147,0.3971413292344861,Normal,1,1,1,0,1,0,0,0,0
KH0098,Unknown,,Simple,0,T1,45,2,7,0.1111111111111111,0.1777777777777777,0.4028020512273038,Normal,1,0,0,0,0,0,0,0,1
KH0100,Peru (unknown),,Simple,0,T1,97,2,5,0.9896907216494846,0.0103092783505154,0.3711752473559552,Normal,1,0,0,1,0,0,0,0,0
KH0101,Huacho / Pachacamac,Central Coast,Simple,0,T1,95,5,4,0.9578947368421052,0.0,0.379381573955385,Normal,1,1,1,0,0,0,0,1,1
KH0102,Peru (unknown),,Simple,0,T1,35,1,3,0.3428571428571428,0.0285714285714285,0.3884392448167817,Normal,0,0,0,0,0,0,0,0,1
KH0103,Peru (unknown),,Simple,0,T1,58,4,1,1.0,0.0862068965517241,0.381212290390056,Normal,1,1,1,1,0,0,0,0,0
KH0104,Unknown,,Simple,0,T1,89,5,4,0.8764044943820225,0.2696629213483146,0.3735474077974796,Normal,1,1,1,0,0,1,0,0,1
KH0105,Peru (unknown),,Simple,0,T1,56,4,2,0.8928571428571429,0.125,0.3578730213069128,Normal,1,1,1,0,0,0,0,0,1
KH0106,Peru (unknown),,Simple,0,T1,70,4,3,0.8142857142857143,0.1714285714285714,0.3563675415800633,Normal,1,1,1,0,0,1,0,0,0
KH0107,Peru (unknown),,Simple,0,T1,51,0,3,0.7450980392156863,0.1372549019607843,0.4938015185923546,High-confidence,0,0,0,0,0,0,0,0,0
KH0108,Pachacamac,Central Coast,Complex,0,T1,212,6,6,0.9245283018867924,0.0188679245283018,0.4270471618474732,Normal,1,1,1,1,0,0,1,1,0
KH0109,Pachacamac,Central Coast,Simple,0,T1,86,4,6,0.6976744186046512,0.2906976744186046,0.3778115078984304,Normal,1,1,1,0,1,0,0,0,0
KH0110,Pachacamac,Central Coast,Simple,0,T1,64,1,59,0.734375,0.015625,0.454792615638648,Candidate,0,1,0,0,0,0,0,0,0
KH0111,Between Ica and Pisco,Ica & Paracas,Simple,0,T1,101,5,4,0.5643564356435643,0.0495049504950495,0.3724064546997376,Normal,1,1,1,1,0,0,1,0,0
KH0112,Pachacamac,Central Coast,Simple,0,T1,48,3,3,1.0,0.0833333333333333,0.3740859247952684,Normal,1,0,1,0,0,0,0,0,1
KH0113,Ica,Ica & Paracas,Simple,0,T1,73,6,5,0.9452054794520548,0.0547945205479452,0.3712688951385017,Normal,1,1,1,1,1,0,0,0,1
KH0114,Pachacamac,Central Coast,Simple,0,T1,21,2,5,1.0,0.0,0.3679294224135389,Normal,0,0,0,1,0,0,0,0,1
KH0115,Pachacamac,Central Coast,Simple,0,T1,28,2,6,1.0,0.1785714285714285,0.3700166075014738,Normal,1,0,0,0,0,0,0,1,0
KH0116,Pachacamac,Central Coast,Simple,0,T1,20,2,2,1.0,0.0,0.3560162047498188,Normal,1,0,1,0,0,0,0,0,0
KH0117,Ica,Ica & Paracas,Simple,0,T1,71,2,4,0.9577464788732394,0.0,0.3657946936570881,Normal,1,0,0,1,0,0,0,0,0
KH0118,Pachacamac,Central Coast,Simple,0,T1,21,0,1,1.0,0.0952380952380952,0.3698606323055733,Normal,0,0,0,0,0,0,0,0,0
KH0119,Ica,Ica & Paracas,Simple,0,T1,22,2,3,0.9090909090909092,0.0,0.3622198180022462,Normal,1,0,0,0,0,0,0,0,1
KH0120,Marquez,Central Coast,Simple,0,T1,55,3,5,0.8,0.2181818181818181,0.3467219148642024,Normal,1,0,1,0,0,0,0,0,1
KH0121,Marquez,Central Coast,Simple,0,T1,29,2,4,0.896551724137931,0.0344827586206896,0.3415748691635138,Normal,1,0,0,0,0,0,0,0,1
KH0122,Between Ica and Pisco,Ica & Paracas,Simple,0,T1,42,3,6,0.7380952380952381,0.0,0.3672770025153576,Normal,1,1,0,0,0,0,0,1,0
KH0123,Ica,Ica & Paracas,Complex,0,T1,287,6,8,0.7909407665505227,0.024390243902439,0.4442832325004521,Normal,1,1,1,0,1,1,0,0,1
KH0124,Pachacamac,Central Coast,Simple,0,T1,20,2,1,0.95,0.0,0.3614593480436966,Normal,1,0,1,0,0,0,0,0,0
KH0125,Pachacamac,Central Coast,Simple,0,T1,11,2,12,1.0,0.0,0.3756342636281237,Normal,0,0,0,0,0,0,0,1,1
KH0126,Pachacamac,Central Coast,Simple,0,T1,42,0,5,0.0238095238095238,0.9523809523809524,0.4969200406771367,Candidate,0,0,0,0,0,0,0,0,0
KH0127,Between Ica and Pisco,Ica & Paracas,Simple,0,T1,163,4,3,0.6809815950920245,0.0245398773006134,0.3701707481446113,Normal,1,1,1,0,0,0,0,0,1
KH0128,Between Ica and Pisco,Ica & Paracas,Complex,0,T1,357,4,8,0.4901960784313725,0.0392156862745098,0.4166214298323681,Normal,1,0,1,1,0,0,0,1,0
KH0129,Ica,Ica & Paracas,Simple,0,T1,55,3,7,0.7636363636363637,0.0,0.3581348535821607,Normal,1,1,0,0,0,0,0,0,1
KH0130,Ica,Ica & Paracas,Simple,0,T1,13,1,3,0.9230769230769232,0.0,0.3501833160175228,Normal,1,0,0,0,0,0,0,0,0
KH0131,Ica,Ica & Paracas,Simple,0,T1,11,1,3,1.0,0.0909090909090909,0.3541288522971541,Normal,0,1,0,0,0,0,0,0,0
KH0132,Pachacamac,Central Coast,Simple,0,T1,20,0,2,0.8,0.25,0.3699460557152061,Normal,0,0,0,0,0,0,0,0,0
KH0133,Pachacamac,Central Coast,Simple,0,T1,11,0,9,0.8181818181818182,0.1818181818181818,0.3664290927316175,Normal,0,0,0,0,0,0,0,0,0
KH0134,Ica,Ica & Paracas,Simple,0,T1,36,2,30,1.0,0.0,0.3897847445194426,Candidate,0,1,1,0,0,0,0,0,0
KH0135,Pachacamac,Central Coast,Complex,0,T1,281,2,3,0.0747330960854092,0.0071174377224199,0.5014742619560884,High-confidence,1,1,0,0,0,0,0,0,0
KH0136,Lima,Central Coast,Simple,0,T1,9,0,1,1.0,0.1111111111111111,0.3731589682943874,Normal,0,0,0,0,0,0,0,0,0
KH0137,Ica,Ica & Paracas,Simple,0,T1,94,2,17,0.7446808510638298,0.0,0.3754421032849985,Normal,1,0,0,1,0,0,0,0,0
KH0138,Marquez,Central Coast,Simple,0,T1,35,3,3,0.8571428571428571,0.8285714285714286,0.4048519849592456,Normal,1,1,1,0,0,0,0,0,0
KH0139,Marquez,Central Coast,Simple,0,T1,28,0,3,1.0,0.8571428571428571,0.4366633896162706,Candidate,0,0,0,0,0,0,0,0,0
KH0141,Ica,Ica & Paracas,Complex,0,T1,157,6,33,0.8662420382165605,0.0127388535031847,0.4595591189808153,Normal,1,1,1,1,1,0,0,1,0
KH0142,Nazca,Nazca & Far South,Simple,0,T1,6,2,2,0.8333333333333334,0.0,0.3516173031489871,Normal,1,0,0,0,1,0,0,0,0
KH0143,Nazca,Nazca & Far South,Complex,0,T1,289,5,18,0.4844290657439446,0.2076124567474048,0.4167066642603476,Normal,1,1,1,0,0,1,0,1,0
KH0144,Ica,Ica & Paracas,Simple,0,T1,14,0,4,1.0,0.0,0.3577594816726291,Normal,0,0,0,0,0,0,0,0,0
KH0145,Near Lima,Central Coast,Simple,0,T1,28,3,7,0.9285714285714286,0.0,0.3609795273701837,Normal,0,0,0,1,1,0,0,1,0
KH0147,Pachacamac,Central Coast,Complex,1,T2,287,6,13,0.7142857142857143,0.0871080139372822,0.4580409978200151,Normal,1,1,1,1,0,0,1,1,0
KH0148,Marquez,Central Coast,Simple,0,T1,15,1,4,0.6666666666666666,0.0,0.3534766988799496,Normal,1,0,0,0,0,0,0,0,0
KH0149,Marquez,Central Coast,Simple,0,T1,49,3,7,0.7551020408163265,0.4081632653061224,0.3578164911965222,Normal,1,0,1,0,0,0,0,0,1
KH0150,Pachacamac,Central Coast,Simple,0,T1,13,2,2,0.6153846153846154,0.0,0.3556193761132512,Normal,0,1,0,0,0,0,0,0,1
KH0151,Ica,Ica & Paracas,Simple,0,T1,23,1,9,0.9130434782608696,0.0869565217391304,0.3494609649425585,Normal,1,0,0,0,0,0,0,0,0
KH0152,Nazca,Nazca & Far South,Complex,0,T1,285,7,4,0.9052631578947368,0.0210526315789473,0.4498554784682058,Normal,1,1,1,1,1,0,1,1,0
KH0153,Chuquitanta,Central Coast,Simple,0,T1,4,1,4,1.0,0.0,0.3539653257251052,Normal,0,0,0,0,0,0,0,0,1
KH0154,Ica,Ica & Paracas,Simple,0,T1,35,2,14,1.0,0.0,0.3665957681486846,Normal,1,0,1,0,0,0,0,0,0
KH0155,Pachacamac,Central Coast,Simple,0,T1,14,0,14,0.7857142857142857,0.0714285714285714,0.3677883765829529,Normal,0,0,0,0,0,0,0,0,0
KH0156,Nazca,Nazca & Far South,Simple,0,T1,192,3,15,0.96875,0.0885416666666666,0.3917746395764496,Normal,1,1,1,0,0,0,0,0,0
KH0157,Ica,Ica & Paracas,Simple,0,T1,20,1,1,1.0,0.0,0.3665616950817753,Normal,0,0,0,0,1,0,0,0,0
KH0158,Ica,Ica & Paracas,Simple,0,T1,18,0,2,0.8333333333333334,0.0555555555555555,0.3656531351628096,Normal,0,0,0,0,0,0,0,0,0
KH0159,Ica,Ica & Paracas,Simple,0,T1,30,2,3,1.0,0.0333333333333333,0.3532582211780271,Normal,0,1,1,0,0,0,0,0,0
KH0160,Pachacamac,Central Coast,Simple,0,T1,62,4,2,0.9032258064516128,0.032258064516129,0.3630168009176707,Normal,1,1,1,0,0,0,0,0,1
KH0161,Pachacamac,Central Coast,Simple,0,T1,90,2,4,0.8333333333333334,0.0777777777777777,0.3466407125452189,Normal,1,1,0,0,0,0,0,0,0
KH0162,Ica,Ica & Paracas,Simple,0,T1,123,5,6,0.8617886178861789,0.0,0.3690701199360316,Normal,1,1,1,1,0,1,0,0,0
KH0163,Ocucaje,Ica & Paracas,Simple,0,T1,18,2,3,1.0,0.0,0.3630062661980521,Normal,1,1,0,0,0,0,0,0,0
KH0164,Ocucaje,Ica & Paracas,Simple,0,T1,20,1,5,1.0,0.1,0.3549402277809542,Normal,0,1,0,0,0,0,0,0,0
KH0165,Ocucaje,Ica & Paracas,Simple,0,T1,112,4,4,0.9464285714285714,0.0625,0.3664721953137328,Normal,1,1,1,0,1,0,0,0,0
KH0166,Ica,Ica & Paracas,Simple,0,T1,41,2,5,0.902439024390244,0.048780487804878,0.3625569330944049,Normal,1,0,0,1,0,0,0,0,0
KH0167,Pachacamac,Central Coast,Simple,0,T1,47,5,2,0.8723404255319149,0.0212765957446808,0.4207833368114967,Normal,1,0,0,1,0,1,0,1,1
KH0168,Ica,Ica & Paracas,Simple,0,T1,118,5,31,0.8983050847457628,0.0508474576271186,0.4183094737658981,Normal,1,1,1,1,0,0,0,0,1
KH0169,Unknown,,Simple,0,T1,40,3,5,0.975,0.025,0.3625794429521405,Normal,1,0,0,1,0,0,0,1,0
KH0170,Near Lima,Central Coast,Simple,0,T1,3,0,3,1.0,0.0,0.3611848049711681,Normal,0,0,0,0,0,0,0,0,0
KH0171,Near Lima,Central Coast,Simple,0,T1,9,1,4,0.8888888888888888,0.1111111111111111,0.3498714979443098,Normal,0,0,0,0,0,0,0,0,1
KH0172,Pachacamac,Central Coast,Simple,0,T1,65,4,4,0.9384615384615383,0.0461538461538461,0.3731251053821552,Normal,1,1,1,0,1,0,0,0,0
KH0173,Unknown,,Simple,0,T1,34,2,1,0.7941176470588235,0.0,0.3748541867578394,Normal,0,0,0,0,0,0,0,1,1
KH0174,Pachacamac,Central Coast,Simple,0,T1,18,0,2,0.6666666666666666,0.1111111111111111,0.3619769651745327,Normal,0,0,0,0,0,0,0,0,0
KH0175,Between Ica and Pisco,Ica & Paracas,Simple,0,T1,53,6,3,0.981132075471698,0.0188679245283018,0.3855855083063215,Normal,1,1,1,1,1,0,0,1,0
KH0176,Between Ica and Pisco,Ica & Paracas,Simple,0,T1,23,3,4,0.8260869565217391,0.0869565217391304,0.3414708670374111,Normal,1,1,1,0,0,0,0,0,0
KH0177,Ica,Ica & Paracas,Simple,0,T1,8,2,1,1.0,0.0,0.3665047063530841,Normal,1,0,0,0,0,1,0,0,0
KH0178,Ica,Ica & Paracas,Simple,0,T1,16,0,11,0.9375,0.0,0.3673493754656141,Normal,0,0,0,0,0,0,0,0,0
KH0179,Ica,Ica & Paracas,Simple,0,T1,5,1,2,0.8,0.0,0.3533193620658411,Normal,0,0,0,0,0,0,0,0,1
KH0180,Pachacamac,Central Coast,Simple,0,T1,27,4,2,0.8518518518518519,0.0,0.3551772842045048,Normal,1,0,1,0,1,0,0,0,1
KH0181,Ica,Ica & Paracas,Simple,0,T1,33,4,5,1.0,0.0303030303030303,0.3640642749826034,Normal,1,0,1,1,0,1,0,0,0
KH0182,Pachacamac,Central Coast,Simple,0,T1,21,4,4,0.7142857142857143,0.0,0.3550156269477836,Normal,1,0,1,1,1,0,0,0,0
KH0183,Ica,Ica & Paracas,Complex,1,T2,362,6,17,0.5662983425414365,0.011049723756906,0.5016548898810378,Normal,1,1,1,1,0,0,1,1,0
KH0184,Pachacamac,Central Coast,Simple,0,T1,9,0,2,0.8888888888888888,0.0,0.3590002202232696,Normal,0,0,0,0,0,0,0,0,0
KH0185,Unknown,,Simple,0,T1,18,1,7,0.9444444444444444,0.1111111111111111,0.3557635885537702,Normal,1,0,0,0,0,0,0,0,0
KH0186,Unknown,,Simple,0,T1,30,2,3,0.9666666666666668,0.0,0.351789677406279,Normal,0,1,0,0,0,0,0,0,1
KH0187,Pachacamac,Central Coast,Simple,0,T1,125,5,58,0.648,0.064,0.4497695792700725,Normal,1,1,1,1,0,0,0,1,0
KH0188,Ica,Ica & Paracas,Simple,0,T1,24,3,6,1.0,0.0,0.3572934344690147,Normal,1,1,0,0,1,0,0,0,0
KH0189,Pachacamac,Central Coast,Simple,0,T1,59,6,8,0.9661016949152542,0.0338983050847457,0.4185853989565263,Normal,1,1,1,1,1,0,0,0,1
KH0190,Between Ica and Pisco,Ica & Paracas,Simple,0,T1,15,2,3,1.0,0.0,0.353210261520318,Normal,1,0,0,0,0,0,0,0,1
KH0191,Between Ica and Pisco,Ica & Paracas,Simple,0,T1,27,5,4,0.9629629629629628,0.0,0.3884529765757089,Normal,1,1,1,1,1,0,0,0,0
KH0192,Pachacamac,Central Coast,Complex,1,T2,338,8,9,0.7928994082840237,0.0532544378698224,0.5096859118869236,Normal,1,1,1,1,1,0,1,1,1
KH0193,Nazca,Nazca & Far South,Complex,1,T2,303,7,10,0.5544554455445545,0.033003300330033,0.4586047882201833,Normal,1,1,1,1,1,0,1,1,0
KH0194,Near Lima,Central Coast,Simple,0,T1,15,0,2,1.0,0.0666666666666666,0.3721925346894005,Normal,0,0,0,0,0,0,0,0,0
KH0195,Near Lima,Central Coast,Simple,0,T1,30,5,4,0.9333333333333332,0.6333333333333333,0.3955967557319865,Normal,1,1,1,0,0,1,0,0,1
KH0196,Ica,Ica & Paracas,Simple,0,T1,28,2,6,0.7857142857142857,0.1428571428571428,0.3444643514387436,Normal,1,0,0,0,0,0,0,0,1
KH0197,Ica,Ica & Paracas,Simple,0,T1,35,0,8,0.8857142857142857,0.0571428571428571,0.3584227475476814,Normal,0,0,0,0,0,0,0,0,0
KH0198,Unknown,,Complex,1,T2,149,6,20,0.8791946308724832,0.0134228187919463,0.5375559554728925,Normal,1,1,1,1,0,0,1,0,1
KH0199,Unknown,,Simple,0,T1,5,0,5,1.0,0.0,0.3625618556075341,Normal,0,0,0,0,0,0,0,0,0
KH0200,Unknown,,Simple,0,T1,22,0,1,1.0,0.0,0.3984707723192217,Candidate,0,0,0,0,0,0,0,0,0
KH0201,Unknown,,Simple,0,T1,7,1,2,0.7142857142857143,0.1428571428571428,0.3577478694314772,Normal,1,0,0,0,0,0,0,0,0
KH0202,Unknown,,Simple,0,T1,9,1,2,1.0,0.0,0.3565441145519236,Normal,0,1,0,0,0,0,0,0,0
KH0203,Unknown,,Simple,0,T1,30,4,9,0.9333333333333332,0.0,0.4073887577437692,Normal,1,0,0,1,0,0,0,1,1
KH0204,Unknown,,Simple,0,T1,64,3,6,0.796875,0.0,0.3646439062758911,Normal,1,0,0,1,0,0,0,1,0
KH0205,Pachacamac,Central Coast,Simple,0,T1,3,0,1,1.0,0.0,0.3685762610531181,Normal,0,0,0,0,0,0,0,0,0
KH0206,Pachacamac,Central Coast,Simple,0,T1,12,1,3,0.9166666666666666,0.3333333333333333,0.3570626536536521,Normal,0,0,0,0,0,0,0,0,1
KH0207,Pachacamac,Central Coast,Simple,0,T1,35,7,4,0.8,0.3142857142857143,0.3961220236688516,Normal,1,1,1,1,0,1,0,1,1
KH0208,Unknown,,Simple,0,T1,101,0,3,0.0,0.0,0.4254534244080604,Candidate,0,0,0,0,0,0,0,0,0
KH0209,Ica Valley (near Callengo),Ica & Paracas,Simple,0,T1,7,0,1,0.8571428571428571,0.1428571428571428,0.3704530683366058,Normal,0,0,0,0,0,0,0,0,0
KH0210,Ica Valley (near Callengo),Ica & Paracas,Simple,0,T1,13,2,4,1.0,0.0,0.3612341694158093,Normal,1,0,0,1,0,0,0,0,0
KH0211,Ica Valley (near Callengo),Ica & Paracas,Simple,0,T1,8,1,1,0.875,0.0,0.3616927256352471,Normal,0,0,0,0,0,1,0,0,0
KH0212,Ica Valley (near Callengo),Ica & Paracas,Simple,0,T1,7,0,4,0.7142857142857143,0.1428571428571428,0.42848496017232,Normal,0,0,0,0,0,0,0,0,0
KH0213,Ica Valley (near Callengo),Ica & Paracas,Simple,0,T1,7,0,4,0.8571428571428571,0.1428571428571428,0.4694462154102818,Candidate,0,0,0,0,0,0,0,0,0
KH0214,Ica Valley (near Callengo),Ica & Paracas,Simple,0,T1,6,0,3,1.0,0.0,0.3641312252296226,Normal,0,0,0,0,0,0,0,0,0
KH0215,Ica Valley (near Callengo),Ica & Paracas,Simple,0,T1,11,0,2,1.0,0.1818181818181818,0.3699941280099976,Normal,0,0,0,0,0,0,0,0,0
KH0216,Unknown,,Simple,0,T1,19,1,1,1.0,0.0526315789473684,0.3634286378141789,Normal,0,0,0,0,0,1,0,0,0
KH0217,Unknown,,Simple,0,T1,86,4,18,0.9186046511627908,0.0930232558139534,0.372951252817162,Normal,1,1,1,0,1,0,0,0,0
KH0218,"Central Coast (Late Period, prob.)",Central Coast,Simple,0,T1,64,4,3,1.0,0.0,0.3817626527510578,Normal,1,1,1,1,0,0,0,0,0
KH0219,Ica,Ica & Paracas,Simple,0,T1,18,3,3,0.9444444444444444,0.1111111111111111,0.3559666728379934,Normal,1,0,0,0,0,1,0,1,0
KH0220,Unknown,,Simple,0,T1,30,2,2,0.4666666666666667,0.0,0.372290418238922,Normal,0,1,0,0,0,0,0,0,1
KH0221,Unknown,,Simple,0,T1,37,2,3,0.3243243243243243,0.1351351351351351,0.3772880780188636,Normal,0,1,0,0,0,0,0,0,1
KH0222,Ica,Ica & Paracas,Simple,0,T1,20,1,4,0.45,0.05,0.3628037186821419,Normal,0,0,0,0,0,0,0,0,1
KH0223,"Ica (Site T, Grave M — Uhle)",Ica & Paracas,Simple,0,T1,21,0,4,0.7142857142857143,0.4285714285714285,0.3787908626837962,Normal,0,0,0,0,0,0,0,0,0
KH0224,Unknown,,Simple,0,T1,32,1,4,0.6875,0.75,0.3919845546135917,Normal,1,0,0,0,0,0,0,0,0
KH0225,Unknown,,Complex,0,T1,253,6,19,0.6442687747035574,0.1976284584980237,0.4292398334323234,Normal,1,1,1,1,0,1,0,1,0
KH0226,Unknown,,Simple,0,T1,28,1,3,0.8214285714285714,0.1071428571428571,0.3852095077128508,Normal,1,0,0,0,0,0,0,0,0
KH0227,Unknown,,Simple,0,T1,14,0,3,0.8571428571428571,0.4285714285714285,0.3721267979458221,Normal,0,0,0,0,0,0,0,0,0
KH0228,Unknown,,Complex,0,T1,218,6,10,0.8348623853211009,0.0458715596330275,0.4031445537478355,Normal,1,1,1,1,0,0,1,1,0
KH0229,Unknown,,Simple,0,T1,143,1,9,0.916083916083916,0.1048951048951049,0.4271770280759648,Normal,1,0,0,0,0,0,0,0,0
KH0230,Unknown,,Simple,0,T1,39,3,14,0.8461538461538461,0.0512820512820512,0.3513083006879421,Normal,1,1,0,0,0,0,0,0,1
KH0231,Unknown,,Simple,0,T1,68,4,2,0.6764705882352942,0.0588235294117647,0.3781688605239901,Normal,1,1,1,0,0,0,0,1,0
KH0232,Unknown,,Simple,0,T1,100,8,7,0.98,0.01,0.4172334275647736,Normal,1,1,1,0,1,1,1,1,1
KH0233,Unknown,,Simple,0,T1,36,1,6,0.8055555555555556,0.3055555555555556,0.4006427521132076,Normal,1,0,0,0,0,0,0,0,0
KH0234,Unknown,,Simple,0,T1,20,2,3,1.0,0.0,0.3518130507033458,Normal,1,0,0,0,1,0,0,0,0
KH0235,Nazca,Nazca & Far South,Simple,0,T1,37,3,4,0.945945945945946,0.5675675675675675,0.3782643990732437,Normal,1,0,1,1,0,0,0,0,0
KH0236,Nazca,Nazca & Far South,Simple,0,T1,5,0,4,0.8,0.0,0.3681735935513801,Normal,0,0,0,0,0,0,0,0,0
KH0237,Leymebamba,Chachapoyas,Complex,1,T2,572,8,15,0.5559440559440559,0.0192307692307692,0.5582888023320913,High-confidence,1,1,1,1,1,0,1,1,1
KH0238,Leymebamba,Chachapoyas,Simple,0,T1,116,4,17,0.9396551724137931,0.0086206896551724,0.4292406767177708,Normal,1,0,0,1,0,0,0,1,1
KH0239,Leymebamba,Chachapoyas,Complex,1,T2,758,6,36,0.6147757255936676,0.1147757255936675,0.6847112177586462,High-confidence,1,1,0,0,1,1,1,1,0
KH0240,Leymebamba,Chachapoyas,Complex,1,T2,573,8,12,0.7399650959860384,0.0122164048865619,0.5415717776084251,High-confidence,1,1,1,1,1,1,1,1,0
KH0241,Leymebamba,Chachapoyas,Simple,0,T1,62,1,8,0.6451612903225806,0.1290322580645161,0.3643120323655281,Normal,1,0,0,0,0,0,0,0,0
KH0242,Leymebamba,Chachapoyas,Complex,1,T2,874,9,8,0.6281464530892449,0.0011441647597254,0.6304689615081388,High-confidence,1,1,1,1,1,1,1,1,1
KH0243,Leymebamba,Chachapoyas,Simple,0,T1,80,2,4,0.475,0.0125,0.3949260078951275,Normal,0,0,0,0,0,0,0,1,1
KH0244,Leymebamba,Chachapoyas,Simple,0,T1,6,1,1,1.0,0.0,0.3631067885806252,Normal,0,0,0,0,0,0,0,0,1
KH0245,Leymebamba,Chachapoyas,Complex,0,T1,164,6,7,0.6097560975609756,0.0,0.3904986164960928,Normal,1,1,1,1,0,1,0,1,0
KH0246,Leymebamba,Chachapoyas,Complex,0,T1,176,6,10,0.8977272727272727,0.0397727272727272,0.3991781794017452,Normal,1,1,1,1,1,0,0,0,1
KH0247,Leymebamba,Chachapoyas,Complex,1,T2,343,6,32,0.8338192419825073,0.0495626822157434,0.5175981567008844,Normal,1,1,1,1,0,0,1,1,0
KH0248,Leymebamba,Chachapoyas,Simple,0,T1,126,5,10,0.7698412698412699,0.119047619047619,0.4503385875066014,Normal,1,1,0,1,0,0,1,0,1
KH0249,Leymebamba,Chachapoyas,Simple,0,T1,59,1,4,0.864406779661017,0.0,0.4001294122872941,Normal,1,0,0,0,0,0,0,0,0
KH0250,Leymebamba,Chachapoyas,Simple,0,T1,44,3,5,0.7272727272727273,0.1818181818181818,0.3495795515918088,Normal,1,0,1,1,0,0,0,0,0
KH0251,Leymebamba,Chachapoyas,Simple,0,T1,88,3,14,0.8636363636363636,0.1477272727272727,0.4532026837737731,Normal,1,0,0,1,0,0,0,0,1
KH0252,Leymebamba,Chachapoyas,Complex,1,T2,442,6,12,0.7398190045248869,0.1923076923076923,0.5442503164298859,High-confidence,1,1,1,1,0,0,1,1,0
KH0253,Leymebamba,Chachapoyas,Complex,0,T1,122,6,16,0.8442622950819673,0.0327868852459016,0.3979215859589584,Normal,1,1,1,1,0,0,0,1,1
KH0254,Leymebamba,Chachapoyas,Simple,0,T1,38,3,8,0.8421052631578947,0.0,0.3471882201624938,Normal,1,0,0,1,0,0,0,0,1
KH0255,Leymebamba,Chachapoyas,Simple,0,T1,18,0,5,0.5555555555555556,0.1666666666666666,0.3647735072603589,Normal,0,0,0,0,0,0,0,0,0
KH0256,Leymebamba,Chachapoyas,Simple,0,T1,30,2,9,0.9333333333333332,0.0,0.3569636031215682,Normal,1,0,0,1,0,0,0,0,0
KH0257,Leymebamba,Chachapoyas,Complex,0,T1,162,6,10,0.845679012345679,0.0061728395061728,0.3875149277323511,Normal,1,1,1,1,0,1,0,1,0
KH0258,Leymebamba,Chachapoyas,Complex,0,T1,314,8,6,0.6592356687898089,0.3184713375796178,0.4468114806240315,Normal,1,1,1,1,1,0,1,1,1
KH0259,Atarco,Ica & Paracas,Simple,0,T1,20,1,2,0.9,0.0,0.3637580590006544,Normal,0,0,0,0,0,0,0,1,0
KH0260,Atarco,Ica & Paracas,Simple,0,T1,19,1,2,0.8947368421052632,0.0,0.3605574590190651,Normal,0,0,0,0,0,0,0,1,0
KH0261,Unknown,,Simple,0,T1,46,4,4,0.6086956521739131,0.4565217391304347,0.3725089788727482,Normal,1,1,1,0,0,0,0,0,1
KH0262,Atarco,Ica & Paracas,Simple,0,T1,17,0,2,1.0,0.0,0.3618323278956904,Normal,0,0,0,0,0,0,0,0,0
KH0263,Atarco,Ica & Paracas,Simple,0,T1,91,7,4,0.7142857142857143,0.1098901098901098,0.3854535678330047,Normal,1,0,1,1,1,1,0,1,1
KH0264,Atarco,Ica & Paracas,Simple,0,T1,75,4,3,0.7866666666666666,0.0533333333333333,0.3871174765335188,Normal,0,1,0,0,0,1,0,1,1
KH0265,"Ica Valley (Site T, Grave M)",Ica & Paracas,Simple,0,T1,38,2,7,0.8157894736842105,0.1578947368421052,0.3493861997794842,Normal,1,1,0,0,0,0,0,0,0
KH0266,"Ica Valley (Site T, Grave M)",Ica & Paracas,Simple,0,T1,8,0,7,1.0,0.0,0.3660974466568349,Normal,0,0,0,0,0,0,0,0,0
KH0267,Unknown,,Complex,1,T2,188,8,21,0.9308510638297872,0.0478723404255319,0.5026565100977369,Normal,1,1,1,1,1,0,1,1,1
KH0268,"Arica, Chile (Playa Miller 6)",Arica & N. Chile,Simple,0,T1,22,0,6,1.0,0.0,0.4060334504178927,Normal,0,0,0,0,0,0,0,0,0
KH0269,Unknown,,Complex,0,T1,171,6,53,0.8771929824561403,0.0,0.4594218864596924,Normal,1,1,1,0,1,1,0,0,1
KH0270,Unknown,,Simple,0,T1,39,1,14,0.7948717948717948,0.2307692307692307,0.374136179001373,Normal,1,0,0,0,0,0,0,0,0
KH0271,Huari,Southern Highlands,Complex,0,T1,91,4,2,1.0,0.0219780219780219,0.4677533856228055,High-confidence,1,1,1,0,1,0,0,0,0
KH0272,Nazca,Nazca & Far South,Simple,0,T1,49,0,5,0.4693877551020408,0.3469387755102041,0.3917429841885141,Normal,0,0,0,0,0,0,0,0,0
KH0273,Unknown,,Simple,0,T1,43,4,3,0.8372093023255814,0.0465116279069767,0.3516911118742343,Normal,1,1,1,0,0,0,0,0,1
KH0274,Unknown,,Simple,0,T1,25,4,4,0.84,0.36,0.3580497657700749,Normal,1,1,1,0,0,1,0,0,0
KH0275,Unknown,,Complex,0,T1,160,7,16,0.68125,0.43125,0.4359918903462723,Normal,1,1,1,0,1,0,1,1,1
KH0276,Lima (Pueblo Libre),Central Coast,Simple,0,T1,107,3,11,0.7289719626168224,0.0747663551401869,0.3869677986715473,Normal,1,0,1,1,0,0,0,0,0
KH0277,Lima (Pueblo Libre),Central Coast,Simple,0,T1,47,4,67,1.0,0.0425531914893617,0.4689912367245201,High-confidence,1,1,1,0,1,0,0,0,0
KH0278,Lima (Pueblo Libre),Central Coast,Simple,0,T1,61,5,10,0.8360655737704918,0.0491803278688524,0.3942713239935468,Normal,1,1,1,1,0,0,0,1,0
KH0279,Unknown,,Complex,1,T2,327,7,37,0.6574923547400612,0.2262996941896024,0.4938790148658481,Normal,1,1,1,1,1,0,1,0,1
KH0280,Unknown,,Complex,0,T1,164,3,2,1.0,0.4817073170731707,0.5226154843548788,High-confidence,1,1,0,0,1,0,0,0,0
KH0281,Unknown,,Simple,0,T1,98,4,5,0.8775510204081632,0.1530612244897959,0.3531877743901279,Normal,1,1,0,0,1,1,0,0,0
KH0282,Unknown,,Simple,0,T1,98,6,3,0.979591836734694,0.0204081632653061,0.3956790611637967,Normal,1,1,1,0,1,1,0,0,1
KH0283,Unknown,,Simple,0,T1,55,1,6,0.9818181818181818,0.0,0.3569632303082251,Normal,1,0,0,0,0,0,0,0,0
KH0284,Unknown,,Simple,0,T1,54,1,4,1.0,0.0,0.4062668886060602,Normal,1,0,0,0,0,0,0,0,0
KH0285,Unknown,,Simple,0,T1,61,1,4,1.0,0.0,0.3564297316892873,Normal,1,0,0,0,0,0,0,0,0
KH0286,Unknown,,Simple,0,T1,72,1,5,1.0,0.0,0.3579000212544698,Normal,1,0,0,0,0,0,0,0,0
KH0287,Unknown,,Simple,0,T1,105,4,4,1.0,0.0,0.3997677460047315,Normal,1,0,1,1,0,0,0,1,0
KH0288,Unknown,,Complex,0,T1,115,4,2,0.991304347826087,0.0608695652173913,0.4703674411108448,High-confidence,1,1,1,0,1,0,0,0,0
KH0289,Unknown,,Complex,0,T1,180,4,4,0.9777777777777776,0.0611111111111111,0.5017482641126431,High-confidence,1,1,1,0,1,0,0,0,0
KH0290,Unknown,,Simple,0,T1,42,3,16,0.8571428571428571,0.0476190476190476,0.3758319392380274,Normal,1,0,1,1,0,0,0,0,0
KH0291,Unknown,,Simple,0,T1,38,2,7,0.7631578947368421,0.1052631578947368,0.3454648102551106,Normal,1,1,0,0,0,0,0,0,0
KH0292,Unknown,,Simple,0,T1,24,1,2,0.7083333333333334,0.1666666666666666,0.3549405159891838,Normal,1,0,0,0,0,0,0,0,0
KH0293,Atarco,Ica & Paracas,Simple,0,T1,42,4,2,1.0,0.0238095238095238,0.3869905719602316,Normal,1,0,1,0,0,1,0,1,0
KH0294,"Arica, Chile (Playa Miller 6)",Arica & N. Chile,Complex,1,T2,275,4,29,0.7927272727272727,0.0,0.5810023088751797,High-confidence,0,1,0,1,0,1,0,0,1
KH0295,Unknown,,Simple,1,T2,256,2,23,0.6015625,0.01171875,0.5844084366567741,High-confidence,1,0,0,1,0,0,0,0,0
KH0296,Unknown,,Simple,0,T1,136,5,12,0.7279411764705882,0.1102941176470588,0.379038666420922,Normal,1,1,1,1,0,1,0,0,0
KH0297,Huaquerones,Central Coast,Simple,0,T1,114,5,16,0.7456140350877193,0.1842105263157894,0.4082182113640396,Normal,1,1,0,0,0,1,0,1,1
KH0298,Huaquerones,Central Coast,Simple,0,T1,41,4,2,0.7560975609756098,0.0,0.3609699373983006,Normal,1,1,1,0,0,0,0,0,1
KH0299,Huaquerones,Central Coast,Simple,0,T1,23,1,4,0.9565217391304348,0.0869565217391304,0.3512730475067463,Normal,1,0,0,0,0,0,0,0,0
KH0300,Unknown,,Simple,0,T1,111,4,5,0.5135135135135135,0.063063063063063,0.3623386496003537,Normal,1,1,1,0,0,0,0,0,1
KH0301,Huaquerones,Central Coast,Simple,0,T1,74,3,5,0.6621621621621622,0.1081081081081081,0.3479898736564212,Normal,1,1,1,0,0,0,0,0,0
KH0302,Huaquerones,Central Coast,Simple,0,T1,6,0,1,0.6666666666666666,0.1666666666666666,0.3766657361824014,Normal,0,0,0,0,0,0,0,0,0
KH0303,Huaquerones,Central Coast,Simple,0,T1,35,3,4,0.6285714285714286,0.0285714285714285,0.3511330407060494,Normal,1,1,0,0,0,0,0,0,1
KH0304,Huaquerones,Central Coast,Simple,0,T1,35,2,6,0.6285714285714286,0.0571428571428571,0.347486329173629,Normal,1,0,0,0,0,0,0,0,1
KH0305,Unknown,,Simple,0,T1,73,4,4,0.6986301369863014,0.0136986301369863,0.3589740679491233,Normal,1,1,1,0,0,0,0,0,1
KH0306,Huaquerones,Central Coast,Simple,0,T1,33,2,9,0.696969696969697,0.0,0.352731198125199,Normal,1,1,0,0,0,0,0,0,0
KH0307,Huaquerones,Central Coast,Simple,0,T1,26,0,4,0.0,0.0384615384615384,0.4143281115236186,Candidate,0,0,0,0,0,0,0,0,0
KH0308,Huaquerones,Central Coast,Simple,0,T1,26,0,25,0.0,0.0,0.455337844621473,Candidate,0,0,0,0,0,0,0,0,0
KH0309,Huaquerones,Central Coast,Simple,0,T1,66,4,8,0.9696969696969696,0.0151515151515151,0.3810477062231581,Normal,1,1,1,0,0,1,0,0,0
KH0310,Unknown,,Simple,0,T1,74,1,8,0.4864864864864865,0.027027027027027,0.3781489490296842,Normal,1,0,0,0,0,0,0,0,0
KH0311,Huaquerones,Central Coast,Simple,0,T1,79,4,7,0.8987341772151899,0.0886075949367088,0.355694063030711,Normal,1,1,1,0,0,0,0,0,1
KH0312,Huaquerones,Central Coast,Simple,0,T1,13,0,2,0.9230769230769232,0.0,0.3797705738735402,Normal,0,0,0,0,0,0,0,0,0
KH0313,Huaquerones,Central Coast,Simple,0,T1,24,1,3,1.0,0.0,0.3518667605964284,Normal,0,1,0,0,0,0,0,0,0
KH0314,Unknown,,Simple,0,T1,25,0,2,0.48,0.32,0.3950155234157629,Normal,0,0,0,0,0,0,0,0,0
KH0315,Huaquerones,Central Coast,Simple,0,T1,11,0,5,0.6363636363636364,0.1818181818181818,0.3656059310902274,Normal,0,0,0,0,0,0,0,0,0
KH0316,Huaquerones,Central Coast,Simple,0,T1,31,3,4,0.8387096774193549,0.2580645161290322,0.3457900971461727,Normal,1,1,0,1,0,0,0,0,0
KH0317,Huaquerones,Central Coast,Simple,0,T1,14,3,4,0.5,0.0,0.3633446295744894,Normal,1,1,1,0,0,0,0,0,0
KH0318,Huaquerones,Central Coast,Simple,0,T1,7,0,5,0.4285714285714285,0.0,0.3781088046583695,Normal,0,0,0,0,0,0,0,0,0
KH0319,Huaquerones,Central Coast,Simple,0,T1,44,0,13,0.0,0.0,0.4308190002240238,Candidate,0,0,0,0,0,0,0,0,0
KH0320,"Arica, Chile (Playa Miller 6)",Arica & N. Chile,Simple,0,T1,23,0,10,0.7391304347826086,0.0434782608695652,0.3903788640458983,Normal,0,0,0,0,0,0,0,0,0
KH0321,Unknown,,Complex,0,T1,273,5,18,0.9377289377289376,0.0549450549450549,0.4604649182195247,Normal,1,1,1,1,0,0,1,0,0
KH0322,Unknown,,Simple,0,T1,107,5,8,0.8691588785046729,0.0934579439252336,0.3678560880344356,Normal,1,1,1,0,1,0,0,0,1
KH0323,Santa,North Peru Coast,Complex,1,T2,370,6,63,0.8675675675675676,0.0783783783783783,0.5339464287267843,Normal,1,1,1,0,1,0,1,1,0
KH0324,Santa,North Peru Coast,Simple,0,T1,102,2,14,0.8725490196078431,0.1176470588235294,0.4873775021801315,Candidate,1,0,0,1,0,0,0,0,0
KH0325,Santa,North Peru Coast,Complex,1,T2,288,7,22,0.8263888888888888,0.1319444444444444,0.4607977434073924,Normal,1,1,1,1,1,1,0,1,0
KH0326,Santa,North Peru Coast,Simple,0,T1,131,4,36,0.9389312977099236,0.1603053435114503,0.4207346868231267,Normal,1,1,1,1,0,0,0,0,0
KH0327,Santa,North Peru Coast,Simple,0,T1,125,4,19,0.648,0.12,0.4133038189646767,Normal,1,1,1,0,0,0,0,1,0
KH0328,Santa,North Peru Coast,Simple,0,T1,61,0,6,0.819672131147541,0.0163934426229508,0.3632839134061878,Normal,0,0,0,0,0,0,0,0,0
KH0329,Unknown,,Complex,1,T2,1227,8,129,0.2754686226568867,0.0782396088019559,0.7855970737738479,High-confidence,1,1,1,1,1,0,1,1,1
KH0330,Unknown,,Simple,0,T1,69,1,19,0.6956521739130435,0.3623188405797101,0.4588044071171829,Normal,0,0,0,0,0,0,0,0,1
KH0331,Unknown,,Simple,0,T1,26,1,11,0.9230769230769232,0.0,0.3643868387567413,Normal,1,0,0,0,0,0,0,0,0
KH0332,Unknown,,Simple,0,T1,57,0,20,0.8771929824561403,0.2456140350877192,0.5389856677520154,Candidate,0,0,0,0,0,0,0,0,0
KH0333,Unknown,,Complex,1,T2,230,5,50,0.6652173913043479,0.1782608695652174,0.5433617186315165,Candidate,1,1,1,1,0,0,0,1,0
KH0334,Unknown,,Simple,0,T1,9,0,6,0.5555555555555556,0.4444444444444444,0.3856859187215643,Normal,0,0,0,0,0,0,0,0,0
KH0335,Unknown,,Simple,0,T1,4,0,4,1.0,0.0,0.3610551076321327,Normal,0,0,0,0,0,0,0,0,0
KH0336,Unknown,,Simple,0,T1,5,0,4,0.8,0.8,0.4133491729566234,Normal,0,0,0,0,0,0,0,0,0
KH0337,Unknown,,Simple,0,T1,3,0,3,1.0,0.0,0.3616127241945049,Normal,0,0,0,0,0,0,0,0,0
KH0338,Unknown,,Simple,0,T1,75,3,5,0.6133333333333333,0.9066666666666666,0.437141616880741,Candidate,1,1,1,0,0,0,0,0,0
KH0339,Unknown,,Simple,0,T1,55,0,9,0.6181818181818182,0.2,0.4471200647311546,Normal,0,0,0,0,0,0,0,0,0
KH0340,Unknown,,Simple,0,T1,31,2,23,0.935483870967742,0.1612903225806451,0.4513518831624246,Normal,1,0,0,1,0,0,0,0,0
KH0341,Unknown,,Simple,0,T1,4,0,1,1.0,0.25,0.3785405170564277,Normal,0,0,0,0,0,0,0,0,0
KH0342,Unknown,,Simple,0,T1,10,1,5,1.0,0.0,0.352676590974995,Normal,1,0,0,0,0,0,0,0,0
KH0343,Unknown,,Simple,0,T1,28,3,5,0.9285714285714286,0.0714285714285714,0.3504698827387689,Normal,1,1,1,0,0,0,0,0,0
KH0344,Unknown,,Simple,0,T1,7,0,2,1.0,0.0,0.3609638095380788,Normal,0,0,0,0,0,0,0,0,0
KH0345,Unknown,,Simple,0,T1,33,0,9,0.3636363636363636,0.1515151515151515,0.4377022876844574,Normal,0,0,0,0,0,0,0,0,0
KH0346,Unknown,,Simple,0,T1,89,6,7,0.9550561797752808,0.0561797752808988,0.3836014034255568,Normal,1,1,1,0,1,1,0,0,1
KH0347,Unknown,,Simple,0,T1,149,1,11,0.436241610738255,0.7248322147651006,0.436644651527694,Normal,1,0,0,0,0,0,0,0,0
KH0348,Unknown,,Simple,0,T1,76,6,7,1.0,0.0263157894736842,0.3987592478629126,Normal,1,1,1,0,1,1,0,0,1
KH0349,Nazca,Nazca & Far South,Complex,1,T2,866,9,37,0.8348729792147807,0.0658198614318706,0.6851686200539626,High-confidence,1,1,1,1,1,1,1,1,1
KH0350,Nazca,Nazca & Far South,Complex,1,T2,260,7,56,0.473076923076923,0.2961538461538461,0.5426156335733557,Candidate,1,1,1,1,1,1,0,1,0
KH0351,Pachacamac,Central Coast,Simple,0,T1,55,1,9,0.3454545454545454,0.3272727272727272,0.427388086032642,Normal,1,0,0,0,0,0,0,0,0
KH0352,Unknown,,Simple,0,T1,157,5,41,0.7707006369426752,0.3312101910828025,0.4737915346167223,Normal,1,1,1,1,0,0,0,1,0
KH0353,Unknown,,Simple,0,T1,43,1,14,0.7906976744186046,0.2790697674418604,0.4101949269115797,Normal,1,0,0,0,0,0,0,0,0
KH0354,Paracas,Ica & Paracas,Simple,0,T1,16,0,14,0.6875,0.0625,0.3729157629640741,Normal,0,0,0,0,0,0,0,0,0
KH0355,Paracas,Ica & Paracas,Simple,0,T1,12,1,10,0.8333333333333334,0.0833333333333333,0.3602409819645315,Normal,0,0,0,0,0,0,0,0,1
KH0356,Paracas,Ica & Paracas,Simple,0,T1,23,2,4,0.3043478260869565,0.6086956521739131,0.4139643445648784,Normal,1,1,0,0,0,0,0,0,0
KH0357,Paracas,Ica & Paracas,Simple,0,T1,24,4,3,0.9166666666666666,0.1666666666666666,0.3541660717961035,Normal,1,1,1,0,0,0,0,0,1
KH0358,Paracas,Ica & Paracas,Complex,1,T2,321,6,18,0.8753894080996885,0.1308411214953271,0.4916726456950381,Normal,1,1,1,1,1,0,1,0,0
KH0359,Paracas,Ica & Paracas,Complex,1,T2,304,5,29,0.8453947368421053,0.1217105263157894,0.4853187557191321,Normal,1,1,1,1,0,0,1,0,0
KH0360,Huacho,Central Coast,Simple,0,T1,77,4,7,0.6363636363636364,0.5064935064935064,0.4680504287540505,Normal,1,1,1,1,0,0,0,0,0
KH0361,Nazca,Nazca & Far South,Simple,0,T1,40,1,8,0.8,0.05,0.3620061426410912,Normal,1,0,0,0,0,0,0,0,0
KH0362,Nazca,Nazca & Far South,Simple,1,T2,218,3,8,0.7339449541284404,0.5779816513761468,0.531573713111672,Candidate,1,1,0,0,0,0,1,0,0
KH0363,Pachacamac,Central Coast,Simple,0,T1,65,2,4,0.7230769230769231,0.5692307692307692,0.3734349445851906,Normal,1,1,0,0,0,0,0,0,0
KH0364,Pachacamac,Central Coast,Simple,0,T1,44,1,5,0.2272727272727272,0.1363636363636363,0.383423088100665,Normal,0,0,0,1,0,0,0,0,0
KH0365,Paracas,Ica & Paracas,Simple,0,T1,8,0,1,1.0,0.0,0.3665806599273859,Normal,0,0,0,0,0,0,0,0,0
KH0366,Unknown,,Simple,0,T1,24,2,10,0.7083333333333334,0.375,0.361198467519692,Normal,1,0,0,0,0,1,0,0,0
KH0367,Unknown,,Simple,0,T1,45,3,5,0.4222222222222222,0.4444444444444444,0.3829608740403542,Normal,1,1,0,0,0,0,0,0,1
KH0368,Unknown,,Simple,0,T1,14,1,6,0.7857142857142857,0.2142857142857142,0.3492003625837787,Normal,0,0,1,0,0,0,0,0,0
KH0369,"Arica, Chile (Playa Miller 6)",Arica & N. Chile,Simple,0,T1,126,3,22,0.6825396825396826,0.0952380952380952,0.490325486777211,Normal,1,0,1,1,0,0,0,0,0
KH0370,Lluta Valley,Arica & N. Chile,Simple,0,T1,89,5,5,0.7415730337078652,0.4831460674157303,0.4029225492675138,Normal,1,1,1,1,0,0,0,0,1
KH0371,Lluta Valley,Arica & N. Chile,Simple,0,T1,105,5,6,0.6857142857142857,0.419047619047619,0.4019323857297417,Normal,1,1,0,1,0,0,0,1,1
KH0372,Lluta Valley,Arica & N. Chile,Simple,0,T1,100,4,4,0.68,0.46,0.4170291676375915,Normal,1,0,1,1,0,0,0,0,1
KH0373,"Arica, Chile (Playa Miller 6)",Arica & N. Chile,Simple,0,T1,57,1,11,0.7017543859649122,0.1228070175438596,0.4803028395043595,Candidate,1,0,0,0,0,0,0,0,0
KH0374,Chancay (Central Coast),Central Coast,Simple,0,T1,13,1,4,1.0,0.0769230769230769,0.3528965101530561,Normal,1,0,0,0,0,0,0,0,0
KH0375,Chancay (Central Coast),Central Coast,Simple,0,T1,8,0,2,0.75,0.25,0.3661483335251309,Normal,0,0,0,0,0,0,0,0,0
KH0376,Chancay (Central Coast),Central Coast,Simple,0,T1,5,0,2,1.0,0.2,0.4283330991836626,Candidate,0,0,0,0,0,0,0,0,0
KH0377,Chancay (Central Coast),Central Coast,Simple,0,T1,33,2,6,0.8484848484848485,0.0,0.4471592540474652,Normal,1,0,0,0,0,0,0,1,0
KH0378,Cuzco,Southern Highlands,Simple,0,T1,32,0,16,0.5625,0.3125,0.3906721887882044,Normal,0,0,0,0,0,0,0,0,0
KH0379,Ica Valley (Hda. Callango / Ocucaje),Ica & Paracas,Simple,0,T1,104,1,10,0.2211538461538461,0.0384615384615384,0.3973307017823685,Normal,1,0,0,0,0,0,0,0,0
KH0380,Ica Valley (Hda. Callango / Ocucaje),Ica & Paracas,Simple,0,T1,47,1,3,0.5106382978723404,0.0638297872340425,0.3641293662759148,Normal,0,0,0,0,0,1,0,0,0
KH0381,Unknown,,Simple,0,T1,33,2,5,0.8787878787878788,0.6363636363636364,0.3782243250424991,Normal,1,1,0,0,0,0,0,0,0
KH0382,Ica Valley (Hda. Callango / Ocucaje),Ica & Paracas,Simple,1,T2,125,1,30,0.928,0.064,0.6107093666267466,High-confidence,0,0,0,1,0,0,0,0,0
KH0383,Ica Valley (Hda. Callango / Ocucaje),Ica & Paracas,Simple,1,T2,133,2,16,0.8421052631578947,0.0601503759398496,0.5410913095932894,High-confidence,1,0,0,1,0,0,0,0,0
KH0384,Pisco Valley,Cañete–Pisco,Complex,0,T1,96,3,2,1.0,0.0,0.4641814878414469,High-confidence,1,1,1,0,0,0,0,0,0
KH0385,Acari,Nazca & Far South,Simple,0,T1,58,5,15,0.9482758620689656,0.1034482758620689,0.3933962501217515,Normal,1,1,1,0,1,0,1,0,0
KH0386,Belli Collection,,Simple,0,T1,91,5,5,0.6263736263736264,0.4285714285714285,0.4915451295704753,Normal,1,1,1,1,1,0,0,0,0
KH0387,Unknown,,Simple,0,T1,59,4,8,0.423728813559322,0.847457627118644,0.4568233884576781,Candidate,1,1,1,0,0,0,0,0,1
KH0388,Unknown,,Simple,0,T1,11,3,2,0.7272727272727273,0.0,0.3521544289317349,Normal,1,0,0,1,0,0,0,1,0
KH0389,Hda. Ullujalla / Callengo,Cañete–Pisco,Complex,1,T2,264,6,17,0.7272727272727273,0.4128787878787879,0.5820343217757058,High-confidence,1,1,1,1,1,0,1,0,0
KH0390,Unknown,,Simple,0,T1,25,2,5,1.0,0.0,0.3590627789243645,Normal,1,0,0,0,1,0,0,0,0
KH0391,Ica Valley (Hda. Callango / Ocucaje),Ica & Paracas,Simple,0,T1,20,1,4,0.95,0.15,0.3593177518322516,Normal,1,0,0,0,0,0,0,0,0
KH0392,Hda. Ullujalla / Callengo,Cañete–Pisco,Simple,0,T1,33,2,7,0.5151515151515151,0.6666666666666666,0.3917865906783411,Normal,1,0,0,0,0,0,0,0,1
KH0393,Unknown,,Simple,0,T1,66,2,10,0.5606060606060606,0.8787878787878788,0.4643779775628878,Candidate,1,0,0,0,0,0,0,0,1
KH0394,Ica Valley (Hda. Callango / Ocucaje),Ica & Paracas,Simple,0,T1,20,1,2,0.9,0.5,0.3730086758980825,Normal,1,0,0,0,0,0,0,0,0
KH0395,Ica Valley (Hda. Callango / Ocucaje),Ica & Paracas,Simple,0,T1,35,2,7,0.6857142857142857,0.7142857142857143,0.3885027815767313,Normal,1,0,0,0,0,1,0,0,0
KH0396,Tambo Colorado,Cañete–Pisco,Simple,0,T1,14,0,1,0.7857142857142857,0.2142857142857142,0.385582716554831,Normal,0,0,0,0,0,0,0,0,0
KH0397,Tambo Colorado,Cañete–Pisco,Simple,0,T1,10,1,3,1.0,0.0,0.35376005187116,Normal,1,0,0,0,0,0,0,0,0
KH0398,Tambo Colorado,Cañete–Pisco,Simple,0,T1,25,0,2,0.0,0.28,0.4487386912261366,Candidate,0,0,0,0,0,0,0,0,0
KH0399,Tambo Colorado,Cañete–Pisco,Simple,0,T1,5,0,1,0.6,0.0,0.3785429896427965,Normal,0,0,0,0,0,0,0,0,0
KH0400,Unknown,,Simple,0,T1,25,3,4,0.88,0.2,0.3522255807822442,Normal,1,0,0,1,1,0,0,0,0
KH0401,Unknown,,Simple,0,T1,15,0,4,0.6666666666666666,0.8666666666666667,0.421851583638928,Candidate,0,0,0,0,0,0,0,0,0
KH0402,Ica Valley (Hda. Callango / Ocucaje),Ica & Paracas,Simple,0,T1,17,1,7,0.8235294117647058,0.8235294117647058,0.4036348048628904,Normal,1,0,0,0,0,0,0,0,0
KH0403,Unknown,,Simple,0,T1,7,0,3,1.0,0.5714285714285714,0.3928518254258356,Normal,0,0,0,0,0,0,0,0,0
KH0404,La Molina,Central Coast,Complex,1,T2,225,6,8,0.7733333333333333,0.28,0.5228881238985164,Normal,1,1,0,1,0,0,1,1,1
KH0405,Chancay / Huando (Gaffron),Central Coast,Simple,0,T1,30,2,8,0.9333333333333332,0.0333333333333333,0.3508195866427503,Normal,1,0,0,0,1,0,0,0,0
KH0406,Ica / Cajamarquilla,Ica & Paracas,Simple,0,T1,40,4,3,0.65,0.025,0.3627342080738146,Normal,1,0,1,1,0,0,0,0,1
KH0407,Ica,Ica & Paracas,Simple,0,T1,19,2,3,0.8421052631578947,0.0,0.3461085323605319,Normal,1,0,0,0,0,0,0,0,1
KH0408,Ica Valley (near Callango),Ica & Paracas,Complex,0,T1,151,7,10,0.8807947019867549,0.1920529801324503,0.4624709988888503,Normal,1,1,1,1,0,1,1,1,0
KH0409,Unknown,,Simple,0,T1,68,1,9,0.7352941176470589,0.0735294117647058,0.3555987608572689,Normal,0,0,0,0,0,1,0,0,0
KH0410,Unknown,,Simple,0,T1,40,0,2,0.275,0.2,0.4032119912192136,Normal,0,0,0,0,0,0,0,0,0
KH0411,Unknown,,Simple,0,T1,28,4,3,0.8214285714285714,0.25,0.3560655729575845,Normal,1,0,1,0,1,0,0,0,1
KH0412,Unknown,,Simple,0,T1,7,1,5,1.0,0.2857142857142857,0.364700224704775,Normal,1,0,0,0,0,0,0,0,0
KH0413,Unknown,,Simple,0,T1,9,1,6,1.0,0.2222222222222222,0.3673533473280149,Normal,1,0,0,0,0,0,0,0,0
KH0414,Unknown,,Simple,0,T1,12,2,8,0.75,0.1666666666666666,0.3544720737638017,Normal,1,0,0,1,0,0,0,0,0
KH0415,Chuquitanta,Central Coast,Simple,1,T2,90,3,33,0.9333333333333332,0.0444444444444444,0.5438057006298236,High-confidence,1,0,0,1,0,0,0,1,0
KH0416,Cajamarquilla,Central Coast,Simple,0,T1,15,0,2,0.9333333333333332,0.0,0.3652169950428363,Normal,0,0,0,0,0,0,0,0,0
KH0417,Cajamarquilla,Central Coast,Simple,0,T1,18,0,3,0.0,0.2222222222222222,0.4290238660496688,Candidate,0,0,0,0,0,0,0,0,0
KH0418,Cajamarquilla,Central Coast,Simple,0,T1,12,0,4,0.25,0.0,0.4015160970892671,Normal,0,0,0,0,0,0,0,0,0
KH0419,Cajamarquilla,Central Coast,Simple,0,T1,8,0,3,1.0,0.0,0.3686921065692228,Normal,0,0,0,0,0,0,0,0,0
KH0420,Chuquitanta,Central Coast,Simple,0,T1,30,3,7,0.8,0.4,0.3542230870387235,Normal,1,1,1,0,0,0,0,0,0
KH0421,Chancay (Central Coast),Central Coast,Simple,0,T1,33,2,8,0.9090909090909092,0.2727272727272727,0.3558867492084089,Normal,1,0,0,0,0,0,0,0,1
KH0422,Unknown,,Simple,0,T1,39,4,9,0.8717948717948718,0.7692307692307693,0.4199873050328874,Normal,1,1,1,0,0,0,0,1,0
KH0423,Unknown,,Simple,0,T1,16,0,9,0.75,0.0,0.3699795435155336,Normal,0,0,0,0,0,0,0,0,0
KH0424,Chancay (Hda. Huando),Central Coast,Simple,0,T1,63,3,7,0.7777777777777778,0.2698412698412698,0.3560266282725632,Normal,1,1,0,0,1,0,0,0,0
KH0425,Ica Valley (near Callango),Ica & Paracas,Simple,0,T1,133,1,33,0.8345864661654135,0.2481203007518796,0.4786700952272724,Normal,1,0,0,0,0,0,0,0,0
KH0426,Unknown,,Simple,0,T1,78,5,7,0.9487179487179488,0.0256410256410256,0.3692436221843854,Normal,1,1,1,1,0,0,0,0,1
KH0427,Unknown,,Simple,0,T1,88,4,8,0.9431818181818182,0.0227272727272727,0.3790235897664034,Normal,1,0,1,1,0,0,0,1,0
KH0428,Lima (Huaca Pérez),Central Coast,Complex,0,T1,417,7,23,0.8609112709832134,0.1726618705035971,0.4427628491207739,Normal,1,1,1,1,0,1,0,1,1
KH0429,Lima (Huaca Pérez),Central Coast,Simple,0,T1,28,1,9,0.6071428571428571,0.0,0.3608441687869462,Normal,0,0,0,0,0,0,0,1,0
KH0430,Lima (Huaca Pérez),Central Coast,Simple,0,T1,70,3,32,0.5428571428571428,0.1142857142857142,0.4147129206139435,Normal,1,1,0,1,0,0,0,0,0
KH0431,Pachacamac (Fundort),Central Coast,Complex,1,T2,226,5,12,0.9823008849557522,0.0044247787610619,0.521779591573967,Normal,1,0,1,1,0,0,1,1,0
KH0432,Ica,Ica & Paracas,Simple,0,T1,120,3,5,0.5916666666666667,0.225,0.4503905797762468,Normal,1,0,0,1,0,0,0,1,0
KH0433,Huacho,Central Coast,Complex,0,T1,167,9,12,0.7964071856287425,0.0658682634730539,0.4488565282197317,Normal,1,1,1,1,1,1,1,1,1
KH0434,Pachacamac,Central Coast,Simple,0,T1,132,6,26,0.5378787878787878,0.25,0.4379576832153835,Normal,1,1,1,0,1,0,0,1,1
KH0435,Pachacamac,Central Coast,Complex,0,T1,236,6,34,0.7330508474576272,0.1525423728813559,0.4211277094801841,Normal,1,1,1,1,0,1,0,1,0
KH0436,Nazca (Santa Clara),Nazca & Far South,Complex,1,T2,369,7,26,0.8130081300813008,0.1002710027100271,0.4729321482679636,Normal,1,1,1,0,1,1,1,1,0
KH0437,Pachacamac,Central Coast,Simple,0,T1,126,4,9,0.7777777777777778,0.4126984126984127,0.3840694036292441,Normal,1,1,1,0,1,0,0,0,0
KH0438,Pachacamac,Central Coast,Simple,0,T1,86,1,6,0.7906976744186046,0.313953488372093,0.3679765367503076,Normal,1,0,0,0,0,0,0,0,0
KH0439,Pachacamac,Central Coast,Simple,0,T1,137,3,9,0.7737226277372263,0.3357664233576642,0.4112746589031629,Normal,1,1,0,0,1,0,0,0,0
KH0440,Pachacamac,Central Coast,Simple,0,T1,113,5,9,0.6814159292035398,0.3451327433628318,0.4018524184027431,Normal,1,1,1,0,0,0,0,1,1
KH0441,Pachacamac,Central Coast,Simple,0,T1,167,4,11,0.9281437125748504,0.0,0.4310178381757574,Normal,1,1,1,1,0,0,0,0,0
KH0442,Ica,Ica & Paracas,Simple,0,T1,79,6,13,0.810126582278481,0.240506329113924,0.4118000794834194,Normal,1,1,1,1,1,0,0,0,1
KH0443,Ica,Ica & Paracas,Simple,0,T1,50,5,11,0.92,0.1,0.3939055845240095,Normal,1,1,0,1,0,0,1,0,1
KH0444,Ica,Ica & Paracas,Simple,0,T1,12,0,5,0.9166666666666666,0.0833333333333333,0.3607807912632663,Normal,0,0,0,0,0,0,0,0,0
KH0445,Pacasmayo,North Peru Coast,Simple,0,T1,164,4,61,0.725609756097561,0.3597560975609756,0.512898475899841,Normal,1,1,0,1,0,0,1,0,0
KH0446,Pachacamac,Central Coast,Complex,0,T1,190,7,15,0.631578947368421,0.6578947368421053,0.4626795021844266,Normal,1,1,1,1,1,0,0,1,1
KH0447,Pisco,Cañete–Pisco,Simple,0,T1,94,4,22,0.5957446808510638,0.1489361702127659,0.3912398520142145,Normal,1,1,0,0,0,1,0,1,0
KH0448,Ica / Pisco,Ica & Paracas,Simple,0,T1,79,2,7,0.4050632911392405,0.0632911392405063,0.3662942616400872,Normal,1,0,0,0,1,0,0,0,0
KH0449,Ica / Pisco,Ica & Paracas,Simple,0,T1,95,2,9,0.8736842105263158,0.1052631578947368,0.3723488011531538,Normal,1,1,0,0,0,0,0,0,0
KH0450,Pachacamac,Central Coast,Simple,0,T1,196,3,25,0.826530612244898,0.0765306122448979,0.3967220771025749,Normal,1,1,1,0,0,0,0,0,0
KH0451,Pachacamac,Central Coast,Simple,0,T1,164,3,26,0.8292682926829268,0.2317073170731707,0.4843724971859546,Normal,1,0,1,1,0,0,0,0,0
KH0452,Pachacamac,Central Coast,Simple,0,T1,17,2,5,0.8823529411764706,0.0588235294117647,0.3404658680212927,Normal,1,0,1,0,0,0,0,0,0
KH0453,Chancay,Central Coast,Simple,1,T2,268,3,60,0.8507462686567164,0.3022388059701492,0.6190919671021518,High-confidence,1,0,0,1,0,0,0,1,0
KH0454,Pachacamac,Central Coast,Simple,1,T2,169,0,10,0.3609467455621302,0.0828402366863905,0.5998517139226672,High-confidence,0,0,0,0,0,0,0,0,0
KH0455,Ocucaje,Ica & Paracas,Simple,0,T1,119,3,13,0.6638655462184874,0.1260504201680672,0.3928580494457167,Normal,1,0,1,1,0,0,0,0,0
KH0456,Pachacamac,Central Coast,Simple,0,T1,62,2,4,1.0,0.0,0.3513804452548585,Normal,1,0,1,0,0,0,0,0,0
KH0457,Ica,Ica & Paracas,Simple,0,T1,65,1,60,0.8923076923076924,0.0769230769230769,0.5307389780248193,High-confidence,1,0,0,0,0,0,0,0,0
KH0458,Ica,Ica & Paracas,Simple,0,T1,9,1,6,0.8888888888888888,0.0,0.348717755822931,Normal,1,0,0,0,0,0,0,0,0
KH0459,Ica,Ica & Paracas,Simple,0,T1,10,1,4,0.8,0.2,0.3492765682081873,Normal,1,0,0,0,0,0,0,0,0
KH0460,Ica,Ica & Paracas,Simple,0,T1,58,4,5,0.8448275862068966,0.4310344827586206,0.3638934799815432,Normal,1,1,1,0,0,0,0,1,0
KH0461,Ica,Ica & Paracas,Simple,0,T1,80,4,4,0.8875,0.3875,0.3598920169676712,Normal,1,1,1,0,1,0,0,0,0
KH0462,Unknown,,Simple,0,T1,23,1,10,0.8695652173913043,0.217391304347826,0.3651595754295765,Normal,1,0,0,0,0,0,0,0,0
KH0463,Pachacamac,Central Coast,Simple,0,T1,47,5,10,0.9148936170212766,0.0638297872340425,0.361866373963439,Normal,1,1,1,1,0,0,0,0,1
KH0464,Pisco,Cañete–Pisco,Simple,0,T1,24,2,4,0.7083333333333334,0.0416666666666666,0.349765238487424,Normal,1,0,1,0,0,0,0,0,0
KH0465,Pisco,Cañete–Pisco,Simple,0,T1,75,3,11,0.5866666666666667,0.2266666666666666,0.3856240173069267,Normal,1,0,1,0,1,0,0,0,0
KH0466,Ica,Ica & Paracas,Complex,0,T1,194,3,17,0.5154639175257731,0.4175257731958763,0.4441584591580041,Normal,1,1,1,0,0,0,0,0,0
KH0467,Pachacamac,Central Coast,Simple,0,T1,59,3,7,0.847457627118644,0.1525423728813559,0.3673644201402101,Normal,1,0,1,0,0,1,0,0,0
KH0468,Ica / Pisco,Ica & Paracas,Complex,1,T2,955,6,54,0.237696335078534,0.1717277486910994,0.6351891468644885,High-confidence,1,1,1,1,1,0,0,0,1
KH0469,Huacho,Central Coast,Simple,0,T1,134,5,10,0.5671641791044776,0.2313432835820895,0.3891016809235967,Normal,1,1,1,0,1,0,0,0,1
KH0470,Huacho,Central Coast,Simple,0,T1,144,3,20,0.6527777777777778,0.1319444444444444,0.4294039286524091,Normal,1,1,1,0,0,0,0,0,0
KH0471,Unknown,,Simple,0,T1,98,2,4,0.7346938775510204,0.3673469387755102,0.3657920051918695,Normal,1,0,0,0,0,0,0,0,1
KH0472,Unknown,,Complex,0,T1,194,8,15,0.8247422680412371,0.2474226804123711,0.4601909160877292,Normal,1,1,1,1,0,1,1,1,1
KH0473,Unknown,,Simple,0,T1,30,2,9,0.8666666666666667,0.1333333333333333,0.3560406321053629,Normal,1,0,0,0,0,0,0,0,1
KH0474,Ica,Ica & Paracas,Simple,0,T1,86,4,15,0.813953488372093,0.2209302325581395,0.4298894122467334,Normal,1,1,1,0,0,0,0,1,0
KH0475,Unknown,,Simple,0,T1,52,1,30,0.3846153846153846,0.1346153846153846,0.4441823103652269,Normal,1,0,0,0,0,0,0,0,0
KH0476,Unknown,,Simple,0,T1,76,4,7,0.8947368421052632,0.4078947368421052,0.3771085512354718,Normal,1,1,1,1,0,0,0,0,0
KH0477,Unknown,,Simple,0,T1,71,5,7,0.4788732394366197,0.2676056338028169,0.439263254524491,Normal,1,1,1,1,0,0,0,0,1
KH0478,Ica,Ica & Paracas,Complex,0,T1,233,6,11,0.8669527896995708,0.0300429184549356,0.3966774670274828,Normal,1,1,1,1,1,1,0,0,0
KH0479,Pachacamac,Central Coast,Simple,0,T1,30,3,3,0.8666666666666667,0.1333333333333333,0.3501384803661639,Normal,1,1,1,0,0,0,0,0,0
KH0480,Pachacamac,Central Coast,Simple,0,T1,73,6,5,0.9178082191780822,0.0821917808219178,0.373947827881091,Normal,1,1,1,0,1,1,0,0,1
KH0481,Pachacamac,Central Coast,Simple,0,T1,7,2,4,1.0,0.0,0.3551710090315654,Normal,1,0,0,0,0,1,0,0,0
KH0482,Pachacamac,Central Coast,Simple,0,T1,34,3,5,1.0,0.2058823529411764,0.3574597734449745,Normal,1,1,0,0,1,0,0,0,0
KH0483,Pachacamac,Central Coast,Simple,0,T1,15,1,1,1.0,0.0666666666666666,0.3647396552841391,Normal,0,0,0,0,0,0,0,0,1
KH0484,Pachacamac,Central Coast,Simple,0,T1,24,2,12,0.875,0.2916666666666667,0.3613779914472854,Normal,1,0,0,0,0,0,0,0,1
KH0485,Pachacamac,Central Coast,Simple,0,T1,15,0,12,0.9333333333333332,0.2666666666666666,0.3741132355687845,Normal,0,0,0,0,0,0,0,0,0
KH0486,Ica,Ica & Paracas,Simple,0,T1,19,0,3,0.9473684210526316,0.631578947368421,0.3961432741782082,Normal,0,0,0,0,0,0,0,0,0
KH0487,Unknown,,Simple,0,T1,49,3,6,0.4693877551020408,0.7346938775510204,0.4128648992356957,Normal,1,0,1,0,0,0,0,1,0
KH0488,Unknown,,Simple,0,T1,75,4,21,0.68,0.2133333333333333,0.3840889948290096,Normal,1,1,1,0,0,0,0,1,0
KH0489,Pachacamac,Central Coast,Simple,0,T1,90,4,13,0.7888888888888889,0.2111111111111111,0.4572109168196828,Normal,1,1,1,1,0,0,0,0,0
KH0490,Pachacamac,Central Coast,Simple,0,T1,51,3,2,0.5490196078431373,0.5294117647058824,0.454137678723454,Normal,1,0,1,1,0,0,0,0,0
KH0491,Incahuasi,Cañete–Pisco,Simple,0,T1,89,6,4,0.7303370786516854,0.1348314606741573,0.3861273122530431,Normal,1,1,1,0,1,1,0,0,1
KH0492,Incahuasi,Cañete–Pisco,Complex,0,T1,176,5,4,0.8238636363636364,0.1988636363636363,0.427685257838739,Normal,1,1,1,1,0,0,0,0,1
KH0493,Incahuasi,Cañete–Pisco,Simple,0,T1,14,1,2,1.0,0.0714285714285714,0.40031198122665,Candidate,0,0,0,0,0,0,0,0,1
KH0494,Incahuasi,Cañete–Pisco,Simple,0,T1,48,3,3,0.9583333333333334,0.1666666666666666,0.3765565853598975,Normal,1,0,1,1,0,0,0,0,0
KH0495,Incahuasi,Cañete–Pisco,Simple,0,T1,15,0,2,0.8,0.1333333333333333,0.361554693280849,Normal,0,0,0,0,0,0,0,0,0
KH0496,Incahuasi,Cañete–Pisco,Simple,0,T1,47,4,5,0.9148936170212766,0.0851063829787234,0.4119290568718605,Normal,1,0,1,1,0,0,0,1,0
KH0497,Incahuasi,Cañete–Pisco,Simple,0,T1,15,0,2,0.6,0.2,0.367179408991348,Normal,0,0,0,0,0,0,0,0,0
KH0498,Incahuasi,Cañete–Pisco,Complex,1,T2,490,4,16,0.7653061224489796,0.4653061224489795,0.6636933428159679,High-confidence,1,0,1,1,0,0,1,0,0
KH0499,Incahuasi,Cañete–Pisco,Complex,0,T1,237,6,7,0.5147679324894515,0.4430379746835443,0.4597144282113351,Normal,1,1,1,0,1,1,0,0,1
KH0500,Incahuasi,Cañete–Pisco,Complex,0,T1,213,4,12,0.6948356807511737,0.4131455399061033,0.41651809253055,Normal,1,1,1,0,1,0,0,0,0
KH0501,Incahuasi,Cañete–Pisco,Simple,0,T1,25,1,4,0.92,0.08,0.3749539858954946,Normal,0,1,0,0,0,0,0,0,0
KH0502,Incahuasi,Cañete–Pisco,Complex,0,T1,174,5,17,0.6896551724137931,0.3218390804597701,0.46925741153863,Normal,1,1,0,1,0,1,0,0,1
KH0503,Incahuasi,Cañete–Pisco,Simple,0,T1,88,5,4,0.8636363636363636,0.1704545454545454,0.3789358932232821,Normal,1,1,1,0,1,0,0,0,1
KH0504,Incahuasi,Cañete–Pisco,Complex,0,T1,131,5,4,0.8091603053435115,0.2977099236641221,0.4786190317756976,Normal,1,1,1,1,0,0,0,0,1
KH0505,Incahuasi,Cañete–Pisco,Simple,0,T1,169,3,11,0.7988165680473372,0.3491124260355029,0.4206718098022664,Normal,1,1,0,0,0,0,0,0,1
KH0506,Incahuasi,Cañete–Pisco,Complex,1,T2,330,6,10,0.6606060606060606,0.593939393939394,0.530752820795053,Candidate,1,1,1,1,1,0,0,0,1
KH0507,Incahuasi,Cañete–Pisco,Complex,1,T2,381,7,10,0.7795275590551181,0.2152230971128609,0.549237449249374,Candidate,1,1,1,1,0,0,1,1,1
KH0508,Incahuasi,Cañete–Pisco,Simple,0,T1,92,3,11,0.9891304347826086,0.0108695652173913,0.5060138569736904,Normal,0,0,0,0,0,1,0,1,1
KH0509,Incahuasi,Cañete–Pisco,Complex,1,T2,362,9,12,0.5883977900552486,0.5552486187845304,0.5585977497140417,Candidate,1,1,1,1,1,1,1,1,1
KH0510,Incahuasi,Cañete–Pisco,Simple,0,T1,87,4,8,0.264367816091954,0.2528735632183908,0.4073454373756837,Normal,1,1,0,0,1,0,0,0,1
KH0511,Incahuasi,Cañete–Pisco,Complex,0,T1,124,4,20,0.2661290322580645,0.3064516129032258,0.4372938998437077,Normal,1,1,0,0,1,0,0,0,1
KH0512,Incahuasi,Cañete–Pisco,Simple,0,T1,94,3,9,0.5319148936170213,0.5106382978723404,0.4105797303566771,Normal,1,1,0,0,0,0,0,0,1
KH0513,Incahuasi,Cañete–Pisco,Simple,0,T1,109,3,19,0.6513761467889908,0.7706422018348624,0.4491234384144976,Normal,1,1,0,0,0,0,0,0,1
KH0514,Incahuasi,Cañete–Pisco,Simple,0,T1,125,3,10,0.912,0.216,0.3716622516757936,Normal,1,1,1,0,0,0,0,0,0
KH0515,Incahuasi,Cañete–Pisco,Simple,0,T1,15,0,3,1.0,0.1333333333333333,0.4026065371846821,Normal,0,0,0,0,0,0,0,0,0
KH0516,Incahuasi,Cañete–Pisco,Complex,0,T1,247,6,6,0.7044534412955465,0.5222672064777328,0.4765734116014125,Normal,1,1,1,1,0,0,1,1,0
KH0517,Incahuasi,Cañete–Pisco,Complex,0,T1,322,5,5,0.906832298136646,0.2142857142857142,0.4945713266700818,Normal,1,1,1,1,0,0,0,0,1
KH0518,Incahuasi,Cañete–Pisco,Simple,0,T1,21,0,1,1.0,0.238095238095238,0.4335945640250719,Normal,0,0,0,0,0,0,0,0,0
KH0519,Incahuasi,Cañete–Pisco,Complex,1,T2,250,4,6,0.6,0.576,0.641519406218035,High-confidence,1,1,0,1,0,0,1,0,0
KH0520,Armatambo (Huaca San Pedro),Central Coast,Simple,0,T1,32,2,12,0.84375,0.03125,0.3694693975946824,Normal,1,0,0,0,0,0,0,0,1
KH0521,Armatambo (Huaca San Pedro),Central Coast,Complex,0,T1,198,6,25,0.9090909090909092,0.1212121212121212,0.4180448415938468,Normal,1,1,1,0,1,0,0,1,1
KH0522,Armatambo / Huaca San Pedro,Central Coast,Simple,0,T1,22,4,5,0.9545454545454546,0.1818181818181818,0.3563927924371466,Normal,1,0,1,0,0,1,0,0,1
KH0523,Armatambo / Huaca San Pedro,Central Coast,Simple,0,T1,14,1,4,0.8571428571428571,0.2142857142857142,0.3515302898607796,Normal,0,0,0,0,0,1,0,0,0
KH0524,Armatambo / Huaca San Pedro,Central Coast,Simple,0,T1,6,1,5,1.0,0.0,0.3544082307049493,Normal,1,0,0,0,0,0,0,0,0
KH0525,Armatambo / Huaca San Pedro,Central Coast,Simple,0,T1,55,2,14,0.6727272727272727,0.1818181818181818,0.372668686461913,Normal,1,1,0,0,0,0,0,0,0
KH0526,Armatambo / Huaca San Pedro,Central Coast,Simple,0,T1,29,1,12,0.6896551724137931,0.1379310344827586,0.3600795076426022,Normal,1,0,0,0,0,0,0,0,0
KH0527,Armatambo / Huaca San Pedro,Central Coast,Simple,0,T1,35,1,9,0.7142857142857143,0.1142857142857142,0.3597703398446382,Normal,1,0,0,0,0,0,0,0,0
KH0528,Armatambo / Huaca San Pedro,Central Coast,Simple,0,T1,8,0,5,0.75,0.25,0.3633595082206435,Normal,0,0,0,0,0,0,0,0,0
KH0529,Armatambo / Huaca San Pedro,Central Coast,Complex,1,T2,273,8,16,0.6263736263736264,0.1904761904761904,0.4678862194105002,Normal,1,1,1,1,1,1,1,1,0
KH0530,Armatambo / Huaca San Pedro,Central Coast,Simple,0,T1,56,2,13,0.5714285714285714,0.4642857142857143,0.4097549411592473,Normal,1,1,0,0,0,0,0,0,0
KH0531,Armatambo / Huaca San Pedro,Central Coast,Simple,0,T1,4,0,4,1.0,0.0,0.3620401214796663,Normal,0,0,0,0,0,0,0,0,0
KH0532,Armatambo / Huaca San Pedro,Central Coast,Simple,0,T1,5,0,7,0.8,0.2,0.3645852645760856,Normal,0,0,0,0,0,0,0,0,0
KH0533,Pachacamac,Central Coast,Simple,0,T1,14,1,1,1.0,0.0,0.3629234761318115,Normal,0,0,0,0,0,0,0,0,1
KH0534,Pachacamac,Central Coast,Simple,0,T1,31,0,9,0.967741935483871,0.1935483870967742,0.3699567248339704,Normal,0,0,0,0,0,0,0,0,0
KH0535,Pachacamac,Central Coast,Simple,0,T1,96,3,9,0.6875,0.3541666666666667,0.3680720423316176,Normal,1,0,0,0,1,0,0,0,1
KH0536,Pachacamac,Central Coast,Simple,0,T1,51,5,7,0.7843137254901961,0.4313725490196078,0.4156571720719914,Normal,1,1,1,1,0,0,1,0,0
KH0537,Pachacamac,Central Coast,Simple,0,T1,27,2,6,0.8148148148148148,0.2592592592592592,0.3459947183220116,Normal,1,0,0,1,0,0,0,0,0
KH0538,Pachacamac,Central Coast,Simple,0,T1,13,1,7,0.7692307692307693,0.3076923076923077,0.3602523300684276,Normal,0,0,0,0,0,0,0,0,1
KH0539,Pachacamac,Central Coast,Simple,0,T1,27,0,10,0.6296296296296297,0.6296296296296297,0.400445783810386,Normal,0,0,0,0,0,0,0,0,0
KH0540,Pachacamac,Central Coast,Simple,0,T1,18,1,8,0.8888888888888888,0.6666666666666666,0.4287825782005795,Normal,0,0,0,1,0,0,0,0,0
KH0541,Pachacamac,Central Coast,Simple,0,T1,20,0,7,0.9,0.2,0.3896585477432598,Normal,0,0,0,0,0,0,0,0,0
KH0542,Pachacamac,Central Coast,Simple,0,T1,27,0,2,0.925925925925926,0.1851851851851851,0.3679369376197101,Normal,0,0,0,0,0,0,0,0,0
KH0543,Pachacamac,Central Coast,Simple,0,T1,43,2,15,0.813953488372093,0.6744186046511628,0.4182162293117645,Normal,1,0,0,1,0,0,0,0,0
KH0544,Pachacamac,Central Coast,Simple,0,T1,57,3,5,0.543859649122807,0.4912280701754385,0.3701480330250304,Normal,1,1,1,0,0,0,0,0,0
KH0545,Pachacamac,Central Coast,Simple,0,T1,15,1,8,0.5333333333333333,0.4666666666666667,0.4337739717422496,Normal,1,0,0,0,0,0,0,0,0
KH0546,Pachacamac,Central Coast,Simple,0,T1,63,2,6,0.6984126984126984,0.2539682539682539,0.358797318848523,Normal,1,1,0,0,0,0,0,0,0
KH0547,Cieneguilla (Lurin Valley),Central Coast,Simple,0,T1,9,0,2,0.3333333333333333,0.7777777777777778,0.4333434540922499,Normal,0,0,0,0,0,0,0,0,0
KH0548,Cieneguilla (Lurin Valley),Central Coast,Simple,0,T1,12,0,3,0.75,0.3333333333333333,0.3938592147931544,Normal,0,0,0,0,0,0,0,0,0
KH0549,Pachacamac,Central Coast,Simple,0,T1,136,4,24,0.7867647058823529,0.2720588235294117,0.4134323147580353,Normal,1,1,1,1,0,0,0,0,0
KH0550,Pachacamac,Central Coast,Simple,0,T1,35,3,2,0.6857142857142857,0.3714285714285714,0.3636811449761566,Normal,1,1,1,0,0,0,0,0,0
KH0551,Pachacamac,Central Coast,Simple,0,T1,22,1,2,0.4545454545454545,0.1363636363636363,0.3710360550208449,Normal,0,0,0,0,0,0,0,0,1
KH0552,Pachacamac,Central Coast,Simple,0,T1,29,3,7,0.8275862068965517,0.4827586206896552,0.3652097991609142,Normal,1,1,0,0,0,1,0,0,0
KH0553,Pachacamac,Central Coast,Simple,0,T1,9,0,1,1.0,0.0,0.3719786558262108,Normal,0,0,0,0,0,0,0,0,0
KH0554,Pachacamac,Central Coast,Simple,0,T1,18,2,3,1.0,0.0,0.3529110664502246,Normal,1,0,0,0,1,0,0,0,0
KH0555,Pachacamac,Central Coast,Simple,0,T1,31,2,5,0.7419354838709677,0.1290322580645161,0.3454927350363391,Normal,1,0,0,1,0,0,0,0,0
KH0556,Pachacamac (Casa de los Quipus),Central Coast,Simple,0,T1,7,0,7,0.8571428571428571,0.1428571428571428,0.3639068739505096,Normal,0,0,0,0,0,0,0,0,0
KH0557,Pachacamac,Central Coast,Simple,0,T1,55,0,11,0.0,0.0545454545454545,0.4330637943300856,Candidate,0,0,0,0,0,0,0,0,0
KH0558,Pachacamac,Central Coast,Simple,0,T1,17,0,8,0.0,0.2352941176470588,0.4224907695880536,Candidate,0,0,0,0,0,0,0,0,0
KH0559,Pachacamac,Central Coast,Simple,0,T1,77,3,14,0.8571428571428571,0.3896103896103896,0.3867036904255927,Normal,1,1,0,1,0,0,0,0,0
KH0560,Pachacamac,Central Coast,Simple,0,T1,10,0,4,0.0,0.1,0.4165859519790851,Candidate,0,0,0,0,0,0,0,0,0
KH0561,Pachacamac (Casa del Quipu),Central Coast,Simple,0,T1,67,1,11,0.6716417910447762,0.2388059701492537,0.4202328046624066,Normal,1,0,0,0,0,0,0,0,0
KH0562,Pachacamac (Casa del Quipu),Central Coast,Simple,0,T1,110,3,7,0.9363636363636364,0.2727272727272727,0.3633918388334385,Normal,1,1,0,0,1,0,0,0,0
KH0563,Pachacamac,Central Coast,Simple,0,T1,48,0,11,0.875,0.125,0.3749510859095545,Normal,0,0,0,0,0,0,0,0,0
KH0564,Pachacamac,Central Coast,Simple,0,T1,15,3,1,0.6666666666666666,0.0,0.3636297224498928,Normal,1,0,1,0,0,0,0,0,1
KH0565,Ocucaje / Ullujaya (Ica),Ica & Paracas,Simple,0,T1,29,3,5,0.9655172413793104,0.1034482758620689,0.346641701947721,Normal,1,1,1,0,0,0,0,0,0
KH0566,Ocucaje / Ullujaya (Ica),Ica & Paracas,Simple,0,T1,86,2,16,0.7325581395348837,0.0348837209302325,0.3708777276677111,Normal,1,0,0,0,0,0,0,0,1
KH0567,Huacho (Central Coast),Central Coast,Simple,0,T1,32,1,11,1.0,0.09375,0.3860570395960574,Normal,1,0,0,0,0,0,0,0,0
KH0568,Unknown,,Complex,1,T2,225,2,32,0.2355555555555555,0.5511111111111111,0.5653996417570605,High-confidence,0,0,0,0,0,0,1,1,0
KH0569,South Coast,Nazca & Far South,Simple,0,T1,101,3,7,0.7722772277227723,0.0792079207920792,0.354593673982115,Normal,1,1,1,0,0,0,0,0,0
KH0570,Unknown,,Simple,0,T1,24,1,3,0.875,0.2083333333333333,0.3573108204352456,Normal,1,0,0,0,0,0,0,0,0
KH0571,Unknown,,Simple,0,T1,55,0,29,0.0909090909090909,0.2909090909090909,0.4722979729108174,Normal,0,0,0,0,0,0,0,0,0
KH0572,Unknown,,Simple,0,T1,11,2,2,0.9090909090909092,0.0,0.3475086948438536,Normal,1,0,0,0,0,0,0,0,1
KH0573,Unknown,,Simple,0,T1,39,4,4,0.8717948717948718,0.1794871794871795,0.3775760509319407,Normal,1,1,0,1,0,0,0,1,0
KH0574,"Quillagua, Valle de Loa",Arica & N. Chile,Simple,0,T1,80,4,11,0.475,0.6625,0.4377068609928408,Normal,1,1,0,1,0,0,0,1,0
KH0575,Unknown,,Simple,0,T1,66,4,5,0.5454545454545454,0.7272727272727273,0.4326614322153013,Normal,1,1,1,1,0,0,0,0,0
KH0576,Unknown,,Simple,0,T1,86,4,5,0.4767441860465116,0.872093023255814,0.4980188453177954,Candidate,1,1,0,0,1,0,0,0,1
KH0577,"Armatambo, Lima",Central Coast,Simple,0,T1,34,2,20,0.5,0.4117647058823529,0.3963531480593502,Normal,1,1,0,0,0,0,0,0,0
KH0578,Unknown,,Simple,0,T1,9,0,3,0.1111111111111111,0.5555555555555556,0.4392236070132009,Normal,0,0,0,0,0,0,0,0,0
KH0579,Unknown,,Simple,0,T1,7,0,3,0.1428571428571428,1.0,0.5000742517965223,Candidate,0,0,0,0,0,0,0,0,0
KH0580,Cerro Solar (foothills),Central Coast,Simple,0,T1,29,4,5,0.7931034482758621,0.5862068965517241,0.3938345680270727,Normal,1,1,1,0,1,0,0,0,0
KH0581,Unknown,,Simple,0,T1,32,3,5,0.84375,0.0,0.3450413005626355,Normal,1,0,1,0,0,0,0,0,1
KH0582,Unknown,,Simple,0,T1,34,4,3,1.0,0.2352941176470588,0.3702764741834322,Normal,1,1,1,0,0,0,0,0,1
KH0583,Unknown,,Simple,0,T1,46,4,3,0.8913043478260869,0.6739130434782609,0.4121281044290016,Normal,1,0,1,0,1,0,0,1,0
KH0584,Unknown,,Simple,0,T1,54,1,11,0.5370370370370371,0.8518518518518519,0.4245065527683785,Candidate,1,0,0,0,0,0,0,0,0
KH0585,Unknown,,Simple,0,T1,34,2,3,0.6470588235294118,0.5588235294117647,0.4120726442888833,Normal,1,0,0,1,0,0,0,0,0
KH0586,Unknown,,Complex,0,T1,189,4,10,0.8571428571428571,0.0952380952380952,0.3822745190690299,Normal,1,1,1,0,1,0,0,0,0
KH0587,Unknown,,Simple,0,T1,180,4,8,0.9444444444444444,0.0833333333333333,0.3921581943775278,Normal,1,1,1,0,1,0,0,0,0
KH0588,Unknown,,Simple,0,T1,41,3,3,0.7317073170731707,0.8048780487804879,0.4127083975046167,Normal,1,0,0,0,0,1,0,1,0
KH0589,Unknown,,Simple,0,T1,33,0,6,0.0,0.0303030303030303,0.4220676999230345,Candidate,0,0,0,0,0,0,0,0,0
KH0590,Unknown,,Simple,0,T1,91,5,7,0.6373626373626373,0.0109890109890109,0.374186258690771,Normal,1,1,1,0,1,0,0,0,1
KH0591,Unknown,,Simple,0,T1,45,2,10,0.6444444444444445,0.1777777777777777,0.3561084585421878,Normal,1,0,0,0,0,0,0,0,1
KH0592,Unknown,,Simple,0,T1,65,3,6,0.7846153846153846,0.3076923076923077,0.3563174592987922,Normal,1,0,0,1,0,0,0,1,0
KH0593,Unknown,,Simple,0,T1,82,1,6,0.9634146341463414,0.0365853658536585,0.3972816101398744,Normal,1,0,0,0,0,0,0,0,0
KH0594,Unknown,,Simple,0,T1,41,0,10,0.2195121951219512,0.7317073170731707,0.4565255651831223,Normal,0,0,0,0,0,0,0,0,0
KH0595,Unknown,,Complex,0,T1,157,8,6,0.7961783439490446,0.286624203821656,0.4389916681792669,Normal,1,1,1,1,1,0,1,1,1
KH0596,Unknown,,Simple,0,T1,62,1,23,0.532258064516129,0.0967741935483871,0.482889520649211,Normal,1,0,0,0,0,0,0,0,0
KH0597,Unknown,,Complex,0,T1,207,6,8,0.9130434782608696,0.0483091787439613,0.3996001166726055,Normal,1,1,1,1,1,0,0,1,0
KH0598,Unknown,,Simple,0,T1,50,1,7,0.68,0.46,0.3693787697291855,Normal,1,0,0,0,0,0,0,0,0
KH0599,Unknown,,Complex,0,T1,150,7,31,0.9266666666666666,0.22,0.4887599853188395,Normal,1,1,1,1,0,1,1,0,1
KH0600,Unknown,,Complex,0,T1,282,4,10,0.7553191489361702,0.2624113475177305,0.4488258865703349,Normal,1,0,1,1,0,0,0,1,0
KH0601,Unknown,,Complex,0,T1,367,6,11,0.4141689373297003,0.444141689373297,0.4683719933917584,Normal,1,1,1,1,1,0,0,0,1
KH0602,Unknown,,Complex,0,T1,249,5,10,0.6305220883534136,0.5461847389558233,0.4326277076926032,Normal,1,1,1,1,0,0,1,0,0
KH0603,Unknown,,Complex,0,T1,153,6,21,0.8235294117647058,0.3071895424836601,0.4292125502824202,Normal,1,1,1,1,0,0,0,1,1
KH0604,Unknown,,Simple,0,T1,90,4,8,0.6777777777777778,0.4888888888888889,0.3884094696944667,Normal,1,1,1,0,0,0,0,1,0
KH0604A,Unknown,,Simple,0,T1,43,2,8,0.813953488372093,0.3023255813953488,0.35812642539859,Normal,1,1,0,0,0,0,0,0,0
KH0604B,Unknown,,Simple,0,T1,47,3,5,0.6382978723404256,0.6595744680851063,0.3846365983783373,Normal,1,1,1,0,0,0,0,0,0
KH0605,Unknown,,Simple,0,T1,52,2,10,0.4038461538461538,0.1923076923076923,0.3821660820893407,Normal,1,0,0,0,0,0,0,0,1
KH0605A,Unknown,,Simple,0,T1,24,0,7,0.2083333333333333,0.1666666666666666,0.3966566897300071,Normal,0,0,0,0,0,0,0,0,0
KH0605B,Unknown,,Simple,0,T1,15,0,8,0.0,0.2,0.4235545319012416,Candidate,0,0,0,0,0,0,0,0,0
KH0605C,Unknown,,Simple,0,T1,15,1,7,0.9333333333333332,0.1333333333333333,0.3486272577029087,Normal,0,0,0,0,0,0,0,0,1
KH0606,Unknown,,Simple,0,T1,39,2,5,0.7435897435897436,0.2564102564102564,0.3530783282780226,Normal,1,0,0,0,0,0,0,0,1
KH0606A,Unknown,,Simple,0,T1,25,2,7,0.64,0.32,0.3568819259008733,Normal,1,0,0,0,0,0,0,0,1
KH0606B,Unknown,,Simple,0,T1,11,0,4,0.8181818181818182,0.1818181818181818,0.3578645839076826,Normal,0,0,0,0,0,0,0,0,0
KH0606C,Unknown,,Simple,0,T1,8,2,2,0.625,0.0,0.3586549700822483,Normal,1,0,0,0,0,0,0,0,1
KH0607,Unknown,,Complex,0,T1,211,7,12,0.95260663507109,0.1800947867298578,0.4264489969208987,Normal,1,1,1,0,1,1,0,1,1
KH0607A,Unknown,,Simple,0,T1,80,4,7,0.925,0.3375,0.3675264324281809,Normal,1,1,1,0,0,1,0,0,0
KH0607B,Unknown,,Simple,0,T1,43,3,6,0.9302325581395348,0.0,0.3472773118970758,Normal,1,1,0,0,0,0,0,1,0
KH0607C,Unknown,,Simple,0,T1,73,3,11,0.9041095890410958,0.0821917808219178,0.3688930562936641,Normal,1,0,1,0,0,0,0,1,0
KH0607D,Unknown,,Simple,0,T1,23,2,3,0.9130434782608696,0.217391304347826,0.347774846698635,Normal,1,0,1,0,0,0,0,0,0
KH0608,Incahuasi,Cañete–Pisco,Simple,0,T1,36,4,9,1.0,0.0555555555555555,0.3714085860542233,Normal,1,0,1,0,1,0,0,0,1
KH0609,Incahuasi,Cañete–Pisco,Simple,0,T1,4,1,4,1.0,0.0,0.3549038500274826,Normal,0,0,0,0,0,1,0,0,0
KH0610,Incahuasi,Cañete–Pisco,Simple,0,T1,8,1,2,1.0,0.0,0.3538619590505464,Normal,0,0,0,0,0,0,0,0,1
KH0611,Incahuasi,Cañete–Pisco,Simple,0,T1,32,1,16,0.84375,0.3125,0.430430277197432,Normal,0,0,0,0,0,0,0,1,0
KH0612,Incahuasi,Cañete–Pisco,Complex,0,T1,193,5,26,0.7202072538860104,0.2849740932642487,0.4391815538875355,Normal,1,1,1,1,0,0,0,1,0
KH0613,Incahuasi,Cañete–Pisco,Simple,0,T1,13,0,2,0.9230769230769232,0.0,0.3609957235008746,Normal,0,0,0,0,0,0,0,0,0
KH0614,Incahuasi,Cañete–Pisco,Simple,0,T1,6,0,5,0.8333333333333334,0.5,0.3928446186564648,Normal,0,0,0,0,0,0,0,0,0
KH0615,Incahuasi,Cañete–Pisco,Simple,0,T1,6,0,3,1.0,0.0,0.3612327225690577,Normal,0,0,0,0,0,0,0,0,0
KH0616,Incahuasi,Cañete–Pisco,Simple,0,T1,95,6,31,0.936842105263158,0.0947368421052631,0.462511737264646,Normal,1,1,1,1,0,1,0,0,1
KH0617,Incahuasi,Cañete–Pisco,Complex,1,T2,374,7,12,0.5133689839572193,0.7727272727272727,0.6219633788807309,High-confidence,1,1,1,1,1,0,1,1,0
KH0618,Incahuasi,Cañete–Pisco,Simple,0,T1,126,5,37,0.7301587301587301,0.7380952380952381,0.5216434085561036,Candidate,1,0,1,1,0,1,0,1,0
KH0619,Incahuasi,Cañete–Pisco,Simple,0,T1,30,2,3,0.7333333333333333,0.5,0.3702831050279299,Normal,0,0,0,0,0,1,0,0,1
KH0620,Incahuasi,Cañete–Pisco,Simple,0,T1,78,4,42,0.7307692307692307,0.7435897435897436,0.4714373618832859,Normal,1,1,0,1,0,0,0,1,0
KH0621,Incahuasi,Cañete–Pisco,Simple,0,T1,60,0,8,1.0,0.0,0.5084204834528125,High-confidence,0,0,0,0,0,0,0,0,0
KH0622,Incahuasi,Cañete–Pisco,Simple,0,T1,10,2,1,0.7,0.4,0.3778896952765163,Normal,0,0,0,0,0,1,0,0,1
KH0623,Incahuasi,Cañete–Pisco,Simple,0,T1,9,0,2,0.8888888888888888,0.0,0.3665405880091899,Normal,0,0,0,0,0,0,0,0,0
KH0624,Incahuasi,Cañete–Pisco,Simple,0,T1,5,1,1,1.0,0.0,0.3647530857304914,Normal,0,0,0,0,0,0,0,0,1
KH0625,Incahuasi,Cañete–Pisco,Simple,0,T1,13,0,7,0.3076923076923077,0.8461538461538461,0.4405218887922395,Candidate,0,0,0,0,0,0,0,0,0
KH0626,Incahuasi,Cañete–Pisco,Simple,0,T1,6,1,2,1.0,0.1666666666666666,0.3702936788558159,Normal,0,0,0,0,0,0,0,0,1
KH0627,Incahuasi,Cañete–Pisco,Simple,0,T1,4,0,3,1.0,1.0,0.4617139290217483,Candidate,0,0,0,0,0,0,0,0,0
KH0628,Incahuasi,Cañete–Pisco,Simple,0,T1,11,1,5,0.6363636363636364,0.8181818181818182,0.4109422962554265,Normal,0,0,0,0,0,0,1,0,0
KH0629,Incahuasi,Cañete–Pisco,Simple,0,T1,24,0,4,0.625,0.125,0.4241499922437488,Normal,0,0,0,0,0,0,0,0,0
KH0630,Incahuasi,Cañete–Pisco,Simple,0,T1,74,3,13,0.5135135135135135,0.8243243243243243,0.5273720494438546,Normal,1,0,0,1,0,0,0,1,0
KH0631,Unknown,,Simple,0,T1,22,1,4,0.5909090909090909,0.0,0.3537722630483867,Normal,0,0,0,0,0,0,0,0,1
KH0632,Unknown,,Simple,0,T1,14,0,6,1.0,0.0,0.3640429984944409,Normal,0,0,0,0,0,0,0,0,0
KH0633,Unknown,,Simple,0,T1,67,5,12,0.835820895522388,0.1194029850746268,0.4092437591012534,Normal,1,0,1,1,0,0,0,1,1
KH0634,Unknown,,Simple,0,T1,42,2,8,0.9047619047619048,0.238095238095238,0.3798595861948843,Normal,1,0,0,1,0,0,0,0,0
KH0635,Unknown,,Complex,0,T1,166,6,10,0.5903614457831325,0.4518072289156626,0.4647753435247658,Normal,1,1,1,1,0,0,1,1,0
KH0653,Huacones,Cañete–Pisco,Simple,0,T1,16,3,8,0.625,0.5,0.3850181842282272,Normal,1,0,0,1,0,0,0,0,1
KH0654,Huacones,Cañete–Pisco,Simple,0,T1,10,0,2,1.0,0.3,0.3940686163367708,Normal,0,0,0,0,0,0,0,0,0
KH0655,Huacones,Cañete–Pisco,Simple,0,T1,2,0,2,0.0,0.0,0.4264447948130137,Candidate,0,0,0,0,0,0,0,0,0
KH0656,Huacones,Cañete–Pisco,Simple,0,T1,12,0,1,1.0,0.1666666666666666,0.3716778465752958,Normal,0,0,0,0,0,0,0,0,0
KH0657,Huacones,Cañete–Pisco,Simple,0,T1,12,0,9,1.0,0.1666666666666666,0.370251972151662,Normal,0,0,0,0,0,0,0,0,0
KH0658,Huacones,Cañete–Pisco,Simple,0,T1,10,1,1,0.8,0.0,0.360928245339027,Normal,0,0,0,0,0,0,0,0,1
KH0659,Huacones,Cañete–Pisco,Simple,0,T1,5,0,5,1.0,0.0,0.3627643856974696,Normal,0,0,0,0,0,0,0,0,0
KH0660,Huacones,Cañete–Pisco,Simple,0,T1,11,1,7,0.6363636363636364,0.0,0.3556948056216651,Normal,0,0,0,0,0,1,0,0,0
KH0661,Huacones,Cañete–Pisco,Simple,0,T1,8,0,8,1.0,0.0,0.4776997345774242,Candidate,0,0,0,0,0,0,0,0,0
KH0662,Huacones,Cañete–Pisco,Simple,0,T1,8,0,4,0.5,0.5,0.4001556337168932,Normal,0,0,0,0,0,0,0,0,0
KH0663,Huacones,Cañete–Pisco,Simple,0,T1,7,0,2,0.8571428571428571,0.1428571428571428,0.360624499650164,Normal,0,0,0,0,0,0,0,0,0
KH0664,Unknown,,Simple,0,T1,46,1,12,0.7391304347826086,0.3478260869565217,0.3693290468862904,Normal,0,1,0,0,0,0,0,0,0
KH0665,Unknown,,Complex,1,T2,354,3,136,0.4011299435028249,0.2401129943502825,0.6942255550168085,High-confidence,1,1,0,1,0,0,0,0,0
KH0666,Unknown,,Simple,0,T1,17,2,1,1.0,0.0,0.3623331180474088,Normal,1,0,1,0,0,0,0,0,0
KH0667,Unknown,,Complex,0,T1,189,5,10,0.7142857142857143,0.3756613756613756,0.396920188321071,Normal,1,1,1,0,1,0,0,1,0
KH0668,Rimac Valley,Central Coast,Simple,0,T1,6,3,3,0.8333333333333334,0.5,0.37372771842667,Normal,1,1,0,0,1,0,0,0,0
KH0669,Unknown,,Simple,0,T1,32,3,14,0.625,0.03125,0.3794454506088931,Normal,1,0,1,0,0,0,0,0,1
KH0670,Unknown,,Complex,0,T1,228,3,1,0.5921052631578947,0.2324561403508772,0.4372645801158693,Candidate,0,1,0,0,0,1,0,0,1
KH0671,Unknown,,Simple,0,T1,1,0,1,1.0,0.0,0.3685762610531181,Normal,0,0,0,0,0,0,0,0,0
KH0672,South Peru,Nazca & Far South,Simple,0,T1,40,0,4,0.675,0.15,0.36801615635811,Normal,0,0,0,0,0,0,0,0,0
KH0673,South Peru,Nazca & Far South,Simple,0,T1,83,2,12,0.6385542168674698,0.6385542168674698,0.4083015927961662,Normal,1,0,0,0,0,0,0,1,0
KH0674,Unknown,,Complex,1,T2,623,8,26,0.7351524879614767,0.0690208667736757,0.5927057992936764,High-confidence,1,1,1,1,1,1,1,1,0
KH0675,Unknown,,Complex,1,T2,285,5,20,0.7157894736842105,0.0842105263157894,0.4913718443870969,Normal,1,0,1,1,0,0,0,1,1
KH0676,Ancon (prob.),Central Coast,Simple,1,T2,138,2,11,0.9927536231884058,0.0144927536231884,0.5609980284288355,High-confidence,1,0,0,1,0,0,0,0,0
KH0677,Huacho (?),Central Coast,Complex,0,T1,308,8,20,0.685064935064935,0.1396103896103896,0.4502634996931965,Normal,1,1,1,1,1,1,0,1,1
KH0678,Gaffron Estate,,Simple,0,T1,63,3,11,0.8095238095238095,0.238095238095238,0.3725914732426126,Normal,1,1,1,0,0,0,0,0,0
KH0679,Gaffron Estate,,Simple,0,T1,44,1,8,0.3636363636363636,0.8181818181818182,0.4249270527865036,Normal,1,0,0,0,0,0,0,0,0
KH0680,Unknown (non-Gaffron),,Simple,0,T1,75,5,7,0.68,0.8133333333333334,0.4189959053974217,Normal,1,1,1,1,0,0,0,0,1
KH0681,Unknown,,Simple,0,T1,54,1,6,0.1666666666666666,0.9444444444444444,0.4695127059391034,Candidate,1,0,0,0,0,0,0,0,0
KH0682,Gaffron Collection,,Simple,0,T1,59,2,12,0.7966101694915254,0.0,0.4083112377820234,Normal,1,0,0,1,0,0,0,0,0
KH0683,Gaffron Collection,,Simple,0,T1,16,1,3,0.75,0.0,0.3560827793446112,Normal,0,0,0,0,1,0,0,0,0
KH0684,Gaffron Collection,,Simple,0,T1,8,0,3,0.5,0.0,0.3773547462986856,Normal,0,0,0,0,0,0,0,0,0
KH0685,Gaffron Collection,,Simple,0,T1,4,0,1,1.0,0.0,0.3683050517603871,Normal,0,0,0,0,0,0,0,0,0
KH0686,Gaffron Collection,,Simple,0,T1,4,0,3,0.75,0.0,0.3610554813996435,Normal,0,0,0,0,0,0,0,0,0
KH0687,Gaffron Collection,,Simple,0,T1,3,1,1,1.0,0.0,0.3646378894964722,Normal,0,1,0,0,0,0,0,0,0
KH0688,Gaffron Collection,,Simple,0,T1,4,1,3,0.75,0.0,0.3528867784834995,Normal,0,0,0,0,1,0,0,0,0
KH0689,Gaffron Collection,,Simple,0,T1,41,2,13,0.6829268292682927,0.048780487804878,0.3957321727393298,Normal,1,0,0,0,0,0,0,0,1
KH0690,Gaffron Collection,,Simple,0,T1,23,4,6,0.782608695652174,0.0,0.3615801015556284,Normal,1,1,1,0,1,0,0,0,0
KH0691,Gaffron Collection,,Simple,0,T1,18,0,10,0.9444444444444444,0.1111111111111111,0.4134160833900862,Normal,0,0,0,0,0,0,0,0,0
KH0692,Unknown,,Complex,1,T2,265,8,63,0.8226415094339623,0.0377358490566037,0.5461416284658219,Candidate,1,1,1,1,1,0,1,1,1
KH0693,Unknown,,Simple,0,T1,89,4,4,0.6966292134831461,0.0786516853932584,0.360136451778078,Normal,1,1,1,0,0,0,0,0,1
KH0694,Unknown,,Complex,1,T2,175,7,115,0.6857142857142857,0.08,0.5355380443097179,High-confidence,1,1,1,1,1,1,0,1,0
KH0695,Unknown,,Complex,0,T1,268,5,7,0.753731343283582,0.4701492537313433,0.4598494239214117,Normal,1,1,1,1,0,0,1,0,0
KH0696,Unknown,,Simple,0,T1,39,2,5,0.9743589743589745,0.1025641025641025,0.3460211940828721,Normal,1,0,0,0,0,0,0,0,1
KH0697,Unknown,,Simple,0,T1,83,3,18,0.9759036144578314,0.1204819277108433,0.3778927172180683,Normal,1,1,0,0,0,0,0,0,1
KH0698,Unknown,,Complex,1,T2,556,7,17,0.8884892086330936,0.2050359712230215,0.4906901836984034,Candidate,1,1,1,1,1,0,0,1,1
KH0699,Near Lima (prob.),Central Coast,Complex,0,T1,250,8,9,0.804,0.188,0.4245664274629819,Normal,1,1,1,1,1,1,0,1,1
KH0700,Stanford Collection (prob. 1905),,Complex,0,T1,162,5,11,0.654320987654321,0.6111111111111112,0.4181533919847643,Normal,1,1,1,1,0,0,0,0,1
KH0701,Goodspeed Collection,,Complex,0,T1,136,6,4,0.6691176470588235,0.0367647058823529,0.3850745734495554,Normal,1,1,1,1,0,0,0,1,1
KH0702,Unknown,,Complex,0,T1,147,6,9,0.6870748299319728,0.2244897959183673,0.385549917286006,Normal,1,1,0,0,1,1,1,1,0
KT002,Southern Coast,Nazca & Far South,Simple,0,T1,59,2,27,0.7457627118644068,0.1525423728813559,0.3852921326456567,Normal,0,0,0,1,0,0,0,0,1
RA001,Ica (Coast),Ica & Paracas,Simple,0,T1,76,2,3,0.5789473684210527,0.2894736842105263,0.3678033121428244,Normal,1,0,0,0,0,1,0,0,0
RA002,Ica,Ica & Paracas,Simple,0,T1,12,0,2,0.0,0.0,0.4218312574314287,Candidate,0,0,0,0,0,0,0,0,0
RA003,Ica,Ica & Paracas,Simple,0,T1,7,0,3,0.2857142857142857,0.0,0.3978350560757242,Normal,0,0,0,0,0,0,0,0,0
RA004,Ica,Ica & Paracas,Simple,0,T1,8,0,1,1.0,0.0,0.3665806599273859,Normal,0,0,0,0,0,0,0,0,0
RA005,Ica,Ica & Paracas,Simple,0,T1,22,2,2,1.0,0.0454545454545454,0.3556737877965024,Normal,1,0,0,0,1,0,0,0,0
RA006,Ica,Ica & Paracas,Simple,0,T1,47,1,3,0.5957446808510638,0.0,0.3890409302355412,Normal,0,0,0,0,0,0,0,1,0
RA007,Ica,Ica & Paracas,Simple,0,T1,7,0,4,0.8571428571428571,0.0,0.3942880028584754,Normal,0,0,0,0,0,0,0,0,0
RA008,Ica,Ica & Paracas,Simple,0,T1,20,1,2,0.95,0.1,0.3515336503994571,Normal,1,0,0,0,0,0,0,0,0
RA009,Ica,Ica & Paracas,Simple,0,T1,8,0,6,1.0,0.0,0.3668926043763759,Normal,0,0,0,0,0,0,0,0,0
RA010,Ica,Ica & Paracas,Simple,0,T1,9,0,5,0.5555555555555556,0.1111111111111111,0.3918999314503456,Normal,0,0,0,0,0,0,0,0,0
RS001,Huaca San Marco,Central Coast,Simple,0,T1,35,1,18,0.4857142857142857,0.0571428571428571,0.385314535558615,Normal,1,0,0,0,0,0,0,0,0
