kfg_id,has_pp,has_ip,has_cp,has_sp,has_gg,has_gsb,has_is,has_psn,has_adg,n_pp,n_ip,n_cp,n_pattern_types,n_cords,n_pendants,n_subsidiaries,n_groups,numeric_coverage,frac_broken,n_colors,region,creation_date,provenance_display,geo_zone
CM009,1,1,1,0,0,0,0,0,1,25,9,8,4,65,0,0,14,0.7692307692307693,0.0,3,Purucucho,06/16/1970,Purucucho,Central Coast
HM45419A,0,0,0,0,0,0,0,0,1,0,0,0,1,24,0,0,8,0.3333333333333333,0.0,2,"Ica Valley, Peru",02/05/2026,"Ica Valley (Site T, Grave K)",Ica & Paracas
HM45419C,0,0,0,0,0,0,0,0,1,0,0,0,1,37,0,0,10,0.32432432432432434,0.08108108108108109,4,"Ica Valley, Peru",02/05/2026,"Ica Valley (Site T, Grave K)",Ica & Paracas
KH0001,1,0,1,1,0,0,0,0,0,39,0,5,3,156,43,15,6,1.0,0.00641025641025641,5,Unknown,04/23/2012,Chuquitanta,Central Coast
KH0002,1,0,0,0,0,0,0,0,0,1,0,0,1,31,16,1,4,1.0,0.03225806451612903,5,Unknown,01/01/1972,Unknown,
KH0003,1,0,0,0,0,0,0,0,0,1,0,0,1,15,8,0,2,0.8666666666666667,0.13333333333333333,2,Unknown,01/02/1972,Unknown,
KH0004,1,0,0,1,1,0,0,0,0,1,0,0,3,9,2,0,2,1.0,0.0,1,Unknown,01/03/1972,Unknown,
KH0005,1,0,0,0,0,0,0,0,0,2,0,0,1,22,3,0,7,1.0,0.0,2,Unknown,01/04/1972,Unknown,
KH0006,1,1,0,0,0,0,1,1,0,37,4,0,4,59,19,0,11,0.847457627118644,0.1016949152542373,6,Unknown,01/05/1972,Unknown,
KH0007,1,1,1,1,1,0,1,0,0,17,1,1,6,92,50,0,12,0.9565217391304348,0.08695652173913043,4,Unknown,01/06/1972,Unknown,
KH0008,1,1,1,1,1,0,0,1,1,698,94,53,7,171,25,0,37,0.9122807017543859,0.14035087719298245,8,Unknown,01/07/1972,Unknown,
KH0009,1,1,1,1,1,1,0,0,1,445,41,26,7,250,23,0,46,0.788,0.084,7,Unknown,01/08/1972,Unknown,
KH0010,1,0,1,0,0,0,0,0,1,19,0,10,3,33,5,0,5,0.42424242424242425,0.42424242424242425,1,Unknown,01/09/1972,Pachacamac (Nordenskiöld),Central Coast
KH0011,1,1,1,1,0,0,0,0,0,13,4,3,4,28,1,0,13,0.8214285714285714,0.0,2,Unknown,05/24/2012,Unknown,
KH0012,0,0,0,0,0,0,0,1,0,0,0,0,1,24,9,0,2,0.8333333333333334,0.125,2,Unknown,05/24/2012,Unknown,
KH0013,1,0,1,0,0,0,0,1,0,25,0,2,3,106,20,0,7,0.36792452830188677,0.04716981132075472,4,Unknown,05/24/2012,Unknown,
KH0014,1,1,1,0,1,1,0,0,1,52,12,2,6,90,0,0,11,0.4666666666666667,0.34444444444444444,4,Unknown,05/24/2012,Unknown,
KH0015,1,0,0,1,0,0,0,0,0,3,0,0,2,75,29,4,1,1.0,0.0,3,Unknown,11/17/2003,Unknown,
KH0016,0,0,0,0,0,0,0,0,0,0,0,0,0,23,1,9,4,0.391304347826087,0.0,3,Unknown,11/17/2003,Unknown,
KH0017,1,0,0,0,0,0,0,0,0,1,0,0,1,11,4,0,1,1.0,0.0,2,Unknown,11/17/2003,Unknown,
KH0018,1,0,1,0,0,0,0,1,0,4,0,2,3,39,19,0,2,0.6923076923076923,0.0,1,Unknown,11/21/2003,Unknown,
KH0019,0,0,0,0,0,0,0,0,0,0,0,0,0,10,1,0,1,1.0,0.0,2,Unknown,11/10/2011,Unknown,
KH0020,1,0,0,0,0,0,0,0,0,2,0,0,1,9,0,0,2,0.4444444444444444,0.0,1,Unknown,11/21/2003,Unknown,
KH0021,1,0,0,0,0,0,0,0,1,1,0,0,2,10,0,0,2,1.0,0.1,2,Unknown,11/25/2003,Unknown,
KH0022,1,1,0,0,0,0,0,0,0,208,11,0,2,75,15,0,8,0.8,0.12,7,Unknown,11/25/2003,Unknown,
KH0023,0,0,0,0,0,0,0,0,0,0,0,0,0,3,0,0,1,1.0,0.0,2,Unknown,11/25/2003,Unknown,
KH0024,0,0,0,0,0,0,0,0,1,0,0,0,1,8,1,0,1,0.625,0.0,3,Unknown,11/25/2003,Unknown,
KH0025,0,0,0,0,0,0,0,0,0,0,0,0,0,3,0,0,1,0.6666666666666666,0.0,2,Unknown,11/25/2003,Unknown,
KH0026,1,1,0,0,0,0,0,0,0,6,6,0,2,37,13,0,24,0.35135135135135137,0.0,4,Unknown,11/25/2003,Unknown,
KH0027,1,1,1,0,0,1,0,1,0,46,1,12,5,77,23,0,6,0.5324675324675324,0.12987012987012986,5,Unknown,11/25/2003,Unknown,
KH0028,1,1,1,0,0,0,0,1,0,331,32,71,4,260,139,16,13,0.8807692307692307,0.10384615384615385,4,Unknown,12/02/2003,Unknown,
KH0029,0,0,0,1,0,0,0,0,0,0,0,0,1,28,9,0,4,0.7857142857142857,0.10714285714285714,3,Unknown,12/15/2003,Unknown,
KH0030,1,0,1,1,1,0,0,0,1,50,0,3,5,56,7,0,8,0.625,0.07142857142857142,2,Unknown,12/15/2003,Unknown,
KH0031,1,0,1,1,0,0,0,1,1,74,0,1,5,144,49,7,15,0.8472222222222222,0.0763888888888889,9,Unknown,12/16/2003,Aankoop,
KH0032,1,0,0,0,0,0,0,0,0,3,0,0,1,28,6,0,5,0.9285714285714286,0.2857142857142857,3,Unknown,07/30/2003,La Puntilla (Paracas/Pisco),Cañete–Pisco
KH0033,1,1,1,1,0,0,0,0,0,39,5,1,4,66,12,0,10,0.3484848484848485,0.12121212121212122,4,Unknown,08/14/2007,La Puntilla (Paracas/Pisco),Cañete–Pisco
KH0034,0,1,0,0,0,1,0,1,1,0,65,0,4,541,126,0,108,0.4399260628465804,0.2476894639556377,7,Unknown,07/30/2003,Nazca,Nazca & Far South
KH0035,0,0,0,0,0,0,0,0,0,0,0,0,0,12,0,0,1,0.3333333333333333,0.6666666666666666,3,Unknown,07/31/2003,Unknown,
KH0036,0,1,0,0,0,0,0,0,1,0,2,0,2,18,0,0,6,1.0,0.0,2,Unknown,07/31/2003,Unknown,
KH0037,0,0,0,0,0,0,0,0,0,0,0,0,0,15,0,0,8,0.9333333333333333,0.06666666666666667,2,Unknown,07/31/2003,Unknown,
KH0038,1,1,1,0,0,0,0,0,0,21,11,3,3,25,0,0,12,0.92,0.04,3,Unknown,07/31/2003,Unknown,
KH0039,0,0,0,0,0,0,0,0,0,0,0,0,0,10,4,2,2,0.8,0.0,2,Unknown,07/31/2003,Unknown,
KH0040,1,0,0,0,0,0,0,0,0,5,0,0,1,21,0,0,3,0.9047619047619048,0.19047619047619047,3,Unknown,07/31/2003,Unknown,
KH0041,0,0,0,1,0,0,0,0,1,0,0,0,2,11,2,0,3,0.45454545454545453,0.45454545454545453,3,Unknown,07/31/2003,Unknown,
KH0042,1,1,1,1,0,1,0,1,1,418,24,40,7,179,71,0,18,0.7541899441340782,0.0111731843575419,5,Unknown,04/05/2006,Pachacamac,Central Coast
KH0043,0,0,0,0,0,0,0,0,0,0,0,0,0,16,0,0,4,0.1875,0.0,4,Unknown,01/09/2004,Unknown,
KH0044,0,0,0,0,0,0,0,0,0,0,0,0,0,4,0,0,1,1.0,0.0,1,Unknown,01/09/2004,Unknown,
KH0045,0,0,0,0,0,0,0,0,0,0,0,0,0,12,4,0,4,1.0,0.0,4,Unknown,01/21/2004,Unknown,
KH0046,1,1,0,0,0,0,0,0,0,54,4,0,2,38,1,0,8,0.7368421052631579,0.18421052631578946,6,Unknown,01/21/2004,Unknown,
KH0047,1,1,1,1,0,0,0,0,1,212,4,7,5,81,5,2,9,0.8024691358024691,0.4691358024691358,7,Unknown,03/17/2004,"Lima (Maranga, Huaca 1)",Central Coast
KH0048,1,0,1,0,0,0,0,0,1,170,0,2,3,82,4,0,7,0.5121951219512195,0.6219512195121951,8,Unknown,03/24/2004,"Lima (Maranga, Huaca 1)",Central Coast
KH0049,1,1,0,0,0,0,1,0,0,5,20,0,3,367,259,0,7,0.9564032697547684,0.0326975476839237,7,Unknown,05/25/2012,South Coast,Nazca & Far South
KH0050,1,1,1,0,0,0,0,0,1,28,5,6,4,36,0,0,11,0.8333333333333334,0.7222222222222222,4,Unknown,02/10/2004,Unknown,
KH0051,1,0,0,0,0,0,0,0,0,6,0,0,1,45,14,4,3,0.9111111111111111,0.022222222222222223,2,Unknown,01/21/2004,Unknown,
KH0052,1,0,1,1,1,0,0,0,0,7,0,1,4,56,20,4,10,0.9285714285714286,0.05357142857142857,4,Unknown,02/04/2004,Unknown,
KH0053,1,0,0,0,0,0,0,0,0,2,0,0,1,14,1,2,3,0.7142857142857143,0.21428571428571427,5,Unknown,02/06/2004,Unknown,
KH0054,0,0,0,1,0,0,0,0,0,0,0,0,1,29,2,0,3,0.896551724137931,0.034482758620689655,7,Unknown,02/06/2004,Unknown,
KH0055,1,1,1,1,1,0,1,1,0,222,31,24,7,159,59,0,29,0.9119496855345912,0.0880503144654088,5,Unknown,06/01/2006,Unknown,
KH0056,1,1,1,1,0,0,0,1,1,44,1,1,6,53,13,0,10,0.8490566037735849,0.16981132075471697,6,Unknown,02/09/2004,Unknown,
KH0057,1,1,1,1,0,0,1,0,1,145,54,10,6,126,40,6,28,0.6984126984126984,0.031746031746031744,9,Unknown,01/30/2012,Unknown,
KH0058,1,1,1,1,1,0,1,1,1,115,8,3,8,189,102,0,22,0.9206349206349206,0.07407407407407407,11,Unknown,11/22/2011,Unknown,
KH0059,1,1,1,0,0,0,0,1,0,76,21,36,4,80,28,0,12,0.925,0.0,6,Unknown,02/27/2004,La Centinela / Tambo de Mora,Cañete–Pisco
KH0060,0,0,0,0,0,1,0,1,0,0,0,0,2,86,25,0,3,0.7441860465116279,0.06976744186046512,4,Unknown,03/03/2004,La Centinela / Tambo de Mora,Cañete–Pisco
KH0061,1,1,1,1,0,0,1,1,0,722,8,66,6,370,57,0,17,0.43243243243243246,0.8243243243243243,8,Unknown,06/21/2006,Unknown,
KH0062,1,0,0,0,0,0,0,1,0,6,0,0,2,45,10,0,10,0.8888888888888888,0.13333333333333333,4,Unknown,02/10/2004,Hda. Ullujalla / Callengo,Cañete–Pisco
KH0063,0,0,0,0,0,0,0,1,1,0,0,0,2,49,29,0,4,0.673469387755102,0.04081632653061224,3,Ica,10/07/2003,Hda. Ullujalla / Callengo,Cañete–Pisco
KH0064,0,0,0,0,0,0,0,0,0,0,0,0,0,20,0,0,2,0.6,0.05,2,Unknown,10/07/2003,Hda. Ullujalla / Callengo,Cañete–Pisco
KH0065,1,0,1,1,0,0,0,0,0,8,0,2,3,26,5,0,4,0.9230769230769231,0.07692307692307693,6,Unknown,10/21/2003,Hda. Ullujalla / Callengo,Cañete–Pisco
KH0066,0,0,0,0,0,0,0,0,0,0,0,0,0,3,0,0,1,1.0,0.0,2,Unknown,11/10/2003,Hda. Ullujalla / Callengo,Cañete–Pisco
KH0067,0,0,0,0,0,0,0,0,0,0,0,0,0,11,3,0,2,0.9090909090909091,0.2727272727272727,5,Unknown,04/13/2007,Ica Valley (Hda. Callango / Ocucaje),Ica & Paracas
KH0068,1,1,1,1,0,1,0,1,1,4728,408,697,7,589,29,0,94,0.31239388794567063,0.03904923599320883,6,Unknown,11/10/2003,Unknown,
KH0069,0,0,0,0,0,0,0,0,1,0,0,0,1,38,0,0,9,0.5,0.07894736842105263,2,Unknown,10/14/2003,Unknown,
KH0070,0,0,0,0,0,0,0,0,1,0,0,0,1,8,0,0,2,1.0,0.0,2,Unknown,10/09/2003,Chala,Nazca & Far South
KH0071,0,0,0,0,0,0,0,0,1,0,0,0,1,15,0,0,4,1.0,0.0,2,Unknown,10/09/2003,Chala,Nazca & Far South
KH0072,0,0,1,0,0,0,0,1,0,0,0,1,2,18,9,0,3,0.8888888888888888,0.0,2,Unknown,10/14/2003,Chala,Nazca & Far South
KH0073,0,1,0,0,1,0,0,1,0,0,1,0,3,32,16,0,8,0.8125,0.09375,2,Unknown,10/20/2003,Chala,Nazca & Far South
KH0074,0,0,0,0,0,0,0,0,0,0,0,0,0,10,1,0,3,0.8,0.0,2,Unknown,02/13/2004,Chala,Nazca & Far South
KH0075,1,0,1,0,0,0,0,0,0,5,0,2,2,31,7,0,3,0.8387096774193549,0.1935483870967742,2,Unknown,02/20/2004,Chala,Nazca & Far South
KH0076,0,0,0,0,0,0,0,0,0,0,0,0,0,7,0,0,2,0.5714285714285714,0.2857142857142857,2,Unknown,02/17/2004,Chala,Nazca & Far South
KH0077,0,0,0,0,0,0,0,0,1,0,0,0,1,5,0,0,2,1.0,0.2,2,Unknown,02/17/2004,Chala,Nazca & Far South
KH0078,0,0,0,0,0,0,0,0,1,0,0,0,1,5,0,0,2,0.4,0.0,2,Unknown,02/20/2004,Chala,Nazca & Far South
KH0079,1,1,1,0,1,1,0,0,1,1275,134,159,6,172,1,0,61,0.9418604651162791,0.10465116279069768,4,Unknown,02/16/1970,Chala,Nazca & Far South
KH0080,1,1,1,1,0,0,0,0,1,386,4,1,5,163,20,0,16,0.3006134969325153,0.0,5,Unknown,02/22/1970,Chala,Nazca & Far South
KH0081,1,1,1,0,1,0,0,0,1,433,46,62,5,217,1,0,33,0.9539170506912442,0.11059907834101383,6,Unknown,10/01/2017,Nazca (Monte de Cacatilla),Nazca & Far South
KH0082,1,1,1,1,1,0,1,1,0,16242,1451,10013,7,1831,171,10,458,0.2184598580010923,0.0016384489350081922,13,Unknown,07/22/2003,Lluta Valley,Arica & N. Chile
KH0083,1,0,1,1,0,0,1,1,0,22,0,2,5,591,225,278,15,0.6040609137055838,0.0,18,"Inka, Playa Miller",03/03/2005,Mollepampa,Chachapoyas
KH0084,1,1,1,0,0,0,0,1,0,165,21,65,4,405,139,14,25,0.4,0.0,14,Unknown,02/11/1970,Lluta Valley,Arica & N. Chile
KH0085,1,1,1,0,0,0,0,1,1,71,1,11,5,60,24,0,14,0.7333333333333333,0.6166666666666667,1,Unknown,02/10/1970,Ica Valley (Rancho San Juan),Ica & Paracas
KH0086,0,0,0,0,0,0,0,0,0,0,0,0,0,25,0,0,5,0.24,1.0,1,Unknown,10/14/2003,Ica Valley (Rancho San Juan),Ica & Paracas
KH0087,1,1,1,0,0,1,0,1,0,14,12,1,5,96,3,0,21,0.3958333333333333,0.052083333333333336,5,Unknown,02/10/1970,Nazca / Ancon,
KH0088,1,1,1,0,0,0,0,0,0,399,56,190,3,186,0,0,38,0.5161290322580645,0.0967741935483871,4,Unknown,05/08/2006,Nazca / Ancon,
KH0089,0,0,0,0,0,0,0,0,0,0,0,0,0,16,1,0,2,1.0,0.0,3,Unknown,02/17/2004,Nazca / Ancon,
KH0090,1,1,1,0,0,0,0,0,1,6,6,3,4,33,0,0,9,0.9090909090909091,0.06060606060606061,4,Unknown,02/17/2004,Nazca / Ancon,
KH0091,0,1,0,0,0,0,0,0,0,0,5,0,1,27,0,0,7,0.8518518518518519,0.0,3,"South Coast, Peru",10/09/2003,Nazca (Hda. Copara),Nazca & Far South
KH0092,0,1,0,0,0,0,0,0,0,0,19,0,1,74,0,0,17,0.5675675675675675,0.013513513513513514,5,Unknown,06/02/2006,Nazca / Ancon,
KH0093,1,0,0,0,0,0,0,0,1,8,0,0,2,40,24,0,4,0.95,0.0,7,Unknown,02/17/2004,Nazca / Ancon,
KH0094,0,0,0,0,0,0,0,0,0,0,0,0,0,8,0,0,5,1.0,0.625,2,Unknown,02/20/2004,Unknown,
KH0095,0,0,0,0,0,0,0,0,0,0,0,0,0,20,14,0,3,0.3,0.3,3,Unknown,02/24/2004,Unknown,
KH0096,0,0,0,0,0,0,0,0,0,0,0,0,0,3,0,0,1,1.0,0.0,1,Unknown,10/07/2003,Unknown,
KH0097,1,1,1,0,1,0,0,0,0,2215,140,74,4,319,0,0,26,0.8087774294670846,0.16300940438871472,7,Unknown,05/30/2006,Unknown,
KH0098,1,0,0,0,0,0,0,0,1,1,0,0,2,45,3,0,5,0.1111111111111111,0.17777777777777778,4,Unknown,03/10/2004,Unknown,
KH0100,1,0,0,1,0,0,0,0,0,42,0,0,2,97,8,0,2,0.9896907216494846,0.010309278350515464,2,Unknown,12/05/2005,Peru (unknown),
KH0101,1,1,1,0,0,0,0,1,1,168,44,32,5,95,8,0,25,0.9578947368421052,0.0,4,Unknown,12/15/2005,Huacho / Pachacamac,Central Coast
KH0102,0,0,0,0,0,0,0,0,1,0,0,0,1,35,8,0,10,0.34285714285714286,0.02857142857142857,2,Unknown,03/12/2004,Peru (unknown),
KH0103,1,1,1,1,0,0,0,0,0,12,2,8,4,58,2,0,8,1.0,0.08620689655172414,1,Unknown,03/12/2004,Peru (unknown),
KH0104,1,1,1,0,0,1,0,0,1,212,32,39,5,89,0,0,21,0.8764044943820225,0.2696629213483146,4,Unknown,12/13/2005,Unknown,
KH0105,1,1,1,0,0,0,0,0,1,78,15,17,4,56,0,0,10,0.8928571428571429,0.125,2,Unknown,03/16/2004,Peru (unknown),
KH0106,1,1,1,0,0,1,0,0,0,52,27,19,4,70,0,0,10,0.8142857142857143,0.17142857142857143,2,Unknown,02/09/1970,Peru (unknown),
KH0107,0,0,0,0,0,0,0,0,0,0,0,0,0,51,36,9,1,0.7450980392156863,0.13725490196078433,3,Unknown,02/24/2004,Peru (unknown),
KH0108,1,1,1,1,0,0,1,1,0,558,6,42,6,212,63,3,10,0.9245283018867925,0.018867924528301886,4,Unknown,02/06/2006,Pachacamac,Central Coast
KH0109,1,1,1,0,1,0,0,0,0,160,5,8,4,86,9,0,22,0.6976744186046512,0.29069767441860467,2,Unknown,02/08/2006,Pachacamac,Central Coast
KH0110,0,1,0,0,0,0,0,0,0,0,3,0,1,64,0,0,5,0.734375,0.015625,3,Unknown,11/11/2011,Pachacamac,Central Coast
KH0111,1,1,1,1,0,0,1,0,0,119,10,4,5,101,21,0,15,0.5643564356435643,0.04950495049504951,4,Unknown,11/11/2011,Between Ica and Pisco,Ica & Paracas
KH0112,1,0,1,0,0,0,0,0,1,3,0,1,3,48,0,0,16,1.0,0.08333333333333333,1,Unknown,11/11/2011,Pachacamac,Central Coast
KH0113,1,1,1,1,1,0,0,0,1,138,12,18,6,73,7,0,9,0.9452054794520548,0.0547945205479452,5,Unknown,11/11/2011,Ica,Ica & Paracas
KH0114,0,0,0,1,0,0,0,0,1,0,0,0,2,21,12,0,2,1.0,0.0,5,Unknown,11/11/2011,Pachacamac,Central Coast
KH0115,1,0,0,0,0,0,0,1,0,8,0,0,2,28,12,0,2,1.0,0.17857142857142858,6,Unknown,11/11/2011,Pachacamac,Central Coast
KH0116,1,0,1,0,0,0,0,0,0,19,0,8,2,20,2,0,3,1.0,0.0,2,Unknown,11/11/2011,Pachacamac,Central Coast
KH0117,1,0,0,1,0,0,0,0,0,5,0,0,2,71,28,0,5,0.9577464788732394,0.0,4,Unknown,11/11/2011,Ica,Ica & Paracas
KH0118,0,0,0,0,0,0,0,0,0,0,0,0,0,21,0,0,4,1.0,0.09523809523809523,1,"Central Coast, Peru",05/03/2013,Pachacamac,Central Coast
KH0119,1,0,0,0,0,0,0,0,1,1,0,0,2,22,10,0,2,0.9090909090909091,0.0,3,Unknown,11/11/2011,Ica,Ica & Paracas
KH0120,1,0,1,0,0,0,0,0,1,31,0,4,3,55,5,0,13,0.8,0.21818181818181817,5,Unknown,11/11/2011,Marquez,Central Coast
KH0121,1,0,0,0,0,0,0,0,1,19,0,0,2,29,0,0,8,0.896551724137931,0.034482758620689655,4,Unknown,11/11/2011,Marquez,Central Coast
KH0122,1,1,0,0,0,0,0,1,0,10,13,0,3,42,7,1,17,0.7380952380952381,0.0,4,Unknown,11/11/2011,Between Ica and Pisco,Ica & Paracas
KH0123,1,1,1,0,1,1,0,0,1,2625,203,159,6,287,0,0,69,0.7909407665505227,0.024390243902439025,5,Unknown,11/11/2011,Ica,Ica & Paracas
KH0124,1,0,1,0,0,0,0,0,0,8,0,1,2,20,0,0,2,0.95,0.0,1,Unknown,11/11/2011,Pachacamac,Central Coast
KH0125,0,0,0,0,0,0,0,1,1,0,0,0,2,11,4,0,3,1.0,0.0,1,Unknown,11/11/2011,Pachacamac,Central Coast
KH0126,0,0,0,0,0,0,0,0,0,0,0,0,0,42,0,0,11,0.023809523809523808,0.9523809523809523,5,Unknown,11/11/2011,Pachacamac,Central Coast
KH0127,1,1,1,0,0,0,0,0,1,321,2,9,4,163,0,0,17,0.6809815950920245,0.024539877300613498,3,Unknown,11/11/2011,Between Ica and Pisco,Ica & Paracas
KH0128,1,0,1,1,0,0,0,1,0,1313,0,33,4,357,18,0,4,0.49019607843137253,0.0392156862745098,7,Unknown,11/11/2011,Between Ica and Pisco,Ica & Paracas
KH0129,1,1,0,0,0,0,0,0,1,15,8,0,3,55,0,0,21,0.7636363636363637,0.0,6,Unknown,11/11/2011,Ica,Ica & Paracas
KH0130,1,0,0,0,0,0,0,0,0,1,0,0,1,13,0,0,2,0.9230769230769231,0.0,3,Unknown,11/11/2011,Ica,Ica & Paracas
KH0131,0,1,0,0,0,0,0,0,0,0,1,0,1,11,0,0,7,1.0,0.09090909090909091,3,Unknown,11/11/2011,Ica,Ica & Paracas
KH0132,0,0,0,0,0,0,0,0,0,0,0,0,0,20,5,0,3,0.8,0.25,1,Unknown,11/11/2011,Pachacamac,Central Coast
KH0133,0,0,0,0,0,0,0,0,0,0,0,0,0,11,4,0,1,0.8181818181818182,0.18181818181818182,4,Unknown,11/11/2011,Pachacamac,Central Coast
KH0134,0,1,1,0,0,0,0,0,0,0,7,5,2,36,4,0,4,1.0,0.0,5,Unknown,11/11/2011,Ica,Ica & Paracas
KH0135,1,1,0,0,0,0,0,0,0,39,4,0,2,281,1,0,80,0.07473309608540925,0.0071174377224199285,3,Unknown,11/11/2011,Pachacamac,Central Coast
KH0136,0,0,0,0,0,0,0,0,0,0,0,0,0,9,1,0,4,1.0,0.1111111111111111,1,Unknown,11/11/2011,Lima,Central Coast
KH0137,1,0,0,1,0,0,0,0,0,63,0,0,2,94,24,0,7,0.7446808510638298,0.0,7,Unknown,11/11/2011,Ica,Ica & Paracas
KH0138,1,1,1,0,0,0,0,0,0,33,1,2,3,35,0,0,7,0.8571428571428571,0.8285714285714286,3,Unknown,11/11/2011,Marquez,Central Coast
KH0139,0,0,0,0,0,0,0,0,0,0,0,0,0,28,5,0,4,1.0,0.8571428571428571,3,Unknown,11/11/2011,Marquez,Central Coast
KH0141,1,1,1,1,1,0,0,1,0,406,37,6,6,157,44,9,25,0.8662420382165605,0.012738853503184714,11,Unknown,11/11/2011,Ica,Ica & Paracas
KH0142,1,0,0,0,1,0,0,0,0,3,0,0,2,6,0,0,2,0.8333333333333334,0.0,2,Unknown,11/11/2011,Nazca,Nazca & Far South
KH0143,1,1,1,0,0,1,0,1,0,1025,8,4,5,289,20,0,23,0.4844290657439446,0.20761245674740483,9,Unknown,11/11/2011,Nazca,Nazca & Far South
KH0144,0,0,0,0,0,0,0,0,0,0,0,0,0,14,0,0,2,1.0,0.0,4,Unknown,11/11/2011,Ica,Ica & Paracas
KH0145,0,0,0,1,1,0,0,1,0,0,0,0,3,28,12,0,2,0.9285714285714286,0.0,5,Unknown,11/11/2011,Near Lima,Central Coast
KH0147,1,1,1,1,0,0,1,1,0,176,8,9,6,287,141,0,18,0.7142857142857143,0.08710801393728224,3,Unknown,11/11/2011,Pachacamac,Central Coast
KH0148,1,0,0,0,0,0,0,0,0,4,0,0,1,15,4,0,2,0.6666666666666666,0.0,4,Unknown,11/11/2011,Marquez,Central Coast
KH0149,1,0,1,0,0,0,0,0,1,31,0,3,3,49,2,0,10,0.7551020408163265,0.40816326530612246,6,Unknown,11/11/2011,Marquez,Central Coast
KH0150,0,1,0,0,0,0,0,0,1,0,2,0,2,13,0,0,6,0.6153846153846154,0.0,2,Unknown,11/11/2011,Pachacamac,Central Coast
KH0151,1,0,0,0,0,0,0,0,0,2,0,0,1,23,1,0,3,0.9130434782608695,0.08695652173913043,5,Unknown,11/11/2011,Ica,Ica & Paracas
KH0152,1,1,1,1,1,0,1,1,0,613,52,11,7,285,103,1,21,0.9052631578947369,0.021052631578947368,4,Unknown,11/11/2011,Nazca,Nazca & Far South
KH0153,0,0,0,0,0,0,0,0,1,0,0,0,1,4,0,0,2,1.0,0.0,3,Unknown,11/11/2011,Chuquitanta,Central Coast
KH0154,1,0,1,0,0,0,0,0,0,18,0,1,2,35,0,0,5,1.0,0.0,6,Unknown,11/11/2011,Ica,Ica & Paracas
KH0155,0,0,0,0,0,0,0,0,0,0,0,0,0,14,1,0,3,0.7857142857142857,0.07142857142857142,3,Unknown,11/11/2011,Pachacamac,Central Coast
KH0156,1,1,1,0,0,0,0,0,0,564,61,37,3,192,10,0,21,0.96875,0.08854166666666667,4,Unknown,11/11/2011,Nazca,Nazca & Far South
KH0157,0,0,0,0,1,0,0,0,0,0,0,0,1,20,0,0,10,1.0,0.0,1,Unknown,11/11/2011,Ica,Ica & Paracas
KH0158,0,0,0,0,0,0,0,0,0,0,0,0,0,18,6,0,2,0.8333333333333334,0.05555555555555555,2,Unknown,11/11/2011,Ica,Ica & Paracas
KH0159,0,1,1,0,0,0,0,0,0,0,2,3,2,30,0,0,9,1.0,0.03333333333333333,3,Unknown,11/11/2011,Ica,Ica & Paracas
KH0160,1,1,1,0,0,0,0,0,1,11,1,2,4,62,0,0,17,0.9032258064516129,0.03225806451612903,2,Unknown,11/11/2011,Pachacamac,Central Coast
KH0161,1,1,0,0,0,0,0,0,0,38,8,0,2,90,2,0,9,0.8333333333333334,0.07777777777777778,4,Unknown,11/11/2011,Pachacamac,Central Coast
KH0162,1,1,1,1,0,1,0,0,0,258,1,11,5,123,13,0,5,0.8617886178861789,0.0,5,Unknown,11/11/2011,Ica,Ica & Paracas
KH0163,1,1,0,0,0,0,0,0,0,2,1,0,2,18,0,0,9,1.0,0.0,1,Unknown,11/11/2011,Ocucaje,Ica & Paracas
KH0164,0,1,0,0,0,0,0,0,0,0,2,0,1,20,0,0,10,1.0,0.1,3,Unknown,11/11/2011,Ocucaje,Ica & Paracas
KH0165,1,1,1,0,1,0,0,0,0,31,31,21,4,112,0,0,25,0.9464285714285714,0.0625,3,Unknown,11/11/2011,Ocucaje,Ica & Paracas
KH0166,1,0,0,1,0,0,0,0,0,9,0,0,2,41,13,1,4,0.9024390243902439,0.04878048780487805,5,Unknown,11/11/2011,Ica,Ica & Paracas
KH0167,1,0,0,1,0,1,0,1,1,25,0,0,5,47,20,4,4,0.8723404255319149,0.02127659574468085,2,Unknown,11/11/2011,Pachacamac,Central Coast
KH0168,1,1,1,1,0,0,0,0,1,21,7,1,5,118,38,0,24,0.8983050847457628,0.05084745762711865,11,Unknown,11/11/2011,Ica,Ica & Paracas
KH0169,1,0,0,1,0,0,0,1,0,13,0,0,3,40,19,0,3,0.975,0.025,4,Unknown,11/11/2011,Unknown,
KH0170,0,0,0,0,0,0,0,0,0,0,0,0,0,3,0,0,2,1.0,0.0,2,Unknown,11/11/2011,Near Lima,Central Coast
KH0171,0,0,0,0,0,0,0,0,1,0,0,0,1,9,3,0,2,0.8888888888888888,0.1111111111111111,4,Unknown,11/11/2011,Near Lima,Central Coast
KH0172,1,1,1,0,1,0,0,0,0,274,94,35,4,65,0,0,32,0.9384615384615385,0.046153846153846156,3,Unknown,11/11/2011,Pachacamac,Central Coast
KH0173,0,0,0,0,0,0,0,1,1,0,0,0,2,34,16,0,5,0.7941176470588235,0.0,1,Unknown,11/11/2011,Unknown,
KH0174,0,0,0,0,0,0,0,0,0,0,0,0,0,18,0,0,2,0.6666666666666666,0.1111111111111111,2,Unknown,11/11/2011,Pachacamac,Central Coast
KH0175,1,1,1,1,1,0,0,1,0,46,1,5,6,53,18,0,8,0.9811320754716981,0.018867924528301886,3,Unknown,11/11/2011,Between Ica and Pisco,Ica & Paracas
KH0176,1,1,1,0,0,0,0,0,0,17,4,1,3,23,0,0,4,0.8260869565217391,0.08695652173913043,4,Unknown,11/11/2011,Between Ica and Pisco,Ica & Paracas
KH0177,1,0,0,0,0,1,0,0,0,2,0,0,2,8,0,0,1,1.0,0.0,1,Unknown,11/11/2011,Ica,Ica & Paracas
KH0178,0,0,0,0,0,0,0,0,0,0,0,0,0,16,0,0,4,0.9375,0.0,6,Unknown,11/11/2011,Ica,Ica & Paracas
KH0179,0,0,0,0,0,0,0,0,1,0,0,0,1,5,0,0,1,0.8,0.0,2,Unknown,11/11/2011,Ica,Ica & Paracas
KH0180,1,0,1,0,1,0,0,0,1,16,0,1,4,27,1,0,4,0.8518518518518519,0.0,2,Unknown,11/11/2011,Pachacamac,Central Coast
KH0181,1,0,1,1,0,1,0,0,0,12,0,1,4,33,11,0,4,1.0,0.030303030303030304,5,Unknown,11/11/2011,Ica,Ica & Paracas
KH0182,1,0,1,1,1,0,0,0,0,1,0,4,4,21,2,0,6,0.7142857142857143,0.0,4,Unknown,11/11/2011,Pachacamac,Central Coast
KH0183,1,1,1,1,0,0,1,1,0,460,88,26,6,362,121,19,21,0.5662983425414365,0.011049723756906077,10,Unknown,11/11/2011,Ica,Ica & Paracas
KH0184,0,0,0,0,0,0,0,0,0,0,0,0,0,9,0,0,1,0.8888888888888888,0.0,2,Unknown,11/11/2011,Pachacamac,Central Coast
KH0185,1,0,0,0,0,0,0,0,0,4,0,0,1,18,0,0,9,0.9444444444444444,0.1111111111111111,4,Unknown,11/11/2011,Unknown,
KH0186,0,1,0,0,0,0,0,0,1,0,7,0,2,30,0,0,9,0.9666666666666667,0.0,3,Unknown,11/11/2011,Unknown,
KH0187,1,1,1,1,0,0,0,1,0,21,10,3,5,125,22,2,17,0.648,0.064,8,Unknown,11/11/2011,Pachacamac,Central Coast
KH0188,1,1,0,0,1,0,0,0,0,7,3,0,3,24,1,0,12,1.0,0.0,5,Unknown,11/11/2011,Ica,Ica & Paracas
KH0189,1,1,1,1,1,0,0,0,1,12,2,3,6,59,23,4,12,0.9661016949152542,0.03389830508474576,4,Unknown,11/11/2011,Pachacamac,Central Coast
KH0190,1,0,0,0,0,0,0,0,1,2,0,0,2,15,2,0,3,1.0,0.0,3,Unknown,11/11/2011,Between Ica and Pisco,Ica & Paracas
KH0191,1,1,1,1,1,0,0,0,0,2,2,3,5,27,13,1,7,0.9629629629629629,0.0,3,Unknown,11/11/2011,Between Ica and Pisco,Ica & Paracas
KH0192,1,1,1,1,1,0,1,1,1,783,145,292,8,338,94,20,45,0.7928994082840237,0.05325443786982249,5,Unknown,11/11/2011,Pachacamac,Central Coast
KH0193,1,1,1,1,1,0,1,1,0,724,49,34,7,303,73,11,26,0.5544554455445545,0.033003300330033,7,Unknown,11/11/2011,Nazca,Nazca & Far South
KH0194,0,0,0,0,0,0,0,0,0,0,0,0,0,15,0,0,6,1.0,0.06666666666666667,1,Unknown,11/11/2011,Near Lima,Central Coast
KH0195,1,1,1,0,0,1,0,0,1,15,4,4,5,30,1,0,8,0.9333333333333333,0.6333333333333333,4,Unknown,11/11/2011,Near Lima,Central Coast
KH0196,1,0,0,0,0,0,0,0,1,2,0,0,2,28,1,0,10,0.7857142857142857,0.14285714285714285,6,Unknown,11/11/2011,Ica,Ica & Paracas
KH0197,0,0,0,0,0,0,0,0,0,0,0,0,0,35,8,0,3,0.8857142857142857,0.05714285714285714,4,Unknown,11/11/2011,Ica,Ica & Paracas
KH0198,1,1,1,1,0,0,1,0,1,19,7,8,6,149,67,41,20,0.8791946308724832,0.013422818791946308,9,Unknown,01/22/2026,Unknown,
KH0199,0,0,0,0,0,0,0,0,0,0,0,0,0,5,0,0,1,1.0,0.0,5,Unknown,11/11/2011,Unknown,
KH0200,0,0,0,0,0,0,0,0,0,0,0,0,0,22,0,0,22,1.0,0.0,1,Unknown,11/11/2011,Unknown,
KH0201,1,0,0,0,0,0,0,0,0,1,0,0,1,7,3,0,2,0.7142857142857143,0.14285714285714285,2,Unknown,11/11/2011,Unknown,
KH0202,0,1,0,0,0,0,0,0,0,0,1,0,1,9,0,0,8,1.0,0.0,2,Unknown,11/11/2011,Unknown,
KH0203,1,0,0,1,0,0,0,1,1,10,0,0,4,30,5,2,5,0.9333333333333333,0.0,6,Unknown,11/11/2011,Unknown,
KH0204,1,0,0,1,0,0,0,1,0,9,0,0,3,64,32,0,7,0.796875,0.0,6,Unknown,11/11/2011,Unknown,
KH0205,0,0,0,0,0,0,0,0,0,0,0,0,0,3,0,0,1,1.0,0.0,1,Unknown,11/11/2011,Pachacamac,Central Coast
KH0206,0,0,0,0,0,0,0,0,1,0,0,0,1,12,0,0,2,0.9166666666666666,0.3333333333333333,2,Unknown,11/11/2011,Pachacamac,Central Coast
KH0207,1,1,1,1,0,1,0,1,1,14,2,1,7,35,12,0,5,0.8,0.3142857142857143,3,Unknown,11/11/2011,Pachacamac,Central Coast
KH0208,0,0,0,0,0,0,0,0,0,0,0,0,0,101,0,0,1,0.0,0.0,3,Unknown,11/25/2003,Unknown,
KH0209,0,0,0,0,0,0,0,0,0,0,0,0,0,7,0,0,2,0.8571428571428571,0.14285714285714285,1,Unknown,07/08/2003,Ica Valley (near Callengo),Ica & Paracas
KH0210,1,0,0,1,0,0,0,0,0,2,0,0,2,13,3,0,1,1.0,0.0,4,Unknown,07/08/2003,Ica Valley (near Callengo),Ica & Paracas
KH0211,0,0,0,0,0,1,0,0,0,0,0,0,1,8,0,0,1,0.875,0.0,1,Unknown,07/08/2003,Ica Valley (near Callengo),Ica & Paracas
KH0212,0,0,0,0,0,0,0,0,0,0,0,0,0,7,3,2,2,0.7142857142857143,0.14285714285714285,4,Unknown,07/07/2003,Ica Valley (near Callengo),Ica & Paracas
KH0213,0,0,0,0,0,0,0,0,0,0,0,0,0,7,3,3,1,0.8571428571428571,0.14285714285714285,3,Unknown,07/07/2003,Ica Valley (near Callengo),Ica & Paracas
KH0214,0,0,0,0,0,0,0,0,0,0,0,0,0,6,1,0,1,1.0,0.0,3,Unknown,07/08/2003,Ica Valley (near Callengo),Ica & Paracas
KH0215,0,0,0,0,0,0,0,0,0,0,0,0,0,11,2,0,1,1.0,0.18181818181818182,2,Unknown,07/08/2003,Ica Valley (near Callengo),Ica & Paracas
KH0216,0,0,0,0,0,1,0,0,0,0,0,0,1,19,0,0,2,1.0,0.05263157894736842,1,Unknown,08/11/2003,Unknown,
KH0217,1,1,1,0,1,0,0,0,0,64,2,2,4,86,1,0,24,0.9186046511627907,0.09302325581395349,6,Unknown,08/11/2003,Unknown,
KH0218,1,1,1,1,0,0,0,0,0,2,2,1,4,64,27,0,17,1.0,0.0,3,Unknown,08/11/2003,"Central Coast (Late Period, prob.)",Central Coast
KH0219,1,0,0,0,0,1,0,1,0,4,0,0,3,18,8,0,3,0.9444444444444444,0.1111111111111111,3,Unknown,06/26/2003,Ica,Ica & Paracas
KH0220,0,1,0,0,0,0,0,0,1,0,3,0,2,30,0,0,14,0.4666666666666667,0.0,2,Unknown,06/11/2003,Unknown,
KH0221,0,1,0,0,0,0,0,0,1,0,9,0,2,37,0,0,10,0.32432432432432434,0.13513513513513514,3,Unknown,06/11/2003,Unknown,
KH0222,0,0,0,0,0,0,0,0,1,0,0,0,1,20,8,0,6,0.45,0.05,4,Unknown,06/26/2003,Ica,Ica & Paracas
KH0223,0,0,0,0,0,0,0,0,0,0,0,0,0,21,11,0,2,0.7142857142857143,0.42857142857142855,4,Unknown,06/26/2003,"Ica (Site T, Grave M — Uhle)",Ica & Paracas
KH0224,1,0,0,0,0,0,0,0,0,18,0,0,1,32,2,0,6,0.6875,0.75,4,Unknown,06/11/2003,Unknown,
KH0225,1,1,1,1,0,1,0,1,0,1013,129,26,6,253,41,1,44,0.6442687747035574,0.1976284584980237,8,Unknown,06/26/2003,Unknown,
KH0226,1,0,0,0,0,0,0,0,0,1,0,0,1,28,11,0,1,0.8214285714285714,0.10714285714285714,2,Unknown,06/26/2003,Unknown,
KH0227,0,0,0,0,0,0,0,0,0,0,0,0,0,14,0,0,3,0.8571428571428571,0.42857142857142855,2,Unknown,06/26/2003,Unknown,
KH0228,1,1,1,1,0,0,1,1,0,668,36,108,6,218,54,1,15,0.8348623853211009,0.045871559633027525,8,Unknown,01/22/2026,Unknown,
KH0229,1,0,0,0,0,0,0,0,0,4,0,0,1,143,87,0,7,0.916083916083916,0.1048951048951049,7,Unknown,06/27/2003,Unknown,
KH0230,1,1,0,0,0,0,0,0,1,23,1,0,3,39,9,0,5,0.8461538461538461,0.05128205128205128,5,Unknown,06/12/2003,Unknown,
KH0231,1,1,1,0,0,0,0,1,0,45,1,5,4,68,18,0,3,0.6764705882352942,0.058823529411764705,2,Unknown,06/30/2003,Unknown,
KH0232,1,1,1,0,1,1,1,1,1,142,24,10,8,100,32,0,13,0.98,0.01,6,Unknown,06/30/2003,Unknown,
KH0233,1,0,0,0,0,0,0,0,0,4,0,0,1,36,18,0,1,0.8055555555555556,0.3055555555555556,5,Unknown,06/30/2003,Unknown,
KH0234,1,0,0,0,1,0,0,0,0,11,0,0,2,20,0,0,6,1.0,0.0,2,Unknown,06/30/2003,Unknown,
KH0235,1,0,1,1,0,0,0,0,0,26,0,6,3,37,9,0,11,0.9459459459459459,0.5675675675675675,4,Unknown,06/30/2003,Nazca,Nazca & Far South
KH0236,0,0,0,0,0,0,0,0,0,0,0,0,0,5,3,0,1,0.8,0.0,2,Unknown,06/30/2003,Nazca,Nazca & Far South
KH0237,1,1,1,1,1,0,1,1,1,209,8,11,8,572,146,19,48,0.5559440559440559,0.019230769230769232,14,Chachapoyas,06/19/2003,Leymebamba,Chachapoyas
KH0238,1,0,0,1,0,0,0,1,1,30,0,0,4,116,40,4,10,0.9396551724137931,0.008620689655172414,12,Chachapoyas,06/06/2003,Leymebamba,Chachapoyas
KH0239,1,1,0,0,1,1,1,1,0,177,8,0,6,758,392,85,15,0.6147757255936676,0.11477572559366754,15,Chachapoyas,06/16/2003,Leymebamba,Chachapoyas
KH0240,1,1,1,1,1,1,1,1,0,7563,263,1687,8,573,87,4,73,0.7399650959860384,0.012216404886561954,10,Chachapoyas,06/19/2003,Leymebamba,Chachapoyas
KH0241,1,0,0,0,0,0,0,0,0,37,0,0,1,62,13,0,4,0.6451612903225806,0.12903225806451613,3,Chachapoyas,05/29/2003,Leymebamba,Chachapoyas
KH0242,1,1,1,1,1,1,1,1,1,2857,246,570,9,874,285,18,63,0.6281464530892449,0.0011441647597254005,8,Chachapoyas,06/19/2003,Leymebamba,Chachapoyas
KH0243,0,0,0,0,0,0,0,1,1,0,0,0,2,80,34,1,16,0.475,0.0125,4,Chachapoyas,06/02/2003,Leymebamba,Chachapoyas
KH0244,0,0,0,0,0,0,0,0,1,0,0,0,1,6,0,0,2,1.0,0.0,1,Chachapoyas,05/29/2003,Leymebamba,Chachapoyas
KH0245,1,1,1,1,0,1,0,1,0,308,15,26,6,164,15,0,21,0.6097560975609756,0.0,7,Chachapoyas,06/13/2003,Leymebamba,Chachapoyas
KH0246,1,1,1,1,1,0,0,0,1,712,66,99,6,176,17,0,30,0.8977272727272727,0.03977272727272727,9,Chachapoyas,05/29/2003,Leymebamba,Chachapoyas
KH0247,1,1,1,1,0,0,1,1,0,69,12,11,6,343,143,24,24,0.8338192419825073,0.04956268221574344,12,Chachapoyas,06/03/2003,Leymebamba,Chachapoyas
KH0248,1,1,0,1,0,0,1,0,1,44,1,0,5,126,54,22,12,0.7698412698412699,0.11904761904761904,8,Chachapoyas,06/05/2003,Leymebamba,Chachapoyas
KH0249,1,0,0,0,0,0,0,0,0,8,0,0,1,59,31,4,7,0.864406779661017,0.0,4,Chachapoyas,06/05/2003,Leymebamba,Chachapoyas
KH0250,1,0,1,1,0,0,0,0,0,6,0,1,3,44,21,0,10,0.7272727272727273,0.18181818181818182,5,Chachapoyas,06/06/2003,Leymebamba,Chachapoyas
KH0251,1,0,0,1,0,0,0,0,1,8,0,0,3,88,13,10,11,0.8636363636363636,0.14772727272727273,9,Chachapoyas,06/06/2003,Leymebamba,Chachapoyas
KH0252,1,1,1,1,0,0,1,1,0,1060,5,56,6,442,217,3,7,0.7398190045248869,0.19230769230769232,8,Chachapoyas,06/12/2003,Leymebamba,Chachapoyas
KH0253,1,1,1,1,0,0,0,1,1,217,20,35,6,122,25,0,27,0.8442622950819673,0.03278688524590164,10,Chachapoyas,06/18/2003,Leymebamba,Chachapoyas
KH0254,1,0,0,1,0,0,0,0,1,3,0,0,3,38,7,0,8,0.8421052631578947,0.0,6,Chachapoyas,05/29/2003,Leymebamba,Chachapoyas
KH0255,0,0,0,0,0,0,0,0,0,0,0,0,0,18,5,0,4,0.5555555555555556,0.16666666666666666,5,Chachapoyas,05/28/2003,Leymebamba,Chachapoyas
KH0256,1,0,0,1,0,0,0,0,0,1,0,0,2,30,6,0,9,0.9333333333333333,0.0,7,Chachapoyas,05/29/2003,Leymebamba,Chachapoyas
KH0257,1,1,1,1,0,1,0,1,0,335,56,68,6,162,26,0,23,0.845679012345679,0.006172839506172839,7,Chachapoyas,06/18/2003,Leymebamba,Chachapoyas
KH0258,1,1,1,1,1,0,1,1,1,996,107,477,8,314,48,0,31,0.6592356687898089,0.3184713375796178,5,Chachapoyas,07/01/2003,Leymebamba,Chachapoyas
KH0259,0,0,0,0,0,0,0,1,0,0,0,0,1,20,10,0,2,0.9,0.0,2,Nazca,09/30/2005,Atarco,Ica & Paracas
KH0260,0,0,0,0,0,0,0,1,0,0,0,0,1,19,9,0,2,0.8947368421052632,0.0,2,Nazca,09/30/2005,Atarco,Ica & Paracas
KH0261,1,1,1,0,0,0,0,0,1,10,2,1,4,46,0,0,7,0.6086956521739131,0.45652173913043476,4,Unknown,04/28/2006,Unknown,
KH0262,0,0,0,0,0,0,0,0,0,0,0,0,0,17,3,0,4,1.0,0.0,2,Nazca,09/27/2005,Atarco,Ica & Paracas
KH0263,1,0,1,1,1,1,0,1,1,128,0,39,7,91,15,0,8,0.7142857142857143,0.10989010989010989,4,Nazca,09/27/2005,Atarco,Ica & Paracas
KH0264,0,1,0,0,0,1,0,1,1,0,3,0,4,75,39,1,7,0.7866666666666666,0.05333333333333334,2,Nazca,09/27/2005,Atarco,Ica & Paracas
KH0265,1,1,0,0,0,0,0,0,0,8,10,0,2,38,0,0,10,0.8157894736842105,0.15789473684210525,7,Unknown,04/03/2006,"Ica Valley (Site T, Grave M)",Ica & Paracas
KH0266,0,0,0,0,0,0,0,0,0,0,0,0,0,8,1,0,1,1.0,0.0,5,Unknown,03/01/2005,"Ica Valley (Site T, Grave M)",Ica & Paracas
KH0267,1,1,1,1,1,0,1,1,1,151,40,15,8,188,84,17,38,0.9308510638297872,0.047872340425531915,11,Unknown,04/23/2012,Unknown,
KH0268,0,0,0,0,0,0,0,0,0,0,0,0,0,22,13,2,6,1.0,0.0,4,Unknown,02/15/2006,"Arica, Chile (Playa Miller 6)",Arica & N. Chile
KH0269,1,1,1,0,1,1,0,0,1,708,31,196,6,171,4,0,28,0.8771929824561403,0.0,8,Unknown,04/03/2006,Unknown,
KH0270,1,0,0,0,0,0,0,0,0,11,0,0,1,39,0,0,4,0.7948717948717948,0.23076923076923078,9,Unknown,03/01/2005,Unknown,
KH0271,1,1,1,0,1,0,0,0,0,178,168,165,4,91,0,0,91,1.0,0.02197802197802198,1,Unknown,04/20/2012,Huari,Southern Highlands
KH0272,0,0,0,0,0,0,0,0,0,0,0,0,0,49,16,0,4,0.46938775510204084,0.3469387755102041,5,Unknown,07/29/2003,Nazca,Nazca & Far South
KH0273,1,1,1,0,0,0,0,0,1,16,5,2,4,43,0,0,9,0.8372093023255814,0.046511627906976744,3,Unknown,07/29/2003,Unknown,
KH0274,1,1,1,0,0,1,0,0,0,7,1,1,4,25,0,0,6,0.84,0.36,4,Unknown,07/29/2003,Unknown,
KH0275,1,1,1,0,1,0,1,1,1,240,105,45,7,160,35,0,38,0.68125,0.43125,10,Unknown,04/05/2006,Unknown,
KH0276,1,0,1,1,0,0,0,0,0,35,0,4,3,107,25,5,7,0.7289719626168224,0.07476635514018691,7,Unknown,05/07/2004,Lima (Pueblo Libre),Central Coast
KH0277,1,1,1,0,1,0,0,0,0,24,1,3,4,47,0,0,10,1.0,0.0425531914893617,4,Unknown,05/04/2004,Lima (Pueblo Libre),Central Coast
KH0278,1,1,1,1,0,0,0,1,0,29,11,2,5,61,12,3,14,0.8360655737704918,0.04918032786885246,4,Unknown,04/30/2004,Lima (Pueblo Libre),Central Coast
KH0279,1,1,1,1,1,0,1,0,1,450,33,3,7,327,78,10,40,0.6574923547400612,0.22629969418960244,14,Unknown,04/07/2004,Unknown,
KH0280,1,1,0,0,1,0,0,0,0,12,12,0,3,164,0,0,164,1.0,0.4817073170731707,2,Unknown,06/28/2006,Unknown,
KH0281,1,1,0,0,1,1,0,0,0,103,7,0,4,98,5,0,15,0.8775510204081632,0.15306122448979592,5,Unknown,04/23/2012,Unknown,
KH0282,1,1,1,0,1,1,0,0,1,215,55,4,6,98,0,0,25,0.9795918367346939,0.02040816326530612,3,Unknown,04/20/2012,Unknown,
KH0283,1,0,0,0,0,0,0,0,0,1,0,0,1,55,6,0,3,0.9818181818181818,0.0,6,Unknown,09/22/2004,Unknown,
KH0284,1,0,0,0,0,0,0,0,0,13,0,0,1,54,18,0,1,1.0,0.0,4,Unknown,09/23/2004,Unknown,
KH0285,1,0,0,0,0,0,0,0,0,64,0,0,1,61,0,0,1,1.0,0.0,4,Unknown,09/23/2004,Unknown,
KH0286,1,0,0,0,0,0,0,0,0,30,0,0,1,72,0,0,2,1.0,0.0,5,Unknown,09/24/2004,Unknown,
KH0287,1,0,1,1,0,0,0,1,0,122,0,7,4,105,35,0,4,1.0,0.0,4,Unknown,09/24/2004,Unknown,
KH0288,1,1,1,0,1,0,0,0,0,75,65,52,4,115,0,0,115,0.991304347826087,0.06086956521739131,2,Unknown,04/20/2012,Unknown,
KH0289,1,1,1,0,1,0,0,0,0,173,169,94,4,180,0,0,180,0.9777777777777777,0.06111111111111111,3,Unknown,04/20/2012,Unknown,
KH0290,1,0,1,1,0,0,0,0,0,14,0,1,3,42,14,0,5,0.8571428571428571,0.047619047619047616,10,Unknown,08/10/2005,Unknown,
KH0291,1,1,0,0,0,0,0,0,0,40,3,0,2,38,0,0,8,0.7631578947368421,0.10526315789473684,7,Unknown,08/10/2005,Unknown,
KH0292,1,0,0,0,0,0,0,0,0,15,0,0,1,24,0,0,5,0.7083333333333334,0.16666666666666666,2,Unknown,08/11/2005,Unknown,
KH0293,1,0,1,0,0,1,0,1,0,15,0,11,4,42,21,0,4,1.0,0.023809523809523808,2,Nazca,10/03/2005,Atarco,Ica & Paracas
KH0294,0,1,0,1,0,1,0,0,1,0,2,0,4,275,156,61,9,0.7927272727272727,0.0,12,Unknown,08/11/2005,"Arica, Chile (Playa Miller 6)",Arica & N. Chile
KH0295,1,0,0,1,0,0,0,0,0,9,0,0,2,256,143,65,12,0.6015625,0.01171875,15,Unknown,08/22/2005,Unknown,
KH0296,1,1,1,1,0,1,0,0,0,319,1,17,5,136,3,0,8,0.7279411764705882,0.11029411764705882,10,Unknown,05/16/2013,Unknown,
KH0297,1,1,0,0,0,1,0,1,1,53,20,0,5,114,2,0,22,0.7456140350877193,0.18421052631578946,14,Puruchuco,08/24/2004,Huaquerones,Central Coast
KH0298,1,1,1,0,0,0,0,0,1,8,3,3,4,41,0,0,10,0.7560975609756098,0.0,2,Puruchuco,08/13/2004,Huaquerones,Central Coast
KH0299,1,0,0,0,0,0,0,0,0,4,0,0,1,23,1,0,6,0.9565217391304348,0.08695652173913043,3,Puruchuco,08/12/2004,Huaquerones,Central Coast
KH0300,1,1,1,0,0,0,0,0,1,108,1,13,4,111,0,0,8,0.5135135135135135,0.06306306306306306,4,Puruchuco,08/20/2004,Unknown,
KH0301,1,1,1,0,0,0,0,0,0,34,2,4,3,74,3,0,7,0.6621621621621622,0.10810810810810811,4,Puruchuco,08/23/2004,Huaquerones,Central Coast
KH0302,0,0,0,0,0,0,0,0,0,0,0,0,0,6,0,0,1,0.6666666666666666,0.16666666666666666,1,Puruchuco,08/12/2004,Huaquerones,Central Coast
KH0303,1,1,0,0,0,0,0,0,1,1,1,0,3,35,3,0,6,0.6285714285714286,0.02857142857142857,4,Puruchuco,08/23/2004,Huaquerones,Central Coast
KH0304,1,0,0,0,0,0,0,0,1,1,0,0,2,35,3,0,4,0.6285714285714286,0.05714285714285714,5,Puruchuco,08/20/2004,Huaquerones,Central Coast
KH0305,1,1,1,0,0,0,0,0,1,30,7,6,4,73,0,0,17,0.6986301369863014,0.0136986301369863,3,Puruchuco,08/23/2004,Unknown,
KH0306,1,1,0,0,0,0,0,0,0,24,1,0,2,33,1,0,5,0.696969696969697,0.0,7,Puruchuco,08/13/2004,Huaquerones,Central Coast
KH0307,0,0,0,0,0,0,0,0,0,0,0,0,0,26,0,0,7,0.0,0.038461538461538464,3,Puruchuco,08/13/2004,Huaquerones,Central Coast
KH0308,0,0,0,0,0,0,0,0,0,0,0,0,0,26,0,0,4,0.0,0.0,5,Puruchuco,08/13/2004,Huaquerones,Central Coast
KH0309,1,1,1,0,0,1,0,0,0,110,24,13,4,66,5,0,15,0.9696969696969697,0.015151515151515152,8,Puruchuco,08/13/2004,Huaquerones,Central Coast
KH0310,1,0,0,0,0,0,0,0,0,46,0,0,1,74,0,0,16,0.4864864864864865,0.02702702702702703,7,Puruchuco,08/18/2004,Unknown,
KH0311,1,1,1,0,0,0,0,0,1,12,5,4,4,79,13,0,20,0.8987341772151899,0.08860759493670886,5,Puruchuco,08/19/2004,Huaquerones,Central Coast
KH0312,0,0,0,0,0,0,0,0,0,0,0,0,0,13,0,0,12,0.9230769230769231,0.0,1,Puruchuco,08/19/2004,Huaquerones,Central Coast
KH0313,0,1,0,0,0,0,0,0,0,0,3,0,1,24,0,0,5,1.0,0.0,3,Puruchuco,08/19/2004,Huaquerones,Central Coast
KH0314,0,0,0,0,0,0,0,0,0,0,0,0,0,25,13,0,6,0.48,0.32,2,Puruchuco,08/12/2004,Unknown,
KH0315,0,0,0,0,0,0,0,0,0,0,0,0,0,11,0,0,1,0.6363636363636364,0.18181818181818182,5,Puruchuco,08/19/2004,Huaquerones,Central Coast
KH0316,1,1,0,1,0,0,0,0,0,15,4,0,3,31,1,0,7,0.8387096774193549,0.25806451612903225,4,Puruchuco,08/19/2004,Huaquerones,Central Coast
KH0317,1,1,1,0,0,0,0,0,0,4,5,2,3,14,0,0,8,0.5,0.0,3,Puruchuco,08/20/2004,Huaquerones,Central Coast
KH0318,0,0,0,0,0,0,0,0,0,0,0,0,0,7,1,0,4,0.42857142857142855,0.0,5,Puruchuco,08/20/2004,Huaquerones,Central Coast
KH0319,0,0,0,0,0,0,0,0,0,0,0,0,0,44,0,0,6,0.0,0.0,7,Puruchuco,08/20/2004,Huaquerones,Central Coast
KH0320,0,0,0,0,0,0,0,0,0,0,0,0,0,23,16,1,6,0.7391304347826086,0.043478260869565216,8,Unknown,02/15/2006,"Arica, Chile (Playa Miller 6)",Arica & N. Chile
KH0321,1,1,1,1,0,0,1,0,0,69,5,1,5,273,121,0,16,0.9377289377289377,0.054945054945054944,13,Unknown,04/26/2005,Unknown,
KH0322,1,1,1,0,1,0,0,0,1,251,45,20,5,107,0,0,23,0.8691588785046729,0.09345794392523364,6,Unknown,04/28/2006,Unknown,
KH0323,1,1,1,0,1,0,1,1,0,3468,271,195,6,370,64,0,56,0.8675675675675676,0.07837837837837838,15,Unknown,12/11/2012,Santa,North Peru Coast
KH0324,1,0,0,1,0,0,0,0,0,29,0,0,2,102,48,0,1,0.8725490196078431,0.11764705882352941,10,Unknown,12/11/2012,Santa,North Peru Coast
KH0325,1,1,1,1,1,1,0,1,0,534,3,6,7,288,82,0,9,0.8263888888888888,0.13194444444444445,14,Unknown,04/09/2012,Santa,North Peru Coast
KH0326,1,1,1,1,0,0,0,0,0,205,2,6,4,131,23,0,4,0.9389312977099237,0.16030534351145037,10,Unknown,04/09/2012,Santa,North Peru Coast
KH0327,1,1,1,0,0,0,0,1,0,39,1,2,4,125,35,0,3,0.648,0.12,10,Unknown,04/09/2012,Santa,North Peru Coast
KH0328,0,0,0,0,0,0,0,0,0,0,0,0,0,61,1,0,1,0.819672131147541,0.01639344262295082,5,Unknown,04/09/2012,Santa,North Peru Coast
KH0329,1,1,1,1,1,0,1,1,1,727,12,25,8,1227,956,48,12,0.2754686226568867,0.07823960880195599,42,Unknown,02/20/2006,Unknown,
KH0330,0,0,0,0,0,0,0,0,1,0,0,0,1,69,34,10,7,0.6956521739130435,0.36231884057971014,11,Unknown,05/01/2006,Unknown,
KH0331,1,0,0,0,0,0,0,0,0,11,0,0,1,26,0,0,6,0.9230769230769231,0.0,8,Unknown,05/02/2006,Unknown,
KH0332,0,0,0,0,0,0,0,0,0,0,0,0,0,57,33,20,3,0.8771929824561403,0.24561403508771928,16,Unknown,05/03/2006,Unknown,
KH0333,1,1,1,1,0,0,0,1,0,67,3,1,5,230,120,29,10,0.6652173913043479,0.1782608695652174,11,Unknown,05/03/2006,Unknown,
KH0334,0,0,0,0,0,0,0,0,0,0,0,0,0,9,4,0,2,0.5555555555555556,0.4444444444444444,6,Unknown,06/12/2006,Unknown,
KH0335,0,0,0,0,0,0,0,0,0,0,0,0,0,4,0,0,2,1.0,0.0,3,Unknown,06/12/2006,Unknown,
KH0336,0,0,0,0,0,0,0,0,0,0,0,0,0,5,1,0,2,0.8,0.8,4,Unknown,06/12/2006,Unknown,
KH0337,0,0,0,0,0,0,0,0,0,0,0,0,0,3,0,0,1,1.0,0.0,2,Unknown,06/12/2006,Unknown,
KH0338,1,1,1,0,0,0,0,0,0,73,18,16,3,75,12,0,12,0.6133333333333333,0.9066666666666666,5,Unknown,06/12/2006,Unknown,
KH0339,0,0,0,0,0,0,0,0,0,0,0,0,0,55,37,10,3,0.6181818181818182,0.2,6,Unknown,06/12/2006,Unknown,
KH0340,1,0,0,1,0,0,0,0,0,9,0,0,2,31,14,1,1,0.9354838709677419,0.16129032258064516,14,Unknown,06/13/2006,Unknown,
KH0341,0,0,0,0,0,0,0,0,0,0,0,0,0,4,0,0,3,1.0,0.25,1,Unknown,06/13/2006,Unknown,
KH0342,1,0,0,0,0,0,0,0,0,1,0,0,1,10,0,0,4,1.0,0.0,4,Unknown,06/13/2006,Unknown,
KH0343,1,1,1,0,0,0,0,0,0,8,1,3,3,28,3,0,12,0.9285714285714286,0.07142857142857142,4,Unknown,06/13/2006,Unknown,
KH0344,0,0,0,0,0,0,0,0,0,0,0,0,0,7,0,0,1,1.0,0.0,2,Unknown,06/14/2006,Unknown,
KH0345,0,0,0,0,0,0,0,0,0,0,0,0,0,33,22,1,2,0.36363636363636365,0.15151515151515152,8,Unknown,06/14/2006,Unknown,
KH0346,1,1,1,0,1,1,0,0,1,104,61,1,6,89,0,0,22,0.9550561797752809,0.056179775280898875,7,Unknown,04/20/2012,Unknown,
KH0347,1,0,0,0,0,0,0,0,0,180,0,0,1,149,0,0,9,0.436241610738255,0.7248322147651006,10,Unknown,06/15/2006,Unknown,
KH0348,1,1,1,0,1,1,0,0,1,47,33,8,6,76,0,0,19,1.0,0.02631578947368421,7,Unknown,04/20/2012,Unknown,
KH0349,1,1,1,1,1,1,1,1,1,4866,74,212,9,866,505,29,31,0.8348729792147807,0.06581986143187067,22,Unknown,06/29/2005,Nazca,Nazca & Far South
KH0350,1,1,1,1,1,1,0,1,0,265,38,17,7,260,41,0,16,0.47307692307692306,0.29615384615384616,17,Unknown,06/24/2005,Nazca,Nazca & Far South
KH0351,1,0,0,0,0,0,0,0,0,12,0,0,1,55,25,1,10,0.34545454545454546,0.32727272727272727,9,Valle de Lurin,11/25/2003,Pachacamac,Central Coast
KH0352,1,1,1,1,0,0,0,1,0,83,1,5,5,157,76,1,8,0.7707006369426752,0.33121019108280253,13,Unknown,06/22/2005,Unknown,
KH0353,1,0,0,0,0,0,0,0,0,10,0,0,1,43,21,0,2,0.7906976744186046,0.27906976744186046,12,Unknown,06/14/2005,Unknown,
KH0354,0,0,0,0,0,0,0,0,0,0,0,0,0,16,3,0,7,0.6875,0.0625,7,Unknown,06/28/2005,Paracas,Ica & Paracas
KH0355,0,0,0,0,0,0,0,0,1,0,0,0,1,12,1,0,4,0.8333333333333334,0.08333333333333333,8,Unknown,06/29/2005,Paracas,Ica & Paracas
KH0356,1,1,0,0,0,0,0,0,0,1,1,0,2,23,14,0,6,0.30434782608695654,0.6086956521739131,3,Unknown,06/29/2005,Paracas,Ica & Paracas
KH0357,1,1,1,0,0,0,0,0,1,3,1,2,4,24,0,0,6,0.9166666666666666,0.16666666666666666,3,Unknown,06/29/2005,Paracas,Ica & Paracas
KH0358,1,1,1,1,1,0,1,0,0,184,27,6,6,321,144,10,46,0.8753894080996885,0.1308411214953271,12,Unknown,08/03/2005,Paracas,Ica & Paracas
KH0359,1,1,1,1,0,0,1,0,0,261,261,18,5,304,128,3,49,0.8453947368421053,0.12171052631578948,14,Unknown,03/17/2012,Paracas,Ica & Paracas
KH0360,1,1,1,1,0,0,0,0,0,74,1,11,4,77,4,4,8,0.6363636363636364,0.5064935064935064,7,Unknown,02/15/2006,Huacho,Central Coast
KH0361,1,0,0,0,0,0,0,0,0,5,0,0,1,40,17,0,5,0.8,0.05,7,Unknown,03/14/2006,Nazca,Nazca & Far South
KH0362,1,1,0,0,0,0,1,0,0,1,2,0,3,218,144,2,4,0.7339449541284404,0.5779816513761468,8,Unknown,03/14/2006,Nazca,Nazca & Far South
KH0363,1,1,0,0,0,0,0,0,0,98,2,0,2,65,4,0,8,0.7230769230769231,0.5692307692307692,3,Unknown,03/17/2006,Pachacamac,Central Coast
KH0364,0,0,0,1,0,0,0,0,0,0,0,0,1,44,1,0,5,0.22727272727272727,0.13636363636363635,4,Unknown,03/17/2006,Pachacamac,Central Coast
KH0365,0,0,0,0,0,0,0,0,0,0,0,0,0,8,0,0,2,1.0,0.0,1,Unknown,03/20/2006,Paracas,Ica & Paracas
KH0366,1,0,0,0,0,1,0,0,0,3,0,0,2,24,0,0,6,0.7083333333333334,0.375,6,Unknown,03/20/2006,Unknown,
KH0367,1,1,0,0,0,0,0,0,1,27,3,0,3,45,4,0,6,0.4222222222222222,0.4444444444444444,3,Unknown,04/20/2012,Unknown,
KH0368,0,0,1,0,0,0,0,0,0,0,0,1,1,14,0,0,4,0.7857142857142857,0.21428571428571427,5,Unknown,03/27/2007,Unknown,
KH0369,1,0,1,1,0,0,0,0,0,105,0,1,3,126,45,22,7,0.6825396825396826,0.09523809523809523,15,Unknown,02/13/2006,"Arica, Chile (Playa Miller 6)",Arica & N. Chile
KH0370,1,1,1,1,0,0,0,0,1,33,3,5,5,89,31,2,9,0.7415730337078652,0.48314606741573035,4,Unknown,09/14/2005,Lluta Valley,Arica & N. Chile
KH0371,1,1,0,1,0,0,0,1,1,24,1,0,5,105,37,2,12,0.6857142857142857,0.41904761904761906,4,Unknown,09/14/2005,Lluta Valley,Arica & N. Chile
KH0372,1,0,1,1,0,0,0,0,1,27,0,6,4,100,37,4,10,0.68,0.46,3,Unknown,09/15/2005,Lluta Valley,Arica & N. Chile
KH0373,1,0,0,0,0,0,0,0,0,2,0,0,1,57,48,0,1,0.7017543859649122,0.12280701754385964,8,Unknown,02/14/2006,"Arica, Chile (Playa Miller 6)",Arica & N. Chile
KH0374,1,0,0,0,0,0,0,0,0,1,0,0,1,13,0,0,2,1.0,0.07692307692307693,3,Unknown,12/10/2007,Chancay (Central Coast),Central Coast
KH0375,0,0,0,0,0,0,0,0,0,0,0,0,0,8,3,0,2,0.75,0.25,2,Unknown,04/20/2012,Chancay (Central Coast),Central Coast
KH0376,0,0,0,0,0,0,0,0,0,0,0,0,0,5,2,1,2,1.0,0.2,2,Unknown,04/12/2007,Chancay (Central Coast),Central Coast
KH0377,1,0,0,0,0,0,0,1,0,14,0,0,2,33,6,6,3,0.8484848484848485,0.0,6,Unknown,04/20/2012,Chancay (Central Coast),Central Coast
KH0378,0,0,0,0,0,0,0,0,0,0,0,0,0,32,10,0,4,0.5625,0.3125,7,Unknown,05/16/2013,Cuzco,Southern Highlands
KH0379,1,0,0,0,0,0,0,0,0,2,0,0,1,104,2,0,7,0.22115384615384615,0.038461538461538464,7,Unknown,05/03/2007,Ica Valley (Hda. Callango / Ocucaje),Ica & Paracas
KH0380,0,0,0,0,0,1,0,0,0,0,0,0,1,47,9,0,4,0.5106382978723404,0.06382978723404255,3,Unknown,06/03/2013,Ica Valley (Hda. Callango / Ocucaje),Ica & Paracas
KH0381,1,1,0,0,0,0,0,0,0,11,1,0,2,33,6,0,6,0.8787878787878788,0.6363636363636364,3,Unknown,05/03/2007,Unknown,
KH0382,0,0,0,1,0,0,0,0,0,0,0,0,1,125,75,29,1,0.928,0.064,13,Unknown,05/02/2007,Ica Valley (Hda. Callango / Ocucaje),Ica & Paracas
KH0383,1,0,0,1,0,0,0,0,0,2,0,0,2,133,85,26,2,0.8421052631578947,0.06015037593984962,9,Unknown,04/24/2007,Ica Valley (Hda. Callango / Ocucaje),Ica & Paracas
KH0384,1,1,1,0,0,0,0,0,0,69,325,22,3,96,0,0,96,1.0,0.0,2,Unknown,06/04/2007,Pisco Valley,Cañete–Pisco
KH0385,1,1,1,0,1,0,1,0,0,8,3,2,5,58,26,0,28,0.9482758620689655,0.10344827586206896,9,Unknown,04/18/2012,Acari,Nazca & Far South
KH0386,1,1,1,1,1,0,0,0,0,13,1,2,5,91,26,19,21,0.6263736263736264,0.42857142857142855,5,Unknown,06/03/2013,Belli Collection,
KH0387,1,1,1,0,0,0,0,0,1,14,5,2,4,59,15,1,11,0.423728813559322,0.847457627118644,4,Unknown,05/20/2013,Unknown,
KH0388,1,0,0,1,0,0,0,1,0,2,0,0,3,11,4,0,3,0.7272727272727273,0.0,2,Unknown,05/11/2007,Unknown,
KH0389,1,1,1,1,1,0,1,0,0,249,34,5,6,264,66,52,34,0.7272727272727273,0.4128787878787879,13,Unknown,05/20/2013,Hda. Ullujalla / Callengo,Cañete–Pisco
KH0390,1,0,0,0,1,0,0,0,0,6,0,0,2,25,8,0,2,1.0,0.0,4,Unknown,05/20/2013,Unknown,
KH0391,1,0,0,0,0,0,0,0,0,6,0,0,1,20,8,0,2,0.95,0.15,3,Unknown,05/20/2013,Ica Valley (Hda. Callango / Ocucaje),Ica & Paracas
KH0392,1,0,0,0,0,0,0,0,1,14,0,0,2,33,9,0,9,0.5151515151515151,0.6666666666666666,6,Unknown,05/20/2013,Hda. Ullujalla / Callengo,Cañete–Pisco
KH0393,1,0,0,0,0,0,0,0,1,16,0,0,2,66,13,2,13,0.5606060606060606,0.8787878787878788,4,Unknown,05/20/2013,Unknown,
KH0394,1,0,0,0,0,0,0,0,0,2,0,0,1,20,0,0,2,0.9,0.5,2,Unknown,04/24/2007,Ica Valley (Hda. Callango / Ocucaje),Ica & Paracas
KH0395,1,0,0,0,0,1,0,0,0,48,0,0,2,35,5,0,4,0.6857142857142857,0.7142857142857143,5,Unknown,04/20/2007,Ica Valley (Hda. Callango / Ocucaje),Ica & Paracas
KH0396,0,0,0,0,0,0,0,0,0,0,0,0,0,14,9,0,2,0.7857142857142857,0.21428571428571427,1,Unknown,04/18/2012,Tambo Colorado,Cañete–Pisco
KH0397,1,0,0,0,0,0,0,0,0,1,0,0,1,10,0,0,1,1.0,0.0,2,Unknown,05/16/2013,Tambo Colorado,Cañete–Pisco
KH0398,0,0,0,0,0,0,0,0,0,0,0,0,0,25,1,0,15,0.0,0.28,2,Unknown,04/25/2012,Tambo Colorado,Cañete–Pisco
KH0399,0,0,0,0,0,0,0,0,0,0,0,0,0,5,0,0,1,0.6,0.0,1,Unknown,05/04/2007,Tambo Colorado,Cañete–Pisco
KH0400,1,0,0,1,1,0,0,0,0,7,0,0,3,25,7,0,2,0.88,0.2,4,Unknown,05/16/2013,Unknown,
KH0401,0,0,0,0,0,0,0,0,0,0,0,0,0,15,0,0,2,0.6666666666666666,0.8666666666666667,4,Unknown,04/13/2007,Unknown,
KH0402,1,0,0,0,0,0,0,0,0,1,0,0,1,17,0,0,4,0.8235294117647058,0.8235294117647058,7,Unknown,04/13/2007,Ica Valley (Hda. Callango / Ocucaje),Ica & Paracas
KH0403,0,0,0,0,0,0,0,0,0,0,0,0,0,7,0,0,1,1.0,0.5714285714285714,2,Unknown,05/04/2007,Unknown,
KH0404,1,1,0,1,0,0,1,1,1,5,5,0,6,225,96,44,18,0.7733333333333333,0.28,6,Puruchuco,12/03/2008,La Molina,Central Coast
KH0405,1,0,0,0,1,0,0,0,0,8,0,0,2,30,0,0,12,0.9333333333333333,0.03333333333333333,5,Unknown,04/16/2012,Chancay / Huando (Gaffron),Central Coast
KH0406,1,0,1,1,0,0,0,0,1,50,0,4,4,40,3,0,4,0.65,0.025,2,Unknown,04/29/2009,Ica / Cajamarquilla,Ica & Paracas
KH0407,1,0,0,0,0,0,0,0,1,3,0,0,2,19,2,0,6,0.8421052631578947,0.0,3,Unknown,04/16/2012,Ica,Ica & Paracas
KH0408,1,1,1,1,0,1,1,1,0,43,5,19,7,151,105,5,8,0.8807947019867549,0.19205298013245034,7,Unknown,04/16/2012,Ica Valley (near Callango),Ica & Paracas
KH0409,0,0,0,0,0,1,0,0,0,0,0,0,1,68,0,0,7,0.7352941176470589,0.07352941176470588,7,Unknown,03/26/2012,Unknown,
KH0410,0,0,0,0,0,0,0,0,0,0,0,0,0,40,0,0,10,0.275,0.2,2,Unknown,03/26/2012,Unknown,
KH0411,1,0,1,0,1,0,0,0,1,5,0,6,4,28,0,0,7,0.8214285714285714,0.25,3,Unknown,03/26/2012,Unknown,
KH0412,1,0,0,0,0,0,0,0,0,1,0,0,1,7,0,0,4,1.0,0.2857142857142857,3,Unknown,03/26/2012,Unknown,
KH0413,1,0,0,0,0,0,0,0,0,2,0,0,1,9,1,0,1,1.0,0.2222222222222222,6,Unknown,03/26/2012,Unknown,
KH0414,1,0,0,1,0,0,0,0,0,2,0,0,2,12,6,0,2,0.75,0.16666666666666666,4,Unknown,03/26/2012,Unknown,
KH0415,1,0,0,1,0,0,0,1,0,29,0,0,3,90,52,7,1,0.9333333333333333,0.044444444444444446,11,Unknown,03/26/2012,Chuquitanta,Central Coast
KH0416,0,0,0,0,0,0,0,0,0,0,0,0,0,15,0,0,2,0.9333333333333333,0.0,1,Unknown,03/08/2013,Cajamarquilla,Central Coast
KH0417,0,0,0,0,0,0,0,0,0,0,0,0,0,18,0,0,1,0.0,0.2222222222222222,2,Unknown,03/08/2013,Cajamarquilla,Central Coast
KH0418,0,0,0,0,0,0,0,0,0,0,0,0,0,12,0,0,1,0.25,0.0,1,Unknown,03/08/2013,Cajamarquilla,Central Coast
KH0419,0,0,0,0,0,0,0,0,0,0,0,0,0,8,0,0,1,1.0,0.0,1,Unknown,11/25/2003,Cajamarquilla,Central Coast
KH0420,1,1,1,0,0,0,0,0,0,12,2,3,3,30,0,0,7,0.8,0.4,6,Unknown,03/26/2012,Chuquitanta,Central Coast
KH0421,1,0,0,0,0,0,0,0,1,1,0,0,2,33,0,0,4,0.9090909090909091,0.2727272727272727,7,Unknown,03/26/2012,Chancay (Central Coast),Central Coast
KH0422,1,1,1,0,0,0,0,1,0,10,1,1,4,39,17,1,8,0.8717948717948718,0.7692307692307693,8,Unknown,03/26/2012,Unknown,
KH0423,0,0,0,0,0,0,0,0,0,0,0,0,0,16,12,0,4,0.75,0.0,6,Unknown,03/26/2012,Unknown,
KH0424,1,1,0,0,1,0,0,0,0,64,2,0,3,63,5,0,17,0.7777777777777778,0.2698412698412698,4,Unknown,03/26/2012,Chancay (Hda. Huando),Central Coast
KH0425,1,0,0,0,0,0,0,0,0,3,0,0,1,133,70,9,6,0.8345864661654135,0.24812030075187969,11,Unknown,03/26/2012,Ica Valley (near Callango),Ica & Paracas
KH0426,1,1,1,1,0,0,0,0,1,1,1,1,5,78,14,0,16,0.9487179487179487,0.02564102564102564,4,Unknown,02/19/2010,Unknown,
KH0427,1,0,1,1,0,0,0,1,0,68,0,3,4,88,39,0,6,0.9431818181818182,0.022727272727272728,5,Unknown,05/16/2013,Unknown,
KH0428,1,1,1,1,0,1,0,1,1,5804,77,673,7,417,22,0,22,0.8609112709832134,0.17266187050359713,10,"Central Coast, Peru",06/03/2013,Lima (Huaca Pérez),Central Coast
KH0429,0,0,0,0,0,0,0,1,0,0,0,0,1,28,5,0,3,0.6071428571428571,0.0,3,"Central Coast, Peru",05/15/2013,Lima (Huaca Pérez),Central Coast
KH0430,1,1,0,1,0,0,0,0,0,46,3,0,3,70,11,0,7,0.5428571428571428,0.11428571428571428,12,"Central Coast, Peru",03/06/2013,Lima (Huaca Pérez),Central Coast
KH0431,1,0,1,1,0,0,1,1,0,104,0,3,5,226,101,26,6,0.9823008849557522,0.004424778761061947,5,"Central Coast, Peru",04/12/2013,Pachacamac (Fundort),Central Coast
KH0432,1,0,0,1,0,0,0,1,0,20,0,0,3,120,83,2,4,0.5916666666666667,0.225,5,"South Coast, Peru",09/16/2010,Ica,Ica & Paracas
KH0433,1,1,1,1,1,1,1,1,1,397,127,55,9,167,33,0,44,0.7964071856287425,0.0658682634730539,10,"Central Coast, Peru",03/07/2013,Huacho,Central Coast
KH0434,1,1,1,0,1,0,0,1,1,152,2,1,6,132,54,0,8,0.5378787878787878,0.25,8,"Central Coast, Peru",09/21/2010,Pachacamac,Central Coast
KH0435,1,1,1,1,0,1,0,1,0,1846,45,38,6,236,20,0,21,0.7330508474576272,0.15254237288135594,11,"Central Coast, Peru",01/31/2013,Pachacamac,Central Coast
KH0436,1,1,1,0,1,1,1,1,0,1741,162,85,7,369,109,3,40,0.8130081300813008,0.1002710027100271,7,"South Coast, Peru",04/12/2013,Nazca (Santa Clara),Nazca & Far South
KH0437,1,1,1,0,1,0,0,0,0,315,107,80,4,126,0,0,28,0.7777777777777778,0.4126984126984127,5,"Central Coast, Peru",03/07/2013,Pachacamac,Central Coast
KH0438,1,0,0,0,0,0,0,0,0,10,0,0,1,86,0,0,14,0.7906976744186046,0.313953488372093,5,"Central Coast, Peru",04/10/2013,Pachacamac,Central Coast
KH0439,1,1,0,0,1,0,0,0,0,12,3,0,3,137,22,5,18,0.7737226277372263,0.3357664233576642,8,"Central Coast, Peru",04/10/2013,Pachacamac,Central Coast
KH0440,1,1,1,0,0,0,0,1,1,288,1,3,5,113,34,2,9,0.6814159292035398,0.34513274336283184,6,"Central Coast, Peru",04/12/2013,Pachacamac,Central Coast
KH0441,1,1,1,1,0,0,0,0,0,244,7,3,4,167,49,5,12,0.9281437125748503,0.0,11,Unknown,05/16/2013,Pachacamac,Central Coast
KH0442,1,1,1,1,1,0,0,0,1,17,3,3,6,79,47,2,16,0.810126582278481,0.24050632911392406,11,Unknown,04/12/2013,Ica,Ica & Paracas
KH0443,1,1,0,1,0,0,1,0,1,5,2,0,5,50,28,1,9,0.92,0.1,10,Unknown,04/12/2013,Ica,Ica & Paracas
KH0444,0,0,0,0,0,0,0,0,0,0,0,0,0,12,4,0,1,0.9166666666666666,0.08333333333333333,4,Unknown,04/12/2013,Ica,Ica & Paracas
KH0445,1,1,0,1,0,0,1,0,0,93,3,0,4,164,46,1,11,0.725609756097561,0.3597560975609756,16,Unknown,05/15/2013,Pacasmayo,North Peru Coast
KH0446,1,1,1,1,1,0,0,1,1,1079,28,39,7,190,42,0,32,0.631578947368421,0.6578947368421053,11,"Central Coast, Peru",05/15/2013,Pachacamac,Central Coast
KH0447,1,1,0,0,0,1,0,1,0,184,8,0,4,94,23,0,10,0.5957446808510638,0.14893617021276595,10,"South Coast, Peru",05/15/2013,Pisco,Cañete–Pisco
KH0448,1,0,0,0,1,0,0,0,0,12,0,0,2,79,8,0,8,0.4050632911392405,0.06329113924050633,5,"South Coast, Peru",05/14/2013,Ica / Pisco,Ica & Paracas
KH0449,1,1,0,0,0,0,0,0,0,160,4,0,2,95,0,0,19,0.8736842105263158,0.10526315789473684,9,"South Coast, Peru",06/03/2013,Ica / Pisco,Ica & Paracas
KH0450,1,1,1,0,0,0,0,0,0,693,33,60,3,196,1,0,16,0.826530612244898,0.07653061224489796,4,"Central Coast, Peru",05/13/2013,Pachacamac,Central Coast
KH0451,1,0,1,1,0,0,0,0,0,123,0,7,3,164,47,15,9,0.8292682926829268,0.23170731707317074,16,"Central Coast, Peru",05/13/2013,Pachacamac,Central Coast
KH0452,1,0,1,0,0,0,0,0,0,4,0,2,2,17,0,0,6,0.8823529411764706,0.058823529411764705,5,"Central Coast, Peru",05/13/2013,Pachacamac,Central Coast
KH0453,1,0,0,1,0,0,0,1,0,407,0,0,3,268,114,17,3,0.8507462686567164,0.30223880597014924,19,Unknown,05/13/2013,Chancay,Central Coast
KH0454,0,0,0,0,0,0,0,0,0,0,0,0,0,169,104,33,2,0.3609467455621302,0.08284023668639054,10,"Central Coast, Peru",05/03/2013,Pachacamac,Central Coast
KH0455,1,0,1,1,0,0,0,0,0,69,0,2,3,119,30,2,5,0.6638655462184874,0.12605042016806722,9,"South Coast, Peru",05/13/2013,Ocucaje,Ica & Paracas
KH0456,1,0,1,0,0,0,0,0,0,50,0,2,2,62,0,0,5,1.0,0.0,4,"Central Coast, Peru",05/03/2013,Pachacamac,Central Coast
KH0457,1,0,0,0,0,0,0,0,0,211,0,0,1,65,0,0,4,0.8923076923076924,0.07692307692307693,24,"South Coast, Peru",05/03/2013,Ica,Ica & Paracas
KH0458,1,0,0,0,0,0,0,0,0,1,0,0,1,9,0,0,2,0.8888888888888888,0.0,4,"South Coast, Peru",05/03/2013,Ica,Ica & Paracas
KH0459,1,0,0,0,0,0,0,0,0,8,0,0,1,10,0,0,2,0.8,0.2,4,"South Coast, Peru",05/03/2012,Ica,Ica & Paracas
KH0460,1,1,1,0,0,0,0,1,0,43,1,6,4,58,14,0,10,0.8448275862068966,0.43103448275862066,5,"South Coast, Peru",05/03/2013,Ica,Ica & Paracas
KH0461,1,1,1,0,1,0,0,0,0,105,7,2,4,80,0,0,9,0.8875,0.3875,3,"South Coast, Peru",05/03/2013,Ica,Ica & Paracas
KH0462,1,0,0,0,0,0,0,0,0,11,0,0,1,23,0,0,2,0.8695652173913043,0.21739130434782608,8,Unknown,05/03/2013,Unknown,
KH0463,1,1,1,1,0,0,0,0,1,9,1,1,5,47,11,0,13,0.9148936170212766,0.06382978723404255,6,"Central Coast, Peru",05/03/2013,Pachacamac,Central Coast
KH0464,1,0,1,0,0,0,0,0,0,49,0,7,2,24,0,0,13,0.7083333333333334,0.041666666666666664,3,"South Coast, Peru",05/03/2013,Pisco,Cañete–Pisco
KH0465,1,0,1,0,1,0,0,0,0,568,0,23,3,75,0,0,39,0.5866666666666667,0.22666666666666666,5,"South Coast, Peru",05/03/2013,Pisco,Cañete–Pisco
KH0466,1,1,1,0,0,0,0,0,0,444,29,7,3,194,5,0,18,0.5154639175257731,0.4175257731958763,15,"South Coast, Peru",05/03/2013,Ica,Ica & Paracas
KH0467,1,0,1,0,0,1,0,0,0,39,0,1,3,59,21,2,7,0.847457627118644,0.15254237288135594,7,"Central Coast, Peru",05/01/2013,Pachacamac,Central Coast
KH0468,1,1,1,1,1,0,0,0,1,3021,257,12,6,955,90,0,81,0.23769633507853402,0.17172774869109947,16,"South Coast, Peru",05/01/2013,Ica / Pisco,Ica & Paracas
KH0469,1,1,1,0,1,0,0,0,1,293,14,27,5,134,9,0,21,0.5671641791044776,0.23134328358208955,9,"North-Central Coast, Peru",05/01/2013,Huacho,Central Coast
KH0470,1,1,1,0,0,0,0,0,0,208,14,20,3,144,18,0,24,0.6527777777777778,0.13194444444444445,16,"North-Central Coast, Peru",05/01/2013,Huacho,Central Coast
KH0471,1,0,0,0,0,0,0,0,1,7,0,0,2,98,0,0,14,0.7346938775510204,0.3673469387755102,3,Unknown,04/24/2013,Unknown,
KH0472,1,1,1,1,0,1,1,1,1,531,57,37,8,194,59,5,18,0.8247422680412371,0.24742268041237114,14,Unknown,04/24/2013,Unknown,
KH0473,1,0,0,0,0,0,0,0,1,16,0,0,2,30,0,0,13,0.8666666666666667,0.13333333333333333,7,Unknown,04/22/2013,Unknown,
KH0474,1,1,1,0,0,0,0,1,0,29,1,1,4,86,38,10,6,0.813953488372093,0.22093023255813954,12,"South Coast, Peru",04/12/2013,Ica,Ica & Paracas
KH0475,1,0,0,0,0,0,0,0,0,2,0,0,1,52,2,0,4,0.38461538461538464,0.1346153846153846,12,Unknown,04/12/2013,Unknown,
KH0476,1,1,1,1,0,0,0,0,0,44,1,15,4,76,8,1,9,0.8947368421052632,0.40789473684210525,6,Unknown,04/12/2013,Unknown,
KH0477,1,1,1,1,0,0,0,0,1,26,2,1,5,71,19,8,10,0.4788732394366197,0.2676056338028169,5,Unknown,04/24/2013,Unknown,
KH0478,1,1,1,1,1,1,0,0,0,1224,97,67,6,233,27,0,20,0.8669527896995708,0.030042918454935622,9,"South Coast, Peru",04/22/2013,Ica,Ica & Paracas
KH0479,1,1,1,0,0,0,0,0,0,15,6,3,3,30,1,0,11,0.8666666666666667,0.13333333333333333,3,"Central Coast, Peru",04/24/2013,Pachacamac,Central Coast
KH0480,1,1,1,0,1,1,0,0,1,100,19,8,6,73,0,0,12,0.9178082191780822,0.0821917808219178,3,"Central Coast, Peru",04/12/2013,Pachacamac,Central Coast
KH0481,1,0,0,0,0,1,0,0,0,1,0,0,2,7,0,0,2,1.0,0.0,3,"Central Coast, Peru",04/22/2013,Pachacamac,Central Coast
KH0482,1,1,0,0,1,0,0,0,0,7,1,0,3,34,0,0,8,1.0,0.20588235294117646,2,"Central Coast, Peru",04/12/2013,Pachacamac,Central Coast
KH0483,0,0,0,0,0,0,0,0,1,0,0,0,1,15,0,0,4,1.0,0.06666666666666667,1,"Central Coast, Peru",04/12/2013,Pachacamac,Central Coast
KH0484,1,0,0,0,0,0,0,0,1,1,0,0,2,24,3,0,6,0.875,0.2916666666666667,7,"Central Coast, Peru",04/12/2013,Pachacamac,Central Coast
KH0485,0,0,0,0,0,0,0,0,0,0,0,0,0,15,1,0,4,0.9333333333333333,0.26666666666666666,7,"Central Coast, Peru",04/12/2013,Pachacamac,Central Coast
KH0486,0,0,0,0,0,0,0,0,0,0,0,0,0,19,0,0,4,0.9473684210526315,0.631578947368421,3,"South Coast, Peru",04/12/2013,Ica,Ica & Paracas
KH0487,1,0,1,0,0,0,0,1,0,2,0,1,3,49,19,0,4,0.46938775510204084,0.7346938775510204,5,Unknown,02/27/2012,Unknown,
KH0488,1,1,1,0,0,0,0,1,0,51,1,1,4,75,12,1,6,0.68,0.21333333333333335,7,Unknown,02/27/2012,Unknown,
KH0489,1,1,1,1,0,0,0,0,0,73,3,3,4,90,19,14,11,0.7888888888888889,0.2111111111111111,11,Unknown,02/27/2012,Pachacamac,Central Coast
KH0490,1,0,1,1,0,0,0,0,0,4,0,2,3,51,29,6,4,0.5490196078431373,0.5294117647058824,2,Unknown,05/16/2013,Pachacamac,Central Coast
KH0491,1,1,1,0,1,1,0,0,1,602,66,22,6,89,0,0,28,0.7303370786516854,0.1348314606741573,3,Unknown,11/06/2015,Incahuasi,Cañete–Pisco
KH0492,1,1,1,1,0,0,0,0,1,35,4,2,5,176,50,8,24,0.8238636363636364,0.19886363636363635,3,Unknown,11/08/2015,Incahuasi,Cañete–Pisco
KH0493,0,0,0,0,0,0,0,0,1,0,0,0,1,14,3,1,3,1.0,0.07142857142857142,2,Unknown,04/24/2014,Incahuasi,Cañete–Pisco
KH0494,1,0,1,1,0,0,0,0,0,19,0,2,3,48,6,1,6,0.9583333333333334,0.16666666666666666,3,Unknown,11/10/2015,Incahuasi,Cañete–Pisco
KH0495,0,0,0,0,0,0,0,0,0,0,0,0,0,15,2,0,1,0.8,0.13333333333333333,2,Unknown,11/10/2015,Incahuasi,Cañete–Pisco
KH0496,1,0,1,1,0,0,0,1,0,5,0,2,4,47,18,5,2,0.9148936170212766,0.0851063829787234,4,Unknown,11/10/2015,Incahuasi,Cañete–Pisco
KH0497,0,0,0,0,0,0,0,0,0,0,0,0,0,15,3,0,2,0.6,0.2,2,Unknown,11/12/2015,Incahuasi,Cañete–Pisco
KH0498,1,0,1,1,0,0,1,0,0,88,0,7,4,490,219,133,9,0.7653061224489796,0.46530612244897956,12,Unknown,11/15/2015,Incahuasi,Cañete–Pisco
KH0499,1,1,1,0,1,1,0,0,1,690,350,131,6,237,1,0,60,0.5147679324894515,0.4430379746835443,6,Unknown,11/15/2015,Incahuasi,Cañete–Pisco
KH0500,1,1,1,0,1,0,0,0,0,831,60,55,4,213,2,0,43,0.6948356807511737,0.4131455399061033,9,Unknown,11/18/2015,Incahuasi,Cañete–Pisco
KH0501,0,1,0,0,0,0,0,0,0,0,2,0,1,25,10,1,5,0.92,0.08,2,Unknown,11/18/2015,Incahuasi,Cañete–Pisco
KH0502,1,1,0,1,0,1,0,0,1,570,44,0,5,174,31,11,36,0.6896551724137931,0.3218390804597701,12,Unknown,11/19/2015,Incahuasi,Cañete–Pisco
KH0503,1,1,1,0,1,0,0,0,1,113,8,8,5,88,6,0,29,0.8636363636363636,0.17045454545454544,3,Unknown,11/21/2015,Incahuasi,Cañete–Pisco
KH0504,1,1,1,1,0,0,0,0,1,39,1,8,5,131,16,12,26,0.8091603053435115,0.29770992366412213,4,Unknown,11/22/2015,Incahuasi,Cañete–Pisco
KH0505,1,1,0,0,0,0,0,0,1,56,234,0,3,169,35,3,33,0.7988165680473372,0.34911242603550297,9,Unknown,11/24/2015,Incahuasi,Cañete–Pisco
KH0506,1,1,1,1,1,0,0,0,1,304,167,11,6,330,36,5,107,0.6606060606060606,0.593939393939394,7,Unknown,11/29/2015,Incahuasi,Cañete–Pisco
KH0507,1,1,1,1,0,0,1,1,1,206,6,20,7,381,183,36,25,0.7795275590551181,0.2152230971128609,8,Unknown,12/07/2015,Incahuasi,Cañete–Pisco
KH0508,0,0,0,0,0,1,0,1,1,0,0,0,3,92,33,27,4,0.9891304347826086,0.010869565217391304,6,Unknown,12/10/2015,Incahuasi,Cañete–Pisco
KH0509,1,1,1,1,1,1,1,1,1,430,48,99,9,362,172,17,26,0.5883977900552486,0.5552486187845304,8,Unknown,12/12/2015,Incahuasi,Cañete–Pisco
KH0510,1,1,0,0,1,0,0,0,1,8,2,0,4,87,4,0,34,0.26436781609195403,0.25287356321839083,6,Unknown,12/15/2015,Incahuasi,Cañete–Pisco
KH0511,1,1,0,0,1,0,0,0,1,23,7,0,4,124,10,0,32,0.2661290322580645,0.3064516129032258,9,Unknown,12/15/2015,Incahuasi,Cañete–Pisco
KH0512,1,1,0,0,0,0,0,0,1,398,2,0,3,94,1,0,31,0.5319148936170213,0.5106382978723404,9,Unknown,12/17/2015,Incahuasi,Cañete–Pisco
KH0513,1,1,0,0,0,0,0,0,1,230,37,0,3,109,8,0,33,0.6513761467889908,0.7706422018348624,12,Unknown,12/18/2015,Incahuasi,Cañete–Pisco
KH0514,1,1,1,0,0,0,0,0,0,21,23,1,3,125,13,0,26,0.912,0.216,7,Unknown,01/20/2016,Incahuasi,Cañete–Pisco
KH0515,0,0,0,0,0,0,0,0,0,0,0,0,0,15,10,0,1,1.0,0.13333333333333333,2,Unknown,01/21/2016,Incahuasi,Cañete–Pisco
KH0516,1,1,1,1,0,0,1,1,0,363,29,18,6,247,85,12,19,0.7044534412955465,0.5222672064777328,6,Unknown,01/23/2016,Incahuasi,Cañete–Pisco
KH0517,1,1,1,1,0,0,0,0,1,152,9,9,5,322,15,9,37,0.906832298136646,0.21428571428571427,5,Unknown,01/27/2016,Incahuasi,Cañete–Pisco
KH0518,0,0,0,0,0,0,0,0,0,0,0,0,0,21,8,1,1,1.0,0.23809523809523808,1,Unknown,01/21/2016,Incahuasi,Cañete–Pisco
KH0519,1,1,0,1,0,0,1,0,0,6,2,0,4,250,105,108,6,0.6,0.576,6,Unknown,01/31/2016,Incahuasi,Cañete–Pisco
KH0520,1,0,0,0,0,0,0,0,1,22,0,0,2,32,0,0,5,0.84375,0.03125,10,Unknown,10/03/2017,Armatambo (Huaca San Pedro),Central Coast
KH0521,1,1,1,0,1,0,0,1,1,1216,17,58,6,198,14,0,16,0.9090909090909091,0.12121212121212122,12,Unknown,10/04/2017,Armatambo (Huaca San Pedro),Central Coast
KH0522,1,0,1,0,0,1,0,0,1,6,0,1,4,22,0,0,6,0.9545454545454546,0.18181818181818182,4,Unknown,10/06/2017,Armatambo / Huaca San Pedro,Central Coast
KH0523,0,0,0,0,0,1,0,0,0,0,0,0,1,14,0,0,1,0.8571428571428571,0.21428571428571427,3,Unknown,10/06/2017,Armatambo / Huaca San Pedro,Central Coast
KH0524,1,0,0,0,0,0,0,0,0,1,0,0,1,6,0,0,1,1.0,0.0,4,Unknown,10/06/2017,Armatambo / Huaca San Pedro,Central Coast
KH0525,1,1,0,0,0,0,0,0,0,12,4,0,2,55,0,0,5,0.6727272727272727,0.18181818181818182,9,Unknown,10/06/2017,Armatambo / Huaca San Pedro,Central Coast
KH0526,1,0,0,0,0,0,0,0,0,2,0,0,1,29,0,0,2,0.6896551724137931,0.13793103448275862,7,Unknown,10/06/2017,Armatambo / Huaca San Pedro,Central Coast
KH0527,1,0,0,0,0,0,0,0,0,7,0,0,1,35,0,0,6,0.7142857142857143,0.11428571428571428,8,Unknown,02/26/2018,Armatambo / Huaca San Pedro,Central Coast
KH0528,0,0,0,0,0,0,0,0,0,0,0,0,0,8,0,0,2,0.75,0.25,4,Unknown,02/26/2018,Armatambo / Huaca San Pedro,Central Coast
KH0529,1,1,1,1,1,1,1,1,0,534,26,44,8,273,101,6,15,0.6263736263736264,0.19047619047619047,9,Unknown,02/26/2018,Armatambo / Huaca San Pedro,Central Coast
KH0530,1,1,0,0,0,0,0,0,0,8,8,0,2,56,3,0,8,0.5714285714285714,0.4642857142857143,12,Unknown,02/26/2018,Armatambo / Huaca San Pedro,Central Coast
KH0531,0,0,0,0,0,0,0,0,0,0,0,0,0,4,0,0,1,1.0,0.0,2,Unknown,02/26/2018,Armatambo / Huaca San Pedro,Central Coast
KH0532,0,0,0,0,0,0,0,0,0,0,0,0,0,5,0,0,1,0.8,0.2,5,Unknown,02/26/2018,Armatambo / Huaca San Pedro,Central Coast
KH0533,0,0,0,0,0,0,0,0,1,0,0,0,1,14,0,0,6,1.0,0.0,1,near Lima,10/03/2007,Pachacamac,Central Coast
KH0534,0,0,0,0,0,0,0,0,0,0,0,0,0,31,1,0,2,0.967741935483871,0.1935483870967742,6,Unknown,10/10/2007,Pachacamac,Central Coast
KH0535,1,0,0,0,1,0,0,0,1,76,0,0,3,96,16,0,14,0.6875,0.3541666666666667,6,Unknown,10/17/2007,Pachacamac,Central Coast
KH0536,1,1,1,1,0,0,1,0,0,1,1,1,5,51,32,6,10,0.7843137254901961,0.43137254901960786,6,Unknown,10/19/2007,Pachacamac,Central Coast
KH0537,1,0,0,1,0,0,0,0,0,7,0,0,2,27,6,0,5,0.8148148148148148,0.25925925925925924,6,Unknown,10/22/2007,Pachacamac,Central Coast
KH0538,0,0,0,0,0,0,0,0,1,0,0,0,1,13,5,0,2,0.7692307692307693,0.3076923076923077,6,Unknown,10/22/2007,Pachacamac,Central Coast
KH0539,0,0,0,0,0,0,0,0,0,0,0,0,0,27,3,0,6,0.6296296296296297,0.6296296296296297,6,Unknown,10/22/2007,Pachacamac,Central Coast
KH0540,0,0,0,1,0,0,0,0,0,0,0,0,1,18,5,1,1,0.8888888888888888,0.6666666666666666,7,Unknown,10/24/2007,Pachacamac,Central Coast
KH0541,0,0,0,0,0,0,0,0,0,0,0,0,0,20,11,0,1,0.9,0.2,5,Unknown,10/24/2007,Pachacamac,Central Coast
KH0542,0,0,0,0,0,0,0,0,0,0,0,0,0,27,0,0,3,0.9259259259259259,0.18518518518518517,1,Unknown,10/24/2007,Pachacamac,Central Coast
KH0543,1,0,0,1,0,0,0,0,0,1,0,0,2,43,15,0,3,0.813953488372093,0.6744186046511628,11,Unknown,10/26/2007,Pachacamac,Central Coast
KH0544,1,1,1,0,0,0,0,0,0,54,7,4,3,57,6,0,9,0.543859649122807,0.49122807017543857,5,Unknown,10/29/2007,Pachacamac,Central Coast
KH0545,1,0,0,0,0,0,0,0,0,4,0,0,1,15,2,1,2,0.5333333333333333,0.4666666666666667,6,Unknown,10/29/2007,Pachacamac,Central Coast
KH0546,1,1,0,0,0,0,0,0,0,31,5,0,2,63,5,0,15,0.6984126984126984,0.25396825396825395,6,Unknown,10/29/2007,Pachacamac,Central Coast
KH0547,0,0,0,0,0,0,0,0,0,0,0,0,0,9,0,0,3,0.3333333333333333,0.7777777777777778,2,Unknown,10/29/2007,Cieneguilla (Lurin Valley),Central Coast
KH0548,0,0,0,0,0,0,0,0,0,0,0,0,0,12,8,0,1,0.75,0.3333333333333333,3,Unknown,10/29/2007,Cieneguilla (Lurin Valley),Central Coast
KH0549,1,1,1,1,0,0,0,0,0,60,14,8,4,136,36,0,19,0.7867647058823529,0.27205882352941174,12,Unknown,10/31/2007,Pachacamac,Central Coast
KH0550,1,1,1,0,0,0,0,0,0,15,2,12,3,35,7,0,9,0.6857142857142857,0.37142857142857144,2,Unknown,11/05/2007,Pachacamac,Central Coast
KH0551,0,0,0,0,0,0,0,0,1,0,0,0,1,22,0,0,4,0.45454545454545453,0.13636363636363635,2,Unknown,11/05/2007,Pachacamac,Central Coast
KH0552,1,1,0,0,0,1,0,0,0,7,1,0,3,29,3,0,5,0.8275862068965517,0.4827586206896552,5,Unknown,11/05/2007,Pachacamac,Central Coast
KH0553,0,0,0,0,0,0,0,0,0,0,0,0,0,9,1,0,1,1.0,0.0,1,Unknown,11/05/2007,Pachacamac,Central Coast
KH0554,1,0,0,0,1,0,0,0,0,5,0,0,2,18,0,0,2,1.0,0.0,3,Unknown,11/07/2007,Pachacamac,Central Coast
KH0555,1,0,0,1,0,0,0,0,0,5,0,0,2,31,11,0,4,0.7419354838709677,0.12903225806451613,5,Unknown,11/07/2007,Pachacamac,Central Coast
KH0556,0,0,0,0,0,0,0,0,0,0,0,0,0,7,3,0,2,0.8571428571428571,0.14285714285714285,7,Unknown,11/09/2007,Pachacamac (Casa de los Quipus),Central Coast
KH0557,0,0,0,0,0,0,0,0,0,0,0,0,0,55,0,0,12,0.0,0.05454545454545454,8,Unknown,11/14/2007,Pachacamac,Central Coast
KH0558,0,0,0,0,0,0,0,0,0,0,0,0,0,17,0,0,4,0.0,0.23529411764705882,7,Unknown,11/14/2007,Pachacamac,Central Coast
KH0559,1,1,0,1,0,0,0,0,0,3,1,0,3,77,24,0,6,0.8571428571428571,0.38961038961038963,10,Unknown,11/14/2007,Pachacamac,Central Coast
KH0560,0,0,0,0,0,0,0,0,0,0,0,0,0,10,0,0,1,0.0,0.1,3,Unknown,11/17/2007,Pachacamac,Central Coast
KH0561,1,0,0,0,0,0,0,0,0,10,0,0,1,67,3,1,13,0.6716417910447762,0.23880597014925373,9,Unknown,11/17/2007,Pachacamac (Casa del Quipu),Central Coast
KH0562,1,1,0,0,1,0,0,0,0,13,1,0,3,110,3,0,12,0.9363636363636364,0.2727272727272727,6,Unknown,11/18/2007,Pachacamac (Casa del Quipu),Central Coast
KH0563,0,0,0,0,0,0,0,0,0,0,0,0,0,48,5,0,6,0.875,0.125,8,Unknown,11/19/2007,Pachacamac,Central Coast
KH0564,1,0,1,0,0,0,0,0,1,2,0,2,3,15,0,0,4,0.6666666666666666,0.0,1,Unknown,11/19/2007,Pachacamac,Central Coast
KH0565,1,1,1,0,0,0,0,0,0,17,2,2,3,29,4,0,4,0.9655172413793104,0.10344827586206896,4,Unknown,11/14/2011,Ocucaje / Ullujaya (Ica),Ica & Paracas
KH0566,1,0,0,0,0,0,0,0,1,12,0,0,2,86,0,0,7,0.7325581395348837,0.03488372093023256,8,Unknown,01/30/2012,Ocucaje / Ullujaya (Ica),Ica & Paracas
KH0567,1,0,0,0,0,0,0,0,0,4,0,0,1,32,6,0,7,1.0,0.09375,11,Unknown,01/04/2012,Huacho (Central Coast),Central Coast
KH0568,0,0,0,0,0,0,1,1,0,0,0,0,2,225,195,0,30,0.23555555555555555,0.5511111111111111,5,Unknown,01/04/2012,Unknown,
KH0569,1,1,1,0,0,0,0,0,0,80,6,2,3,101,1,0,24,0.7722772277227723,0.07920792079207921,6,Unknown,03/02/2012,South Coast,Nazca & Far South
KH0570,1,0,0,0,0,0,0,0,0,5,0,0,1,24,2,0,10,0.875,0.20833333333333334,3,Unknown,01/04/2012,Unknown,
KH0571,0,0,0,0,0,0,0,0,0,0,0,0,0,55,2,0,8,0.09090909090909091,0.2909090909090909,8,Unknown,01/04/2012,Unknown,
KH0572,1,0,0,0,0,0,0,0,1,1,0,0,2,11,0,0,3,0.9090909090909091,0.0,2,Unknown,01/30/2012,Unknown,
KH0573,1,1,0,1,0,0,0,1,0,1,6,0,4,39,21,3,8,0.8717948717948718,0.1794871794871795,4,Unknown,01/30/2012,Unknown,
KH0574,1,1,0,1,0,0,0,1,0,27,2,0,4,80,27,5,10,0.475,0.6625,6,Unknown,01/30/2012,"Quillagua, Valle de Loa",Arica & N. Chile
KH0575,1,1,1,1,0,0,0,0,0,25,16,3,4,66,10,2,10,0.5454545454545454,0.7272727272727273,5,Unknown,02/03/2012,Unknown,
KH0576,1,1,0,0,1,0,0,0,1,37,24,0,4,86,21,4,30,0.47674418604651164,0.872093023255814,4,Unknown,02/03/2012,Unknown,
KH0577,1,1,0,0,0,0,0,0,0,3,3,0,2,34,2,0,9,0.5,0.4117647058823529,3,Unknown,02/10/2012,"Armatambo, Lima",Central Coast
KH0578,0,0,0,0,0,0,0,0,0,0,0,0,0,9,0,0,2,0.1111111111111111,0.5555555555555556,2,Unknown,01/30/2012,Unknown,
KH0579,0,0,0,0,0,0,0,0,0,0,0,0,0,7,0,0,1,0.14285714285714285,1.0,1,Unknown,02/10/2012,Unknown,
KH0580,1,1,1,0,1,0,0,0,0,4,4,2,4,29,9,0,20,0.7931034482758621,0.5862068965517241,2,Unknown,03/05/2012,Cerro Solar (foothills),Central Coast
KH0581,1,0,1,0,0,0,0,0,1,34,0,5,3,32,0,0,10,0.84375,0.0,4,Unknown,02/10/2012,Unknown,
KH0582,1,1,1,0,0,0,0,0,1,16,2,2,4,34,0,0,12,1.0,0.23529411764705882,3,Unknown,02/10/2012,Unknown,
KH0583,1,0,1,0,1,0,0,1,0,100,0,34,4,46,7,0,30,0.8913043478260869,0.6739130434782609,3,Unknown,02/10/2012,Unknown,
KH0584,1,0,0,0,0,0,0,0,0,39,0,0,1,54,4,0,8,0.5370370370370371,0.8518518518518519,7,Unknown,02/13/2012,Unknown,
KH0585,1,0,0,1,0,0,0,0,0,3,0,0,2,34,13,2,4,0.6470588235294118,0.5588235294117647,2,Unknown,02/13/2012,Unknown,
KH0586,1,1,1,0,1,0,0,0,0,534,87,18,4,189,0,0,31,0.8571428571428571,0.09523809523809523,6,Unknown,02/25/2012,Unknown,
KH0587,1,1,1,0,1,0,0,0,0,958,40,58,4,180,17,1,18,0.9444444444444444,0.08333333333333333,5,Unknown,02/17/2012,Unknown,
KH0588,1,0,0,0,0,1,0,1,0,16,0,0,3,41,9,0,2,0.7317073170731707,0.8048780487804879,3,Unknown,02/17/2012,Unknown,
KH0589,0,0,0,0,0,0,0,0,0,0,0,0,0,33,0,0,12,0.0,0.030303030303030304,6,"Inka, Late Horizon",03/02/2008,Unknown,
KH0590,1,1,1,0,1,0,0,0,1,209,52,25,5,91,6,0,10,0.6373626373626373,0.01098901098901099,7,"Inka, Late Horizon",03/02/2008,Unknown,
KH0591,1,0,0,0,0,0,0,0,1,2,0,0,2,45,0,0,6,0.6444444444444445,0.17777777777777778,3,"Inka, Late Horizon",03/02/2008,Unknown,
KH0592,1,0,0,1,0,0,0,1,0,7,0,0,3,65,10,0,3,0.7846153846153846,0.3076923076923077,6,"Inka, Late Horizon",03/07/2008,Unknown,
KH0593,1,0,0,0,0,0,0,0,0,5,0,0,1,82,25,0,2,0.9634146341463414,0.036585365853658534,6,"Inka, Late Horizon",03/07/2008,Unknown,
KH0594,0,0,0,0,0,0,0,0,0,0,0,0,0,41,23,0,5,0.21951219512195122,0.7317073170731707,7,"Inka, Late Horizon",03/07/2008,Unknown,
KH0595,1,1,1,1,1,0,1,1,1,198,33,94,8,157,64,2,23,0.7961783439490446,0.28662420382165604,5,"Inka, Late Horizon",03/07/2008,Unknown,
KH0596,1,0,0,0,0,0,0,0,0,4,0,0,1,62,37,4,2,0.532258064516129,0.0967741935483871,12,"Inka, Late Horizon",03/07/2008,Unknown,
KH0597,1,1,1,1,1,0,0,1,0,854,10,49,6,207,41,0,11,0.9130434782608695,0.04830917874396135,6,"Inka, Late Horizon",03/07/2008,Unknown,
KH0598,1,0,0,0,0,0,0,0,0,16,0,0,1,50,4,0,3,0.68,0.46,6,"Inka, Late Horizon",03/07/2008,Unknown,
KH0599,1,1,1,1,0,1,1,0,1,117,15,1,7,150,24,6,24,0.9266666666666666,0.22,15,"Inka, Late Horizon",03/07/2008,Unknown,
KH0600,1,0,1,1,0,0,0,1,0,434,0,9,4,282,119,3,10,0.7553191489361702,0.2624113475177305,8,"Inka, Late Horizon",03/02/2008,Unknown,
KH0601,1,1,1,1,1,0,0,0,1,978,134,25,6,367,25,0,34,0.4141689373297003,0.444141689373297,10,"Inka, Late Horizon",03/02/2008,Unknown,
KH0602,1,1,1,1,0,0,1,0,0,405,26,67,5,249,56,0,32,0.6305220883534136,0.5461847389558233,7,"Inka, Late Horizon",03/07/2008,Unknown,
KH0603,1,1,1,1,0,0,0,1,1,140,15,9,6,153,47,5,22,0.8235294117647058,0.30718954248366015,10,"Inka, Late Horizon",03/07/2008,Unknown,
KH0604,1,1,1,0,0,0,0,1,0,53,8,4,4,90,31,0,17,0.6777777777777778,0.4888888888888889,7,"Inka, Late Horizon",03/07/2008,Unknown,
KH0604A,1,1,0,0,0,0,0,0,0,25,2,0,2,43,15,0,6,0.813953488372093,0.3023255813953488,6,"Inka, Late Horizon",03/07/2008,Unknown,
KH0604B,1,1,1,0,0,0,0,0,0,15,2,2,3,47,16,0,8,0.6382978723404256,0.6595744680851063,5,"Inka, Late Horizon",03/07/2008,Unknown,
KH0605,1,0,0,0,0,0,0,0,1,5,0,0,2,52,8,0,10,0.40384615384615385,0.19230769230769232,8,"Inka, Late Horizon",03/07/2008,Unknown,
KH0605A,0,0,0,0,0,0,0,0,0,0,0,0,0,24,6,0,3,0.20833333333333334,0.16666666666666666,6,"Inka, Late Horizon",03/07/2008,Unknown,
KH0605B,0,0,0,0,0,0,0,0,0,0,0,0,0,15,2,0,6,0.0,0.2,6,"Inka, Late Horizon",03/07/2008,Unknown,
KH0605C,0,0,0,0,0,0,0,0,1,0,0,0,1,15,0,0,4,0.9333333333333333,0.13333333333333333,4,"Inka, Late Horizon",03/07/2008,Unknown,
KH0606,1,0,0,0,0,0,0,0,1,13,0,0,2,39,14,0,8,0.7435897435897436,0.2564102564102564,5,"Inka, Late Horizon",03/07/2008,Unknown,
KH0606A,1,0,0,0,0,0,0,0,1,3,0,0,2,25,7,0,6,0.64,0.32,6,"Inka, Late Horizon",03/07/2008,Unknown,
KH0606B,0,0,0,0,0,0,0,0,0,0,0,0,0,11,7,0,4,0.8181818181818182,0.18181818181818182,4,"Inka, Late Horizon",03/07/2008,Unknown,
KH0606C,1,0,0,0,0,0,0,0,1,5,0,0,2,8,0,0,3,0.625,0.0,2,"Inka, Late Horizon",03/07/2008,Unknown,
KH0607,1,1,1,0,1,1,0,1,1,1220,21,28,7,211,36,0,29,0.95260663507109,0.18009478672985782,11,"Inka, Late Horizon",03/07/2008,Unknown,
KH0607A,1,1,1,0,0,1,0,0,0,76,2,3,4,80,0,0,11,0.925,0.3375,7,"Inka, Late Horizon",03/07/2008,Unknown,
KH0607B,1,1,0,0,0,0,0,1,0,47,1,0,3,43,9,0,8,0.9302325581395349,0.0,5,"Inka, Late Horizon",03/07/2008,Unknown,
KH0607C,1,0,1,0,0,0,0,1,0,71,0,1,3,73,26,0,6,0.9041095890410958,0.0821917808219178,9,"Inka, Late Horizon",03/07/2008,Unknown,
KH0607D,1,0,1,0,0,0,0,0,0,10,0,1,2,23,1,0,4,0.9130434782608695,0.21739130434782608,3,"Inka, Late Horizon",03/07/2008,Unknown,
KH0608,1,0,1,0,1,0,0,0,1,16,0,4,4,36,0,0,8,1.0,0.05555555555555555,7,Unknown,01/03/2017,Incahuasi,Cañete–Pisco
KH0609,0,0,0,0,0,1,0,0,0,0,0,0,1,4,0,0,1,1.0,0.0,4,Unknown,01/04/2017,Incahuasi,Cañete–Pisco
KH0610,0,0,0,0,0,0,0,0,1,0,0,0,1,8,0,0,2,1.0,0.0,2,Unknown,01/04/2017,Incahuasi,Cañete–Pisco
KH0611,0,0,0,0,0,0,0,1,0,0,0,0,1,32,11,3,2,0.84375,0.3125,9,Unknown,01/03/2017,Incahuasi,Cañete–Pisco
KH0612,1,1,1,1,0,0,0,1,0,328,3,11,5,193,43,1,6,0.7202072538860104,0.2849740932642487,14,Unknown,01/04/2017,Incahuasi,Cañete–Pisco
KH0613,0,0,0,0,0,0,0,0,0,0,0,0,0,13,1,0,2,0.9230769230769231,0.0,2,Unknown,01/04/2017,Incahuasi,Cañete–Pisco
KH0614,0,0,0,0,0,0,0,0,0,0,0,0,0,6,3,0,1,0.8333333333333334,0.5,5,Unknown,01/04/2017,Incahuasi,Cañete–Pisco
KH0615,0,0,0,0,0,0,0,0,0,0,0,0,0,6,0,0,1,1.0,0.0,3,Unknown,01/04/2017,Incahuasi,Cañete–Pisco
KH0616,1,1,1,1,0,1,0,0,1,134,12,2,6,95,15,4,8,0.9368421052631579,0.09473684210526316,13,Unknown,01/05/2017,Incahuasi,Cañete–Pisco
KH0617,1,1,1,1,1,0,1,1,0,532,10,135,7,374,165,49,18,0.5133689839572193,0.7727272727272727,8,Unknown,01/07/2017,Incahuasi,Cañete–Pisco
KH0618,1,0,1,1,0,1,0,1,0,108,0,5,5,126,33,6,6,0.7301587301587301,0.7380952380952381,19,Unknown,01/07/2017,Incahuasi,Cañete–Pisco
KH0619,0,0,0,0,0,1,0,0,1,0,0,0,2,30,0,0,3,0.7333333333333333,0.5,3,Unknown,01/07/2017,Incahuasi,Cañete–Pisco
KH0620,1,1,0,1,0,0,0,1,0,95,1,0,4,78,16,3,7,0.7307692307692307,0.7435897435897436,8,Unknown,01/07/2017,Incahuasi,Cañete–Pisco
KH0621,0,0,0,0,0,0,0,0,0,0,0,0,0,60,50,0,1,1.0,0.0,7,Unknown,01/08/2017,Incahuasi,Cañete–Pisco
KH0622,0,0,0,0,0,1,0,0,1,0,0,0,2,10,0,0,2,0.7,0.4,1,Unknown,01/08/2017,Incahuasi,Cañete–Pisco
KH0623,0,0,0,0,0,0,0,0,0,0,0,0,0,9,0,0,1,0.8888888888888888,0.0,1,Unknown,01/08/2017,Incahuasi,Cañete–Pisco
KH0624,0,0,0,0,0,0,0,0,1,0,0,0,1,5,0,0,1,1.0,0.0,1,Unknown,01/08/2017,Incahuasi,Cañete–Pisco
KH0625,0,0,0,0,0,0,0,0,0,0,0,0,0,13,3,0,3,0.3076923076923077,0.8461538461538461,6,Unknown,01/08/2017,Incahuasi,Cañete–Pisco
KH0626,0,0,0,0,0,0,0,0,1,0,0,0,1,6,3,0,1,1.0,0.16666666666666666,2,Unknown,01/08/2017,Incahuasi,Cañete–Pisco
KH0627,0,0,0,0,0,0,0,0,0,0,0,0,0,4,1,0,1,1.0,1.0,2,Unknown,01/08/2017,Incahuasi,Cañete–Pisco
KH0628,0,0,0,0,0,0,1,0,0,0,0,0,1,11,7,0,4,0.6363636363636364,0.8181818181818182,5,Unknown,01/08/2017,Incahuasi,Cañete–Pisco
KH0629,0,0,0,0,0,0,0,0,0,0,0,0,0,24,8,4,2,0.625,0.125,4,Unknown,01/08/2017,Incahuasi,Cañete–Pisco
KH0630,1,0,0,1,0,0,0,1,0,20,0,0,3,74,28,13,2,0.5135135135135135,0.8243243243243243,9,Unknown,01/08/2017,Incahuasi,Cañete–Pisco
KH0631,0,0,0,0,0,0,0,0,1,0,0,0,1,22,0,0,4,0.5909090909090909,0.0,4,Unknown,06/01/2023,Unknown,
KH0632,0,0,0,0,0,0,0,0,0,0,0,0,0,14,0,0,4,1.0,0.0,6,Unknown,06/01/2023,Unknown,
KH0633,1,0,1,1,0,0,0,1,1,16,0,1,5,67,26,6,4,0.835820895522388,0.11940298507462686,7,Unknown,12/20/2021,Unknown,
KH0634,1,0,0,1,0,0,0,0,0,7,0,0,2,42,18,1,3,0.9047619047619048,0.23809523809523808,7,Unknown,12/20/2021,Unknown,
KH0635,1,1,1,1,0,0,1,1,0,83,11,6,6,166,77,9,9,0.5903614457831325,0.45180722891566266,8,Unknown,12/20/2021,Unknown,
KH0653,1,0,0,1,0,0,0,0,1,4,0,0,3,16,8,0,2,0.625,0.5,3,Unknown,01/12/2017,Huacones,Cañete–Pisco
KH0654,0,0,0,0,0,0,0,0,0,0,0,0,0,10,6,0,1,1.0,0.3,2,Unknown,01/12/2017,Huacones,Cañete–Pisco
KH0655,0,0,0,0,0,0,0,0,0,0,0,0,0,2,0,0,1,0.0,0.0,2,Unknown,01/12/2017,Huacones,Cañete–Pisco
KH0656,0,0,0,0,0,0,0,0,0,0,0,0,0,12,0,0,1,1.0,0.16666666666666666,1,Unknown,01/12/2017,Huacones,Cañete–Pisco
KH0657,0,0,0,0,0,0,0,0,0,0,0,0,0,12,4,0,2,1.0,0.16666666666666666,6,Unknown,01/12/2017,Huacones,Cañete–Pisco
KH0658,0,0,0,0,0,0,0,0,1,0,0,0,1,10,4,0,3,0.8,0.0,1,Unknown,01/12/2017,Huacones,Cañete–Pisco
KH0659,0,0,0,0,0,0,0,0,0,0,0,0,0,5,0,0,1,1.0,0.0,2,Unknown,01/12/2017,Huacones,Cañete–Pisco
KH0660,0,0,0,0,0,1,0,0,0,0,0,0,1,11,2,0,2,0.6363636363636364,0.0,3,Unknown,01/12/2017,Huacones,Cañete–Pisco
KH0661,0,0,0,0,0,0,0,0,0,0,0,0,0,8,1,1,2,1.0,0.0,2,Unknown,01/12/2017,Huacones,Cañete–Pisco
KH0662,0,0,0,0,0,0,0,0,0,0,0,0,0,8,0,0,1,0.5,0.5,2,Unknown,01/12/2017,Huacones,Cañete–Pisco
KH0663,0,0,0,0,0,0,0,0,0,0,0,0,0,7,3,0,2,0.8571428571428571,0.14285714285714285,2,Unknown,01/12/2017,Huacones,Cañete–Pisco
KH0664,0,1,0,0,0,0,0,0,0,0,2,0,1,46,0,0,11,0.7391304347826086,0.34782608695652173,6,Unknown,04/18/2022,Unknown,
KH0665,1,1,0,1,0,0,0,0,0,102,20,0,3,354,165,94,38,0.4011299435028249,0.2401129943502825,17,Unknown,12/31/2009,Unknown,
KH0666,1,0,1,0,0,0,0,0,0,13,0,5,2,17,0,0,3,1.0,0.0,1,Unknown,01/01/2001,Unknown,
KH0667,1,1,1,0,1,0,0,1,0,338,55,27,5,189,40,0,21,0.7142857142857143,0.37566137566137564,7,Unknown,01/01/2001,Unknown,
KH0668,1,1,0,0,1,0,0,0,0,1,1,0,3,6,0,0,6,0.8333333333333334,0.5,3,Unknown,01/01/2001,Rimac Valley,Central Coast
KH0669,1,0,1,0,0,0,0,0,1,15,0,1,3,32,1,0,7,0.625,0.03125,11,Unknown,03/01/2024,Unknown,
KH0670,0,1,0,0,0,1,0,0,1,0,136,0,3,228,0,0,48,0.5921052631578947,0.2324561403508772,1,Unknown,03/01/2024,Unknown,
KH0671,0,0,0,0,0,0,0,0,0,0,0,0,0,1,0,0,1,1.0,0.0,1,Unknown,03/01/2024,Unknown,
KH0672,0,0,0,0,0,0,0,0,0,0,0,0,0,40,8,0,5,0.675,0.15,2,unknown,12/06/2018,South Peru,Nazca & Far South
KH0673,1,0,0,0,0,0,0,1,0,56,0,0,2,83,20,0,3,0.6385542168674698,0.6385542168674698,5,unknown,12/06/2018,South Peru,Nazca & Far South
KH0674,1,1,1,1,1,1,1,1,0,5477,180,322,8,623,164,21,41,0.7351524879614767,0.06902086677367576,24,Unknown,08/12/2024,Unknown,
KH0675,1,0,1,1,0,0,0,1,1,189,0,16,5,285,62,20,11,0.7157894736842105,0.08421052631578947,17,Unknown,08/12/2024,Unknown,
KH0676,1,0,0,1,0,0,0,0,0,2,0,0,2,138,48,25,1,0.9927536231884058,0.014492753623188406,5,"Ancon, near Lima, Peru",01/31/2025,Ancon (prob.),Central Coast
KH0677,1,1,1,1,1,1,0,1,1,3377,15,82,8,308,41,3,21,0.685064935064935,0.1396103896103896,10,Huacho,08/31/2018,Huacho (?),Central Coast
KH0678,1,1,1,0,0,0,0,0,0,43,1,1,3,63,7,0,16,0.8095238095238095,0.23809523809523808,10,Unknown,12/06/2018,Gaffron Estate,
KH0679,1,0,0,0,0,0,0,0,0,11,0,0,1,44,3,0,9,0.36363636363636365,0.8181818181818182,7,Unknown,12/06/2018,Gaffron Estate,
KH0680,1,1,1,1,0,0,0,0,1,218,2,15,5,75,2,0,11,0.68,0.8133333333333334,5,Unknown,12/06/2018,Unknown (non-Gaffron),
KH0681,1,0,0,0,0,0,0,0,0,33,0,0,1,54,0,0,3,0.16666666666666666,0.9444444444444444,5,Unknown,12/06/2018,Unknown,
KH0682,1,0,0,1,0,0,0,0,0,7,0,0,2,59,31,3,2,0.7966101694915254,0.0,8,Unknown,02/05/2020,Gaffron Collection,
KH0683,0,0,0,0,1,0,0,0,0,0,0,0,1,16,10,0,6,0.75,0.0,2,Unknown,02/06/2020,Gaffron Collection,
KH0684,0,0,0,0,0,0,0,0,0,0,0,0,0,8,4,0,4,0.5,0.0,2,Unknown,02/06/2020,Gaffron Collection,
KH0685,0,0,0,0,0,0,0,0,0,0,0,0,0,4,0,0,4,1.0,0.0,1,Unknown,02/06/2020,Gaffron Collection,
KH0686,0,0,0,0,0,0,0,0,0,0,0,0,0,4,0,0,4,0.75,0.0,2,Unknown,02/06/2020,Gaffron Collection,
KH0687,0,1,0,0,0,0,0,0,0,0,1,0,1,3,0,0,3,1.0,0.0,1,Unknown,02/06/2020,Gaffron Collection,
KH0688,0,0,0,0,1,0,0,0,0,0,0,0,1,4,0,0,4,0.75,0.0,2,Unknown,02/06/2020,Gaffron Collection,
KH0689,1,0,0,0,0,0,0,0,1,5,0,0,2,41,14,4,3,0.6829268292682927,0.04878048780487805,6,Unknown,02/06/2020,Gaffron Collection,
KH0690,1,1,1,0,1,0,0,0,0,5,5,3,4,23,4,0,19,0.782608695652174,0.0,5,Unknown,02/06/2020,Gaffron Collection,
KH0691,0,0,0,0,0,0,0,0,0,0,0,0,0,18,7,2,9,0.9444444444444444,0.1111111111111111,7,Unknown,02/07/2020,Gaffron Collection,
KH0692,1,1,1,1,1,0,1,1,1,1247,138,161,8,265,69,14,39,0.8226415094339623,0.03773584905660377,13,Unknown,04/29/2022,Unknown,
KH0693,1,1,1,0,0,0,0,0,1,92,15,13,4,89,2,0,20,0.6966292134831461,0.07865168539325842,4,Unknown,05/02/2022,Unknown,
KH0694,1,1,1,1,1,1,0,1,0,460,57,163,7,175,33,0,18,0.6857142857142857,0.08,14,Unknown,05/05/2022,Unknown,
KH0695,1,1,1,1,0,0,1,0,0,211,10,59,5,268,124,1,20,0.753731343283582,0.4701492537313433,5,Unknown,05/15/2023,Unknown,
KH0696,1,0,0,0,0,0,0,0,1,30,0,0,2,39,1,0,5,0.9743589743589743,0.10256410256410256,3,Unknown,03/14/2024,Unknown,
KH0697,1,1,0,0,0,0,0,0,1,7,3,0,3,83,6,0,15,0.9759036144578314,0.12048192771084337,7,Unknown,04/01/2024,Unknown,
KH0698,1,1,1,1,1,0,0,1,1,5108,612,447,7,556,39,0,58,0.8884892086330936,0.20503597122302158,11,Unknown,05/23/2024,Unknown,
KH0699,1,1,1,1,1,1,0,1,1,1086,55,109,8,250,44,0,29,0.804,0.188,7,Unknown,11/24/2024,Near Lima (prob.),Central Coast
KH0700,1,1,1,1,0,0,0,0,1,145,21,15,5,162,36,0,21,0.654320987654321,0.6111111111111112,8,Unknown,01/31/2025,Stanford Collection (prob. 1905),
KH0701,1,1,1,1,0,0,0,1,1,125,17,30,6,136,39,0,16,0.6691176470588235,0.03676470588235294,4,Unknown,08/05/2025,Goodspeed Collection,
KH0702,1,1,0,0,1,1,1,1,0,90,18,0,6,147,26,0,17,0.6870748299319728,0.22448979591836735,8,Unknown,07/11/2025,Unknown,
KT002,0,0,0,1,0,0,0,0,1,0,0,0,2,59,22,0,9,0.7457627118644068,0.15254237288135594,8,Unknown,01/26/2026,Southern Coast,Nazca & Far South
RA001,1,0,0,0,0,1,0,0,0,53,0,0,2,76,0,0,1,0.5789473684210527,0.2894736842105263,3,Unknown,01/24/2026,Ica (Coast),Ica & Paracas
RA002,0,0,0,0,0,0,0,0,0,0,0,0,0,12,0,0,1,0.0,0.0,2,Unknown,01/24/2026,Ica,Ica & Paracas
RA003,0,0,0,0,0,0,0,0,0,0,0,0,0,7,2,0,1,0.2857142857142857,0.0,2,Unknown,01/24/2026,Ica,Ica & Paracas
RA004,0,0,0,0,0,0,0,0,0,0,0,0,0,8,0,0,2,1.0,0.0,1,Unknown,01/24/2026,Ica,Ica & Paracas
RA005,1,0,0,0,1,0,0,0,0,14,0,0,2,22,0,0,2,1.0,0.045454545454545456,2,Unknown,01/24/2026,Ica,Ica & Paracas
RA006,0,0,0,0,0,0,0,1,0,0,0,0,1,47,23,1,4,0.5957446808510638,0.0,3,Unknown,01/24/2026,Ica,Ica & Paracas
RA007,0,0,0,0,0,0,0,0,0,0,0,0,0,7,3,1,3,0.8571428571428571,0.0,4,Unknown,01/24/2026,Ica,Ica & Paracas
RA008,1,0,0,0,0,0,0,0,0,5,0,0,1,20,0,0,3,0.95,0.1,2,Unknown,01/24/2026,Ica,Ica & Paracas
RA009,0,0,0,0,0,0,0,0,0,0,0,0,0,8,2,0,2,1.0,0.0,2,Unknown,01/24/2026,Ica,Ica & Paracas
RA010,0,0,0,0,0,0,0,0,0,0,0,0,0,9,5,1,3,0.5555555555555556,0.1111111111111111,4,Unknown,01/24/2026,Ica,Ica & Paracas
RS001,1,0,0,0,0,0,0,0,0,6,0,0,1,35,11,0,13,0.4857142857142857,0.05714285714285714,7,Unknown,01/24/2026,Huaca San Marco,Central Coast
