khipu_id,cord_id,method,predicted_value,current_value,value_change,current_confidence,predicted_confidence,confidence_gain,parent_value,num_siblings
1000000,3000015,constraint_summation,1.0,,,0.0,0.85,0.85,1.0,0
1000003,3000088,constraint_summation,1.0,,,0.0,0.85,0.85,1.0,0
1000003,3000090,constraint_summation,6.0,,,0.0,0.85,0.85,6.0,0
1000005,3000320,constraint_summation,2.0,,,0.0,0.85,0.85,2.0,0
1000005,3000321,constraint_summation,3.0,,,0.0,0.85,0.85,3.0,0
1000005,3000322,constraint_summation,3.0,,,0.0,0.85,0.85,3.0,0
1000005,3000323,constraint_summation,3.0,,,0.0,0.85,0.85,3.0,0
1000005,3000324,constraint_summation,3.0,,,0.0,0.85,0.85,3.0,0
1000005,3000326,constraint_summation,7.0,,,0.0,0.85,0.85,7.0,0
1000005,3000317,constraint_summation,3.0,,,0.0,0.85,0.85,3.0,0
1000005,3000318,constraint_summation,3.0,,,0.0,0.85,0.85,3.0,0
1000005,3000319,constraint_summation,3.0,,,0.0,0.85,0.85,3.0,0
1000006,3000375,constraint_summation,1.0,,,0.0,0.85,0.85,1.0,0
1000006,3000378,constraint_summation,1.0,,,0.0,0.85,0.85,1.0,0
1000006,3000381,constraint_summation,1.0,,,0.0,0.85,0.85,1.0,0
1000006,3000388,constraint_summation,1.0,,,0.0,0.85,0.85,1.0,0
1000006,3000393,constraint_summation,1.0,,,0.0,0.85,0.85,1.0,0
1000006,3000394,constraint_summation,1.0,,,0.0,0.85,0.85,1.0,0
1000006,3000395,constraint_summation,1.0,,,0.0,0.85,0.85,1.0,0
1000006,3000397,constraint_summation,2.0,,,0.0,0.85,0.85,2.0,0
1000006,3000398,constraint_summation,2.0,,,0.0,0.85,0.85,2.0,0
1000006,3000403,constraint_summation,1.0,,,0.0,0.85,0.85,1.0,0
1000007,3000596,constraint_summation,2.0,,,0.0,0.95,0.95,17.0,3
1000007,3000600,constraint_summation,11108.0,,,0.0,0.95,0.95,11123.0,1
1000007,3000604,constraint_summation,108.0,,,0.0,0.95,0.95,116.0,3
1000007,3000607,constraint_summation,2.0,,,0.0,0.85,0.85,2.0,0
1000007,3000610,constraint_summation,5.0,,,0.0,0.95,0.95,14.0,2
1000007,3000696,constraint_summation,5.0,,,0.0,0.85,0.85,5.0,0
1000007,3000699,constraint_summation,112.0,,,0.0,0.95,0.95,112.0,0
1000007,3000628,constraint_summation,11111112.0,,,0.0,0.95,0.95,11111112.0,0
1000007,3000641,constraint_summation,111.0,,,0.0,0.95,0.95,116.0,1
1000007,3000647,constraint_summation,1114.0,,,0.0,0.95,0.95,1116.0,1
1000007,3000683,constraint_summation,11093.0,,,0.0,0.95,0.95,11111.0,2
1000009,3000864,constraint_summation,7.0,,,0.0,0.85,0.85,7.0,0
1000009,3000884,constraint_summation,4.0,,,0.0,0.85,0.85,7.0,1
1000009,3000886,constraint_summation,3.0,,,0.0,0.85,0.85,3.0,0
1000009,3000887,constraint_summation,14.0,,,0.0,0.95,0.95,14.0,0
1000009,3000888,constraint_summation,3.0,,,0.0,0.85,0.85,3.0,0
1000009,3000889,constraint_summation,4.0,,,0.0,0.85,0.85,4.0,0
1000009,3000890,constraint_summation,1.0,,,0.0,0.85,0.85,1.0,0
1000009,3000915,constraint_summation,3.0,,,0.0,0.85,0.85,3.0,0
1000009,3000918,constraint_summation,1.0,,,0.0,0.85,0.85,1.0,0
1000009,3000920,constraint_summation,3.0,,,0.0,0.85,0.85,3.0,0
1000009,3000932,constraint_summation,9.0,,,0.0,0.85,0.85,9.0,0
1000009,3000933,constraint_summation,1.0,,,0.0,0.85,0.85,1.0,0
1000009,3000934,constraint_summation,2.0,,,0.0,0.85,0.85,2.0,0
1000009,3000935,constraint_summation,5.0,,,0.0,0.85,0.85,5.0,0
1000010,3001002,constraint_summation,11111.0,,,0.0,0.95,0.95,11111.0,0
1000010,3001003,constraint_summation,1.0,,,0.0,0.85,0.85,1.0,0
1000010,3001016,constraint_summation,1222223.0,,,0.0,0.95,0.95,1222223.0,0
1000011,3001065,constraint_summation,100000.0,,,0.0,0.95,0.95,111115.0,1
1000012,3001158,constraint_summation,7.0,,,0.0,0.85,0.85,7.0,0
1000012,3001143,constraint_summation,12.0,,,0.0,0.95,0.95,12.0,0
1000012,3001147,constraint_summation,11112.0,,,0.0,0.95,0.95,11112.0,0
1000012,3001148,constraint_summation,1114.0,,,0.0,0.95,0.95,1114.0,0
1000015,3001281,constraint_summation,111.0,,,0.0,0.95,0.95,111.0,0
1000015,3001282,constraint_summation,1111.0,,,0.0,0.95,0.95,1111.0,0
1000017,3001537,constraint_summation,12.0,,,0.0,0.95,0.95,12.0,0
1000017,3001539,constraint_summation,14.0,,,0.0,0.95,0.95,14.0,0
1000018,3001857,constraint_summation,2.0,,,0.0,0.85,0.85,2.0,0
1000018,3001859,constraint_summation,9.0,,,0.0,0.85,0.85,9.0,0
1000018,3001860,constraint_summation,4.0,,,0.0,0.85,0.85,4.0,0
1000018,3001861,constraint_summation,3.0,,,0.0,0.85,0.85,3.0,0
1000018,3001862,constraint_summation,3.0,,,0.0,0.85,0.85,3.0,0
1000018,3001868,constraint_summation,6.0,,,0.0,0.85,0.85,8.0,1
1000018,3001870,constraint_summation,3.0,,,0.0,0.85,0.85,3.0,0
1000018,3001872,constraint_summation,7.0,,,0.0,0.85,0.85,7.0,0
1000018,3001873,constraint_summation,2.0,,,0.0,0.85,0.85,2.0,0
1000018,3001875,constraint_summation,4.0,,,0.0,0.85,0.85,4.0,0
1000018,3001876,constraint_summation,1.0,,,0.0,0.85,0.85,1.0,0
1000018,3001878,constraint_summation,1.0,,,0.0,0.85,0.85,1.0,0
1000018,3001880,constraint_summation,2.0,,,0.0,0.85,0.85,3.0,1
1000018,3001885,constraint_summation,3.0,,,0.0,0.85,0.85,3.0,0
1000018,3001892,constraint_summation,1.0,,,0.0,0.85,0.85,1.0,0
1000018,3001899,constraint_summation,116.0,,,0.0,0.95,0.95,116.0,0
1000018,3001900,constraint_summation,1117.0,,,0.0,0.95,0.95,1117.0,0
1000018,3001906,constraint_summation,5.0,,,0.0,0.85,0.85,5.0,0
1000018,3001917,constraint_summation,1.0,,,0.0,0.85,0.85,2.0,1
1000018,3001931,constraint_summation,5.0,,,0.0,0.85,0.85,5.0,0
1000018,3001938,constraint_summation,2.0,,,0.0,0.85,0.85,2.0,0
1000018,3001939,constraint_summation,5.0,,,0.0,0.85,0.85,5.0,0
1000018,3001952,constraint_summation,7.0,,,0.0,0.85,0.85,7.0,0
1000018,3001980,constraint_summation,1.0,,,0.0,0.85,0.85,1.0,0
1000018,3001775,constraint_summation,7.0,,,0.0,0.85,0.85,7.0,0
1000018,3001778,constraint_summation,7.0,,,0.0,0.85,0.85,7.0,0
1000018,3001780,constraint_summation,7.0,,,0.0,0.85,0.85,7.0,0
1000018,3001785,constraint_summation,1.0,,,0.0,0.85,0.85,3.0,1
1000018,3001786,constraint_summation,3.0,,,0.0,0.85,0.85,3.0,0
1000018,3001787,constraint_summation,0.0,,,0.0,0.85,0.85,1.0,1
1000018,3001795,constraint_summation,11110.0,,,0.0,0.95,0.95,11116.0,2
1000018,3001799,constraint_summation,4.0,,,0.0,0.85,0.85,5.0,1
1000018,3001805,constraint_summation,12.0,,,0.0,0.95,0.95,12.0,0
1000018,3001811,constraint_summation,3.0,,,0.0,0.85,0.85,3.0,0
1000018,3001820,constraint_summation,5.0,,,0.0,0.85,0.85,5.0,0
1000018,3001825,constraint_summation,5.0,,,0.0,0.85,0.85,5.0,0
1000018,3001826,constraint_summation,2.0,,,0.0,0.85,0.85,2.0,0
1000018,3001838,constraint_summation,3.0,,,0.0,0.85,0.85,3.0,0
1000018,3001840,constraint_summation,1.0,,,0.0,0.85,0.85,1.0,0
1000018,3001841,constraint_summation,8.0,,,0.0,0.85,0.85,8.0,0
1000018,3001842,constraint_summation,3.0,,,0.0,0.85,0.85,3.0,0
1000018,3001847,constraint_summation,2.0,,,0.0,0.85,0.85,3.0,1
1000020,3036719,constraint_summation,1.0,,,0.0,0.85,0.85,1.0,0
1000020,3036737,constraint_summation,0.0,,,0.0,0.85,0.85,1.0,1
1000020,3036769,constraint_summation,1.0,,,0.0,0.85,0.85,1.0,0
1000020,3036837,constraint_summation,1.0,,,0.0,0.85,0.85,2.0,2
1000020,3036864,constraint_summation,4.0,,,0.0,0.85,0.85,4.0,0
1000020,3036865,constraint_summation,1.0,,,0.0,0.85,0.85,1.0,0
1000020,3036967,constraint_summation,4.0,,,0.0,0.85,0.85,4.0,0
1000020,3002686,constraint_summation,1.0,,,0.0,0.85,0.85,2.0,1
1000020,3002701,constraint_summation,1.0,,,0.0,0.85,0.85,1.0,0
1000020,3002727,constraint_summation,1.0,,,0.0,0.85,0.85,1.0,0
1000021,3002644,constraint_summation,2.0,,,0.0,0.85,0.85,2.0,0
1000023,3004949,constraint_summation,11109.0,,,0.0,0.95,0.95,11111.0,1
1000023,3004843,constraint_summation,1.0,,,0.0,0.85,0.85,1.0,0
1000023,3004847,constraint_summation,2.0,,,0.0,0.85,0.85,2.0,0
1000024,3004318,constraint_summation,1.0,,,0.0,0.85,0.85,1.0,0
1000024,3004343,constraint_summation,1.0,,,0.0,0.85,0.85,1.0,0
1000024,3004356,constraint_summation,3.0,,,0.0,0.85,0.85,3.0,0
1000024,3004359,constraint_summation,3.0,,,0.0,0.85,0.85,3.0,0
1000024,3004373,constraint_summation,1.0,,,0.0,0.85,0.85,1.0,0
1000024,3004374,constraint_summation,1.0,,,0.0,0.85,0.85,1.0,0
1000024,3004375,constraint_summation,1.0,,,0.0,0.85,0.85,1.0,0
1000025,3004266,constraint_summation,1.0,,,0.0,0.85,0.85,1.0,0
1000026,3004976,constraint_summation,8.0,,,0.0,0.85,0.85,8.0,0
1000027,3004992,constraint_summation,1.0,,,0.0,0.85,0.85,1.0,0
1000027,3004993,constraint_summation,1.0,,,0.0,0.85,0.85,1.0,0
1000027,3004996,constraint_summation,1.0,,,0.0,0.85,0.85,1.0,0
1000027,3022148,constraint_summation,1.0,,,0.0,0.85,0.85,1.0,0
1000028,3005015,constraint_summation,0.0,,,0.0,0.85,0.85,1.0,1
1000028,3005016,constraint_summation,2.0,,,0.0,0.85,0.85,2.0,0
1000028,3005017,constraint_summation,4.0,,,0.0,0.85,0.85,4.0,0
1000028,3005019,constraint_summation,3.0,,,0.0,0.85,0.85,4.0,1
1000029,3005279,constraint_summation,2.0,,,0.0,0.85,0.85,2.0,0
1000029,3005317,constraint_summation,0.0,,,0.0,0.85,0.85,2.0,1
1000029,3005325,constraint_summation,9.0,,,0.0,0.85,0.85,9.0,0
1000029,3005326,constraint_summation,9.0,,,0.0,0.85,0.85,9.0,0
1000030,3005287,constraint_summation,8.0,,,0.0,0.85,0.85,8.0,0
1000032,3005440,constraint_summation,1111226.0,,,0.0,0.95,0.95,1111226.0,0
1000032,3005473,constraint_summation,11222.0,,,0.0,0.95,0.95,11222.0,0
1000032,3005442,constraint_summation,22209997.0,,,0.0,0.95,0.95,22222227.0,2
1000032,3005474,constraint_summation,11122226.0,,,0.0,0.95,0.95,11122226.0,0
1000032,3005417,constraint_summation,11.0,,,0.0,0.95,0.95,23.0,1
1000032,3005392,constraint_summation,12.0,,,0.0,0.95,0.95,13.0,1
1000033,3005532,constraint_summation,1.0,,,0.0,0.85,0.85,1.0,0
1000033,3005533,constraint_summation,2.0,,,0.0,0.85,0.85,2.0,0
1000033,3005535,constraint_summation,4.0,,,0.0,0.85,0.85,4.0,0
1000033,3005536,constraint_summation,12.0,,,0.0,0.95,0.95,12.0,0
1000033,3005539,constraint_summation,1.0,,,0.0,0.85,0.85,1.0,0
1000033,3005542,constraint_summation,2.0,,,0.0,0.85,0.85,2.0,0
1000033,3005543,constraint_summation,1.0,,,0.0,0.85,0.85,1.0,0
1000033,3005544,constraint_summation,2.0,,,0.0,0.85,0.85,2.0,0
1000034,3005614,constraint_summation,9.0,,,0.0,0.85,0.85,9.0,0
1000035,3005667,constraint_summation,6.0,,,0.0,0.85,0.85,6.0,0
1000035,3005668,constraint_summation,1.0,,,0.0,0.85,0.85,1.0,0
1000035,3005670,constraint_summation,1.0,,,0.0,0.85,0.85,1.0,0
1000035,3005671,constraint_summation,1.0,,,0.0,0.85,0.85,1.0,0
1000035,3005672,constraint_summation,2.0,,,0.0,0.85,0.85,2.0,0
1000037,3005737,constraint_summation,115.0,,,0.0,0.95,0.95,117.0,1
1000037,3005734,constraint_summation,3.0,,,0.0,0.85,0.85,4.0,1
1000045,3006392,constraint_summation,4.0,,,0.0,0.85,0.85,4.0,0
1000045,3006397,constraint_summation,3.0,,,0.0,0.85,0.85,3.0,0
1000045,3006428,constraint_summation,15.0,,,0.0,0.95,0.95,16.0,1
1000045,3006429,constraint_summation,1.0,,,0.0,0.85,0.85,1.0,0
1000045,3006437,constraint_summation,3.0,,,0.0,0.85,0.85,3.0,0
1000047,3006522,constraint_summation,22.0,,,0.0,0.95,0.95,22.0,0
1000047,3006523,constraint_summation,124.0,,,0.0,0.95,0.95,124.0,0
1000058,3007316,constraint_summation,4.0,,,0.0,0.85,0.85,4.0,0
1000060,3007363,constraint_summation,1.0,,,0.0,0.85,0.85,1.0,0
1000079,3008424,constraint_summation,1122225.0,,,0.0,0.95,0.95,1122225.0,0
1000079,3008425,constraint_summation,11223.0,,,0.0,0.95,0.95,11223.0,0
1000079,3008426,constraint_summation,11111222.0,,,0.0,0.95,0.95,11111222.0,0
1000079,3008427,constraint_summation,11122227.0,,,0.0,0.95,0.95,11122227.0,0
1000079,3008428,constraint_summation,26.0,,,0.0,0.95,0.95,26.0,0
1000079,3008435,constraint_summation,1.0,,,0.0,0.85,0.85,1.0,0
1000079,3008436,constraint_summation,1.0,,,0.0,0.85,0.85,1.0,0
1000079,3008437,constraint_summation,1.0,,,0.0,0.85,0.85,1.0,0
1000079,3008438,constraint_summation,11.0,,,0.0,0.95,0.95,11.0,0
1000083,3008674,constraint_summation,111100.0,,,0.0,0.95,0.95,111111.0,1
1000083,3008625,constraint_summation,2.0,,,0.0,0.85,0.85,2.0,0
1000083,3008626,constraint_summation,11.0,,,0.0,0.95,0.95,11.0,0
1000083,3008627,constraint_summation,2.0,,,0.0,0.85,0.85,2.0,0
1000083,3008628,constraint_summation,11.0,,,0.0,0.95,0.95,11.0,0
1000083,3008630,constraint_summation,1.0,,,0.0,0.85,0.85,2.0,1
1000083,3008631,constraint_summation,11.0,,,0.0,0.95,0.95,11.0,0
1000083,3008632,constraint_summation,2.0,,,0.0,0.85,0.85,2.0,0
1000089,3009353,constraint_summation,1114.0,,,0.0,0.95,0.95,1114.0,0
1000089,3009354,constraint_summation,118.0,,,0.0,0.95,0.95,118.0,0
1000089,3009357,constraint_summation,8.0,,,0.0,0.85,0.85,8.0,0
1000089,3009365,constraint_summation,1116.0,,,0.0,0.95,0.95,1116.0,0
1000089,3009366,constraint_summation,113.0,,,0.0,0.95,0.95,113.0,0
1000089,3009367,constraint_summation,1113.0,,,0.0,0.95,0.95,1113.0,0
1000089,3009375,constraint_summation,3.0,,,0.0,0.85,0.85,3.0,0
1000089,3009376,constraint_summation,11113.0,,,0.0,0.95,0.95,11113.0,0
1000089,3009377,constraint_summation,11115.0,,,0.0,0.95,0.95,11115.0,0
1000089,3009378,constraint_summation,1112.0,,,0.0,0.95,0.95,1112.0,0
1000089,3009386,constraint_summation,11112.0,,,0.0,0.95,0.95,11112.0,0
1000089,3009387,constraint_summation,11111117.0,,,0.0,0.95,0.95,11111117.0,0
1000089,3009388,constraint_summation,111115.0,,,0.0,0.95,0.95,111115.0,0
1000089,3009389,constraint_summation,1115.0,,,0.0,0.95,0.95,1115.0,0
1000089,3009390,constraint_summation,111111112.0,,,0.0,0.95,0.95,111111112.0,0
1000089,3009391,constraint_summation,11111114.0,,,0.0,0.95,0.95,11111114.0,0
1000089,3009392,constraint_summation,115.0,,,0.0,0.95,0.95,115.0,0
1000089,3009406,constraint_summation,111113.0,,,0.0,0.95,0.95,111113.0,0
1000089,3009407,constraint_summation,17.0,,,0.0,0.95,0.95,17.0,0
1000089,3009408,constraint_summation,114.0,,,0.0,0.95,0.95,114.0,0
1000089,3009415,constraint_summation,1111112.0,,,0.0,0.95,0.95,1111112.0,0
1000089,3009416,constraint_summation,5.0,,,0.0,0.85,0.85,5.0,0
1000089,3009417,constraint_summation,6.0,,,0.0,0.85,0.85,6.0,0
1000089,3009418,constraint_summation,1117.0,,,0.0,0.95,0.95,1117.0,0
1000089,3009425,constraint_summation,1111.0,,,0.0,0.95,0.95,1111.0,0
1000089,3009426,constraint_summation,1115.0,,,0.0,0.95,0.95,1115.0,0
1000089,3009427,constraint_summation,113.0,,,0.0,0.95,0.95,113.0,0
1000089,3009428,constraint_summation,114.0,,,0.0,0.95,0.95,114.0,0
1000089,3009429,constraint_summation,11111.0,,,0.0,0.95,0.95,11111.0,0
1000089,3009430,constraint_summation,111115.0,,,0.0,0.95,0.95,111115.0,0
1000089,3009432,constraint_summation,19.0,,,0.0,0.95,0.95,19.0,0
1000089,3009433,constraint_summation,1117.0,,,0.0,0.95,0.95,1117.0,0
1000089,3009435,constraint_summation,114.0,,,0.0,0.95,0.95,114.0,0
1000089,3009436,constraint_summation,6.0,,,0.0,0.85,0.85,6.0,0
1000089,3009437,constraint_summation,13.0,,,0.0,0.95,0.95,13.0,0
1000089,3009438,constraint_summation,16.0,,,0.0,0.95,0.95,16.0,0
1000089,3009444,constraint_summation,1111116.0,,,0.0,0.95,0.95,1111116.0,0
1000089,3009445,constraint_summation,113.0,,,0.0,0.95,0.95,113.0,0
1000089,3009454,constraint_summation,3.0,,,0.0,0.85,0.85,3.0,0
1000089,3009455,constraint_summation,11111.0,,,0.0,0.95,0.95,11111.0,0
1000089,3009464,constraint_summation,112.0,,,0.0,0.95,0.95,112.0,0
1000089,3009465,constraint_summation,113.0,,,0.0,0.95,0.95,113.0,0
1000089,3009474,constraint_summation,17.0,,,0.0,0.95,0.95,17.0,0
1000089,3009475,constraint_summation,112.0,,,0.0,0.95,0.95,112.0,0
1000089,3009476,constraint_summation,115.0,,,0.0,0.95,0.95,115.0,0
1000089,3009481,constraint_summation,9.0,,,0.0,0.85,0.85,9.0,0
1000089,3009484,constraint_summation,1111115.0,,,0.0,0.95,0.95,1111115.0,0
1000089,3009485,constraint_summation,114.0,,,0.0,0.95,0.95,114.0,0
1000094,3009816,constraint_summation,12.0,,,0.0,0.95,0.95,12.0,0
1000094,3009831,constraint_summation,114.0,,,0.0,0.95,0.95,114.0,0
1000094,3009838,constraint_summation,5.0,,,0.0,0.85,0.85,8.0,1
1000094,3009842,constraint_summation,112.0,,,0.0,0.95,0.95,112.0,0
1000094,3009847,constraint_summation,13.0,,,0.0,0.95,0.95,13.0,0
1000094,3009848,constraint_summation,16.0,,,0.0,0.95,0.95,17.0,1
1000094,3009850,constraint_summation,1112.0,,,0.0,0.95,0.95,1115.0,1
1000094,3009865,constraint_summation,111111.0,,,0.0,0.95,0.95,111111.0,0
1000096,3012127,constraint_summation,114.0,,,0.0,0.95,0.95,117.0,1
1000096,3012140,constraint_summation,111110.0,,,0.0,0.95,0.95,111112.0,1
1000096,3012141,constraint_summation,11112210.0,,,0.0,0.95,0.95,11112225.0,3
1000096,3012219,constraint_summation,11114.0,,,0.0,0.95,0.95,11114.0,0
1000096,3012222,constraint_summation,1111113.0,,,0.0,0.95,0.95,1111114.0,1
1000096,3012228,constraint_summation,12.0,,,0.0,0.95,0.95,13.0,1
1000096,3012235,constraint_summation,3.0,,,0.0,0.85,0.85,3.0,0
1000096,3012264,constraint_summation,113.0,,,0.0,0.95,0.95,113.0,0
1000096,3012266,constraint_summation,1122220.0,,,0.0,0.95,0.95,1122224.0,1
1000096,3012280,constraint_summation,1.0,,,0.0,0.85,0.85,5.0,1
1000096,3012288,constraint_summation,0.0,,,0.0,0.85,0.85,0.0,0
1000096,3012332,constraint_summation,11112.0,,,0.0,0.95,0.95,11112.0,0
1000097,3012362,constraint_summation,112.0,,,0.0,0.95,0.95,112.0,0
1000097,3012365,constraint_summation,11118.0,,,0.0,0.95,0.95,11118.0,0
1000097,3012370,constraint_summation,11111111.0,,,0.0,0.95,0.95,11111112.0,1
1000097,3012373,constraint_summation,111111116.0,,,0.0,0.95,0.95,111111117.0,1
1000097,3012376,constraint_summation,111110999.0,,,0.0,0.95,0.95,111111111.0,1
1000097,3012380,constraint_summation,1.0,,,0.0,0.85,0.85,1.0,0
1000097,3012382,constraint_summation,3.0,,,0.0,0.85,0.85,9.0,1
1000103,3013125,constraint_summation,2.0,,,0.0,0.85,0.85,2.0,0
1000103,3013135,constraint_summation,2.0,,,0.0,0.85,0.85,2.0,0
1000103,3013021,constraint_summation,3.0,,,0.0,0.85,0.85,4.0,1
1000103,3013025,constraint_summation,1.0,,,0.0,0.85,0.85,1.0,0
1000103,3013026,constraint_summation,1.0,,,0.0,0.85,0.85,1.0,0
1000103,3013046,constraint_summation,1.0,,,0.0,0.85,0.85,2.0,1
1000103,3013051,constraint_summation,2.0,,,0.0,0.85,0.85,2.0,0
1000103,3013063,constraint_summation,0.0,,,0.0,0.85,0.85,1.0,1
1000103,3013073,constraint_summation,1.0,,,0.0,0.85,0.85,1.0,0
1000103,3013074,constraint_summation,2.0,,,0.0,0.85,0.85,2.0,0
1000103,3013095,constraint_summation,3.0,,,0.0,0.85,0.85,3.0,0
1000103,3013118,constraint_summation,2.0,,,0.0,0.85,0.85,2.0,0
1000115,3013488,constraint_summation,111111116.0,,,0.0,0.95,0.95,111111116.0,0
1000115,3013489,constraint_summation,111111112.0,,,0.0,0.95,0.95,111111112.0,0
1000115,3013491,constraint_summation,111111111.0,,,0.0,0.95,0.95,111111111.0,0
1000115,3013493,constraint_summation,1111119.0,,,0.0,0.95,0.95,1111119.0,0
1000117,3013531,constraint_summation,3.0,,,0.0,0.85,0.85,3.0,0
1000117,3013532,constraint_summation,8.0,,,0.0,0.85,0.85,8.0,0
1000121,3013834,constraint_summation,4.0,,,0.0,0.85,0.85,4.0,0
1000121,3013837,constraint_summation,6.0,,,0.0,0.85,0.85,6.0,0
1000125,3014020,constraint_summation,11115.0,,,0.0,0.95,0.95,11115.0,0
1000125,3014022,constraint_summation,11100004.0,,,0.0,0.95,0.95,11111116.0,1
1000127,3014178,constraint_summation,216.0,,,0.0,0.95,0.95,222.0,2
1000130,3014248,constraint_summation,3.0,,,0.0,0.85,0.85,3.0,0
1000140,3014810,constraint_summation,1090.0,,,0.0,0.95,0.95,1112.0,4
1000144,3015001,constraint_summation,111.0,,,0.0,0.95,0.95,111.0,0
1000144,3015002,constraint_summation,11222.0,,,0.0,0.95,0.95,11222.0,0
1000146,3015102,constraint_summation,4.0,,,0.0,0.85,0.85,4.0,0
1000147,3015426,constraint_summation,8.0,,,0.0,0.85,0.85,8.0,0
1000147,3015429,constraint_summation,1.0,,,0.0,0.85,0.85,1.0,0
1000147,3015430,constraint_summation,3.0,,,0.0,0.85,0.85,3.0,0
1000147,3015431,constraint_summation,5.0,,,0.0,0.85,0.85,5.0,0
1000147,3015421,constraint_summation,1.0,,,0.0,0.85,0.85,1.0,0
1000147,3015437,constraint_summation,1111111.0,,,0.0,0.95,0.95,1111111.0,0
1000147,3015439,constraint_summation,11111.0,,,0.0,0.95,0.95,11111.0,0
1000147,3015423,constraint_summation,1.0,,,0.0,0.85,0.85,1.0,0
1000147,3015347,constraint_summation,2.0,,,0.0,0.85,0.85,2.0,0
1000147,3015350,constraint_summation,3.0,,,0.0,0.85,0.85,4.0,1
1000147,3015368,constraint_summation,1115.0,,,0.0,0.95,0.95,1115.0,0
1000147,3015370,constraint_summation,3.0,,,0.0,0.85,0.85,3.0,0
1000147,3015390,constraint_summation,6.0,,,0.0,0.85,0.85,6.0,0
1000147,3015393,constraint_summation,5.0,,,0.0,0.85,0.85,5.0,0
1000147,3015395,constraint_summation,4.0,,,0.0,0.85,0.85,4.0,0
1000147,3015397,constraint_summation,2.0,,,0.0,0.85,0.85,2.0,0
1000147,3015401,constraint_summation,2.0,,,0.0,0.85,0.85,2.0,0
1000147,3015403,constraint_summation,2.0,,,0.0,0.85,0.85,2.0,0
1000147,3015405,constraint_summation,6.0,,,0.0,0.85,0.85,6.0,0
1000147,3015408,constraint_summation,6.0,,,0.0,0.85,0.85,6.0,0
1000147,3015409,constraint_summation,3.0,,,0.0,0.85,0.85,3.0,0
1000147,3015411,constraint_summation,3.0,,,0.0,0.85,0.85,3.0,0
1000147,3015412,constraint_summation,1.0,,,0.0,0.85,0.85,1.0,0
1000147,3015417,constraint_summation,2.0,,,0.0,0.85,0.85,2.0,0
1000147,3015419,constraint_summation,7.0,,,0.0,0.85,0.85,7.0,0
1000148,3015714,constraint_summation,111108.0,,,0.0,0.95,0.95,111111.0,1
1000148,3015718,constraint_summation,7.0,,,0.0,0.85,0.85,7.0,0
1000148,3015719,constraint_summation,111113.0,,,0.0,0.95,0.95,111113.0,0
1000148,3015724,constraint_summation,2.0,,,0.0,0.85,0.85,2.0,0
1000148,3015725,constraint_summation,11117.0,,,0.0,0.95,0.95,11117.0,0
1000148,3015726,constraint_summation,11.0,,,0.0,0.95,0.95,11.0,0
1000148,3015739,constraint_summation,2.0,,,0.0,0.85,0.85,2.0,0
1000152,3015848,constraint_summation,110.0,,,0.0,0.95,0.95,111.0,1
1000152,3015844,constraint_summation,111111116.0,,,0.0,0.95,0.95,111111116.0,0
1000156,3016012,constraint_summation,11111115.0,,,0.0,0.95,0.95,11111115.0,0
1000156,3016014,constraint_summation,11115.0,,,0.0,0.95,0.95,11115.0,0
1000158,3016050,constraint_summation,3.0,,,0.0,0.85,0.85,3.0,0
1000158,3016052,constraint_summation,3.0,,,0.0,0.85,0.85,4.0,1
1000159,3016100,constraint_summation,6.0,,,0.0,0.85,0.85,6.0,0
1000159,3016105,constraint_summation,0.0,,,0.0,0.85,0.85,1.0,1
1000159,3016111,constraint_summation,2.0,,,0.0,0.85,0.85,2.0,0
1000159,3016116,constraint_summation,1.0,,,0.0,0.85,0.85,1.0,0
1000162,3016167,constraint_summation,1.0,,,0.0,0.85,0.85,1.0,0
1000162,3016157,constraint_summation,6.0,,,0.0,0.85,0.85,6.0,0
1000162,3016158,constraint_summation,6.0,,,0.0,0.85,0.85,6.0,0
1000162,3016159,constraint_summation,2.0,,,0.0,0.85,0.85,2.0,0
1000164,3016272,constraint_summation,11114.0,,,0.0,0.95,0.95,11114.0,0
1000170,3016448,constraint_summation,1.0,,,0.0,0.85,0.85,1.0,0
1000170,3016450,constraint_summation,1.0,,,0.0,0.85,0.85,1.0,0
1000170,3016451,constraint_summation,0.0,,,0.0,0.85,0.85,2.0,1
1000170,3016453,constraint_summation,2.0,,,0.0,0.85,0.85,2.0,0
1000170,3016454,constraint_summation,0.0,,,0.0,0.85,0.85,2.0,1
1000170,3016456,constraint_summation,2.0,,,0.0,0.85,0.85,2.0,0
1000178,3016647,constraint_summation,7.0,,,0.0,0.85,0.85,7.0,0
1000178,3016636,constraint_summation,4.0,,,0.0,0.85,0.85,4.0,0
1000178,3016637,constraint_summation,6.0,,,0.0,0.85,0.85,6.0,0
1000180,3016762,constraint_summation,3.0,,,0.0,0.85,0.85,3.0,0
1000180,3016763,constraint_summation,1.0,,,0.0,0.85,0.85,1.0,0
1000180,3016767,constraint_summation,2.0,,,0.0,0.85,0.85,2.0,0
1000180,3016768,constraint_summation,3.0,,,0.0,0.85,0.85,3.0,0
1000180,3016772,constraint_summation,111.0,,,0.0,0.95,0.95,111.0,0
1000180,3016773,constraint_summation,5.0,,,0.0,0.85,0.85,5.0,0
1000180,3016777,constraint_summation,6.0,,,0.0,0.85,0.85,6.0,0
1000180,3016781,constraint_summation,14.0,,,0.0,0.95,0.95,14.0,0
1000188,3017225,constraint_summation,2.0,,,0.0,0.85,0.85,2.0,0
1000188,3017226,constraint_summation,2.0,,,0.0,0.85,0.85,2.0,0
1000188,3017227,constraint_summation,1.0,,,0.0,0.85,0.85,1.0,0
1000188,3017230,constraint_summation,6.0,,,0.0,0.85,0.85,6.0,0
1000188,3017232,constraint_summation,3.0,,,0.0,0.85,0.85,3.0,0
1000188,3017236,constraint_summation,1.0,,,0.0,0.85,0.85,1.0,0
1000188,3017238,constraint_summation,1.0,,,0.0,0.85,0.85,1.0,0
1000188,3017240,constraint_summation,1.0,,,0.0,0.85,0.85,1.0,0
1000192,3017344,constraint_summation,3.0,,,0.0,0.85,0.85,3.0,0
1000192,3017340,constraint_summation,7.0,,,0.0,0.85,0.85,9.0,1
1000192,3017334,constraint_summation,7.0,,,0.0,0.95,0.95,12.0,1
1000192,3017336,constraint_summation,6.0,,,0.0,0.85,0.85,8.0,1
1000192,3017342,constraint_summation,8.0,,,0.0,0.85,0.85,8.0,0
1000192,3017343,constraint_summation,8.0,,,0.0,0.85,0.85,8.0,0
1000197,3017416,constraint_summation,3.0,,,0.0,0.85,0.85,3.0,0
1000197,3017417,constraint_summation,1.0,,,0.0,0.85,0.85,1.0,0
1000197,3017418,constraint_summation,2.0,,,0.0,0.85,0.85,2.0,0
1000197,3017419,constraint_summation,6.0,,,0.0,0.85,0.85,6.0,0
1000197,3017421,constraint_summation,5.0,,,0.0,0.85,0.85,5.0,0
1000197,3017422,constraint_summation,1.0,,,0.0,0.85,0.85,1.0,0
1000197,3017423,constraint_summation,3.0,,,0.0,0.85,0.85,3.0,0
1000197,3017424,constraint_summation,3.0,,,0.0,0.85,0.85,3.0,0
1000197,3017425,constraint_summation,1.0,,,0.0,0.85,0.85,1.0,0
1000197,3017429,constraint_summation,4.0,,,0.0,0.85,0.85,4.0,0
1000197,3017433,constraint_summation,4.0,,,0.0,0.85,0.85,4.0,0
1000198,3017630,constraint_summation,2.0,,,0.0,0.85,0.85,2.0,0
1000198,3017635,constraint_summation,2.0,,,0.0,0.85,0.85,2.0,0
1000198,3017636,constraint_summation,2.0,,,0.0,0.85,0.85,2.0,0
1000198,3017643,constraint_summation,4.0,,,0.0,0.85,0.85,4.0,0
1000198,3017653,constraint_summation,2.0,,,0.0,0.85,0.85,2.0,0
1000198,3017674,constraint_summation,1.0,,,0.0,0.85,0.85,1.0,0
1000198,3017675,constraint_summation,3.0,,,0.0,0.85,0.85,3.0,0
1000198,3017676,constraint_summation,3.0,,,0.0,0.85,0.85,3.0,0
1000198,3017555,constraint_summation,12.0,,,0.0,0.95,0.95,14.0,1
1000198,3017691,constraint_summation,1.0,,,0.0,0.85,0.85,1.0,0
1000198,3017575,constraint_summation,0.0,,,0.0,0.85,0.85,2.0,1
1000198,3017591,constraint_summation,4.0,,,0.0,0.85,0.85,4.0,0
1000199,3017719,constraint_summation,0.0,,,0.0,0.85,0.85,3.0,1
1000201,3017909,constraint_summation,4.0,,,0.0,0.85,0.85,4.0,0
1000201,3017910,constraint_summation,1.0,,,0.0,0.85,0.85,1.0,0
1000201,3018051,constraint_summation,122235.0,,,0.0,0.95,0.95,122235.0,0
1000208,3018060,constraint_summation,111115.0,,,0.0,0.95,0.95,111115.0,0
1000209,3018113,constraint_summation,0.0,,,0.0,0.85,0.85,1.0,1
1000214,3018287,constraint_summation,13.0,,,0.0,0.95,0.95,13.0,0
1000214,3018292,constraint_summation,1111.0,,,0.0,0.95,0.95,1113.0,1
1000216,3018401,constraint_summation,3.0,,,0.0,0.85,0.85,3.0,0
1000222,3018376,constraint_summation,3.0,,,0.0,0.85,0.85,4.0,1
1000223,3018426,constraint_summation,1111112.0,,,0.0,0.95,0.95,1111112.0,0
1000223,3018427,constraint_summation,4.0,,,0.0,0.85,0.85,4.0,0
1000223,3018428,constraint_summation,5.0,,,0.0,0.85,0.85,5.0,0
1000223,3018429,constraint_summation,18.0,,,0.0,0.95,0.95,18.0,0
1000227,3018500,constraint_summation,8.0,,,0.0,0.85,0.85,8.0,0
1000227,3018502,constraint_summation,1.0,,,0.0,0.85,0.85,1.0,0
1000227,3018507,constraint_summation,1.0,,,0.0,0.85,0.85,1.0,0
1000236,3019074,constraint_summation,4.0,,,0.0,0.85,0.85,4.0,0
1000236,3019076,constraint_summation,111.0,,,0.0,0.95,0.95,111.0,0
1000238,3019461,constraint_summation,1111098.0,,,0.0,0.95,0.95,1111128.0,5
1000238,3019468,constraint_summation,111111108.0,,,0.0,0.95,0.95,111111122.0,1
1000238,3019472,constraint_summation,11122202.0,,,0.0,0.95,0.95,11122223.0,3
1000238,3019487,constraint_summation,16.0,,,0.0,0.95,0.95,16.0,0
1000238,3019506,constraint_summation,25.0,,,0.0,0.95,0.95,27.0,2
1000239,3019585,constraint_summation,2.0,,,0.0,0.85,0.85,2.0,0
1000239,3019586,constraint_summation,7.0,,,0.0,0.85,0.85,7.0,0
1000239,3019587,constraint_summation,1118.0,,,0.0,0.95,0.95,1118.0,0
1000239,3019588,constraint_summation,8.0,,,0.0,0.85,0.85,8.0,0
1000245,3019810,constraint_summation,1.0,,,0.0,0.85,0.85,1.0,0
1000263,3020594,constraint_summation,2.0,,,0.0,0.85,0.85,2.0,0
1000265,3020763,constraint_summation,122222224.0,,,0.0,0.95,0.95,122222224.0,0
1000270,3021160,constraint_summation,111110.0,,,0.0,0.95,0.95,111112.0,1
1000270,3021137,constraint_summation,111105.0,,,0.0,0.95,0.95,111112.0,1
1000270,3021139,constraint_summation,1108.0,,,0.0,0.95,0.95,1112.0,2
1000270,3021143,constraint_summation,111114.0,,,0.0,0.95,0.95,111114.0,0
1000271,3021263,constraint_summation,2.0,,,0.0,0.85,0.85,5.0,1
1000271,3021279,constraint_summation,3.0,,,0.0,0.85,0.85,4.0,1
1000271,3021280,constraint_summation,2.0,,,0.0,0.85,0.85,2.0,0
1000273,3021699,constraint_summation,1.0,,,0.0,0.85,0.85,1.0,0
1000273,3021714,constraint_summation,4.0,,,0.0,0.85,0.85,4.0,0
1000273,3021716,constraint_summation,3.0,,,0.0,0.85,0.85,3.0,0
1000273,3021717,constraint_summation,16.0,,,0.0,0.95,0.95,16.0,0
1000273,3021718,constraint_summation,2.0,,,0.0,0.85,0.85,2.0,0
1000273,3052186,constraint_summation,5.0,,,0.0,0.85,0.85,5.0,0
1000273,3021690,constraint_summation,1.0,,,0.0,0.85,0.85,1.0,0
1000274,3021829,constraint_summation,7.0,,,0.0,0.85,0.85,8.0,1
1000274,3021831,constraint_summation,5.0,,,0.0,0.85,0.85,6.0,1
1000274,3021834,constraint_summation,4.0,,,0.0,0.85,0.85,5.0,1
1000274,3021837,constraint_summation,5.0,,,0.0,0.85,0.85,7.0,1
1000274,3021839,constraint_summation,4.0,,,0.0,0.85,0.85,5.0,1
1000274,3021842,constraint_summation,4.0,,,0.0,0.85,0.85,4.0,0
1000275,3022085,constraint_summation,3.0,,,0.0,0.85,0.85,3.0,0
1000275,3022094,constraint_summation,4.0,,,0.0,0.85,0.85,6.0,2
1000275,3022103,constraint_summation,2.0,,,0.0,0.85,0.85,2.0,0
1000275,3022104,constraint_summation,3.0,,,0.0,0.85,0.85,3.0,0
1000275,3022113,constraint_summation,2.0,,,0.0,0.85,0.85,4.0,1
1000275,3022119,constraint_summation,1.0,,,0.0,0.85,0.85,3.0,1
1000275,3022121,constraint_summation,1111.0,,,0.0,0.95,0.95,1115.0,1
1000275,3022071,constraint_summation,12.0,,,0.0,0.95,0.95,12.0,0
1000275,3022074,constraint_summation,111111.0,,,0.0,0.95,0.95,111112.0,1
1000279,3023252,constraint_summation,1110.0,,,0.0,0.95,0.95,1112.0,1
1000279,3022610,constraint_summation,110995.0,,,0.0,0.95,0.95,111113.0,2
1000279,3022634,constraint_summation,3.0,,,0.0,0.85,0.85,6.0,2
1000279,3023201,constraint_summation,7.0,,,0.0,0.85,0.85,7.0,0
1000279,3023206,constraint_summation,3.0,,,0.0,0.85,0.85,5.0,1
1000279,3022730,constraint_summation,9.0,,,0.0,0.95,0.95,13.0,1
1000279,3023255,constraint_summation,12.0,,,0.0,0.95,0.95,12.0,0
1000279,3022300,constraint_summation,7.0,,,0.0,0.95,0.95,12.0,1
1000279,3022302,constraint_summation,100.0,,,0.0,0.95,0.95,113.0,1
1000280,3022975,constraint_summation,1116.0,,,0.0,0.95,0.95,1122.0,2
1000280,3022984,constraint_summation,1112.0,,,0.0,0.95,0.95,1112.0,0
1000280,3041417,constraint_summation,1122207.0,,,0.0,0.95,0.95,1122229.0,3
1000280,3041425,constraint_summation,4.0,,,0.0,0.85,0.85,4.0,0
1000280,3023156,constraint_summation,1111106.0,,,0.0,0.95,0.95,1111113.0,1
1000280,3041398,constraint_summation,111111116.0,,,0.0,0.95,0.95,111111119.0,1
1000280,3041401,constraint_summation,111115.0,,,0.0,0.95,0.95,111115.0,0
1000285,3023449,constraint_summation,1.0,,,0.0,0.85,0.85,1.0,0
1000285,3023480,constraint_summation,1.0,,,0.0,0.85,0.85,1.0,0
1000285,3023484,constraint_summation,12.0,,,0.0,0.95,0.95,12.0,0
1000287,3023757,constraint_summation,1.0,,,0.0,0.85,0.85,1.0,0
1000287,3023767,constraint_summation,2.0,,,0.0,0.85,0.85,2.0,0
1000292,3024396,constraint_summation,1.0,,,0.0,0.85,0.85,9.0,5
1000292,3024425,constraint_summation,5.0,,,0.0,0.85,0.85,5.0,0
1000292,3024493,constraint_summation,1.0,,,0.0,0.85,0.85,1.0,0
1000292,3024502,constraint_summation,111.0,,,0.0,0.95,0.95,111.0,0
1000292,3024503,constraint_summation,4.0,,,0.0,0.95,0.95,15.0,1
1000292,3024521,constraint_summation,11097.0,,,0.0,0.95,0.95,11112.0,4
1000292,3024580,constraint_summation,2.0,,,0.0,0.85,0.85,2.0,0
1000292,3024593,constraint_summation,4.0,,,0.0,0.85,0.85,4.0,0
1000292,3024634,constraint_summation,4.0,,,0.0,0.85,0.85,4.0,0
1000292,3024644,constraint_summation,1101.0,,,0.0,0.95,0.95,1111.0,3
1000292,3024659,constraint_summation,28.0,,,0.0,0.95,0.95,111.0,4
1000292,3024697,constraint_summation,111108.0,,,0.0,0.95,0.95,111111.0,2
1000292,3024717,constraint_summation,5.0,,,0.0,0.95,0.95,12.0,4
1000292,3024763,constraint_summation,1.0,,,0.0,0.85,0.85,1.0,0
1000292,3024767,constraint_summation,5.0,,,0.0,0.85,0.85,5.0,0
1000292,3024260,constraint_summation,1111116.0,,,0.0,0.95,0.95,1111119.0,1
1000292,3024326,constraint_summation,3.0,,,0.0,0.85,0.85,3.0,0
1000292,3024327,constraint_summation,5.0,,,0.0,0.85,0.85,5.0,0
1000293,3025024,constraint_summation,1111.0,,,0.0,0.95,0.95,1117.0,3
1000293,3025030,constraint_summation,1100.0,,,0.0,0.95,0.95,1111.0,3
1000293,3025052,constraint_summation,99.0,,,0.0,0.95,0.95,112.0,3
1000293,3025057,constraint_summation,11125.0,,,0.0,0.95,0.95,11126.0,1
1000293,3025059,constraint_summation,6.0,,,0.0,0.85,0.85,6.0,0
1000293,3025063,constraint_summation,1102.0,,,0.0,0.95,0.95,1113.0,1
1000293,3025069,constraint_summation,105.0,,,0.0,0.95,0.95,115.0,2
1000293,3025080,constraint_summation,108.0,,,0.0,0.95,0.95,118.0,2
1000293,3024958,constraint_summation,11094.0,,,0.0,0.95,0.95,11112.0,3
1000293,3024960,constraint_summation,5.0,,,0.0,0.85,0.85,5.0,0
1000293,3025093,constraint_summation,108.0,,,0.0,0.95,0.95,115.0,2
1000293,3024975,constraint_summation,7.0,,,0.0,0.95,0.95,19.0,3
1000293,3024986,constraint_summation,11115.0,,,0.0,0.95,0.95,11115.0,0
1000293,3024989,constraint_summation,1110.0,,,0.0,0.95,0.95,1114.0,2
1000293,3024995,constraint_summation,11097.0,,,0.0,0.95,0.95,11116.0,3
1000293,3025007,constraint_summation,1111103.0,,,0.0,0.95,0.95,1111116.0,2
1000293,3025014,constraint_summation,101.0,,,0.0,0.95,0.95,111.0,2
1000295,3025162,constraint_summation,107.0,,,0.0,0.95,0.95,111.0,3
1000295,3025171,constraint_summation,11088.0,,,0.0,0.95,0.95,11114.0,9
1000298,3025467,constraint_summation,0.0,,,0.0,0.85,0.85,1.0,1
1000298,3025487,constraint_summation,1.0,,,0.0,0.85,0.85,1.0,0
1000298,3025377,constraint_summation,0.0,,,0.0,0.85,0.85,1.0,1
1000299,3025657,constraint_summation,1.0,,,0.0,0.85,0.85,1.0,0
1000300,3025825,constraint_summation,7.0,,,0.0,0.85,0.85,7.0,0
1000300,3025828,constraint_summation,11126.0,,,0.0,0.95,0.95,11128.0,1
1000300,3025831,constraint_summation,1.0,,,0.0,0.85,0.85,1.0,0
1000300,3025833,constraint_summation,111004.0,,,0.0,0.95,0.95,111119.0,1
1000300,3025845,constraint_summation,5.0,,,0.0,0.85,0.85,5.0,0
1000300,3025856,constraint_summation,5.0,,,0.0,0.85,0.85,5.0,0
1000301,3025926,constraint_summation,8.0,,,0.0,0.85,0.85,8.0,0
1000301,3025927,constraint_summation,1226.0,,,0.0,0.95,0.95,1226.0,0
1000301,3025928,constraint_summation,4.0,,,0.0,0.85,0.85,4.0,0
1000301,3025929,constraint_summation,11111111.0,,,0.0,0.95,0.95,11111111.0,0
1000301,3025930,constraint_summation,112221.0,,,0.0,0.95,0.95,112222.0,1
1000301,3025941,constraint_summation,2.0,,,0.0,0.85,0.85,2.0,0
1000301,3025943,constraint_summation,110.0,,,0.0,0.95,0.95,122.0,1
1000302,3026051,constraint_summation,8.0,,,0.0,0.95,0.95,15.0,1
1000302,3026060,constraint_summation,111.0,,,0.0,0.95,0.95,111.0,0
1000302,3026062,constraint_summation,11.0,,,0.0,0.95,0.95,11.0,0
1000302,3026027,constraint_summation,111222093.0,,,0.0,0.95,0.95,111222222.0,1
1000302,3026035,constraint_summation,1.0,,,0.0,0.85,0.85,1.0,0
1000302,3026037,constraint_summation,11000.0,,,0.0,0.95,0.95,11111.0,1
1000302,3026038,constraint_summation,1111111.0,,,0.0,0.95,0.95,1111111.0,0
1000304,3026160,constraint_summation,2.0,,,0.0,0.85,0.85,2.0,0
1000304,3026161,constraint_summation,1.0,,,0.0,0.85,0.85,1.0,0
1000304,3026162,constraint_summation,3.0,,,0.0,0.85,0.85,3.0,0
1000304,3026165,constraint_summation,3.0,,,0.0,0.85,0.85,3.0,0
1000304,3026166,constraint_summation,1.0,,,0.0,0.85,0.85,1.0,0
1000304,3026167,constraint_summation,3.0,,,0.0,0.85,0.85,3.0,0
1000304,3026168,constraint_summation,1.0,,,0.0,0.85,0.85,1.0,0
1000304,3026169,constraint_summation,3.0,,,0.0,0.85,0.85,3.0,0
1000305,3026213,constraint_summation,2.0,,,0.0,0.85,0.85,2.0,0
1000305,3026244,constraint_summation,2.0,,,0.0,0.85,0.85,2.0,0
1000305,3026215,constraint_summation,2.0,,,0.0,0.85,0.85,2.0,0
1000305,3026216,constraint_summation,2.0,,,0.0,0.85,0.85,2.0,0
1000305,3026218,constraint_summation,5.0,,,0.0,0.85,0.85,5.0,0
1000305,3026219,constraint_summation,1.0,,,0.0,0.85,0.85,1.0,0
1000305,3026226,constraint_summation,1.0,,,0.0,0.85,0.85,1.0,0
1000305,3026227,constraint_summation,1.0,,,0.0,0.85,0.85,1.0,0
1000305,3026234,constraint_summation,2.0,,,0.0,0.85,0.85,3.0,1
1000305,3026231,constraint_summation,0.0,,,0.0,0.85,0.85,1.0,1
1000306,3026258,constraint_summation,2.0,,,0.0,0.85,0.85,2.0,0
1000307,3026285,constraint_summation,2.0,,,0.0,0.85,0.85,2.0,0
1000315,3026900,constraint_summation,1109.0,,,0.0,0.95,0.95,1111.0,1
1000315,3026906,constraint_summation,2.0,,,0.0,0.85,0.85,2.0,0
1000316,3027000,constraint_summation,11111115.0,,,0.0,0.95,0.95,11111115.0,0
1000316,3027030,constraint_summation,1.0,,,0.0,0.85,0.85,1.0,0
1000317,3027043,constraint_summation,13.0,,,0.0,0.95,0.95,15.0,1
1000320,3027211,constraint_summation,3.0,,,0.0,0.85,0.85,3.0,0
1000321,3028035,constraint_summation,1111072.0,,,0.0,0.95,0.95,1111113.0,7
1000322,3028309,constraint_summation,0.0,,,0.0,0.85,0.85,2.0,1
1000323,3028488,constraint_summation,12222211.0,,,0.0,0.95,0.95,12222225.0,3
1000323,3028420,constraint_summation,1111117.0,,,0.0,0.95,0.95,1111117.0,0
1000323,3028441,constraint_summation,111109.0,,,0.0,0.95,0.95,111115.0,2
1000323,3028456,constraint_summation,11122205.0,,,0.0,0.95,0.95,11122226.0,4
1000324,3028596,constraint_summation,1222.0,,,0.0,0.95,0.95,1222.0,0
1000324,3028599,constraint_summation,13.0,,,0.0,0.95,0.95,13.0,0
1000327,3028683,constraint_summation,111.0,,,0.0,0.95,0.95,111.0,0
1000327,3028685,constraint_summation,0.0,,,0.0,0.85,0.85,2.0,1
1000327,3028692,constraint_summation,7.0,,,0.0,0.85,0.85,7.0,0
1000327,3028694,constraint_summation,7.0,,,0.0,0.85,0.85,7.0,0
1000327,3028696,constraint_summation,2.0,,,0.0,0.85,0.85,2.0,0
1000327,3028702,constraint_summation,2.0,,,0.0,0.85,0.85,2.0,0
1000327,3028704,constraint_summation,5.0,,,0.0,0.85,0.85,5.0,0
1000329,3028992,constraint_summation,100.0,,,0.0,0.95,0.95,122.0,3
1000329,3028995,constraint_summation,1112.0,,,0.0,0.95,0.95,1114.0,1
1000329,3029002,constraint_summation,11099.0,,,0.0,0.95,0.95,11112.0,4
1000329,3029021,constraint_summation,111111113.0,,,0.0,0.95,0.95,111111117.0,1
1000329,3029022,constraint_summation,1105.0,,,0.0,0.95,0.95,1117.0,2
1000329,3029027,constraint_summation,11099.0,,,0.0,0.95,0.95,11113.0,3
1000329,3028904,constraint_summation,92.0,,,0.0,0.95,0.95,115.0,2
1000329,3028913,constraint_summation,111124.0,,,0.0,0.95,0.95,111124.0,0
1000329,3028921,constraint_summation,24.0,,,0.0,0.95,0.95,24.0,0
1000329,3028925,constraint_summation,21.0,,,0.0,0.95,0.95,23.0,1
1000329,3028928,constraint_summation,11111094.0,,,0.0,0.95,0.95,11111114.0,2
1000329,3028934,constraint_summation,6.0,,,0.0,0.85,0.85,6.0,0
1000329,3028939,constraint_summation,103.0,,,0.0,0.95,0.95,115.0,1
1000329,3028940,constraint_summation,102.0,,,0.0,0.95,0.95,115.0,3
1000329,3028951,constraint_summation,1105.0,,,0.0,0.95,0.95,1116.0,2
1000329,3028953,constraint_summation,11113.0,,,0.0,0.95,0.95,11113.0,0
1000329,3028959,constraint_summation,1103.0,,,0.0,0.95,0.95,1112.0,3
1000329,3028962,constraint_summation,1116.0,,,0.0,0.95,0.95,1116.0,0
1000329,3028966,constraint_summation,97.0,,,0.0,0.95,0.95,111.0,4
1000329,3028968,constraint_summation,11092.0,,,0.0,0.95,0.95,11112.0,3
1000329,3028973,constraint_summation,17.0,,,0.0,0.95,0.95,29.0,2
1000329,3028984,constraint_summation,5.0,,,0.0,0.95,0.95,12.0,1
1000332,3029382,constraint_summation,3.0,,,0.0,0.85,0.85,3.0,0
1000332,3029371,constraint_summation,3.0,,,0.0,0.85,0.85,3.0,0
1000333,3029536,constraint_summation,98.0,,,0.0,0.95,0.95,111.0,2
1000333,3029543,constraint_summation,15.0,,,0.0,0.95,0.95,17.0,1
1000333,3029546,constraint_summation,107.0,,,0.0,0.95,0.95,111.0,2
1000333,3029549,constraint_summation,110.0,,,0.0,0.95,0.95,111.0,1
1000333,3029558,constraint_summation,2.0,,,0.0,0.85,0.85,2.0,0
1000333,3029561,constraint_summation,4.0,,,0.0,0.85,0.85,6.0,1
1000333,3029574,constraint_summation,2.0,,,0.0,0.85,0.85,2.0,0
1000333,3029575,constraint_summation,6.0,,,0.0,0.85,0.85,6.0,0
1000333,3029576,constraint_summation,15.0,,,0.0,0.95,0.95,15.0,0
1000333,3029578,constraint_summation,1111.0,,,0.0,0.95,0.95,1111.0,0
1000333,3029579,constraint_summation,11111.0,,,0.0,0.95,0.95,11111.0,0
1000337,3030465,constraint_summation,8.0,,,0.0,0.85,0.85,8.0,0
1000337,3030473,constraint_summation,1222.0,,,0.0,0.95,0.95,1222.0,0
1000337,3030476,constraint_summation,11111229.0,,,0.0,0.95,0.95,11111229.0,0
1000337,3030479,constraint_summation,11100884.0,,,0.0,0.95,0.95,11112224.0,2
1000337,3030491,constraint_summation,111.0,,,0.0,0.95,0.95,111.0,0
1000337,3030492,constraint_summation,111.0,,,0.0,0.95,0.95,111.0,0
1000337,3030494,constraint_summation,1.0,,,0.0,0.85,0.85,1.0,0
1000340,3030662,constraint_summation,1.0,,,0.0,0.85,0.85,1.0,0
1000340,3030670,constraint_summation,0.0,,,0.0,0.85,0.85,1.0,1
1000340,3030690,constraint_summation,1.0,,,0.0,0.85,0.85,1.0,0
1000340,3030795,constraint_summation,3.0,,,0.0,0.85,0.85,3.0,0
1000345,3031425,constraint_summation,4.0,,,0.0,0.85,0.85,4.0,0
1000345,3031470,constraint_summation,5.0,,,0.0,0.85,0.85,5.0,0
1000345,3031443,constraint_summation,8.0,,,0.0,0.85,0.85,8.0,0
1000345,3031419,constraint_summation,111178.0,,,0.0,0.95,0.95,111193.0,2
1000351,3031631,constraint_summation,1.0,,,0.0,0.85,0.85,1.0,0
1000351,3031636,constraint_summation,6.0,,,0.0,0.85,0.85,6.0,0
1000351,3031637,constraint_summation,3.0,,,0.0,0.85,0.85,3.0,0
1000351,3031638,constraint_summation,2.0,,,0.0,0.85,0.85,2.0,0
1000351,3031640,constraint_summation,6.0,,,0.0,0.85,0.85,6.0,0
1000361,3032449,constraint_summation,12222227.0,,,0.0,0.95,0.95,12222229.0,1
1000361,3032451,constraint_summation,111111117.0,,,0.0,0.95,0.95,111111117.0,0
1000361,3032452,constraint_summation,111112.0,,,0.0,0.95,0.95,111112.0,0
1000361,3032463,constraint_summation,111111112.0,,,0.0,0.95,0.95,111111112.0,0
1000361,3032464,constraint_summation,111.0,,,0.0,0.95,0.95,111.0,0
1000361,3032466,constraint_summation,11122222.0,,,0.0,0.95,0.95,11122222.0,0
1000361,3032468,constraint_summation,1111.0,,,0.0,0.95,0.95,1111.0,0
1000361,3032469,constraint_summation,111.0,,,0.0,0.95,0.95,111.0,0
1000367,3033764,constraint_summation,1.0,,,0.0,0.85,0.85,1.0,0
1000367,3033774,constraint_summation,111.0,,,0.0,0.95,0.95,111.0,0
1000368,3033317,constraint_summation,0.0,,,0.0,0.85,0.85,1.0,1
1000371,3033704,constraint_summation,1.0,,,0.0,0.85,0.85,1.0,0
1000371,3033705,constraint_summation,6.0,,,0.0,0.85,0.85,6.0,0
1000371,3033707,constraint_summation,2.0,,,0.0,0.85,0.85,2.0,0
1000371,3033709,constraint_summation,9.0,,,0.0,0.85,0.85,9.0,0
1000371,3033710,constraint_summation,112.0,,,0.0,0.95,0.95,112.0,0
1000371,3033711,constraint_summation,3.0,,,0.0,0.85,0.85,3.0,0
1000371,3033712,constraint_summation,5.0,,,0.0,0.85,0.85,5.0,0
1000371,3033713,constraint_summation,11111112.0,,,0.0,0.95,0.95,11111112.0,0
1000371,3033714,constraint_summation,1116.0,,,0.0,0.95,0.95,1116.0,0
1000371,3033715,constraint_summation,18.0,,,0.0,0.95,0.95,18.0,0
1000371,3033716,constraint_summation,3.0,,,0.0,0.85,0.85,3.0,0
1000371,3033718,constraint_summation,112.0,,,0.0,0.95,0.95,112.0,0
1000371,3033719,constraint_summation,8.0,,,0.0,0.85,0.85,8.0,0
1000371,3033720,constraint_summation,9.0,,,0.0,0.85,0.85,9.0,0
1000371,3033721,constraint_summation,114.0,,,0.0,0.95,0.95,114.0,0
1000375,3034153,constraint_summation,4.0,,,0.0,0.85,0.85,4.0,0
1000375,3034154,constraint_summation,4.0,,,0.0,0.85,0.85,4.0,0
1000375,3033879,constraint_summation,3.0,,,0.0,0.85,0.85,3.0,0
1000380,3034374,constraint_summation,2.0,,,0.0,0.85,0.85,5.0,2
1000380,3034387,constraint_summation,0.0,,,0.0,0.85,0.85,4.0,2
1000386,3034808,constraint_summation,1222.0,,,0.0,0.95,0.95,1222.0,0
1000386,3034809,constraint_summation,9.0,,,0.0,0.85,0.85,9.0,0
1000396,3035236,constraint_summation,2.0,,,0.0,0.85,0.85,2.0,0
1000397,3035281,constraint_summation,7.0,,,0.0,0.85,0.85,7.0,0
1000397,3035282,constraint_summation,5.0,,,0.0,0.85,0.85,5.0,0
1000397,3035283,constraint_summation,111.0,,,0.0,0.95,0.95,111.0,0
1000398,3035318,constraint_summation,11.0,,,0.0,0.95,0.95,11.0,0
1000400,3035395,constraint_summation,2.0,,,0.0,0.85,0.85,2.0,0
1000400,3035397,constraint_summation,1.0,,,0.0,0.85,0.85,1.0,0
1000401,3035451,constraint_summation,105.0,,,0.0,0.95,0.95,111.0,2
1000401,3035465,constraint_summation,11111114.0,,,0.0,0.95,0.95,11111115.0,2
1000401,3035490,constraint_summation,111111226.0,,,0.0,0.95,0.95,111111228.0,1
1000401,3035501,constraint_summation,11111111.0,,,0.0,0.95,0.95,11111117.0,1
1000401,3035504,constraint_summation,111081.0,,,0.0,0.95,0.95,111119.0,5
1000401,3035511,constraint_summation,0.0,,,0.0,0.85,0.85,7.0,1
1000402,3035562,constraint_summation,11111112.0,,,0.0,0.95,0.95,11111112.0,0
1000402,3035563,constraint_summation,11111111.0,,,0.0,0.95,0.95,11111111.0,0
1000402,3035564,constraint_summation,1.0,,,0.0,0.85,0.85,1.0,0
1000402,3035565,constraint_summation,9.0,,,0.0,0.85,0.85,9.0,0
1000402,3035567,constraint_summation,1222.0,,,0.0,0.95,0.95,1222.0,0
1000403,3035622,constraint_summation,1100000.0,,,0.0,0.95,0.95,1111111.0,1
1000403,3035623,constraint_summation,1222.0,,,0.0,0.95,0.95,1222.0,0
1000403,3035630,constraint_summation,2.0,,,0.0,0.85,0.85,2.0,0
1000403,3035631,constraint_summation,11111122.0,,,0.0,0.95,0.95,11111122.0,0
1000403,3035636,constraint_summation,125.0,,,0.0,0.95,0.95,125.0,0
1000406,3035744,constraint_summation,111102.0,,,0.0,0.95,0.95,111116.0,5
1000406,3035752,constraint_summation,11111110.0,,,0.0,0.95,0.95,11111114.0,2
1000408,3035952,constraint_summation,2.0,,,0.0,0.85,0.85,2.0,0
1000408,3035953,constraint_summation,1.0,,,0.0,0.85,0.85,1.0,0
1000408,3035954,constraint_summation,1.0,,,0.0,0.85,0.85,1.0,0
1000408,3035955,constraint_summation,1.0,,,0.0,0.85,0.85,1.0,0
1000408,3035957,constraint_summation,1.0,,,0.0,0.85,0.85,1.0,0
1000408,3035958,constraint_summation,3.0,,,0.0,0.85,0.85,3.0,0
1000408,3035959,constraint_summation,1.0,,,0.0,0.85,0.85,1.0,0
1000413,3036169,constraint_summation,104.0,,,0.0,0.95,0.95,114.0,3
1000413,3036173,constraint_summation,2.0,,,0.0,0.85,0.85,2.0,0
1000413,3036197,constraint_summation,1.0,,,0.0,0.85,0.85,1.0,0
1000413,3036201,constraint_summation,0.0,,,0.0,0.85,0.85,2.0,1
1000413,3036214,constraint_summation,2.0,,,0.0,0.85,0.85,2.0,0
1000413,3036215,constraint_summation,11111111.0,,,0.0,0.95,0.95,11111111.0,0
1000413,3036231,constraint_summation,3.0,,,0.0,0.95,0.95,15.0,2
1000413,3036255,constraint_summation,113.0,,,0.0,0.95,0.95,116.0,2
1000413,3036264,constraint_summation,1.0,,,0.0,0.85,0.85,3.0,1
1000413,3036268,constraint_summation,5.0,,,0.0,0.95,0.95,12.0,1
1000413,3036285,constraint_summation,2.0,,,0.0,0.85,0.85,2.0,0
1000415,3036344,constraint_summation,22.0,,,0.0,0.95,0.95,22.0,0
1000415,3036353,constraint_summation,113.0,,,0.0,0.95,0.95,117.0,2
1000415,3036333,constraint_summation,11096.0,,,0.0,0.95,0.95,11112.0,3
1000418,3036436,constraint_summation,7.0,,,0.0,0.85,0.85,7.0,0
1000418,3036437,constraint_summation,7.0,,,0.0,0.85,0.85,7.0,0
1000418,3036438,constraint_summation,12.0,,,0.0,0.95,0.95,12.0,0
1000418,3036439,constraint_summation,7.0,,,0.0,0.85,0.85,7.0,0
1000418,3036440,constraint_summation,11.0,,,0.0,0.95,0.95,11.0,0
1000418,3036441,constraint_summation,12.0,,,0.0,0.95,0.95,12.0,0
1000418,3036461,constraint_summation,3.0,,,0.0,0.85,0.85,3.0,0
1000418,3036462,constraint_summation,3.0,,,0.0,0.85,0.85,3.0,0
1000418,3036463,constraint_summation,1.0,,,0.0,0.85,0.85,1.0,0
1000422,3037111,constraint_summation,11112.0,,,0.0,0.95,0.95,11112.0,0
1000422,3037112,constraint_summation,1112.0,,,0.0,0.95,0.95,1112.0,0
1000422,3037113,constraint_summation,115.0,,,0.0,0.95,0.95,115.0,0
1000422,3037114,constraint_summation,1112.0,,,0.0,0.95,0.95,1112.0,0
1000425,3037209,constraint_summation,117.0,,,0.0,0.95,0.95,117.0,0
1000426,3037238,constraint_summation,11113.0,,,0.0,0.95,0.95,11113.0,0
1000426,3037239,constraint_summation,1111.0,,,0.0,0.95,0.95,1111.0,0
1000426,3037240,constraint_summation,1111222.0,,,0.0,0.95,0.95,1111222.0,0
1000427,3037257,constraint_summation,2.0,,,0.0,0.85,0.85,2.0,0
1000431,3037401,constraint_summation,3.0,,,0.0,0.85,0.85,4.0,1
1000431,3037403,constraint_summation,1117.0,,,0.0,0.95,0.95,1117.0,0
1000433,3037483,constraint_summation,11116.0,,,0.0,0.95,0.95,11116.0,0
1000436,3037606,constraint_summation,112.0,,,0.0,0.95,0.95,112.0,0
1000436,3037607,constraint_summation,117.0,,,0.0,0.95,0.95,117.0,0
1000436,3037615,constraint_summation,1111115.0,,,0.0,0.95,0.95,1111116.0,1
1000436,3037620,constraint_summation,1100002.0,,,0.0,0.95,0.95,1111116.0,2
1000436,3037631,constraint_summation,11111110.0,,,0.0,0.95,0.95,11111119.0,2
1000436,3037634,constraint_summation,1111109.0,,,0.0,0.95,0.95,1111118.0,1
1000436,3037637,constraint_summation,1111103.0,,,0.0,0.95,0.95,1111112.0,1
1000437,3037670,constraint_summation,1.0,,,0.0,0.85,0.85,1.0,0
1000437,3037671,constraint_summation,1.0,,,0.0,0.85,0.85,1.0,0
1000437,3037672,constraint_summation,3.0,,,0.0,0.85,0.85,3.0,0
1000437,3037673,constraint_summation,1.0,,,0.0,0.85,0.85,1.0,0
1000437,3037674,constraint_summation,4.0,,,0.0,0.85,0.85,4.0,0
1000437,3037675,constraint_summation,12.0,,,0.0,0.95,0.95,12.0,0
1000437,3037676,constraint_summation,5.0,,,0.0,0.85,0.85,5.0,0
1000439,3037727,constraint_summation,3.0,,,0.0,0.85,0.85,3.0,0
1000446,3037922,constraint_summation,1111116.0,,,0.0,0.95,0.95,1111117.0,1
1000449,3038232,constraint_summation,9.0,,,0.0,0.85,0.85,9.0,0
1000449,3038233,constraint_summation,11122.0,,,0.0,0.95,0.95,11122.0,0
1000455,3039781,constraint_summation,2.0,,,0.0,0.85,0.85,2.0,0
1000456,3040074,constraint_summation,1.0,,,0.0,0.85,0.85,1.0,0
1000472,3040011,constraint_summation,0.0,,,0.0,0.85,0.85,0.0,0
1000472,3039889,constraint_summation,112339.0,,,0.0,0.95,0.95,112339.0,0
1000472,3039906,constraint_summation,11333.0,,,0.0,0.95,0.95,11333.0,0
1000472,3039917,constraint_summation,14.0,,,0.0,0.95,0.95,1111127.0,1
1000472,3039932,constraint_summation,10.0,,,0.0,0.95,0.95,11.0,1
1000472,3039939,constraint_summation,8.0,,,0.0,0.95,0.95,14.0,1
1000472,3039953,constraint_summation,99.0,,,0.0,0.95,0.95,112.0,1
1000472,3039965,constraint_summation,2.0,,,0.0,0.95,0.95,17.0,1
1000472,3039977,constraint_summation,95.0,,,0.0,0.95,0.95,112.0,1
1000477,3040261,constraint_summation,4.0,,,0.0,0.85,0.85,4.0,0
1000477,3040293,constraint_summation,2.0,,,0.0,0.85,0.85,3.0,1
1000477,3040263,constraint_summation,4.0,,,0.0,0.85,0.85,5.0,1
1000477,3040237,constraint_summation,2.0,,,0.0,0.85,0.85,6.0,1
1000477,3040270,constraint_summation,2.0,,,0.0,0.85,0.85,3.0,1
1000477,3040276,constraint_summation,3.0,,,0.0,0.85,0.85,4.0,1
1000477,3040216,constraint_summation,1105.0,,,0.0,0.95,0.95,1111.0,3
1000477,3040284,constraint_summation,3.0,,,0.0,0.85,0.85,4.0,1
1000477,3040285,constraint_summation,4.0,,,0.0,0.85,0.85,4.0,0
1000483,3040447,constraint_summation,9.0,,,0.0,0.85,0.85,9.0,0
1000488,3040544,constraint_summation,112.0,,,0.0,0.95,0.95,114.0,1
1000494,3040846,constraint_summation,0.0,,,0.0,0.85,0.85,2.0,1
1000494,3040880,constraint_summation,2.0,,,0.0,0.85,0.85,2.0,0
1000495,3041029,constraint_summation,122108.0,,,0.0,0.95,0.95,122222.0,2
1000495,3041032,constraint_summation,1112228.0,,,0.0,0.95,0.95,1112228.0,0
1000495,3041033,constraint_summation,1112223.0,,,0.0,0.95,0.95,1112223.0,0
1000495,3041035,constraint_summation,11227.0,,,0.0,0.95,0.95,11227.0,0
1000495,3040971,constraint_summation,2222.0,,,0.0,0.95,0.95,2222.0,0
1000495,3040983,constraint_summation,128.0,,,0.0,0.95,0.95,128.0,0
1000495,3040984,constraint_summation,11000002.0,,,0.0,0.95,0.95,11111113.0,1
1000495,3040991,constraint_summation,11122219.0,,,0.0,0.95,0.95,11122224.0,1
1000495,3040994,constraint_summation,11111121.0,,,0.0,0.95,0.95,11111123.0,1
1000495,3041003,constraint_summation,1.0,,,0.0,0.85,0.85,1.0,0
1000495,3041008,constraint_summation,9.0,,,0.0,0.85,0.85,9.0,0
1000495,3041013,constraint_summation,111111211.0,,,0.0,0.95,0.95,111111223.0,2
1000495,3041022,constraint_summation,1111225.0,,,0.0,0.95,0.95,1111225.0,0
1000495,3041023,constraint_summation,119.0,,,0.0,0.95,0.95,119.0,0
1000497,3041129,constraint_summation,1.0,,,0.0,0.85,0.85,1.0,0
1000501,3042341,constraint_summation,113.0,,,0.0,0.95,0.95,113.0,0
1000501,3042351,constraint_summation,12.0,,,0.0,0.95,0.95,12.0,0
1000501,3042352,constraint_summation,12.0,,,0.0,0.95,0.95,12.0,0
1000505,3042535,constraint_summation,4.0,,,0.0,0.85,0.85,8.0,2
1000505,3042541,constraint_summation,3.0,,,0.0,0.85,0.85,7.0,1
1000505,3042543,constraint_summation,9.0,,,0.0,0.95,0.95,15.0,2
1000505,3042547,constraint_summation,11.0,,,0.0,0.95,0.95,14.0,2
1000506,3042719,constraint_summation,2.0,,,0.0,0.85,0.85,2.0,0
1000506,3042728,constraint_summation,2.0,,,0.0,0.85,0.85,2.0,0
1000506,3042729,constraint_summation,2.0,,,0.0,0.85,0.85,2.0,0
1000507,3042820,constraint_summation,1.0,,,0.0,0.85,0.85,3.0,1
1000507,3042826,constraint_summation,6.0,,,0.0,0.85,0.85,6.0,0
1000507,3042828,constraint_summation,1.0,,,0.0,0.85,0.85,2.0,1
1000507,3042833,constraint_summation,6.0,,,0.0,0.85,0.85,6.0,0
1000507,3042835,constraint_summation,3.0,,,0.0,0.85,0.85,3.0,0
1000507,3042836,constraint_summation,2.0,,,0.0,0.85,0.85,2.0,0
1000507,3042839,constraint_summation,2.0,,,0.0,0.85,0.85,2.0,0
1000507,3042843,constraint_summation,0.0,,,0.0,0.85,0.85,3.0,1
1000507,3042845,constraint_summation,2.0,,,0.0,0.85,0.85,2.0,0
1000507,3042850,constraint_summation,1.0,,,0.0,0.85,0.85,4.0,1
1000507,3042856,constraint_summation,3.0,,,0.0,0.85,0.85,3.0,0
1000507,3042857,constraint_summation,1.0,,,0.0,0.85,0.85,1.0,0
1000507,3042859,constraint_summation,3.0,,,0.0,0.85,0.85,3.0,0
1000507,3042862,constraint_summation,1.0,,,0.0,0.85,0.85,1.0,0
1000508,3043092,constraint_summation,2.0,,,0.0,0.85,0.85,2.0,0
1000508,3043096,constraint_summation,1.0,,,0.0,0.85,0.85,1.0,0
1000509,3044226,constraint_summation,0.0,,,0.0,0.85,0.85,2.0,2
1000512,3043431,constraint_summation,2.0,,,0.0,0.85,0.85,2.0,0
1000512,3043436,constraint_summation,1225.0,,,0.0,0.95,0.95,1225.0,0
1000513,3043538,constraint_summation,11112.0,,,0.0,0.95,0.95,11112.0,0
1000513,3043543,constraint_summation,111.0,,,0.0,0.95,0.95,111.0,0
1000513,3043544,constraint_summation,11.0,,,0.0,0.95,0.95,11.0,0
1000513,3043547,constraint_summation,11111.0,,,0.0,0.95,0.95,11111.0,0
1000513,3043548,constraint_summation,15.0,,,0.0,0.95,0.95,15.0,0
1000513,3043550,constraint_summation,1.0,,,0.0,0.85,0.85,1.0,0
1000513,3043552,constraint_summation,111.0,,,0.0,0.95,0.95,111.0,0
1000513,3043556,constraint_summation,11.0,,,0.0,0.95,0.95,11.0,0
1000513,3043561,constraint_summation,1.0,,,0.0,0.85,0.85,1.0,0
1000513,3043565,constraint_summation,1.0,,,0.0,0.85,0.85,1.0,0
1000513,3043567,constraint_summation,1.0,,,0.0,0.85,0.85,1.0,0
1000515,3044410,constraint_summation,0.0,,,0.0,0.85,0.85,0.0,0
1000515,3044398,constraint_summation,108.0,,,0.0,0.95,0.95,111.0,2
1000515,3044407,constraint_summation,9.0,,,0.0,0.95,0.95,12.0,2
1000516,3044438,constraint_summation,3.0,,,0.0,0.85,0.85,3.0,0
1000516,3044445,constraint_summation,2.0,,,0.0,0.85,0.85,2.0,0
1000517,3044472,constraint_summation,111124.0,,,0.0,0.95,0.95,111124.0,0
1000518,3044611,constraint_summation,1123.0,,,0.0,0.95,0.95,1123.0,0
1000518,3044613,constraint_summation,3.0,,,0.0,0.85,0.85,3.0,0
1000518,3044615,constraint_summation,1118.0,,,0.0,0.95,0.95,1122.0,1
1000518,3044622,constraint_summation,1122.0,,,0.0,0.95,0.95,1122.0,0
1000518,3044624,constraint_summation,3.0,,,0.0,0.85,0.85,3.0,0
1000518,3044626,constraint_summation,118.0,,,0.0,0.95,0.95,122.0,1
1000518,3044604,constraint_summation,111113.0,,,0.0,0.95,0.95,111116.0,1
1000518,3044630,constraint_summation,115.0,,,0.0,0.95,0.95,115.0,0
1000518,3044607,constraint_summation,2.0,,,0.0,0.85,0.85,2.0,0
1000518,3044590,constraint_summation,11116.0,,,0.0,0.95,0.95,11116.0,0
1000518,3044595,constraint_summation,4.0,,,0.0,0.85,0.85,4.0,0
1000518,3044597,constraint_summation,1111113.0,,,0.0,0.95,0.95,1111113.0,0
1000519,3044796,constraint_summation,11.0,,,0.0,0.95,0.95,11.0,0
1000519,3044798,constraint_summation,11.0,,,0.0,0.95,0.95,11.0,0
1000519,3044799,constraint_summation,11.0,,,0.0,0.95,0.95,11.0,0
1000519,3044802,constraint_summation,11.0,,,0.0,0.95,0.95,11.0,0
1000519,3044803,constraint_summation,11.0,,,0.0,0.95,0.95,11.0,0
1000519,3044804,constraint_summation,11.0,,,0.0,0.95,0.95,11.0,0
1000519,3044807,constraint_summation,5.0,,,0.0,0.85,0.85,5.0,0
1000519,3044809,constraint_summation,3.0,,,0.0,0.85,0.85,3.0,0
1000519,3044811,constraint_summation,16.0,,,0.0,0.95,0.95,16.0,0
1000519,3044813,constraint_summation,118.0,,,0.0,0.95,0.95,118.0,0
1000519,3044814,constraint_summation,11.0,,,0.0,0.95,0.95,11.0,0
1000519,3044815,constraint_summation,15.0,,,0.0,0.95,0.95,15.0,0
1000519,3044816,constraint_summation,1.0,,,0.0,0.85,0.85,1.0,0
1000519,3044822,constraint_summation,1.0,,,0.0,0.85,0.85,1.0,0
1000519,3044823,constraint_summation,11.0,,,0.0,0.95,0.95,11.0,0
1000519,3044824,constraint_summation,11.0,,,0.0,0.95,0.95,11.0,0
1000519,3044825,constraint_summation,11.0,,,0.0,0.95,0.95,11.0,0
1000520,3044898,constraint_summation,4.0,,,0.0,0.85,0.85,4.0,0
1000520,3044900,constraint_summation,1.0,,,0.0,0.85,0.85,1.0,0
1000520,3044903,constraint_summation,4.0,,,0.0,0.85,0.85,7.0,1
1000520,3044905,constraint_summation,14.0,,,0.0,0.95,0.95,14.0,0
1000520,3044907,constraint_summation,1.0,,,0.0,0.85,0.85,1.0,0
1000520,3044915,constraint_summation,2.0,,,0.0,0.85,0.85,2.0,0
1000520,3044917,constraint_summation,4.0,,,0.0,0.85,0.85,4.0,0
1000524,3045396,constraint_summation,109.0,,,0.0,0.95,0.95,115.0,2
1000524,3045447,constraint_summation,1.0,,,0.0,0.85,0.85,1.0,0
1000524,3045451,constraint_summation,11110112.0,,,0.0,0.95,0.95,11111223.0,1
1000524,3045453,constraint_summation,113.0,,,0.0,0.95,0.95,113.0,0
1000526,3045635,constraint_summation,8.0,,,0.0,0.85,0.85,9.0,1
1000526,3045637,constraint_summation,2.0,,,0.0,0.85,0.85,2.0,0
1000526,3045650,constraint_summation,1.0,,,0.0,0.85,0.85,1.0,0
1000526,3045659,constraint_summation,3.0,,,0.0,0.85,0.85,3.0,0
1000526,3045727,constraint_summation,1.0,,,0.0,0.85,0.85,1.0,0
1000526,3045739,constraint_summation,4.0,,,0.0,0.85,0.85,4.0,0
1000526,3045742,constraint_summation,2.0,,,0.0,0.85,0.85,5.0,2
1000526,3045622,constraint_summation,4.0,,,0.0,0.85,0.85,4.0,0
1000526,3045630,constraint_summation,1.0,,,0.0,0.85,0.85,2.0,1
1000526,3045631,constraint_summation,0.0,,,0.0,0.85,0.85,2.0,2
1000528,3046017,constraint_summation,12.0,,,0.0,0.95,0.95,12.0,0
1000528,3046020,constraint_summation,11.0,,,0.0,0.95,0.95,11.0,0
1000528,3046022,constraint_summation,11111116.0,,,0.0,0.95,0.95,11111116.0,0
1000528,3046024,constraint_summation,11225.0,,,0.0,0.95,0.95,11225.0,0
1000528,3046025,constraint_summation,22226.0,,,0.0,0.95,0.95,22226.0,0
1000528,3046027,constraint_summation,1110.0,,,0.0,0.95,0.95,1114.0,1
1000528,3046005,constraint_summation,122224.0,,,0.0,0.95,0.95,122224.0,0
1000528,3046010,constraint_summation,111111113.0,,,0.0,0.95,0.95,111111113.0,0
1000533,3046222,constraint_summation,6.0,,,0.0,0.85,0.85,6.0,0
1000533,3046223,constraint_summation,4.0,,,0.0,0.85,0.85,4.0,0
1000533,3046224,constraint_summation,1.0,,,0.0,0.85,0.85,1.0,0
1000533,3046225,constraint_summation,2.0,,,0.0,0.85,0.85,2.0,0
1000533,3046226,constraint_summation,1.0,,,0.0,0.85,0.85,1.0,0
1000539,3046676,constraint_summation,1111.0,,,0.0,0.95,0.95,1113.0,1
1000539,3046678,constraint_summation,5.0,,,0.0,0.85,0.85,5.0,0
1000540,3046735,constraint_summation,2.0,,,0.0,0.85,0.85,2.0,0
1000541,3047605,constraint_summation,1114.0,,,0.0,0.95,0.95,1114.0,0
1000541,3047681,constraint_summation,13.0,,,0.0,0.95,0.95,13.0,0
1000542,3047818,constraint_summation,3.0,,,0.0,0.85,0.85,3.0,0
1000542,3047819,constraint_summation,4.0,,,0.0,0.85,0.85,4.0,0
1000542,3047820,constraint_summation,2.0,,,0.0,0.85,0.85,2.0,0
1000542,3047821,constraint_summation,4.0,,,0.0,0.85,0.85,4.0,0
1000542,3047822,constraint_summation,3.0,,,0.0,0.85,0.85,3.0,0
1000542,3047823,constraint_summation,3.0,,,0.0,0.85,0.85,3.0,0
1000542,3047824,constraint_summation,3.0,,,0.0,0.85,0.85,3.0,0
1000542,3047825,constraint_summation,8.0,,,0.0,0.85,0.85,8.0,0
1000543,3047952,constraint_summation,13.0,,,0.0,0.95,0.95,13.0,0
1000543,3047953,constraint_summation,12.0,,,0.0,0.95,0.95,12.0,0
1000543,3047954,constraint_summation,117.0,,,0.0,0.95,0.95,117.0,0
1000543,3047955,constraint_summation,11115.0,,,0.0,0.95,0.95,11115.0,0
1000543,3047956,constraint_summation,111116.0,,,0.0,0.95,0.95,111116.0,0
1000543,3047957,constraint_summation,2.0,,,0.0,0.85,0.85,2.0,0
1000543,3047958,constraint_summation,111115.0,,,0.0,0.95,0.95,111115.0,0
1000543,3047959,constraint_summation,3.0,,,0.0,0.85,0.85,3.0,0
1000543,3047960,constraint_summation,5.0,,,0.0,0.85,0.85,5.0,0
1000543,3047961,constraint_summation,111112.0,,,0.0,0.95,0.95,111112.0,0
1000543,3047962,constraint_summation,111.0,,,0.0,0.95,0.95,111.0,0
1000543,3047963,constraint_summation,112.0,,,0.0,0.95,0.95,112.0,0
1000543,3047965,constraint_summation,4.0,,,0.0,0.85,0.85,4.0,0
1000543,3047966,constraint_summation,3.0,,,0.0,0.85,0.85,3.0,0
1000545,3048202,constraint_summation,5.0,,,0.0,0.85,0.85,5.0,0
1000545,3048207,constraint_summation,111.0,,,0.0,0.95,0.95,112.0,1
1000545,3048209,constraint_summation,7.0,,,0.0,0.85,0.85,7.0,0
1000545,3048210,constraint_summation,6.0,,,0.0,0.85,0.85,6.0,0
1000545,3048212,constraint_summation,3.0,,,0.0,0.85,0.85,3.0,0
1000545,3048213,constraint_summation,6.0,,,0.0,0.85,0.85,6.0,0
1000545,3048220,constraint_summation,7.0,,,0.0,0.85,0.85,7.0,0
1000545,3048223,constraint_summation,4.0,,,0.0,0.85,0.85,5.0,1
1000545,3048224,constraint_summation,1.0,,,0.0,0.85,0.85,1.0,0
1000545,3048231,constraint_summation,3.0,,,0.0,0.85,0.85,3.0,0
1000545,3048239,constraint_summation,0.0,,,0.0,0.85,0.85,2.0,1
1000545,3048244,constraint_summation,4.0,,,0.0,0.85,0.85,5.0,1
1000546,3048358,constraint_summation,2.0,,,0.0,0.85,0.85,2.0,0
1000546,3048360,constraint_summation,111096.0,,,0.0,0.95,0.95,111127.0,2
1000546,3048348,constraint_summation,1.0,,,0.0,0.85,0.85,1.0,0
1000546,3048367,constraint_summation,3.0,,,0.0,0.85,0.85,3.0,0
1000546,3048370,constraint_summation,107.0,,,0.0,0.95,0.95,115.0,3
1000547,3048618,constraint_summation,117.0,,,0.0,0.95,0.95,117.0,0
1000548,3048673,constraint_summation,14.0,,,0.0,0.95,0.95,14.0,0
1000549,3048718,constraint_summation,2.0,,,0.0,0.85,0.85,2.0,0
1000549,3048719,constraint_summation,2.0,,,0.0,0.85,0.85,2.0,0
1000549,3048720,constraint_summation,4.0,,,0.0,0.85,0.85,4.0,0
1000549,3048721,constraint_summation,2.0,,,0.0,0.85,0.85,2.0,0
1000549,3048722,constraint_summation,5.0,,,0.0,0.85,0.85,5.0,0
1000549,3048729,constraint_summation,1.0,,,0.0,0.85,0.85,1.0,0
1000549,3048730,constraint_summation,1.0,,,0.0,0.85,0.85,1.0,0
1000549,3048731,constraint_summation,4.0,,,0.0,0.85,0.85,4.0,0
1000549,3048732,constraint_summation,4.0,,,0.0,0.85,0.85,4.0,0
1000549,3048733,constraint_summation,4.0,,,0.0,0.85,0.85,4.0,0
1000549,3048734,constraint_summation,2.0,,,0.0,0.85,0.85,2.0,0
1000549,3048735,constraint_summation,4.0,,,0.0,0.85,0.85,4.0,0
1000549,3048736,constraint_summation,4.0,,,0.0,0.85,0.85,4.0,0
1000552,3048849,constraint_summation,2.0,,,0.0,0.85,0.85,2.0,0
1000552,3048852,constraint_summation,3.0,,,0.0,0.85,0.85,3.0,0
1000552,3048857,constraint_summation,5.0,,,0.0,0.85,0.85,6.0,1
1000552,3048861,constraint_summation,1.0,,,0.0,0.85,0.85,1.0,0
1000552,3048860,constraint_summation,4.0,,,0.0,0.85,0.85,5.0,1
1000553,3048918,constraint_summation,5.0,,,0.0,0.85,0.85,5.0,0
1000554,3048991,constraint_summation,11000.0,,,0.0,0.95,0.95,11111.0,1
1000559,3049150,constraint_summation,111122.0,,,0.0,0.95,0.95,111122.0,0
