khipu_id,cord_id,method,predicted_value,current_value,value_change,current_confidence,predicted_confidence,confidence_gain,num_siblings_with_values,sibling_mean,sibling_std
1000007,3000596,sibling_median,4.0,,,0.0,0.75,0.75,3,5.0,1.4142135623730951
1000007,3000604,sibling_median,1.0,,,0.0,0.75,0.75,3,2.6666666666666665,2.3570226039551585
1000007,3000610,sibling_median,4.5,,,0.0,0.75,0.75,2,4.5,0.5
1000007,3000617,sibling_median,8.0,,,0.0,0.65,0.65,3,411.0,574.1759312266581
1000007,3000683,sibling_median,9.0,,,0.0,0.75,0.75,2,9.0,0.0
1000009,3000905,sibling_median,2.0,,,0.0,0.75,0.75,8,3.125,2.521780125229002
1000009,3000914,sibling_median,2.0,,,0.0,0.75,0.75,8,3.125,2.521780125229002
1000018,3001795,sibling_median,3.0,,,0.0,0.75,0.75,2,3.0,1.0
1000020,3036720,sibling_median,1.0,,,0.0,0.75,0.75,6,1.1666666666666667,0.3726779962499649
1000020,3036721,sibling_median,1.0,,,0.0,0.75,0.75,6,1.1666666666666667,0.3726779962499649
1000020,3002432,sibling_median,1.5,,,0.0,0.75,0.75,4,1.75,0.82915619758885
1000020,3002434,sibling_median,1.5,,,0.0,0.75,0.75,4,1.75,0.82915619758885
1000020,3036745,sibling_median,2.0,,,0.0,0.75,0.75,2,2.0,1.0
1000020,3036746,sibling_median,2.0,,,0.0,0.75,0.75,2,2.0,1.0
1000020,3002444,sibling_median,4.0,,,0.0,0.75,0.75,3,3.3333333333333335,1.699673171197595
1000020,3002445,sibling_median,4.0,,,0.0,0.75,0.75,3,3.3333333333333335,1.699673171197595
1000020,3002447,sibling_median,4.0,,,0.0,0.75,0.75,3,3.3333333333333335,1.699673171197595
1000020,3002448,sibling_median,4.0,,,0.0,0.75,0.75,3,3.3333333333333335,1.699673171197595
1000020,3002454,sibling_median,1.0,,,0.0,0.75,0.75,2,1.0,0.0
1000020,3002455,sibling_median,1.0,,,0.0,0.75,0.75,2,1.0,0.0
1000020,3002462,sibling_median,1.0,,,0.0,0.75,0.75,6,1.5,0.7637626158259734
1000020,3002465,sibling_median,1.0,,,0.0,0.75,0.75,6,1.5,0.7637626158259734
1000020,3002466,sibling_median,1.0,,,0.0,0.75,0.75,6,1.5,0.7637626158259734
1000020,3036774,sibling_median,1.5,,,0.0,0.75,0.75,2,1.5,0.5
1000020,3036775,sibling_median,1.5,,,0.0,0.75,0.75,2,1.5,0.5
1000020,3036777,sibling_median,1.5,,,0.0,0.75,0.75,2,1.5,0.5
1000020,3036778,sibling_median,1.5,,,0.0,0.75,0.75,2,1.5,0.5
1000020,3002479,sibling_median,1.0,,,0.0,0.75,0.75,4,1.25,0.4330127018922193
1000020,3002481,sibling_median,1.0,,,0.0,0.75,0.75,4,1.25,0.4330127018922193
1000020,3036788,sibling_median,0.5,,,0.0,0.75,0.75,2,0.5,0.5
1000020,3036790,sibling_median,0.5,,,0.0,0.75,0.75,2,0.5,0.5
1000020,3036791,sibling_median,0.5,,,0.0,0.75,0.75,2,0.5,0.5
1000020,3002488,sibling_median,1.5,,,0.0,0.75,0.75,2,1.5,0.5
1000020,3036792,sibling_median,0.5,,,0.0,0.75,0.75,2,0.5,0.5
1000020,3002490,sibling_median,1.5,,,0.0,0.75,0.75,2,1.5,0.5
1000020,3002495,sibling_median,2.0,,,0.0,0.75,0.75,5,3.2,1.9390719429665317
1000020,3002494,sibling_median,2.0,,,0.0,0.75,0.75,3,2.6666666666666665,1.699673171197595
1000020,3002498,sibling_median,2.0,,,0.0,0.75,0.75,5,3.2,1.9390719429665317
1000020,3036808,sibling_median,0.5,,,0.0,0.75,0.75,2,0.5,0.5
1000020,3036810,sibling_median,0.5,,,0.0,0.75,0.75,2,0.5,0.5
1000020,3036811,sibling_median,0.5,,,0.0,0.75,0.75,2,0.5,0.5
1000020,3002510,sibling_median,1.5,,,0.0,0.75,0.75,4,1.75,0.82915619758885
1000020,3002511,sibling_median,1.5,,,0.0,0.75,0.75,4,1.75,0.82915619758885
1000020,3002512,sibling_median,1.5,,,0.0,0.75,0.75,4,1.75,0.82915619758885
1000020,3002514,sibling_median,1.5,,,0.0,0.75,0.75,4,1.75,0.82915619758885
1000020,3036819,sibling_median,0.0,,,0.0,0.75,0.75,3,0.3333333333333333,0.4714045207910317
1000020,3036972,sibling_median,1.0,,,0.0,0.75,0.75,2,1.0,0.0
1000020,3036823,sibling_median,1.5,,,0.0,0.75,0.75,2,1.5,0.5
1000020,3036824,sibling_median,1.5,,,0.0,0.75,0.75,2,1.5,0.5
1000020,3002521,sibling_median,1.0,,,0.0,0.75,0.75,3,1.3333333333333333,0.4714045207910317
1000020,3036825,sibling_median,1.5,,,0.0,0.75,0.75,2,1.5,0.5
1000020,3036827,sibling_median,1.5,,,0.0,0.75,0.75,2,1.5,0.5
1000020,3036829,sibling_median,1.0,,,0.0,0.75,0.75,2,1.0,0.0
1000020,3036832,sibling_median,1.0,,,0.0,0.75,0.75,2,1.0,0.0
1000020,3002532,sibling_median,1.0,,,0.0,0.75,0.75,3,1.3333333333333333,0.4714045207910317
1000020,3036837,sibling_median,0.5,,,0.0,0.75,0.75,2,0.5,0.5
1000020,3002681,sibling_median,2.0,,,0.0,0.75,0.75,4,2.25,1.299038105676658
1000020,3036840,sibling_median,1.0,,,0.0,0.75,0.75,4,0.75,0.4330127018922193
1000020,3036841,sibling_median,1.0,,,0.0,0.75,0.75,4,0.75,0.4330127018922193
1000020,3002536,sibling_median,1.0,,,0.0,0.75,0.75,3,1.3333333333333333,0.4714045207910317
1000020,3002537,sibling_median,1.0,,,0.0,0.75,0.75,3,1.3333333333333333,0.4714045207910317
1000020,3036860,sibling_median,1.0,,,0.0,0.75,0.75,3,1.6666666666666667,1.699673171197595
1000020,3036861,sibling_median,1.0,,,0.0,0.75,0.75,3,1.6666666666666667,1.699673171197595
1000020,3036882,sibling_median,4.0,,,0.0,0.75,0.75,2,4.0,3.0
1000020,3036883,sibling_median,4.0,,,0.0,0.75,0.75,2,4.0,3.0
1000020,3036984,sibling_median,1.0,,,0.0,0.75,0.75,3,1.0,0.0
1000020,3036885,sibling_median,4.0,,,0.0,0.75,0.75,2,4.0,3.0
1000020,3036890,sibling_median,1.0,,,0.0,0.75,0.75,2,1.0,0.0
1000020,3036891,sibling_median,1.0,,,0.0,0.75,0.75,2,1.0,0.0
1000020,3036893,sibling_median,1.0,,,0.0,0.75,0.75,2,1.0,0.0
1000020,3036899,sibling_median,3.0,,,0.0,0.75,0.75,3,3.0,1.632993161855452
1000020,3036900,sibling_median,1.0,,,0.0,0.75,0.75,2,1.0,0.0
1000020,3036902,sibling_median,1.0,,,0.0,0.75,0.75,2,1.0,0.0
1000020,3036941,sibling_median,1.0,,,0.0,0.75,0.75,3,1.3333333333333333,0.4714045207910317
1000020,3036943,sibling_median,1.0,,,0.0,0.75,0.75,3,1.3333333333333333,0.4714045207910317
1000020,3036959,sibling_median,2.0,,,0.0,0.75,0.75,3,2.3333333333333335,1.247219128924647
1000020,3036960,sibling_median,2.0,,,0.0,0.75,0.75,3,2.3333333333333335,1.247219128924647
1000020,3036961,sibling_median,2.0,,,0.0,0.75,0.75,3,2.3333333333333335,1.247219128924647
1000020,3036971,sibling_median,1.0,,,0.0,0.75,0.75,2,1.0,0.0
1000020,3036980,sibling_median,1.0,,,0.0,0.75,0.75,3,1.0,0.0
1000020,3002677,sibling_median,2.0,,,0.0,0.75,0.75,4,2.25,1.299038105676658
1000020,3002678,sibling_median,2.0,,,0.0,0.75,0.75,4,2.25,1.299038105676658
1000020,3036982,sibling_median,1.0,,,0.0,0.75,0.75,3,1.0,0.0
1000020,3036983,sibling_median,1.0,,,0.0,0.75,0.75,3,1.0,0.0
1000020,3002693,sibling_median,1.0,,,0.0,0.75,0.75,2,1.0,0.0
1000020,3002695,sibling_median,1.0,,,0.0,0.75,0.75,2,1.0,0.0
1000020,3002696,sibling_median,1.0,,,0.0,0.75,0.75,2,1.0,0.0
1000020,3002697,sibling_median,1.0,,,0.0,0.75,0.75,2,1.0,0.0
1000020,3002710,sibling_median,4.0,,,0.0,0.75,0.75,2,4.0,1.0
1000020,3002714,sibling_median,1.5,,,0.0,0.75,0.75,6,2.0,1.1547005383792515
1000020,3002735,sibling_median,1.5,,,0.0,0.75,0.75,2,1.5,0.5
1000020,3002736,sibling_median,1.5,,,0.0,0.75,0.75,2,1.5,0.5
1000020,3002737,sibling_median,1.5,,,0.0,0.75,0.75,2,1.5,0.5
1000020,3002739,sibling_median,1.5,,,0.0,0.75,0.75,2,1.5,0.5
1000020,3002747,sibling_median,1.0,,,0.0,0.75,0.75,3,1.0,0.0
1000020,3002749,sibling_median,3.0,,,0.0,0.75,0.75,3,3.3333333333333335,2.0548046676563256
1000020,3002752,sibling_median,1.5,,,0.0,0.75,0.75,4,1.75,0.82915619758885
1000020,3002763,sibling_median,1.0,,,0.0,0.75,0.75,2,1.0,0.0
1000020,3002765,sibling_median,1.0,,,0.0,0.75,0.75,2,1.0,0.0
1000023,3004853,sibling_median,3.5,,,0.0,0.65,0.65,6,18518522.166666668,41408666.80487226
1000023,3004854,sibling_median,3.5,,,0.0,0.65,0.65,6,18518522.166666668,41408666.80487226
1000023,3004855,sibling_median,3.5,,,0.0,0.65,0.65,6,18518522.166666668,41408666.80487226
1000023,3004856,sibling_median,3.5,,,0.0,0.65,0.65,6,18518522.166666668,41408666.80487226
1000023,3004858,sibling_median,3.5,,,0.0,0.65,0.65,6,18518522.166666668,41408666.80487226
1000023,3004859,sibling_median,3.5,,,0.0,0.65,0.65,6,18518522.166666668,41408666.80487226
1000023,3004860,sibling_median,3.5,,,0.0,0.65,0.65,6,18518522.166666668,41408666.80487226
1000023,3004861,sibling_median,3.5,,,0.0,0.65,0.65,6,18518522.166666668,41408666.80487226
1000023,3004864,sibling_median,3.5,,,0.0,0.65,0.65,6,18518522.166666668,41408666.80487226
1000023,3004866,sibling_median,3.5,,,0.0,0.65,0.65,6,18518522.166666668,41408666.80487226
1000023,3004867,sibling_median,7.0,,,0.0,0.65,0.65,11,1032346.8181818182,3187491.8991561895
1000023,3004868,sibling_median,7.0,,,0.0,0.65,0.65,11,1032346.8181818182,3187491.8991561895
1000023,3004869,sibling_median,7.0,,,0.0,0.65,0.65,11,1032346.8181818182,3187491.8991561895
1000023,3004870,sibling_median,7.0,,,0.0,0.65,0.65,11,1032346.8181818182,3187491.8991561895
1000023,3004873,sibling_median,7.0,,,0.0,0.65,0.65,11,1032346.8181818182,3187491.8991561895
1000023,3004874,sibling_median,7.0,,,0.0,0.65,0.65,11,1032346.8181818182,3187491.8991561895
1000023,3004876,sibling_median,7.0,,,0.0,0.65,0.65,11,1032346.8181818182,3187491.8991561895
1000023,3004877,sibling_median,7.0,,,0.0,0.65,0.65,11,1032346.8181818182,3187491.8991561895
1000023,3004882,sibling_median,7.0,,,0.0,0.65,0.65,11,1032346.8181818182,3187491.8991561895
1000024,3004313,sibling_median,2.0,,,0.0,0.75,0.75,3,2.3333333333333335,1.247219128924647
1000024,3004314,sibling_median,2.0,,,0.0,0.75,0.75,3,2.3333333333333335,1.247219128924647
1000024,3004315,sibling_median,2.0,,,0.0,0.75,0.75,3,2.3333333333333335,1.247219128924647
1000025,3004024,sibling_median,1.0,,,0.0,0.75,0.75,7,1.7142857142857142,1.3850513878332367
1000025,3004029,sibling_median,1.0,,,0.0,0.75,0.75,7,1.7142857142857142,1.3850513878332367
1000025,3004044,sibling_median,1.5,,,0.0,0.75,0.75,6,2.0,1.1547005383792515
1000025,3004045,sibling_median,1.5,,,0.0,0.75,0.75,6,2.0,1.1547005383792515
1000025,3004052,sibling_median,1.5,,,0.0,0.75,0.75,6,2.0,1.1547005383792515
1000025,3004064,sibling_median,1.5,,,0.0,0.75,0.75,6,1.6666666666666667,0.7453559924999299
1000025,3004066,sibling_median,1.5,,,0.0,0.75,0.75,6,1.6666666666666667,0.7453559924999299
1000025,3004069,sibling_median,1.5,,,0.0,0.75,0.75,6,1.6666666666666667,0.7453559924999299
1000025,3004099,sibling_median,1.0,,,0.0,0.75,0.75,4,2.25,2.165063509461097
1000025,3004102,sibling_median,1.0,,,0.0,0.75,0.75,4,2.25,2.165063509461097
1000025,3004104,sibling_median,1.0,,,0.0,0.75,0.75,4,2.25,2.165063509461097
1000025,3004105,sibling_median,1.0,,,0.0,0.75,0.75,4,2.25,2.165063509461097
1000025,3004107,sibling_median,1.0,,,0.0,0.75,0.75,4,2.25,2.165063509461097
1000025,3004114,sibling_median,2.0,,,0.0,0.75,0.75,5,2.0,1.0954451150103321
1000025,3004116,sibling_median,2.0,,,0.0,0.75,0.75,5,2.0,1.0954451150103321
1000025,3004117,sibling_median,2.0,,,0.0,0.75,0.75,5,2.0,1.0954451150103321
1000025,3004119,sibling_median,2.0,,,0.0,0.75,0.75,5,2.0,1.0954451150103321
1000025,3004144,sibling_median,3.0,,,0.0,0.75,0.75,4,3.0,2.0
1000025,3004147,sibling_median,3.0,,,0.0,0.75,0.75,4,3.0,2.0
1000025,3004149,sibling_median,3.0,,,0.0,0.75,0.75,4,3.0,2.0
1000025,3004151,sibling_median,3.0,,,0.0,0.75,0.75,4,3.0,2.0
1000025,3004159,sibling_median,2.5,,,0.0,0.75,0.75,4,2.75,1.479019945774904
1000025,3004161,sibling_median,2.5,,,0.0,0.75,0.75,4,2.75,1.479019945774904
1000025,3004164,sibling_median,2.5,,,0.0,0.75,0.75,4,2.75,1.479019945774904
1000025,3004165,sibling_median,2.5,,,0.0,0.75,0.75,4,2.75,1.479019945774904
1000025,3004166,sibling_median,2.5,,,0.0,0.75,0.75,4,2.75,1.479019945774904
1000025,3004187,sibling_median,1.0,,,0.0,0.75,0.75,5,2.4,1.7435595774162693
1000025,3004188,sibling_median,1.0,,,0.0,0.75,0.75,5,2.4,1.7435595774162693
1000025,3004190,sibling_median,1.0,,,0.0,0.75,0.75,5,2.4,1.7435595774162693
1000025,3004195,sibling_median,1.0,,,0.0,0.75,0.75,5,2.4,1.7435595774162693
1000025,3004206,sibling_median,1.5,,,0.0,0.75,0.75,6,2.1666666666666665,1.4624940645653537
1000025,3004207,sibling_median,1.5,,,0.0,0.75,0.75,6,2.1666666666666665,1.4624940645653537
1000025,3004208,sibling_median,1.5,,,0.0,0.75,0.75,6,2.1666666666666665,1.4624940645653537
1000025,3004222,sibling_median,1.0,,,0.0,0.65,0.65,8,140.75,366.7242663091713
1000025,3004234,sibling_median,1.0,,,0.0,0.75,0.75,3,2.3333333333333335,1.8856180831641267
1000025,3004235,sibling_median,1.0,,,0.0,0.75,0.75,3,2.3333333333333335,1.8856180831641267
1000025,3004236,sibling_median,1.0,,,0.0,0.75,0.75,3,2.3333333333333335,1.8856180831641267
1000025,3004239,sibling_median,1.0,,,0.0,0.75,0.75,3,2.3333333333333335,1.8856180831641267
1000025,3004240,sibling_median,1.0,,,0.0,0.75,0.75,3,2.3333333333333335,1.8856180831641267
1000025,3004242,sibling_median,1.0,,,0.0,0.75,0.75,3,2.3333333333333335,1.8856180831641267
1000025,3004249,sibling_median,1.0,,,0.0,0.75,0.75,4,1.5,0.8660254037844386
1000025,3004251,sibling_median,1.0,,,0.0,0.75,0.75,4,1.5,0.8660254037844386
1000025,3004252,sibling_median,1.0,,,0.0,0.75,0.75,4,1.5,0.8660254037844386
1000025,3004253,sibling_median,1.0,,,0.0,0.75,0.75,4,1.5,0.8660254037844386
1000025,3004254,sibling_median,1.0,,,0.0,0.75,0.75,4,1.5,0.8660254037844386
1000025,3004268,sibling_median,2.0,,,0.0,0.75,0.75,3,2.0,0.816496580927726
1000025,3004269,sibling_median,2.0,,,0.0,0.75,0.75,3,2.0,0.816496580927726
1000025,3004270,sibling_median,2.0,,,0.0,0.75,0.75,3,2.0,0.816496580927726
1000025,3004273,sibling_median,2.0,,,0.0,0.75,0.75,3,2.0,0.816496580927726
1000025,3004275,sibling_median,2.0,,,0.0,0.75,0.75,3,2.0,0.816496580927726
1000025,3004280,sibling_median,1.0,,,0.0,0.75,0.75,4,1.5,0.8660254037844386
1000025,3004282,sibling_median,1.0,,,0.0,0.75,0.75,4,1.5,0.8660254037844386
1000025,3004285,sibling_median,1.0,,,0.0,0.75,0.75,4,1.5,0.8660254037844386
1000025,3004286,sibling_median,1.0,,,0.0,0.75,0.75,4,1.5,0.8660254037844386
1000025,3004287,sibling_median,1.0,,,0.0,0.75,0.75,4,1.5,0.8660254037844386
1000025,3004301,sibling_median,3.0,,,0.0,0.75,0.75,7,4.0,3.4226138716316967
1000025,3004305,sibling_median,3.0,,,0.0,0.75,0.75,7,4.0,3.4226138716316967
1000032,3005442,sibling_median,6115.0,,,0.0,0.65,0.65,2,6115.0,4997.0
1000032,3005425,sibling_median,5565.5,,,0.0,0.65,0.65,2,5565.5,5551.5
1000032,3005394,sibling_median,8.5,,,0.0,0.75,0.75,2,8.5,6.5
1000032,3005402,sibling_median,58.0,,,0.0,0.65,0.65,2,58.0,56.0
1000032,3005405,sibling_median,58.0,,,0.0,0.65,0.65,2,58.0,56.0
1000032,3005406,sibling_median,58.0,,,0.0,0.65,0.65,2,58.0,56.0
1000061,3007368,sibling_median,55560.0,,,0.0,0.65,0.65,2,55560.0,55552.0
1000062,3007375,sibling_median,55560.0,,,0.0,0.65,0.65,2,55560.0,55552.0
1000096,3012141,sibling_median,2.0,,,0.0,0.75,0.75,3,5.0,4.96655480858378
1000096,3012301,sibling_median,7.0,,,0.0,0.75,0.75,3,10.666666666666666,8.178562764256865
1000097,3012203,sibling_median,2.0,,,0.0,0.75,0.75,5,4.0,2.756809750418044
1000101,3012533,sibling_median,23.0,,,0.0,0.65,0.65,3,45.333333333333336,47.21816976075582
1000127,3014178,sibling_median,3.0,,,0.0,0.75,0.75,2,3.0,2.0
1000140,3014810,sibling_median,5.5,,,0.0,0.75,0.75,4,5.5,2.0615528128088303
1000147,3015381,sibling_median,6114.0,,,0.0,0.65,0.65,2,6114.0,4998.0
1000201,3017896,sibling_median,563.0,,,0.0,0.65,0.65,2,563.0,560.0
1000223,3018431,sibling_median,3.5,,,0.0,0.75,0.75,2,3.5,2.5
1000227,3018464,sibling_median,1.5,,,0.0,0.75,0.75,4,1.5,0.5
1000227,3018465,sibling_median,1.5,,,0.0,0.75,0.75,4,1.5,0.5
1000227,3018469,sibling_median,3.0,,,0.0,0.75,0.75,5,4.0,2.9664793948382653
1000227,3018480,sibling_median,1.0,,,0.0,0.75,0.75,5,1.0,0.0
1000227,3018484,sibling_median,1.0,,,0.0,0.75,0.75,5,1.6,0.8
1000227,3018488,sibling_median,1.0,,,0.0,0.75,0.75,5,1.6,0.8
1000227,3018493,sibling_median,1.0,,,0.0,0.75,0.75,5,2.0,1.2649110640673518
1000238,3019461,sibling_median,6.0,,,0.0,0.75,0.75,5,6.0,3.847076812334269
1000238,3019472,sibling_median,7.0,,,0.0,0.75,0.75,3,7.0,5.715476066494082
1000238,3019506,sibling_median,1.0,,,0.0,0.75,0.75,2,1.0,0.0
1000244,3019776,sibling_median,3.0,,,0.0,0.75,0.75,2,3.0,1.0
1000244,3019765,sibling_median,1.5,,,0.0,0.75,0.75,6,1.8333333333333333,0.8975274678557508
1000244,3019770,sibling_median,1.5,,,0.0,0.75,0.75,6,1.8333333333333333,0.8975274678557508
1000270,3021128,sibling_median,9.0,,,0.0,0.75,0.75,2,9.0,6.0
1000270,3021139,sibling_median,2.0,,,0.0,0.75,0.75,2,2.0,1.0
1000271,3021275,sibling_median,3.5,,,0.0,0.75,0.75,2,3.5,1.5
1000273,3021704,sibling_median,3.0,,,0.0,0.75,0.75,2,3.0,1.0
1000275,3022094,sibling_median,1.0,,,0.0,0.75,0.75,2,1.0,0.0
1000275,3022138,sibling_median,4.5,,,0.0,0.75,0.75,2,4.5,3.5
1000279,3022340,sibling_median,2.5,,,0.0,0.75,0.75,2,2.5,1.5
1000279,3022366,sibling_median,5559.0,,,0.0,0.65,0.65,2,5559.0,5556.0
1000279,3022393,sibling_median,9.5,,,0.0,0.75,0.75,2,9.5,5.5
1000279,3022396,sibling_median,9.5,,,0.0,0.75,0.75,2,9.5,5.5
1000279,3022401,sibling_median,8.0,,,0.0,0.75,0.75,2,8.0,7.0
1000279,3030111,sibling_median,58.0,,,0.0,0.65,0.65,2,58.0,53.0
1000279,3022458,sibling_median,555558.5,,,0.0,0.65,0.65,2,555558.5,555555.5
1000279,3022459,sibling_median,555558.5,,,0.0,0.65,0.65,2,555558.5,555555.5
1000279,3022460,sibling_median,555558.5,,,0.0,0.65,0.65,2,555558.5,555555.5
1000279,3022473,sibling_median,12.0,,,0.0,0.65,0.65,3,3710.0,5233.297685653537
1000279,3022474,sibling_median,12.0,,,0.0,0.65,0.65,3,3710.0,5233.297685653537
1000279,3030164,sibling_median,5562.5,,,0.0,0.65,0.65,2,5562.5,5551.5
1000279,3030169,sibling_median,612.0,,,0.0,0.65,0.65,2,612.0,500.0
1000279,3022533,sibling_median,11.0,,,0.0,0.75,0.75,2,11.0,0.0
1000279,3022534,sibling_median,11.0,,,0.0,0.75,0.75,2,11.0,0.0
1000279,3030218,sibling_median,9.5,,,0.0,0.75,0.75,2,9.5,7.5
1000279,3030232,sibling_median,8.0,,,0.0,0.75,0.75,2,8.0,3.0
1000279,3022565,sibling_median,2.0,,,0.0,0.75,0.75,2,2.0,1.0
1000279,3022566,sibling_median,2.0,,,0.0,0.75,0.75,2,2.0,1.0
1000279,3022568,sibling_median,2.0,,,0.0,0.75,0.75,2,2.0,1.0
1000279,3022569,sibling_median,2.0,,,0.0,0.75,0.75,2,2.0,1.0
1000279,3030254,sibling_median,4.0,,,0.0,0.75,0.75,9,4.222222222222222,2.819683897877671
1000279,3022576,sibling_median,9.0,,,0.0,0.75,0.75,2,9.0,5.0
1000279,3022577,sibling_median,9.0,,,0.0,0.75,0.75,2,9.0,5.0
1000279,3022579,sibling_median,9.0,,,0.0,0.75,0.75,2,9.0,5.0
1000279,3030260,sibling_median,4.0,,,0.0,0.75,0.75,9,4.222222222222222,2.819683897877671
1000279,3030261,sibling_median,4.0,,,0.0,0.75,0.75,9,4.222222222222222,2.819683897877671
1000279,3030263,sibling_median,4.0,,,0.0,0.75,0.75,9,4.222222222222222,2.819683897877671
1000279,3022594,sibling_median,8.5,,,0.0,0.75,0.75,2,8.5,4.5
1000279,3022595,sibling_median,8.5,,,0.0,0.75,0.75,2,8.5,4.5
1000279,3022610,sibling_median,59.0,,,0.0,0.65,0.65,2,59.0,58.0
1000279,3022615,sibling_median,12.0,,,0.0,0.75,0.75,3,14.0,5.887840577551898
1000279,3022617,sibling_median,12.0,,,0.0,0.75,0.75,3,14.0,5.887840577551898
1000279,3022624,sibling_median,5557.0,,,0.0,0.65,0.65,2,5557.0,5556.0
1000279,3022625,sibling_median,5557.0,,,0.0,0.65,0.65,2,5557.0,5556.0
1000279,3022626,sibling_median,5557.0,,,0.0,0.65,0.65,2,5557.0,5556.0
1000279,3022634,sibling_median,1.5,,,0.0,0.75,0.75,2,1.5,0.5
1000279,3022637,sibling_median,4.0,,,0.0,0.75,0.75,2,4.0,1.0
1000279,3022638,sibling_median,4.0,,,0.0,0.75,0.75,2,4.0,1.0
1000279,3022640,sibling_median,4.0,,,0.0,0.75,0.75,2,4.0,1.0
1000279,3023162,sibling_median,117.0,,,0.0,0.65,0.65,5,492.6,555.2327800121315
1000279,3022652,sibling_median,6111168.5,,,0.0,0.65,0.65,2,6111168.5,4999944.5
1000279,3022658,sibling_median,615.5,,,0.0,0.65,0.65,2,615.5,609.5
1000279,3022662,sibling_median,5616.5,,,0.0,0.65,0.65,2,5616.5,5500.5
1000279,3023174,sibling_median,111.0,,,0.0,0.65,0.65,9,1358175.4444444445,3465540.033345424
1000279,3023192,sibling_median,1111.0,,,0.0,0.65,0.65,3,3704113.0,5237542.065448066
1000279,3023196,sibling_median,10.0,,,0.0,0.75,0.75,2,10.0,2.0
1000279,3023199,sibling_median,10.0,,,0.0,0.75,0.75,2,10.0,2.0
1000279,3022694,sibling_median,2.5,,,0.0,0.75,0.75,2,2.5,1.5
1000279,3022695,sibling_median,2.5,,,0.0,0.75,0.75,2,2.5,1.5
1000279,3022698,sibling_median,5557.0,,,0.0,0.65,0.65,2,5557.0,5554.0
1000279,3022699,sibling_median,5557.0,,,0.0,0.65,0.65,2,5557.0,5554.0
1000279,3022700,sibling_median,5557.0,,,0.0,0.65,0.65,2,5557.0,5554.0
1000279,3022703,sibling_median,5557.0,,,0.0,0.65,0.65,2,5557.0,5554.0
1000279,3022704,sibling_median,5.0,,,0.0,0.65,0.65,3,3706.3333333333335,5237.304480572256
1000279,3022705,sibling_median,5.0,,,0.0,0.65,0.65,3,3706.3333333333335,5237.304480572256
1000279,3022710,sibling_median,3.0,,,0.0,0.65,0.65,5,25.4,44.85353943670443
1000279,3023221,sibling_median,6.0,,,0.0,0.65,0.65,4,281.25,479.6401646025904
1000279,3022715,sibling_median,11.0,,,0.0,0.65,0.65,3,3710.0,5234.004649087224
1000279,3023234,sibling_median,5555615.5,,,0.0,0.65,0.65,2,5555615.5,5555497.5
1000279,3022737,sibling_median,2.0,,,0.0,0.65,0.65,5,24.8,43.17128675404522
1000279,3023276,sibling_median,556.0,,,0.0,0.65,0.65,2,556.0,555.0
1000279,3023277,sibling_median,556.0,,,0.0,0.65,0.65,2,556.0,555.0
1000279,3023286,sibling_median,12.0,,,0.0,0.65,0.65,3,42.0,48.92851929090027
1000279,3022285,sibling_median,3.5,,,0.0,0.75,0.75,2,3.5,1.5
1000279,3022286,sibling_median,3.5,,,0.0,0.75,0.75,2,3.5,1.5
1000280,3022975,sibling_median,3.0,,,0.0,0.75,0.75,2,3.0,1.0
1000280,3041417,sibling_median,6.0,,,0.0,0.75,0.75,3,7.333333333333333,4.189935029992179
1000280,3022964,sibling_median,11111113.0,,,0.0,0.65,0.65,3,40740782.0,49965669.24831289
1000292,3024387,sibling_median,2.0,,,0.0,0.75,0.75,5,2.2,0.7483314773547882
1000292,3024394,sibling_median,2.0,,,0.0,0.75,0.75,6,1.6666666666666667,0.4714045207910317
1000292,3024396,sibling_median,1.0,,,0.0,0.75,0.75,5,1.6,0.8
1000292,3024405,sibling_median,2.0,,,0.0,0.75,0.75,4,2.25,0.4330127018922193
1000292,3024442,sibling_median,1.0,,,0.0,0.65,0.65,6,186.16666666666666,413.59820142527485
1000292,3024454,sibling_median,1.0,,,0.0,0.65,0.65,3,41.0,56.568542494923804
1000292,3024462,sibling_median,1.0,,,0.0,0.75,0.75,7,2.4285714285714284,2.3819045715047236
1000292,3024475,sibling_median,3.0,,,0.0,0.75,0.75,3,5.0,4.320493798938574
1000292,3024482,sibling_median,1.0,,,0.0,0.75,0.75,6,1.3333333333333333,0.4714045207910317
1000292,3024521,sibling_median,1.5,,,0.0,0.75,0.75,4,3.75,4.205650960315181
1000292,3024537,sibling_median,4.0,,,0.0,0.75,0.75,6,5.0,3.7859388972001824
1000292,3024538,sibling_median,4.0,,,0.0,0.75,0.75,6,5.0,3.7859388972001824
1000292,3024552,sibling_median,3.0,,,0.0,0.65,0.65,5,24.2,43.402304086303985
1000292,3024557,sibling_median,3.0,,,0.0,0.65,0.65,5,24.2,43.402304086303985
1000292,3024559,sibling_median,11.0,,,0.0,0.65,0.65,8,2784.5,4807.308914559163
1000292,3024568,sibling_median,4.0,,,0.0,0.75,0.75,5,4.0,1.6733200530681511
1000292,3024569,sibling_median,4.0,,,0.0,0.75,0.75,5,4.0,1.6733200530681511
1000292,3024590,sibling_median,4.0,,,0.0,0.75,0.75,9,5.666666666666667,3.1269438398822866
1000292,3024597,sibling_median,3.5,,,0.0,0.75,0.75,6,3.8333333333333335,2.266911751455907
1000292,3024599,sibling_median,3.5,,,0.0,0.75,0.75,6,3.8333333333333335,2.266911751455907
1000292,3024617,sibling_median,4.0,,,0.0,0.75,0.75,7,3.0,1.1952286093343936
1000292,3024620,sibling_median,4.0,,,0.0,0.75,0.75,3,5.0,1.4142135623730951
1000292,3024621,sibling_median,4.0,,,0.0,0.75,0.75,3,5.0,1.4142135623730951
1000292,3024623,sibling_median,4.0,,,0.0,0.75,0.75,3,5.0,1.4142135623730951
1000292,3024624,sibling_median,4.0,,,0.0,0.75,0.75,3,5.0,1.4142135623730951
1000292,3024625,sibling_median,4.0,,,0.0,0.75,0.75,3,5.0,1.4142135623730951
1000292,3024628,sibling_median,19.5,,,0.0,0.75,0.75,2,19.5,8.5
1000292,3024629,sibling_median,19.5,,,0.0,0.75,0.75,2,19.5,8.5
1000292,3024630,sibling_median,19.5,,,0.0,0.75,0.75,2,19.5,8.5
1000292,3024644,sibling_median,3.0,,,0.0,0.75,0.75,3,3.3333333333333335,1.247219128924647
1000292,3024659,sibling_median,4.0,,,0.0,0.65,0.65,4,20.75,30.768287245149022
1000292,3024668,sibling_median,3.0,,,0.0,0.75,0.75,3,3.3333333333333335,1.247219128924647
1000292,3024670,sibling_median,3.0,,,0.0,0.75,0.75,3,3.3333333333333335,1.247219128924647
1000292,3024674,sibling_median,2.0,,,0.0,0.75,0.75,3,4.666666666666667,4.496912521077347
1000292,3024686,sibling_median,16.5,,,0.0,0.75,0.75,2,16.5,4.5
1000292,3024697,sibling_median,1.5,,,0.0,0.75,0.75,2,1.5,0.5
1000292,3024717,sibling_median,1.5,,,0.0,0.75,0.75,4,1.75,0.82915619758885
1000292,3024727,sibling_median,1062.0,,,0.0,0.65,0.65,2,1062.0,1059.0
1000292,3024736,sibling_median,3.0,,,0.0,0.75,0.75,4,7.0,8.154753215150045
1000292,3024738,sibling_median,3.0,,,0.0,0.75,0.75,4,7.0,8.154753215150045
1000292,3024743,sibling_median,1.5,,,0.0,0.75,0.75,6,1.5,0.5
1000292,3024750,sibling_median,2.0,,,0.0,0.75,0.75,4,4.25,4.493050188902857
1000292,3024755,sibling_median,2.0,,,0.0,0.75,0.75,4,6.5,8.381527307120106
1000292,3024277,sibling_median,1.0,,,0.0,0.75,0.75,3,3.0,2.8284271247461903
1000292,3024278,sibling_median,1.0,,,0.0,0.75,0.75,3,3.0,2.8284271247461903
1000292,3024280,sibling_median,1.0,,,0.0,0.75,0.75,3,3.0,2.8284271247461903
1000292,3024282,sibling_median,7.0,,,0.0,0.65,0.65,3,37040.666666666664,52376.34211698594
1000292,3024285,sibling_median,7.0,,,0.0,0.65,0.65,3,37040.666666666664,52376.34211698594
1000292,3024288,sibling_median,7.0,,,0.0,0.65,0.65,8,156.875,362.70560979256993
1000292,3024307,sibling_median,7.0,,,0.0,0.65,0.65,8,1394.375,3672.5400589203923
1000292,3024314,sibling_median,6.5,,,0.0,0.75,0.75,6,6.666666666666667,2.494438257849294
1000292,3024316,sibling_median,6.5,,,0.0,0.75,0.75,6,6.666666666666667,2.494438257849294
1000292,3024381,sibling_median,1.5,,,0.0,0.75,0.75,6,1.5,0.5
1000293,3025024,sibling_median,2.0,,,0.0,0.75,0.75,3,2.0,0.816496580927726
1000293,3025030,sibling_median,4.0,,,0.0,0.75,0.75,3,3.6666666666666665,0.4714045207910317
1000293,3025052,sibling_median,4.0,,,0.0,0.75,0.75,3,4.333333333333333,0.4714045207910317
1000293,3025069,sibling_median,5.0,,,0.0,0.75,0.75,2,5.0,2.0
1000293,3025080,sibling_median,5.0,,,0.0,0.75,0.75,2,5.0,1.0
1000293,3025085,sibling_median,7.0,,,0.0,0.65,0.65,3,37041.333333333336,52378.699171408305
1000293,3024958,sibling_median,5.0,,,0.0,0.75,0.75,3,6.0,4.546060565661952
1000293,3025093,sibling_median,3.5,,,0.0,0.75,0.75,2,3.5,1.5
1000293,3025098,sibling_median,6.0,,,0.0,0.75,0.75,3,4.666666666666667,2.6246692913372702
1000293,3024975,sibling_median,5.0,,,0.0,0.75,0.75,3,4.0,1.4142135623730951
1000293,3024976,sibling_median,2.0,,,0.0,0.75,0.75,3,2.3333333333333335,1.247219128924647
1000293,3024980,sibling_median,2.0,,,0.0,0.75,0.75,3,2.3333333333333335,1.247219128924647
1000293,3024984,sibling_median,1.0,,,0.0,0.75,0.75,3,3.3333333333333335,3.2998316455372216
1000293,3024985,sibling_median,1.0,,,0.0,0.75,0.75,3,3.3333333333333335,3.2998316455372216
1000293,3024989,sibling_median,2.0,,,0.0,0.75,0.75,2,2.0,1.0
1000293,3024995,sibling_median,7.0,,,0.0,0.75,0.75,3,6.333333333333333,2.494438257849294
1000293,3025002,sibling_median,1.0,,,0.0,0.75,0.75,4,1.5,0.8660254037844386
1000293,3025004,sibling_median,1.0,,,0.0,0.75,0.75,4,1.5,0.8660254037844386
1000293,3025007,sibling_median,6.5,,,0.0,0.75,0.75,2,6.5,4.5
1000293,3025014,sibling_median,5.0,,,0.0,0.75,0.75,2,5.0,3.0
1000295,3025162,sibling_median,1.0,,,0.0,0.75,0.75,3,1.3333333333333333,0.4714045207910317
1000295,3025171,sibling_median,3.0,,,0.0,0.75,0.75,9,2.888888888888889,1.5947444549341472
1000298,3025413,sibling_median,9.0,,,0.0,0.65,0.65,4,282.5,478.3505513741988
1000298,3025305,sibling_median,1.0,,,0.0,0.75,0.75,3,4.333333333333333,4.714045207910317
1000298,3025434,sibling_median,111.0,,,0.0,0.65,0.65,3,37078.0,52357.033764974374
1000298,3025433,sibling_median,6.0,,,0.0,0.65,0.65,4,31.0,46.36809247747852
1000298,3025439,sibling_median,61.0,,,0.0,0.65,0.65,2,61.0,50.0
1000298,3025444,sibling_median,11.0,,,0.0,0.65,0.65,3,41.0,49.6655480858378
1000298,3025319,sibling_median,1.0,,,0.0,0.75,0.75,3,4.333333333333333,4.714045207910317
1000298,3025449,sibling_median,61.5,,,0.0,0.65,0.65,4,2808.75,4793.497698706029
1000298,3025323,sibling_median,1.0,,,0.0,0.75,0.75,3,1.0,0.0
1000298,3025326,sibling_median,111.0,,,0.0,0.65,0.65,3,3741.6666666666665,5211.0921013631005
1000298,3025456,sibling_median,61.0,,,0.0,0.65,0.65,2,61.0,50.0
1000298,3025329,sibling_median,111.0,,,0.0,0.65,0.65,3,3741.6666666666665,5211.0921013631005
1000298,3025331,sibling_median,111.0,,,0.0,0.65,0.65,3,3741.6666666666665,5211.0921013631005
1000298,3025343,sibling_median,3.0,,,0.0,0.65,0.65,5,25.8,42.73827324541786
1000298,3025476,sibling_median,1.5,,,0.0,0.75,0.75,4,3.75,4.205650960315181
1000298,3025353,sibling_median,1.0,,,0.0,0.75,0.75,5,3.0,4.0
1000298,3025483,sibling_median,2.0,,,0.0,0.75,0.75,4,4.0,4.123105625617661
1000298,3025488,sibling_median,6.5,,,0.0,0.65,0.65,4,281.25,479.07221532875394
1000298,3025363,sibling_median,1.0,,,0.0,0.75,0.75,3,1.0,0.0
1000298,3025365,sibling_median,5557.0,,,0.0,0.65,0.65,4,5556.75,5554.250011252644
1000298,3025494,sibling_median,1.0,,,0.0,0.65,0.65,5,2225.0,4443.001688048295
1000298,3025390,sibling_median,111.0,,,0.0,0.65,0.65,3,37075.333333333336,52351.140174360626
1000298,3025397,sibling_median,1.0,,,0.0,0.75,0.75,3,4.333333333333333,4.714045207910317
1000298,3025404,sibling_median,6.5,,,0.0,0.75,0.75,2,6.5,4.5
1000298,3025407,sibling_median,1.0,,,0.0,0.75,0.75,2,1.0,0.0
1000299,3025569,sibling_median,111.0,,,0.0,0.65,0.65,5,22270.0,44420.5256880195
1000299,3025570,sibling_median,111.0,,,0.0,0.65,0.65,5,22270.0,44420.5256880195
1000299,3025582,sibling_median,222.0,,,0.0,0.65,0.65,5,222491.2,444310.0871375306
1000299,3025586,sibling_median,222.0,,,0.0,0.65,0.65,5,222491.2,444310.0871375306
1000299,3025598,sibling_median,1.0,,,0.0,0.65,0.65,4,28.5,47.63139720814412
1000299,3025599,sibling_median,1.0,,,0.0,0.65,0.65,4,28.5,47.63139720814412
1000299,3025600,sibling_median,1.0,,,0.0,0.65,0.65,4,28.5,47.63139720814412
1000299,3025603,sibling_median,6.0,,,0.0,0.75,0.75,2,6.0,5.0
1000299,3025604,sibling_median,6.0,,,0.0,0.75,0.75,2,6.0,5.0
1000299,3025609,sibling_median,3.0,,,0.0,0.65,0.65,7,1587462.857142857,3888013.5003318833
1000299,3025638,sibling_median,11.0,,,0.0,0.65,0.65,8,139046.125,367406.20383828494
1000299,3025670,sibling_median,1.0,,,0.0,0.75,0.75,5,3.8,3.919183588453085
1000299,3025676,sibling_median,1.0,,,0.0,0.75,0.75,5,3.8,3.919183588453085
1000299,3025678,sibling_median,558.0,,,0.0,0.65,0.65,4,3057.0,4671.928723771372
1000299,3025691,sibling_median,2.0,,,0.0,0.65,0.65,5,2225.6,4442.702312782165
1000299,3025694,sibling_median,2.0,,,0.0,0.65,0.65,5,2225.6,4442.702312782165
1000299,3025718,sibling_median,556118.0,,,0.0,0.65,0.65,4,3055866.75,4672743.637776439
1000299,3025719,sibling_median,556118.0,,,0.0,0.65,0.65,4,3055866.75,4672743.637776439
1000299,3025720,sibling_median,556118.0,,,0.0,0.65,0.65,4,3055866.75,4672743.637776439
1000301,3025932,sibling_median,6112.0,,,0.0,0.65,0.65,2,6112.0,5000.0
1000314,3026801,sibling_median,9.5,,,0.0,0.65,0.65,10,30.3,46.711989895528966
1000316,3026966,sibling_median,5.0,,,0.0,0.75,0.75,5,6.0,4.2895221179054435
1000316,3026972,sibling_median,1.0,,,0.0,0.75,0.75,5,1.6,1.2000000000000002
1000316,3026979,sibling_median,11.0,,,0.0,0.75,0.75,3,9.0,5.0990195135927845
1000316,3026984,sibling_median,3.0,,,0.0,0.75,0.75,3,3.0,0.816496580927726
1000316,3027017,sibling_median,3.0,,,0.0,0.75,0.75,4,3.25,0.4330127018922193
1000316,3027025,sibling_median,1.0,,,0.0,0.75,0.75,3,2.6666666666666665,2.3570226039551585
1000316,3027028,sibling_median,1.0,,,0.0,0.75,0.75,3,2.6666666666666665,2.3570226039551585
1000317,3027072,sibling_median,1.0,,,0.0,0.75,0.75,4,3.5,4.330127018922194
1000317,3027044,sibling_median,1.0,,,0.0,0.75,0.75,2,1.0,0.0
1000317,3027045,sibling_median,1.0,,,0.0,0.75,0.75,2,1.0,0.0
1000317,3027046,sibling_median,1.0,,,0.0,0.75,0.75,2,1.0,0.0
1000317,3027077,sibling_median,1.0,,,0.0,0.75,0.75,4,3.5,4.330127018922194
1000317,3027049,sibling_median,1.0,,,0.0,0.75,0.75,2,1.0,0.0
1000317,3027083,sibling_median,2.0,,,0.0,0.75,0.75,5,4.0,3.794733192202055
1000317,3027084,sibling_median,1.0,,,0.0,0.75,0.75,5,3.0,4.0
1000317,3027055,sibling_median,2.0,,,0.0,0.75,0.75,5,4.0,3.794733192202055
1000317,3027061,sibling_median,1.0,,,0.0,0.65,0.65,5,223.0,444.0
1000317,3027064,sibling_median,6.5,,,0.0,0.75,0.75,2,6.5,4.5
1000317,3027065,sibling_median,6.5,,,0.0,0.75,0.75,2,6.5,4.5
1000317,3027066,sibling_median,6.5,,,0.0,0.75,0.75,2,6.5,4.5
1000317,3027068,sibling_median,1.0,,,0.0,0.75,0.75,3,1.0,0.0
1000317,3027071,sibling_median,1.0,,,0.0,0.75,0.75,3,1.0,0.0
1000319,3027129,sibling_median,556.0,,,0.0,0.65,0.65,2,556.0,555.0
1000321,3028185,sibling_median,1.5,,,0.0,0.75,0.75,2,1.5,0.5
1000321,3027466,sibling_median,2.0,,,0.0,0.75,0.75,7,1.5714285714285714,0.4948716593053935
1000321,3027494,sibling_median,1.5,,,0.0,0.75,0.75,4,1.5,0.5
1000321,3027495,sibling_median,1.5,,,0.0,0.75,0.75,4,1.5,0.5
1000321,3027498,sibling_median,1.5,,,0.0,0.75,0.75,4,1.5,0.5
1000321,3027500,sibling_median,1.5,,,0.0,0.75,0.75,4,1.5,0.5
1000321,3027501,sibling_median,1.0,,,0.0,0.75,0.75,3,1.0,0.0
1000321,3027504,sibling_median,1.0,,,0.0,0.75,0.75,3,1.0,0.0
1000321,3027505,sibling_median,1.0,,,0.0,0.75,0.75,3,1.0,0.0
1000321,3027507,sibling_median,1.0,,,0.0,0.75,0.75,3,1.0,0.0
1000321,3027508,sibling_median,1.0,,,0.0,0.75,0.75,3,1.0,0.0
1000321,3027576,sibling_median,1.0,,,0.0,0.75,0.75,2,1.0,0.0
1000321,3027577,sibling_median,1.0,,,0.0,0.75,0.75,2,1.0,0.0
1000321,3027578,sibling_median,1.0,,,0.0,0.75,0.75,2,1.0,0.0
1000321,3027579,sibling_median,1.0,,,0.0,0.75,0.75,2,1.0,0.0
1000321,3027580,sibling_median,1.0,,,0.0,0.75,0.75,2,1.0,0.0
1000321,3027581,sibling_median,1.0,,,0.0,0.75,0.75,2,1.0,0.0
1000321,3027641,sibling_median,1.0,,,0.0,0.75,0.75,3,1.0,0.0
1000321,3027642,sibling_median,1.0,,,0.0,0.75,0.75,3,1.0,0.0
1000321,3027643,sibling_median,1.0,,,0.0,0.75,0.75,3,1.0,0.0
1000321,3027646,sibling_median,1.0,,,0.0,0.75,0.75,3,1.0,0.0
1000321,3027647,sibling_median,1.0,,,0.0,0.75,0.75,3,1.0,0.0
1000321,3027649,sibling_median,1.0,,,0.0,0.75,0.75,3,1.0,0.0
1000321,3027651,sibling_median,1.0,,,0.0,0.75,0.75,3,1.0,0.0
1000321,3027652,sibling_median,1.0,,,0.0,0.75,0.75,3,1.0,0.0
1000321,3027654,sibling_median,1.0,,,0.0,0.75,0.75,3,1.0,0.0
1000321,3027656,sibling_median,1.0,,,0.0,0.75,0.75,3,1.0,0.0
1000321,3027748,sibling_median,1.0,,,0.0,0.75,0.75,4,1.0,0.0
1000321,3027752,sibling_median,1.0,,,0.0,0.75,0.75,4,1.0,0.0
1000321,3027753,sibling_median,1.0,,,0.0,0.75,0.75,4,1.0,0.0
1000321,3027754,sibling_median,1.0,,,0.0,0.75,0.75,4,1.0,0.0
1000321,3027763,sibling_median,3.0,,,0.0,0.75,0.75,6,2.6666666666666665,1.247219128924647
1000321,3027764,sibling_median,3.0,,,0.0,0.75,0.75,6,2.6666666666666665,1.247219128924647
1000321,3027798,sibling_median,2.0,,,0.0,0.75,0.75,4,2.0,1.0
1000321,3027801,sibling_median,2.0,,,0.0,0.75,0.75,4,2.0,1.0
1000321,3027802,sibling_median,2.0,,,0.0,0.75,0.75,4,2.0,1.0
1000321,3027803,sibling_median,2.0,,,0.0,0.75,0.75,4,2.0,1.0
1000321,3029895,sibling_median,1.0,,,0.0,0.75,0.75,2,1.0,0.0
1000321,3029896,sibling_median,1.0,,,0.0,0.75,0.75,2,1.0,0.0
1000321,3029897,sibling_median,1.0,,,0.0,0.75,0.75,2,1.0,0.0
1000321,3029898,sibling_median,1.0,,,0.0,0.75,0.75,2,1.0,0.0
1000321,3029944,sibling_median,1.0,,,0.0,0.75,0.75,2,1.0,0.0
1000321,3029945,sibling_median,1.0,,,0.0,0.75,0.75,2,1.0,0.0
1000321,3029952,sibling_median,2.0,,,0.0,0.75,0.75,6,2.0,0.0
1000321,3029946,sibling_median,1.0,,,0.0,0.75,0.75,2,1.0,0.0
1000321,3029954,sibling_median,2.0,,,0.0,0.75,0.75,6,2.0,0.0
1000321,3029982,sibling_median,1.5,,,0.0,0.75,0.75,2,1.5,0.5
1000321,3029983,sibling_median,1.5,,,0.0,0.75,0.75,2,1.5,0.5
1000321,3029984,sibling_median,1.5,,,0.0,0.75,0.75,2,1.5,0.5
1000321,3030008,sibling_median,1.0,,,0.0,0.75,0.75,2,1.0,0.0
1000321,3030009,sibling_median,1.0,,,0.0,0.75,0.75,2,1.0,0.0
1000321,3030010,sibling_median,1.0,,,0.0,0.75,0.75,2,1.0,0.0
1000321,3030011,sibling_median,1.0,,,0.0,0.75,0.75,2,1.0,0.0
1000321,3028035,sibling_median,4.0,,,0.0,0.75,0.75,7,5.857142857142857,4.189393799604337
1000321,3029947,sibling_median,1.0,,,0.0,0.75,0.75,2,1.0,0.0
1000321,3029948,sibling_median,1.0,,,0.0,0.75,0.75,2,1.0,0.0
1000321,3029949,sibling_median,1.0,,,0.0,0.75,0.75,2,1.0,0.0
1000321,3028115,sibling_median,1.0,,,0.0,0.75,0.75,4,1.25,0.4330127018922193
1000321,3028116,sibling_median,1.0,,,0.0,0.75,0.75,4,1.25,0.4330127018922193
1000321,3028117,sibling_median,1.0,,,0.0,0.75,0.75,4,1.25,0.4330127018922193
1000321,3028119,sibling_median,1.0,,,0.0,0.75,0.75,4,1.25,0.4330127018922193
1000321,3028120,sibling_median,1.5,,,0.0,0.75,0.75,2,1.5,0.5
1000321,3028121,sibling_median,1.5,,,0.0,0.75,0.75,2,1.5,0.5
1000321,3028122,sibling_median,1.5,,,0.0,0.75,0.75,2,1.5,0.5
1000321,3028125,sibling_median,1.5,,,0.0,0.75,0.75,2,1.5,0.5
1000321,3028126,sibling_median,1.5,,,0.0,0.75,0.75,2,1.5,0.5
1000321,3028127,sibling_median,1.5,,,0.0,0.75,0.75,2,1.5,0.5
1000321,3028146,sibling_median,1.5,,,0.0,0.75,0.75,6,2.3333333333333335,1.5986105077709065
1000321,3028152,sibling_median,1.5,,,0.0,0.75,0.75,6,2.3333333333333335,1.5986105077709065
1000321,3028161,sibling_median,1.0,,,0.0,0.75,0.75,4,1.25,0.4330127018922193
1000321,3028162,sibling_median,1.0,,,0.0,0.75,0.75,4,1.25,0.4330127018922193
1000321,3028165,sibling_median,1.0,,,0.0,0.75,0.75,4,1.25,0.4330127018922193
1000321,3028166,sibling_median,1.0,,,0.0,0.75,0.75,4,1.25,0.4330127018922193
1000321,3028172,sibling_median,1.0,,,0.0,0.75,0.75,3,2.0,1.4142135623730951
1000321,3028173,sibling_median,1.0,,,0.0,0.75,0.75,3,2.0,1.4142135623730951
1000321,3028174,sibling_median,1.0,,,0.0,0.75,0.75,3,2.0,1.4142135623730951
1000321,3028175,sibling_median,1.0,,,0.0,0.75,0.75,3,2.0,1.4142135623730951
1000321,3028176,sibling_median,1.0,,,0.0,0.75,0.75,3,2.0,1.4142135623730951
1000321,3028177,sibling_median,1.0,,,0.0,0.75,0.75,3,2.0,1.4142135623730951
1000321,3028179,sibling_median,1.5,,,0.0,0.75,0.75,2,1.5,0.5
1000321,3028181,sibling_median,1.5,,,0.0,0.75,0.75,2,1.5,0.5
1000321,3028182,sibling_median,1.5,,,0.0,0.75,0.75,2,1.5,0.5
1000321,3028183,sibling_median,1.5,,,0.0,0.75,0.75,2,1.5,0.5
1000321,3028184,sibling_median,1.5,,,0.0,0.75,0.75,2,1.5,0.5
1000321,3029986,sibling_median,1.5,,,0.0,0.75,0.75,2,1.5,0.5
1000321,3029987,sibling_median,1.5,,,0.0,0.75,0.75,2,1.5,0.5
1000321,3029988,sibling_median,1.5,,,0.0,0.75,0.75,2,1.5,0.5
1000321,3029899,sibling_median,1.0,,,0.0,0.75,0.75,2,1.0,0.0
1000321,3029900,sibling_median,1.0,,,0.0,0.75,0.75,2,1.0,0.0
1000321,3029901,sibling_median,1.0,,,0.0,0.75,0.75,2,1.0,0.0
1000321,3030012,sibling_median,1.0,,,0.0,0.75,0.75,2,1.0,0.0
1000321,3030013,sibling_median,1.0,,,0.0,0.75,0.75,2,1.0,0.0
1000321,3027982,sibling_median,1.0,,,0.0,0.75,0.75,4,1.5,0.8660254037844386
1000321,3027983,sibling_median,1.0,,,0.0,0.75,0.75,4,1.5,0.8660254037844386
1000321,3030019,sibling_median,1.0,,,0.0,0.75,0.75,7,2.2857142857142856,2.4327694808466287
1000321,3027984,sibling_median,1.0,,,0.0,0.75,0.75,4,1.5,0.8660254037844386
1000321,3027988,sibling_median,1.0,,,0.0,0.75,0.75,4,1.5,0.8660254037844386
1000323,3028488,sibling_median,5.0,,,0.0,0.75,0.75,3,4.666666666666667,2.8674417556808756
1000323,3028472,sibling_median,1.0,,,0.0,0.75,0.75,4,3.0,3.4641016151377544
1000323,3028491,sibling_median,3.0,,,0.0,0.75,0.75,4,3.0,1.5811388300841898
1000323,3028473,sibling_median,1.0,,,0.0,0.75,0.75,4,3.0,3.4641016151377544
1000323,3028494,sibling_median,3.0,,,0.0,0.75,0.75,4,3.0,1.5811388300841898
1000323,3028498,sibling_median,1.0,,,0.0,0.75,0.75,3,2.0,1.4142135623730951
1000323,3028501,sibling_median,1.0,,,0.0,0.75,0.75,3,2.0,1.4142135623730951
1000323,3028503,sibling_median,1.5,,,0.0,0.75,0.75,2,1.5,0.5
1000323,3028505,sibling_median,1.5,,,0.0,0.75,0.75,2,1.5,0.5
1000323,3028507,sibling_median,3.0,,,0.0,0.75,0.75,3,3.3333333333333335,1.247219128924647
1000323,3028510,sibling_median,3.0,,,0.0,0.75,0.75,3,3.3333333333333335,1.247219128924647
1000323,3028512,sibling_median,1.0,,,0.0,0.75,0.75,3,1.3333333333333333,0.4714045207910317
1000323,3028515,sibling_median,1.0,,,0.0,0.75,0.75,3,1.3333333333333333,0.4714045207910317
1000323,3028389,sibling_median,5558.5,,,0.0,0.65,0.65,2,5558.5,5554.5
1000323,3028390,sibling_median,5558.5,,,0.0,0.65,0.65,2,5558.5,5554.5
1000323,3028391,sibling_median,5558.5,,,0.0,0.65,0.65,2,5558.5,5554.5
1000323,3028392,sibling_median,5558.5,,,0.0,0.65,0.65,2,5558.5,5554.5
1000323,3028393,sibling_median,5558.5,,,0.0,0.65,0.65,2,5558.5,5554.5
1000323,3028394,sibling_median,5558.5,,,0.0,0.65,0.65,2,5558.5,5554.5
1000323,3028402,sibling_median,60.5,,,0.0,0.65,0.65,4,27808.5,48094.74160706137
1000323,3028533,sibling_median,4.0,,,0.0,0.75,0.75,2,4.0,2.0
1000323,3028534,sibling_median,4.0,,,0.0,0.75,0.75,2,4.0,2.0
1000323,3028406,sibling_median,60.5,,,0.0,0.65,0.65,4,27808.5,48094.74160706137
1000323,3028415,sibling_median,11.0,,,0.0,0.65,0.65,8,139171.625,367361.1200763281
1000323,3028416,sibling_median,11.0,,,0.0,0.65,0.65,8,139171.625,367361.1200763281
1000323,3028417,sibling_median,11.0,,,0.0,0.65,0.65,8,139171.625,367361.1200763281
1000323,3028434,sibling_median,1.5,,,0.0,0.75,0.75,2,1.5,0.5
1000323,3028435,sibling_median,1.5,,,0.0,0.75,0.75,2,1.5,0.5
1000323,3028441,sibling_median,3.0,,,0.0,0.75,0.75,2,3.0,2.0
1000323,3028444,sibling_median,4.5,,,0.0,0.75,0.75,2,4.5,3.5
1000323,3028445,sibling_median,4.5,,,0.0,0.75,0.75,2,4.5,3.5
1000323,3028456,sibling_median,4.5,,,0.0,0.75,0.75,4,5.25,4.02336923485777
1000329,3028992,sibling_median,7.0,,,0.0,0.75,0.75,3,7.333333333333333,3.6817870057290873
1000329,3029002,sibling_median,2.5,,,0.0,0.75,0.75,4,3.25,2.277608394786075
1000329,3029022,sibling_median,6.0,,,0.0,0.75,0.75,2,6.0,1.0
1000329,3029027,sibling_median,3.0,,,0.0,0.75,0.75,3,4.666666666666667,2.357022603955158
1000329,3028904,sibling_median,11.5,,,0.0,0.75,0.75,2,11.5,6.5
1000329,3028990,sibling_median,3.0,,,0.0,0.75,0.75,3,3.0,0.816496580927726
1000329,3028928,sibling_median,10.0,,,0.0,0.75,0.75,2,10.0,9.0
1000329,3028940,sibling_median,4.0,,,0.0,0.75,0.75,3,4.333333333333333,2.8674417556808756
1000329,3028948,sibling_median,60.5,,,0.0,0.65,0.65,2,60.5,54.5
1000329,3028951,sibling_median,5.5,,,0.0,0.75,0.75,2,5.5,2.5
1000329,3028959,sibling_median,2.0,,,0.0,0.75,0.75,3,3.0,1.4142135623730951
1000329,3028966,sibling_median,3.5,,,0.0,0.75,0.75,4,3.5,2.5
1000329,3028968,sibling_median,4.0,,,0.0,0.75,0.75,3,6.666666666666667,6.018490028422596
1000329,3028973,sibling_median,6.0,,,0.0,0.75,0.75,2,6.0,5.0
1000329,3028986,sibling_median,3.0,,,0.0,0.75,0.75,3,3.0,0.816496580927726
1000332,3029388,sibling_median,2.0,,,0.0,0.75,0.75,2,2.0,1.0
1000332,3029397,sibling_median,1.0,,,0.0,0.75,0.75,3,1.3333333333333333,0.4714045207910317
1000333,3029536,sibling_median,6.5,,,0.0,0.75,0.75,2,6.5,4.5
1000333,3029546,sibling_median,2.0,,,0.0,0.75,0.75,2,2.0,0.0
1000337,3030452,sibling_median,12.0,,,0.0,0.75,0.75,2,12.0,5.0
1000337,3030453,sibling_median,12.0,,,0.0,0.75,0.75,2,12.0,5.0
1000337,3030455,sibling_median,12.0,,,0.0,0.75,0.75,2,12.0,5.0
1000337,3030458,sibling_median,8.0,,,0.0,0.65,0.65,5,44666669.4,54706397.33389806
1000337,3030460,sibling_median,8.0,,,0.0,0.65,0.65,5,44666669.4,54706397.33389806
1000337,3030463,sibling_median,8.0,,,0.0,0.65,0.65,5,44666669.4,54706397.33389806
1000337,3030479,sibling_median,5670.0,,,0.0,0.65,0.65,2,5670.0,5441.0
1000339,3030528,sibling_median,4.0,,,0.0,0.75,0.75,3,4.666666666666667,1.699673171197595
1000339,3030560,sibling_median,3.0,,,0.0,0.75,0.75,21,3.5714285714285716,3.288818409491811
1000339,3030531,sibling_median,4.0,,,0.0,0.75,0.75,3,4.666666666666667,1.699673171197595
1000339,3030533,sibling_median,4.0,,,0.0,0.75,0.75,3,4.666666666666667,1.699673171197595
1000339,3030549,sibling_median,3.0,,,0.0,0.75,0.75,21,3.5714285714285716,3.288818409491811
1000339,3030553,sibling_median,3.0,,,0.0,0.75,0.75,21,3.5714285714285716,3.288818409491811
1000340,3030676,sibling_median,1.0,,,0.0,0.75,0.75,2,1.0,0.0
1000340,3030681,sibling_median,2.0,,,0.0,0.75,0.75,8,3.0,2.23606797749979
1000340,3030686,sibling_median,2.0,,,0.0,0.75,0.75,8,3.0,2.23606797749979
1000340,3030699,sibling_median,1.0,,,0.0,0.75,0.75,3,2.0,1.4142135623730951
1000340,3030700,sibling_median,1.0,,,0.0,0.75,0.75,3,2.0,1.4142135623730951
1000340,3030705,sibling_median,2.0,,,0.0,0.75,0.75,3,2.3333333333333335,1.247219128924647
1000340,3030712,sibling_median,2.0,,,0.0,0.75,0.75,3,1.6666666666666667,0.4714045207910317
1000340,3030717,sibling_median,1.0,,,0.0,0.75,0.75,4,1.25,0.4330127018922193
1000340,3030736,sibling_median,1.0,,,0.0,0.75,0.75,3,1.3333333333333333,0.4714045207910317
1000340,3030739,sibling_median,2.0,,,0.0,0.75,0.75,10,2.1,1.3
1000340,3030757,sibling_median,2.0,,,0.0,0.75,0.75,2,2.0,1.0
1000340,3030761,sibling_median,2.0,,,0.0,0.75,0.75,3,2.6666666666666665,0.9428090415820634
1000340,3030771,sibling_median,3.0,,,0.0,0.75,0.75,5,3.2,1.469693845669907
1000340,3030773,sibling_median,3.0,,,0.0,0.75,0.75,5,3.2,1.469693845669907
1000340,3030786,sibling_median,2.0,,,0.0,0.75,0.75,7,1.7142857142857142,0.6998542122237652
1000340,3030791,sibling_median,2.0,,,0.0,0.75,0.75,7,1.7142857142857142,0.6998542122237652
1000340,3030800,sibling_median,2.0,,,0.0,0.75,0.75,2,2.0,0.0
1000340,3030801,sibling_median,2.0,,,0.0,0.75,0.75,2,2.0,0.0
1000340,3030803,sibling_median,2.0,,,0.0,0.75,0.75,2,2.0,0.0
1000340,3030804,sibling_median,2.0,,,0.0,0.75,0.75,2,2.0,0.0
1000340,3030805,sibling_median,2.0,,,0.0,0.75,0.75,2,2.0,0.0
1000345,3031448,sibling_median,3.0,,,0.0,0.75,0.75,2,3.0,0.0
1000345,3031419,sibling_median,7.5,,,0.0,0.75,0.75,2,7.5,1.5
1000347,3031552,sibling_median,7.0,,,0.0,0.65,0.65,3,37044.0,52378.22770961232
1000352,3031682,sibling_median,1.0,,,0.0,0.65,0.65,4,278.5,480.64409910036346
1000352,3031688,sibling_median,111.0,,,0.0,0.65,0.65,4,2833.5,4779.227840352456
1000352,3031689,sibling_median,111.0,,,0.0,0.65,0.65,4,2833.5,4779.227840352456
1000352,3031690,sibling_median,111.0,,,0.0,0.65,0.65,4,2833.5,4779.227840352456
1000352,3031691,sibling_median,111.0,,,0.0,0.65,0.65,4,2833.5,4779.227840352456
1000352,3031692,sibling_median,111.0,,,0.0,0.65,0.65,4,2833.5,4779.227840352456
1000352,3031693,sibling_median,111.0,,,0.0,0.65,0.65,4,2833.5,4779.227840352456
1000352,3031659,sibling_median,11.0,,,0.0,0.75,0.75,4,8.5,4.330127018922194
1000352,3031663,sibling_median,11.0,,,0.0,0.75,0.75,4,8.5,4.330127018922194
1000352,3031664,sibling_median,11.0,,,0.0,0.75,0.75,4,8.5,4.330127018922194
1000352,3031665,sibling_median,11.0,,,0.0,0.75,0.75,4,8.5,4.330127018922194
1000352,3031666,sibling_median,11.0,,,0.0,0.75,0.75,4,8.5,4.330127018922194
1000352,3031673,sibling_median,1.0,,,0.0,0.75,0.75,5,1.0,0.0
1000358,3031783,sibling_median,8.5,,,0.0,0.75,0.75,2,8.5,7.5
1000358,3031791,sibling_median,3.0,,,0.0,0.75,0.75,3,2.6666666666666665,1.247219128924647
1000358,3031792,sibling_median,3.0,,,0.0,0.75,0.75,3,2.6666666666666665,1.247219128924647
1000358,3031796,sibling_median,6.0,,,0.0,0.75,0.75,2,6.0,2.0
1000358,3031797,sibling_median,6.0,,,0.0,0.75,0.75,2,6.0,2.0
1000358,3031800,sibling_median,6.0,,,0.0,0.75,0.75,2,6.0,2.0
1000358,3031801,sibling_median,6.0,,,0.0,0.75,0.75,2,6.0,2.0
1000358,3031802,sibling_median,6.0,,,0.0,0.75,0.75,2,6.0,2.0
1000358,3031805,sibling_median,6.0,,,0.0,0.75,0.75,2,6.0,2.0
1000367,3033761,sibling_median,56.0,,,0.0,0.65,0.65,2,56.0,55.0
1000367,3033762,sibling_median,56.0,,,0.0,0.65,0.65,2,56.0,55.0
1000367,3033734,sibling_median,6111.0,,,0.0,0.65,0.65,4,31111.0,46368.092477478516
1000367,3033741,sibling_median,1111.0,,,0.0,0.75,0.75,3,1111.0,0.0
1000367,3033743,sibling_median,1111.0,,,0.0,0.75,0.75,3,1111.0,0.0
1000368,3033243,sibling_median,2.0,,,0.0,0.75,0.75,2,2.0,1.0
1000368,3033260,sibling_median,1.0,,,0.0,0.75,0.75,3,1.0,0.0
1000368,3033280,sibling_median,2.0,,,0.0,0.75,0.75,2,2.0,1.0
1000380,3034374,sibling_median,1.5,,,0.0,0.75,0.75,2,1.5,0.5
1000380,3034387,sibling_median,2.0,,,0.0,0.75,0.75,2,2.0,0.0
1000387,3034840,sibling_median,56112.0,,,0.0,0.65,0.65,4,55837.5,55277.868109669354
1000387,3034845,sibling_median,56112.0,,,0.0,0.65,0.65,4,55837.5,55277.868109669354
1000400,3035393,sibling_median,5558.5,,,0.0,0.65,0.65,2,5558.5,5552.5
1000400,3035394,sibling_median,5558.5,,,0.0,0.65,0.65,2,5558.5,5552.5
1000401,3035530,sibling_median,3.0,,,0.0,0.75,0.75,4,3.0,1.5811388300841898
1000401,3035532,sibling_median,3.0,,,0.0,0.75,0.75,4,3.0,1.5811388300841898
1000401,3035535,sibling_median,60.5,,,0.0,0.65,0.65,2,60.5,52.5
1000401,3035441,sibling_median,562.5,,,0.0,0.65,0.65,4,563.5,558.5152191301505
1000401,3035451,sibling_median,3.0,,,0.0,0.75,0.75,2,3.0,1.0
1000401,3035465,sibling_median,0.5,,,0.0,0.75,0.75,2,0.5,0.5
1000401,3035474,sibling_median,59.0,,,0.0,0.65,0.65,6,2057.6666666666665,4069.0237840980426
1000401,3035475,sibling_median,59.0,,,0.0,0.65,0.65,6,2057.6666666666665,4069.0237840980426
1000401,3035487,sibling_median,7.0,,,0.0,0.65,0.65,4,27777810.5,48112571.026116736
1000401,3035504,sibling_median,7.0,,,0.0,0.75,0.75,5,7.6,2.8000000000000003
1000406,3035744,sibling_median,2.0,,,0.0,0.75,0.75,5,2.8,2.638181191654584
1000406,3035752,sibling_median,2.0,,,0.0,0.75,0.75,2,2.0,1.0
1000406,3035722,sibling_median,555566.0,,,0.0,0.65,0.65,4,3055562.0,4672944.018764402
1000406,3035790,sibling_median,59.0,,,0.0,0.65,0.65,4,27777808.75,48112507.373272
1000406,3035792,sibling_median,6.5,,,0.0,0.75,0.75,2,6.5,5.5
1000406,3035795,sibling_median,6.5,,,0.0,0.75,0.75,2,6.5,5.5
1000413,3036169,sibling_median,2.0,,,0.0,0.75,0.75,3,3.3333333333333335,1.8856180831641267
1000413,3036175,sibling_median,1.0,,,0.0,0.75,0.75,2,1.0,0.0
1000413,3036231,sibling_median,6.0,,,0.0,0.75,0.75,2,6.0,3.0
1000413,3036255,sibling_median,1.5,,,0.0,0.75,0.75,2,1.5,0.5
1000415,3036353,sibling_median,2.0,,,0.0,0.75,0.75,2,2.0,1.0
1000415,3036333,sibling_median,4.0,,,0.0,0.75,0.75,3,5.333333333333333,4.189935029992178
1000418,3036448,sibling_median,6167.5,,,0.0,0.65,0.65,2,6167.5,6165.5
1000418,3036452,sibling_median,3.0,,,0.0,0.75,0.75,5,2.4,0.8
1000418,3036457,sibling_median,3.0,,,0.0,0.75,0.75,5,2.4,0.8
1000418,3036458,sibling_median,3.0,,,0.0,0.75,0.75,5,2.4,0.8
1000423,3037153,sibling_median,4.5,,,0.0,0.75,0.75,2,4.5,3.5
1000423,3037156,sibling_median,2.5,,,0.0,0.75,0.75,2,2.5,0.5
1000423,3037159,sibling_median,4.0,,,0.0,0.75,0.75,2,4.0,3.0
1000423,3037162,sibling_median,4.0,,,0.0,0.75,0.75,2,4.0,0.0
1000423,3037168,sibling_median,4.5,,,0.0,0.75,0.75,2,4.5,0.5
1000423,3037171,sibling_median,4.0,,,0.0,0.75,0.75,2,4.0,2.0
1000436,3037620,sibling_median,5557.0,,,0.0,0.65,0.65,2,5557.0,5554.0
1000436,3037631,sibling_median,4.5,,,0.0,0.75,0.75,2,4.5,3.5
1000442,3037776,sibling_median,2.0,,,0.0,0.75,0.75,3,2.3333333333333335,0.4714045207910317
1000442,3037780,sibling_median,2.0,,,0.0,0.75,0.75,3,2.3333333333333335,0.4714045207910317
1000472,3039986,sibling_median,55555614.0,,,0.0,0.65,0.65,4,55555589.75,55555527.750013255
1000472,3039989,sibling_median,55555614.0,,,0.0,0.65,0.65,4,55555589.75,55555527.750013255
1000477,3040288,sibling_median,3.5,,,0.0,0.75,0.75,2,3.5,2.5
1000477,3040291,sibling_median,3.5,,,0.0,0.75,0.75,2,3.5,2.5
1000477,3040234,sibling_median,1.5,,,0.0,0.75,0.75,2,1.5,0.5
1000477,3040299,sibling_median,1.0,,,0.0,0.75,0.75,3,1.0,0.0
1000477,3040304,sibling_median,3.0,,,0.0,0.75,0.75,2,3.0,0.0
1000477,3040309,sibling_median,4.5,,,0.0,0.75,0.75,2,4.5,1.5
1000477,3040216,sibling_median,2.0,,,0.0,0.75,0.75,3,2.0,0.816496580927726
1000477,3040280,sibling_median,2.0,,,0.0,0.75,0.75,4,2.5,1.5
1000477,3040282,sibling_median,2.0,,,0.0,0.75,0.75,4,2.5,1.5
1000488,3040531,sibling_median,1.0,,,0.0,0.75,0.75,2,1.0,0.0
1000488,3040532,sibling_median,1.0,,,0.0,0.75,0.75,2,1.0,0.0
1000494,3040887,sibling_median,1.0,,,0.0,0.75,0.75,3,1.0,0.816496580927726
1000495,3041029,sibling_median,57.0,,,0.0,0.65,0.65,2,57.0,54.0
1000495,3040955,sibling_median,6.0,,,0.0,0.65,0.65,5,27.0,42.65208084021224
1000495,3041013,sibling_median,6.0,,,0.0,0.75,0.75,2,6.0,5.0
1000505,3042535,sibling_median,2.0,,,0.0,0.75,0.75,2,2.0,0.0
1000505,3042543,sibling_median,3.0,,,0.0,0.75,0.75,2,3.0,0.0
1000505,3042547,sibling_median,1.5,,,0.0,0.75,0.75,2,1.5,0.5
1000509,3044226,sibling_median,1.0,,,0.0,0.75,0.75,2,1.0,0.0
1000509,3044234,sibling_median,2.0,,,0.0,0.75,0.75,2,2.0,1.0
1000509,3044304,sibling_median,2.5,,,0.0,0.75,0.75,4,2.25,0.82915619758885
1000515,3044398,sibling_median,1.5,,,0.0,0.75,0.75,2,1.5,0.5
1000515,3044369,sibling_median,3.0,,,0.0,0.75,0.75,3,3.3333333333333335,0.4714045207910317
1000515,3044371,sibling_median,3.0,,,0.0,0.75,0.75,3,3.3333333333333335,0.4714045207910317
1000515,3044407,sibling_median,1.5,,,0.0,0.75,0.75,2,1.5,0.5
1000524,3045396,sibling_median,3.0,,,0.0,0.75,0.75,2,3.0,0.0
1000524,3045407,sibling_median,4.0,,,0.0,0.65,0.65,3,37039.333333333336,52376.577795380595
1000524,3045438,sibling_median,6126.5,,,0.0,0.65,0.65,6,37039137.666666664,52376838.26402805
1000526,3045667,sibling_median,2.5,,,0.0,0.75,0.75,4,2.5,1.118033988749895
1000526,3045742,sibling_median,1.5,,,0.0,0.75,0.75,2,1.5,0.5
1000526,3045615,sibling_median,1.5,,,0.0,0.75,0.75,2,1.5,0.5
1000526,3045631,sibling_median,1.0,,,0.0,0.75,0.75,2,1.0,0.0
1000546,3048322,sibling_median,1.5,,,0.0,0.75,0.75,4,1.5,0.5
1000546,3048354,sibling_median,1.5,,,0.0,0.75,0.75,2,1.5,0.5
1000546,3048356,sibling_median,1.5,,,0.0,0.75,0.75,2,1.5,0.5
1000546,3048357,sibling_median,1.5,,,0.0,0.75,0.75,2,1.5,0.5
1000546,3048360,sibling_median,15.5,,,0.0,0.75,0.75,2,15.5,3.5
1000546,3048334,sibling_median,2.0,,,0.0,0.75,0.75,3,2.0,0.816496580927726
1000546,3048370,sibling_median,1.0,,,0.0,0.75,0.75,3,2.6666666666666665,2.3570226039551585
1000546,3048347,sibling_median,1.5,,,0.0,0.75,0.75,4,2.0,1.224744871391589
1000547,3048620,sibling_median,2.0,,,0.0,0.75,0.75,2,2.0,0.0
1000552,3048827,sibling_median,4.0,,,0.0,0.75,0.75,7,4.285714285714286,3.010186786529354
1000552,3048826,sibling_median,4.0,,,0.0,0.75,0.75,7,4.285714285714286,3.010186786529354
