khipu_id,error_detectable,relative_impact,localization_score,containment_ratio,redundancy_proxy,robustness_proxy,redundancy_normalized,robustness_score,robustness_class
1000000,0.0,1.0,0.3,0.25,6.0,0.0,0.018808777429467086,0.09376175548589341,Low
1000001,0.0,1.0,0.6,0.14285714285714285,6.0,0.0,0.018808777429467086,0.1837617554858934,Low
1000002,0.0,1.0,0.6,0.14285714285714285,8.571428571428571,0.0,0.026869682042095836,0.18537393640841915,Low
1000003,0.0,1.0,1.0,0.09090909090909091,9.5,0.0,0.029780564263322883,0.30595611285266455,Medium
1000004,0.0,1.0,1.0,0.012345679012345678,20.705882352941178,0.0,0.06490872210953347,0.3129817444219067,Medium
1000005,0.0,1.0,1.0,0.017543859649122806,8.857142857142858,0.0,0.027765338110165697,0.3055530676220331,Medium
1000006,0.0,1.0,0.0,1.0,7.272727272727273,0.0,0.02279851809632374,0.004559703619264748,Low
1000007,1.0,2.0288395789030764e-05,1.0,0.011904761904761904,9.70754716981132,0.036144578313253,0.030431182350505705,0.7097006943014263,High
1000008,0.0,1.0,0.7,0.125,13.615384615384615,0.0,0.04268145647455992,0.21853629129491198,Low
1000009,1.0,0.025155693950177967,1.0,0.07692307692307693,7.269230769230768,0.0303030303030303,0.022787557270315888,0.7075878144843661,High
1000010,0.0,1.0,1.0,0.058823529411764705,26.400000000000002,0.0,0.08275862068965519,0.31655172413793103,Medium
1000011,0.0,1.0,1.0,0.045454545454545456,5.866666666666666,0.0,0.01839080459770115,0.3036781609195402,Medium
1000012,0.0,1.0,1.0,0.030303030303030304,9.405405405405405,0.0,0.029484029484029485,0.3058968058968059,Medium
1000013,0.0,1.0,0.0,1.0,30.0,0.0,0.09404388714733543,0.018808777429467086,Low
1000014,0.0,1.0,0.0,1.0,37.0,0.0,0.11598746081504702,0.023197492163009405,Low
1000015,0.0,1.0,0.0,1.0,21.333333333333332,0.0,0.06687565308254963,0.013375130616509925,Low
1000017,0.0,1.0,0.5,0.16666666666666666,7.8,0.0,0.02445141065830721,0.15489028213166145,Low
1000018,1.0,0.00024573798187682404,1.0,0.058823529411764705,7.9401197604790426,0.0471698113207547,0.024890657556360635,0.7096951126433475,High
1000019,1.0,8.680555555555563e-05,0.0,1.0,27.333333333333332,0.5714285714285714,0.08568443051201671,0.4742797432452605,Medium
1000020,1.0,4.332755632582326e-05,1.0,0.008849557522123894,18.222748815165875,0.2941176470588235,0.057124604436256665,0.7408366855931336,High
1000021,1.0,0.00013637913399249926,1.0,0.058823529411764705,9.76,0.6521739130434783,0.030595611285266458,0.771336513561401,High
1000022,1.0,7.112375533428171e-05,0.0,1.0,16.2,0.75,0.05078369905956113,0.48515673981191226,Medium
1000023,1.0,4.146753610267366e-06,1.0,0.007874015748031496,21.450000000000003,0.125,0.06724137931034484,0.7259482758620689,High
1000024,1.0,2.192501644376235e-05,0.0,1.0,20.223529411764705,0.125,0.06339664392402729,0.42517932878480547,Medium
1000025,1.0,5.4090601757944607e-05,0.0,1.0,24.971428571428575,0.1639344262295081,0.07828034034930588,0.43204951069281206,Medium
1000026,0.0,1.0,0.0,1.0,4.0,0.0,0.012539184952978056,0.0025078369905956114,Low
1000027,0.0,1.0,0.0,1.0,4.444444444444445,0.0,0.013932427725531174,0.002786485545106235,Low
1000028,1.0,0.014754098360655743,0.0,1.0,6.0,0.25,0.018808777429467086,0.42876175548589346,Medium
1000029,1.0,7.521624670928928e-05,1.0,0.02702702702702703,22.323529411764707,0.0833333333333333,0.06997971602434078,0.7223292765382014,High
1000030,0.0,1.0,1.0,0.058823529411764705,5.090909090909091,0.0,0.015958962667426618,0.3031917925334853,Medium
1000031,0.0,1.0,0.0,1.0,14.0,0.0,0.0438871473354232,0.00877742946708464,Low
1000032,0.0,1.0,1.0,0.03225806451612903,6.5,0.0,0.02037617554858934,0.30407523510971785,Medium
1000033,1.0,0.0026041666666666704,1.0,0.027777777777777776,7.157894736842105,0.1666666666666666,0.022438541494802837,0.7211543749656272,High
1000034,1.0,0.003957680250783703,1.0,0.04,6.25,0.1,0.019592476489028215,0.7139184952978056,High
1000035,1.0,0.004627766599597587,1.0,0.07692307692307693,3.789473684210526,0.1666666666666666,0.011879227850189737,0.7190425122367045,High
1000036,0.0,1.0,0.8,0.1111111111111111,20.0,0.0,0.06269592476489028,0.25253918495297806,Low
1000037,0.0,1.0,1.0,0.09090909090909091,12.333333333333334,0.0,0.03866248693834901,0.3077324973876698,Medium
1000038,0.0,1.0,0.3,0.25,3.3333333333333335,0.0,0.01044932079414838,0.09208986415882968,Low
1000039,0.0,1.0,1.0,0.015384615384615385,64.0,0.0,0.2006269592476489,0.3401253918495298,Medium
1000040,1.0,0.005801687763713087,1.0,0.025,15.538461538461538,0.0833333333333333,0.0487099107788763,0.7180753154891085,High
1000041,0.0,1.0,1.0,0.030303030303030304,48.0,0.0,0.15047021943573669,0.3300940438871473,Medium
1000042,0.0,1.0,1.0,0.03571428571428571,18.25,0.0,0.05721003134796238,0.31144200626959245,Medium
1000043,0.0,1.0,0.4,0.2,4.2,0.0,0.01316614420062696,0.12263322884012538,Low
1000044,0.0,1.0,0.4,0.2,4.3076923076923075,0.0,0.013503737641668675,0.12270074752833374,Low
1000045,0.0,1.0,1.0,0.0035087719298245615,16.972972972972972,0.0,0.05320681182750148,0.3106413623655003,Medium
1000046,0.0,1.0,1.0,0.05555555555555555,20.0,0.0,0.06269592476489028,0.31253918495297806,Medium
1000047,0.0,1.0,1.0,0.07692307692307693,4.896551724137931,0.0,0.015349691925197275,0.30306993838503943,Medium
1000048,0.0,1.0,1.0,0.045454545454545456,21.0,0.0,0.06583072100313479,0.31316614420062694,Medium
1000049,1.0,0.01280120481927713,1.0,0.07692307692307693,4.4,0.125,0.013793103448275864,0.7152586206896551,High
1000050,0.0,1.0,0.0,1.0,18.0,0.0,0.05642633228840126,0.011285266457680252,Low
1000051,0.0,1.0,0.0,1.0,29.0,0.0,0.09090909090909091,0.018181818181818184,Low
1000052,1.0,0.0013245033112582792,1.0,0.041666666666666664,15.75,0.1428571428571428,0.0493730407523511,0.7241603224361844,High
1000053,0.0,1.0,0.0,1.0,287.0,0.0,0.8996865203761756,0.17993730407523512,Low
1000054,0.0,1.0,1.0,0.047619047619047616,20.0,0.0,0.06269592476489028,0.31253918495297806,Medium
1000055,0.0,1.0,1.0,0.08333333333333333,4.4,0.0,0.013793103448275864,0.30275862068965514,Medium
1000056,0.0,1.0,0.6,0.14285714285714285,42.0,0.0,0.13166144200626959,0.20633228840125392,Low
1000057,0.0,1.0,1.0,0.007518796992481203,163.0,0.0,0.5109717868338558,0.40219435736677117,Medium
1000058,0.0,1.0,1.0,0.05,6.235294117647058,0.0,0.019546376544348144,0.30390927530886963,Medium
1000059,0.0,1.0,0.4,0.2,10.0,0.0,0.03134796238244514,0.12626959247648903,Low
1000060,1.0,0.01914132379248659,1.0,0.06666666666666667,5.7857142857142865,0.0833333333333333,0.01813703537841469,0.7119607404090162,High
1000061,0.0,1.0,0.2,0.3333333333333333,6.999999999999999,0.0,0.021943573667711595,0.06438871473354232,Low
1000062,0.0,1.0,0.0,1.0,6.999999999999999,0.0,0.021943573667711595,0.004388714733542319,Low
1000063,1.0,9.00090009000901e-06,1.0,0.023809523809523808,37.578947368421055,0.0588235294117647,0.1178023428477149,0.7294428215107194,High
1000064,0.0,1.0,0.4,0.2,23.0,0.0,0.07210031347962383,0.13442006269592477,Low
1000065,0.0,0.0,1.0,0.0196078431372549,101.0,0.0,0.3166144200626959,0.3633228840125392,Medium
1000066,0.0,1.0,0.7,0.125,7.0,0.0,0.0219435736677116,0.21438871473354232,Low
1000067,0.0,1.0,0.0,1.0,13.0,0.0,0.04075235109717868,0.008150470219435737,Low
1000068,0.0,1.0,0.8,0.1111111111111111,8.0,0.0,0.025078369905956112,0.2450156739811912,Low
1000069,0.0,1.0,0.1,0.5,6.0,0.0,0.018808777429467086,0.03376175548589341,Low
1000070,0.0,1.0,0.7,0.125,7.333333333333333,0.0,0.022988505747126436,0.21459770114942528,Low
1000071,0.0,1.0,0.8,0.1111111111111111,55.0,0.0,0.1724137931034483,0.27448275862068966,Low
1000072,0.0,1.0,0.5,0.16666666666666666,13.0,0.0,0.04075235109717868,0.15815047021943573,Low
1000073,0.0,1.0,0.1,0.5,11.0,0.0,0.034482758620689655,0.03689655172413793,Low
1000074,0.0,1.0,1.0,0.05,20.0,0.0,0.06269592476489028,0.31253918495297806,Medium
1000075,0.0,1.0,0.8,0.1111111111111111,4.4,0.0,0.013793103448275864,0.24275862068965517,Low
1000076,0.0,1.0,0.0,1.0,14.4,0.0,0.04514106583072101,0.009028213166144201,Low
1000077,0.0,1.0,1.0,0.0070921985815602835,281.0,0.0,0.8808777429467085,0.4761755485893417,Medium
1000078,0.0,1.0,0.0,1.0,9.0,0.0,0.02821316614420063,0.005642633228840126,Low
1000079,1.0,0.0008333829394606822,1.0,0.045454545454545456,8.173913043478262,0.125,0.025623551860433424,0.7176247103720866,High
1000080,0.0,1.0,1.0,0.038461538461538464,35.0,0.0,0.109717868338558,0.3219435736677116,Medium
1000081,0.0,1.0,1.0,0.07692307692307693,11.2,0.0,0.03510971786833855,0.3070219435736677,Medium
1000082,0.0,1.0,1.0,0.0625,16.0,0.0,0.050156739811912224,0.3100313479623824,Medium
1000083,1.0,0.0005709624796084833,1.0,0.05,11.214285714285715,0.0857142857142857,0.035154500671742056,0.7156023287057769,High
1000084,0.0,1.0,0.1,0.5,6.0,0.0,0.018808777429467086,0.03376175548589341,Low
1000085,0.0,1.0,1.0,0.015151515151515152,27.52380952380953,0.0,0.08628153455739665,0.3172563069114793,Medium
1000086,0.0,1.0,0.4,0.2,14.0,0.0,0.0438871473354232,0.12877742946708465,Low
1000087,1.0,0.021584699453551928,0.2,0.3333333333333333,4.3076923076923075,0.5833333333333334,0.013503737641668675,0.521034080861667,Medium
1000088,0.0,0.0,0.0,1.0,195.0,0.0,0.6112852664576802,0.12225705329153605,Low
1000089,1.0,0.0003889699242897832,1.0,0.008064516129032258,4.042253521126761,0.0657894736842105,0.012671641132058811,0.7091132755948327,High
1000090,0.0,1.0,0.1,0.5,10.0,0.0,0.03134796238244514,0.036269592476489025,Low
1000091,0.0,1.0,1.0,0.09090909090909091,32.666666666666664,0.0,0.10240334378265412,0.3204806687565308,Medium
1000092,0.0,1.0,0.7,0.125,13.0,0.0,0.04075235109717868,0.21815047021943573,Low
1000093,1.0,0.001101694915254238,0.9,0.1,23.0,1.0,0.07210031347962383,0.7844200626959248,High
1000094,0.0,1.0,1.0,0.014084507042253521,9.94186046511628,0.0,0.03116570678719837,0.3062331413574397,Medium
1000096,1.0,5.742176284811949e-06,1.0,0.0006071645415907711,39.80434782608696,0.0181818181818181,0.12477851983099361,0.7267738857843805,High
1000097,0.0,1.0,1.0,0.01639344262295082,11.863636363636365,0.0,0.03719008264462811,0.3074380165289256,Medium
1000098,0.0,1.0,1.0,0.045454545454545456,8.909090909090908,0.0,0.027928184667996576,0.3055856369335993,Medium
1000099,0.0,1.0,1.0,0.041666666666666664,43.0,0.0,0.13479623824451412,0.32695924764890283,Medium
1000100,0.0,1.0,1.0,0.07142857142857142,25.0,0.0,0.07836990595611286,0.3156739811912226,Medium
1000101,0.0,1.0,1.0,0.058823529411764705,14.0,0.0,0.0438871473354232,0.30877742946708464,Medium
1000103,1.0,0.0006557377049180333,1.0,0.006369426751592357,9.408695652173913,0.5357142857142857,0.029494343737222296,0.759470297318873,High
1000105,0.0,1.0,0.0,1.0,12.0,0.0,0.03761755485893417,0.007523510971786835,Low
1000106,0.0,1.0,0.1,0.5,18.0,0.0,0.05642633228840126,0.04128526645768025,Low
1000107,0.0,1.0,0.8,0.1111111111111111,15.0,0.0,0.047021943573667714,0.24940438871473353,Low
1000108,0.0,1.0,1.0,0.07142857142857142,25.0,0.0,0.07836990595611286,0.3156739811912226,Medium
1000109,0.0,1.0,0.4,0.2,7.5,0.0,0.023510971786833857,0.12470219435736676,Low
1000110,0.0,1.0,1.0,0.08333333333333333,21.0,0.0,0.06583072100313479,0.31316614420062694,Medium
1000111,0.0,1.0,0.5,0.16666666666666666,11.0,0.0,0.034482758620689655,0.1568965517241379,Low
1000112,0.0,1.0,0.1,0.5,4.0,0.0,0.012539184952978056,0.03250783699059561,Low
1000113,0.0,1.0,0.9,0.1,35.0,0.0,0.109717868338558,0.2919435736677116,Low
1000114,0.0,1.0,1.0,0.07142857142857142,14.0,0.0,0.0438871473354232,0.30877742946708464,Medium
1000115,0.0,1.0,0.0,1.0,34.54545454545455,0.0,0.10829296095753776,0.021658592191507554,Low
1000116,0.0,1.0,1.0,0.047619047619047616,20.0,0.0,0.06269592476489028,0.31253918495297806,Medium
1000117,0.0,1.0,1.0,0.08333333333333333,5.142857142857144,0.0,0.016121809225257504,0.30322436184505147,Medium
1000118,0.0,1.0,0.0,1.0,30.0,0.0,0.09404388714733543,0.018808777429467086,Low
1000119,0.0,1.0,1.0,0.021739130434782608,62.0,0.0,0.19435736677115986,0.33887147335423196,Medium
1000120,0.0,1.0,0.0,1.0,60.0,0.0,0.18808777429467086,0.03761755485893417,Low
1000121,0.0,1.0,0.0,1.0,17.571428571428573,0.0,0.05508284818629647,0.011016569637259294,Low
1000122,0.0,1.0,0.0,1.0,18.0,0.0,0.05642633228840126,0.011285266457680252,Low
1000123,0.0,1.0,0.0,1.0,20.0,0.0,0.06269592476489028,0.012539184952978056,Low
1000124,0.0,1.0,0.0,1.0,112.0,0.0,0.3510971786833856,0.07021943573667712,Low
1000125,0.0,1.0,1.0,0.06666666666666667,9.461538461538462,0.0,0.029659995177236557,0.3059319990354473,Medium
1000126,1.0,0.0025815217391304377,1.0,0.047619047619047616,7.421052631578948,0.0625,0.023263487873288236,0.7109026975746576,High
1000127,0.0,1.0,1.0,0.05,9.833333333333334,0.0,0.030825496342737724,0.3061650992685475,Medium
1000128,0.0,1.0,0.8,0.1111111111111111,5.0,0.0,0.01567398119122257,0.2431347962382445,Low
1000129,0.0,1.0,0.0,1.0,3.0,0.0,0.009404388714733543,0.0018808777429467087,Low
1000130,0.0,1.0,0.1,0.5,4.5,0.0,0.014106583072100314,0.03282131661442006,Low
1000131,0.0,1.0,1.0,0.058823529411764705,65.0,0.0,0.20376175548589343,0.34075235109717866,Medium
1000132,1.0,0.021212121212121245,1.0,0.02857142857142857,4.0,0.1111111111111111,0.012539184952978056,0.7136189481017067,High
1000133,0.0,1.0,1.0,0.09090909090909091,18.0,0.0,0.05642633228840126,0.31128526645768023,Medium
1000134,0.0,1.0,0.0,1.0,8.0,0.0,0.025078369905956112,0.005015673981191223,Low
1000135,0.0,1.0,0.4,0.2,16.0,0.0,0.050156739811912224,0.13003134796238244,Low
1000136,0.0,1.0,0.1,0.5,5.0,0.0,0.01567398119122257,0.033134796238244515,Low
1000137,1.0,0.01614987080103359,0.0,1.0,27.0,1.0,0.08463949843260188,0.5169278996865204,Medium
1000138,1.0,0.0014519056261343025,1.0,0.058823529411764705,6.0,0.1,0.018808777429467086,0.7137617554858934,High
1000139,0.0,1.0,0.7,0.125,14.0,0.0,0.0438871473354232,0.21877742946708464,Low
1000140,1.0,0.0012356447158017175,1.0,0.014084507042253521,12.066666666666666,0.0535714285714285,0.03782654127481714,0.7129224511121062,High
1000141,0.0,1.0,0.8,0.1111111111111111,9.0,0.0,0.02821316614420063,0.2456426332288401,Low
1000142,0.0,1.0,0.0,1.0,18.0,0.0,0.05642633228840126,0.011285266457680252,Low
1000143,0.0,1.0,0.0,1.0,30.0,0.0,0.09404388714733543,0.018808777429467086,Low
1000144,1.0,0.0005524556654328498,1.0,0.02702702702702703,15.0,0.05,0.047021943573667714,0.7144043887147336,High
1000145,0.0,1.0,0.3,0.25,24.0,0.0,0.07523510971786834,0.10504702194357367,Low
1000146,0.0,1.0,1.0,0.03333333333333333,9.076923076923077,0.0,0.02845430431637328,0.3056908608632746,Medium
1000147,1.0,0.0003549470748558033,1.0,0.011235955056179775,12.518518518518519,0.0147058823529411,0.03924300476024614,0.7093191891873433,High
1000148,1.0,0.0009398884527990094,1.0,0.010101010101010102,17.82352941176471,0.0232558139534883,0.05587313295224047,0.7135002079857968,High
1000149,0.0,1.0,0.3,0.25,15.0,0.0,0.047021943573667714,0.09940438871473353,Low
1000150,0.0,1.0,0.9,0.1,30.0,0.0,0.09404388714733543,0.2888087774294671,Low
1000151,0.0,1.0,0.8,0.1111111111111111,28.0,0.0,0.0877742946708464,0.2575548589341693,Low
1000152,0.0,1.0,1.0,0.05555555555555555,10.0,0.0,0.03134796238244514,0.306269592476489,Medium
1000154,0.0,1.0,0.1,0.5,5.0,0.0,0.01567398119122257,0.033134796238244515,Low
1000155,0.0,1.0,0.0,1.0,1.0,0.0,0.003134796238244514,0.0006269592476489029,Low
1000156,0.0,1.0,0.3,0.25,3.5,0.0,0.0109717868338558,0.09219435736677116,Low
1000157,0.0,1.0,0.3,0.25,9.0,0.0,0.02821316614420063,0.09564263322884012,Low
1000158,0.0,1.0,0.8,0.1111111111111111,12.857142857142858,0.0,0.040304523063143756,0.24806090461262875,Low
1000159,1.0,0.0006240249609984405,0.9,0.1,5.818181818181818,0.2857142857142857,0.018238814477058992,0.7022191914668404,High
1000160,0.0,1.0,0.0,1.0,3.0,0.0,0.009404388714733543,0.0018808777429467087,Low
1000161,0.0,1.0,0.3,0.25,12.0,0.0,0.03761755485893417,0.09752351097178683,Low
1000162,1.0,0.00833333333333334,0.8,0.1111111111111111,5.384615384615385,0.1428571428571428,0.016879672052085848,0.6576616486961314,High
1000163,0.0,1.0,1.0,0.05,19.0,0.0,0.05956112852664577,0.31191222570532917,Medium
1000164,0.0,1.0,1.0,0.02564102564102564,86.0,0.0,0.26959247648902823,0.3539184952978056,Medium
1000165,0.0,1.0,1.0,0.034482758620689655,4.571428571428571,0.0,0.014330497089117778,0.30286609941782355,Medium
1000166,0.0,1.0,0.6,0.14285714285714285,28.0,0.0,0.0877742946708464,0.19755485893416927,Low
1000167,0.0,1.0,0.0,1.0,4.8,0.0,0.015047021943573668,0.003009404388714734,Low
1000168,0.0,1.0,0.3,0.25,3.0,0.0,0.009404388714733543,0.0918808777429467,Low
1000169,0.0,1.0,1.0,0.05,20.0,0.0,0.06269592476489028,0.31253918495297806,Medium
1000170,1.0,0.000980392156862746,1.0,0.06666666666666667,4.9,0.375,0.01536050156739812,0.7405721003134795,High
1000171,0.0,1.0,1.0,0.09090909090909091,15.0,0.0,0.047021943573667714,0.3094043887147335,Medium
1000172,0.0,1.0,1.0,0.05263157894736842,27.0,0.0,0.08463949843260188,0.31692789968652035,Medium
1000173,0.0,1.0,0.6,0.14285714285714285,8.0,0.0,0.025078369905956112,0.1850156739811912,Low
1000174,0.0,1.0,0.0,1.0,25.0,0.0,0.07836990595611286,0.015673981191222573,Low
1000176,0.0,1.0,1.0,0.05263157894736842,38.0,0.0,0.11912225705329153,0.3238244514106583,Medium
1000177,0.0,1.0,0.0,1.0,3.066666666666667,0.0,0.009613375130616511,0.0019226750261233023,Low
1000178,0.0,1.0,1.0,0.05555555555555555,3.7647058823529407,0.0,0.011801585838096993,0.3023603171676194,Medium
1000179,0.0,1.0,0.0,1.0,8.666666666666666,0.0,0.027168234064785787,0.005433646812957158,Low
1000180,0.0,1.0,1.0,0.01639344262295082,14.0,0.0,0.0438871473354232,0.30877742946708464,Medium
1000182,0.0,1.0,0.0,1.0,3.0,0.0,0.009404388714733543,0.0018808777429467087,Low
1000183,1.0,0.0008398950131233604,1.0,0.009174311926605505,57.0,0.1666666666666666,0.1786833855799373,0.752403343782654,High
1000184,0.0,1.0,1.0,0.023809523809523808,90.0,0.0,0.28213166144200624,0.35642633228840126,Medium
1000185,0.0,1.0,1.0,0.016666666666666666,6.61764705882353,0.0,0.020744975106029875,0.30414899502120596,Medium
1000186,0.0,1.0,0.4,0.2,12.0,0.0,0.03761755485893417,0.12752351097178682,Low
1000187,0.0,1.0,0.1,0.5,11.0,0.0,0.034482758620689655,0.03689655172413793,Low
1000188,0.0,1.0,0.0,1.0,3.9,0.0,0.012225705329153605,0.002445141065830721,Low
1000189,0.0,1.0,1.0,0.09090909090909091,10.0,0.0,0.03134796238244514,0.306269592476489,Medium
1000190,0.0,1.0,0.0,1.0,9.0,0.0,0.02821316614420063,0.005642633228840126,Low
1000191,0.0,1.0,0.2,0.3333333333333333,10.0,0.0,0.03134796238244514,0.06626959247648903,Low
1000192,1.0,0.001475107559926246,1.0,0.029411764705882353,11.538461538461538,0.1111111111111111,0.03617072582589824,0.7183452562762906,High
1000194,0.0,1.0,0.2,0.3333333333333333,8.0,0.0,0.025078369905956112,0.06501567398119122,Low
1000195,0.0,1.0,0.1,0.5,3.0,0.0,0.009404388714733543,0.031880877742946706,Low
1000196,0.0,0.0,0.2,0.3333333333333333,2.0,0.0,0.006269592476489028,0.0612539184952978,Low
1000197,1.0,0.007321131447587364,1.0,0.027777777777777776,7.0,0.25,0.0219435736677116,0.7293887147335423,High
1000198,1.0,0.0011549566891241583,1.0,0.0125,6.902654867256637,0.1888888888888888,0.021638416511776292,0.723216572191244,High
1000199,0.0,1.0,1.0,0.07692307692307693,7.0,0.0,0.0219435736677116,0.3043887147335423,Medium
1000200,0.0,1.0,1.0,0.03571428571428571,16.0,0.0,0.050156739811912224,0.3100313479623824,Medium
1000201,0.0,1.0,1.0,0.024390243902439025,14.3,0.0,0.04482758620689655,0.3089655172413793,Medium
1000204,0.0,1.0,0.0,1.0,16.0,0.0,0.050156739811912224,0.010031347962382446,Low
1000205,0.0,1.0,0.0,1.0,4.0,0.0,0.012539184952978056,0.0025078369905956114,Low
1000206,0.0,1.0,0.0,1.0,6.0,0.0,0.018808777429467086,0.0037617554858934174,Low
1000207,0.0,1.0,0.0,1.0,38.0,0.0,0.11912225705329153,0.02382445141065831,Low
1000208,1.0,0.0037828947368421083,1.0,0.058823529411764705,9.473684210526315,0.1333333333333333,0.029698069625474343,0.7192729472584282,High
1000209,1.0,0.002766355140186918,0.5,0.16666666666666666,8.399999999999999,0.0555555555555555,0.026332288401253914,0.5608220132358064,Medium
1000210,0.0,1.0,0.4,0.2,14.0,0.0,0.0438871473354232,0.12877742946708465,Low
1000211,0.0,1.0,0.9,0.1,29.0,0.0,0.09090909090909091,0.2881818181818182,Low
1000212,1.0,0.0012106537530266344,1.0,0.08333333333333333,9.636363636363637,0.1111111111111111,0.030208036477628954,0.7171527184066369,High
1000213,0.0,1.0,0.0,1.0,36.0,0.0,0.11285266457680251,0.022570532915360503,Low
1000214,1.0,0.0012690355329949238,0.2,0.3333333333333333,10.0,0.1428571428571428,0.03134796238244514,0.4805553067622033,Medium
1000216,0.0,1.0,1.0,0.09090909090909091,10.0,0.0,0.03134796238244514,0.306269592476489,Medium
1000217,0.0,1.0,0.2,0.3333333333333333,7.0,0.0,0.0219435736677116,0.06438871473354232,Low
1000218,0.0,1.0,0.2,0.3333333333333333,5.0,0.0,0.01567398119122257,0.06313479623824451,Low
1000220,0.0,1.0,1.0,0.09090909090909091,16.0,0.0,0.050156739811912224,0.3100313479623824,Medium
1000221,0.0,1.0,1.0,0.05555555555555555,33.0,0.0,0.10344827586206896,0.32068965517241377,Medium
1000222,1.0,0.0195364238410596,0.6,0.14285714285714285,6.153846153846154,0.0833333333333333,0.019291053773812395,0.5921915440880958,Medium
1000223,0.0,1.0,1.0,0.04,10.333333333333334,0.0,0.03239289446185998,0.306478578892372,Medium
1000224,0.0,1.0,0.5,0.16666666666666666,5.0,0.0,0.01567398119122257,0.1531347962382445,Low
1000225,0.0,1.0,0.0,1.0,8.0,0.0,0.025078369905956112,0.005015673981191223,Low
1000226,0.0,1.0,0.3,0.25,6.0,0.0,0.018808777429467086,0.09376175548589341,Low
1000227,1.0,0.0037974683544303813,0.0,1.0,9.5625,0.4444444444444444,0.029976489028213166,0.4504397422500871,Medium
1000228,0.0,1.0,1.0,0.05263157894736842,45.0,0.0,0.14106583072100312,0.3282131661442006,Medium
1000229,0.0,1.0,1.0,0.02040816326530612,7.619047619047618,0.0,0.023884161815196293,0.30477683236303926,Medium
1000230,1.0,0.0005063291139240511,1.0,0.027777777777777776,8.19047619047619,0.1428571428571428,0.025675473951336018,0.7194208090759814,High
1000231,0.0,1.0,1.0,0.05,22.5,0.0,0.07053291536050156,0.3141065830721003,Medium
1000232,0.0,1.0,1.0,0.05263157894736842,7.777777777777778,0.0,0.024381748519679555,0.3048763497039359,Medium
1000233,0.0,1.0,1.0,0.01694915254237288,58.0,0.0,0.18181818181818182,0.33636363636363636,Medium
1000234,0.0,1.0,1.0,0.02564102564102564,56.0,0.0,0.1755485893416928,0.33510971786833854,Medium
1000235,0.0,1.0,1.0,0.05555555555555555,40.5,0.0,0.12695924764890282,0.32539184952978056,Medium
1000236,0.0,1.0,1.0,0.02564102564102564,32.8,0.0,0.10282131661442005,0.320564263322884,Medium
1000238,1.0,0.00013417158629149735,1.0,0.023255813953488372,25.076923076923077,0.054054054054054,0.07861104412828551,0.7211276142310624,High
1000239,0.0,1.0,0.1,0.5,16.636363636363637,0.0,0.05215161014534055,0.040430322029068114,Low
1000240,0.0,1.0,1.0,0.037037037037037035,47.0,0.0,0.14733542319749215,0.3294670846394984,Medium
1000241,0.0,1.0,0.4,0.2,34.4,0.0,0.10783699059561128,0.14156739811912225,Low
1000242,0.0,1.0,0.6,0.14285714285714285,6.0,0.0,0.018808777429467086,0.1837617554858934,Low
1000243,0.0,1.0,0.8,0.1111111111111111,23.0,0.0,0.07210031347962383,0.25442006269592476,Low
1000244,0.0,1.0,1.0,0.045454545454545456,10.0,0.0,0.03134796238244514,0.306269592476489,Medium
1000245,0.0,1.0,0.7,0.125,33.0,0.0,0.10344827586206896,0.2306896551724138,Low
1000246,0.0,1.0,1.0,0.024390243902439025,41.0,0.0,0.12852664576802508,0.325705329153605,Medium
1000247,0.0,0.0,0.9,0.1,26.0,0.0,0.08150470219435736,0.2863009404388715,Low
1000248,0.0,0.0,0.4,0.2,26.0,0.0,0.08150470219435736,0.13630094043887148,Low
1000249,1.0,0.003205128205128205,1.0,0.05555555555555555,26.4,0.25,0.08275862068965517,0.741551724137931,High
1000250,0.0,1.0,0.2,0.3333333333333333,74.0,0.0,0.23197492163009403,0.10639498432601881,Low
1000251,1.0,0.00011273957158962807,1.0,0.058823529411764705,11.285714285714286,0.9230769230769232,0.03537841468875952,0.7993833752454441,High
1000252,0.0,1.0,0.0,1.0,13.0,0.0,0.04075235109717868,0.008150470219435737,Low
1000253,0.0,1.0,0.0,1.0,24.0,0.0,0.07523510971786834,0.01504702194357367,Low
1000254,0.0,1.0,0.3,0.25,11.0,0.0,0.034482758620689655,0.09689655172413793,Low
1000255,0.0,1.0,0.8,0.1111111111111111,31.0,0.0,0.09717868338557993,0.259435736677116,Low
1000256,0.0,1.0,0.8,0.1111111111111111,14.0,0.0,0.0438871473354232,0.24877742946708464,Low
1000257,0.0,1.0,0.0,1.0,7.0,0.0,0.0219435736677116,0.00438871473354232,Low
1000258,0.0,0.0,1.0,0.09090909090909091,44.0,0.0,0.13793103448275862,0.3275862068965517,Medium
1000259,0.0,1.0,1.0,0.03333333333333333,111.0,0.0,0.34796238244514105,0.3695924764890282,Medium
1000260,0.0,1.0,0.9,0.1,23.333333333333332,0.0,0.07314524555903866,0.28462904911180775,Low
1000261,0.0,1.0,1.0,0.08333333333333333,23.333333333333332,0.0,0.07314524555903866,0.3146290491118077,Medium
1000262,0.0,1.0,1.0,0.05263157894736842,73.0,0.0,0.22884012539184953,0.3457680250783699,Medium
1000263,0.0,1.0,1.0,0.045454545454545456,37.0,0.0,0.11598746081504702,0.3231974921630094,Medium
1000264,0.0,1.0,0.6,0.14285714285714285,76.0,0.0,0.23824451410658307,0.2276489028213166,Low
1000265,0.0,1.0,1.0,0.043478260869565216,22.0,0.0,0.06896551724137931,0.3137931034482758,Medium
1000266,1.0,0.0022966134682755957,1.0,0.05263157894736842,5.684210526315789,0.1111111111111111,0.017818841775284606,0.7146748794661679,High
1000267,0.0,1.0,1.0,0.047619047619047616,61.0,0.0,0.19122257053291536,0.33824451410658307,Medium
1000268,0.0,1.0,1.0,0.04,72.0,0.0,0.22570532915360503,0.345141065830721,Medium
1000269,1.0,0.0005442176870748305,1.0,0.027777777777777776,5.833333333333333,0.2,0.018286311389759665,0.7236572622779519,High
1000270,0.0,1.0,1.0,0.0625,7.285714285714286,0.0,0.02283922973578146,0.3045678459471563,Medium
1000271,0.0,1.0,1.0,0.03333333333333333,10.0,0.0,0.03134796238244514,0.306269592476489,Medium
1000272,0.0,1.0,1.0,0.07692307692307693,61.0,0.0,0.19122257053291536,0.33824451410658307,Medium
1000273,1.0,4.4111160123511284e-05,1.0,0.0196078431372549,12.366666666666667,0.15,0.03876698014629049,0.722753396029258,High
1000274,0.0,1.0,1.0,0.04,13.789473684210526,0.0,0.043227190232634875,0.30864543804652694,Medium
1000275,1.0,0.00029580329081161055,1.0,0.03333333333333333,9.142857142857142,0.0172413793103448,0.028660994178235557,0.7074563367666815,High
1000276,0.0,1.0,0.0,1.0,8.0,0.0,0.025078369905956112,0.005015673981191223,Low
1000277,0.0,1.0,0.4,0.2,39.0,0.0,0.12225705329153605,0.14445141065830722,Low
1000279,1.0,0.00012050007531254718,1.0,0.003861003861003861,14.111999999999998,0.0327868852459016,0.04423824451410658,0.7121263374274114,High
1000280,0.0,1.0,1.0,0.02,7.090909090909091,0.0,0.022228555143915644,0.3044457110287831,Medium
1000283,0.0,1.0,0.0,1.0,8.6,0.0,0.02695924764890282,0.005391849529780564,Low
1000285,1.0,8.285004142502078e-05,0.2,0.3333333333333333,10.466666666666667,0.3103448275862069,0.032810867293625916,0.4975966562173459,Medium
1000287,1.0,0.0013484358144552338,1.0,0.011363636363636364,14.054054054054054,0.0909090909090909,0.04405659578073371,0.7179022282470557,High
1000288,0.0,1.0,0.9,0.1,16.0,0.0,0.050156739811912224,0.28003134796238244,Low
1000289,0.0,1.0,0.2,0.3333333333333333,12.0,0.0,0.03761755485893417,0.06752351097178683,Low
1000290,0.0,1.0,1.0,0.09090909090909091,23.0,0.0,0.07210031347962383,0.31442006269592476,Medium
1000291,0.0,1.0,0.1,0.5,24.0,0.0,0.07523510971786834,0.04504702194357367,Low
1000292,1.0,0.0007768398156300171,1.0,0.0048543689320388345,20.61904761904762,0.0547945205479452,0.06463651291237499,0.7184067546372694,High
1000293,1.0,0.0002725772900078907,1.0,0.015151515151515152,13.19178082191781,0.0294117647058823,0.04135354489629407,0.711211885449847,High
1000295,0.0,1.0,1.0,0.07692307692307693,28.0,0.0,0.0877742946708464,0.3175548589341693,Medium
1000296,0.0,1.0,1.0,0.05555555555555555,38.0,0.0,0.11912225705329153,0.3238244514106583,Medium
1000297,0.0,1.0,1.0,0.07692307692307693,24.0,0.0,0.07523510971786834,0.31504702194357365,Medium
1000298,1.0,0.0001332001332001333,1.0,0.05263157894736842,15.942028985507248,0.0204081632653061,0.04997501249375313,0.7120358188252812,High
1000299,1.0,0.001061249241964827,1.0,0.018867924528301886,15.753846153846153,0.1111111111111111,0.04938509766095973,0.720988130643303,High
1000300,0.0,1.0,0.1,0.5,9.535714285714285,0.0,0.029892521271831615,0.03597850425436632,Low
1000301,0.0,1.0,0.0,1.0,10.862068965517242,0.0,0.034050372932655934,0.0068100745865311875,Low
1000302,0.0,1.0,0.0,1.0,9.677419354838708,0.0,0.030336737789463036,0.006067347557892608,Low
1000303,1.0,0.016000000000000014,1.0,0.07142857142857142,8.5,0.6666666666666666,0.02664576802507837,0.7719958202716822,High
1000304,1.0,0.018637992831541227,0.0,1.0,11.375,0.1666666666666666,0.03565830721003135,0.42379832810867296,Medium
1000305,1.0,0.013351498637602195,0.0,1.0,6.081081081081082,0.125,0.01906295009743286,0.4163125900194866,Medium
1000306,1.0,0.003278688524590167,0.0,1.0,3.8,0.125,0.011912225705329153,0.41488244514106587,Medium
1000307,1.0,0.0074380165289256225,0.0,1.0,3.636363636363636,0.125,0.011399259048161867,0.4147798518096324,Medium
1000309,1.0,0.010874704491725772,0.0,1.0,3.8181818181818175,0.3333333333333333,0.01196922200056996,0.4357271777334473,Medium
1000310,0.0,1.0,1.0,0.017543859649122806,21.55555555555556,0.0,0.06757227446882622,0.3135144548937652,Medium
1000312,0.0,1.0,1.0,0.02,89.0,0.0,0.27899686520376177,0.3557993730407524,Medium
1000313,1.0,0.0014814814814814838,1.0,0.03571428571428571,21.11111111111111,0.375,0.06617903169627308,0.7507358063392545,High
1000314,0.0,1.0,0.0,1.0,29.24137931034483,0.0,0.09166576586314994,0.018333153172629988,Low
1000315,0.0,1.0,0.7,0.125,21.5,0.0,0.06739811912225706,0.2234796238244514,Low
1000316,1.0,0.000407000407000407,1.0,0.012048192771084338,11.8125,0.125,0.03702978056426332,0.7199059561128526,High
1000317,0.0,1.0,0.4,0.2,11.4,0.0,0.035736677115987464,0.12714733542319748,Low
1000318,0.0,1.0,0.0,1.0,8.25,0.0,0.02586206896551724,0.005172413793103448,Low
1000319,0.0,1.0,0.0,1.0,8.625,0.0,0.027037617554858933,0.005407523510971787,Low
1000320,0.0,1.0,1.0,0.034482758620689655,38.5,0.0,0.1206896551724138,0.32413793103448274,Medium
1000321,1.0,0.001072961373390558,1.0,0.0012121212121212121,28.7578125,0.2666666666666666,0.09014988244514106,0.7446966431556948,High
1000322,1.0,0.0626148409893993,1.0,0.058823529411764705,8.0,0.1111111111111111,0.025078369905956112,0.7161267850923022,High
1000323,0.0,1.0,0.1,0.5,16.35,0.0,0.05125391849529781,0.04025078369905956,Low
1000324,0.0,1.0,1.0,0.06666666666666667,26.0,0.0,0.08150470219435736,0.31630094043887147,Medium
1000325,0.0,1.0,1.0,0.05,44.0,0.0,0.13793103448275862,0.3275862068965517,Medium
1000326,0.0,1.0,0.8,0.1111111111111111,8.0,0.0,0.025078369905956112,0.2450156739811912,Low
1000327,0.0,1.0,1.0,0.05,6.875,0.0,0.021551724137931036,0.3043103448275862,Medium
1000328,0.0,1.0,0.3,0.25,22.0,0.0,0.06896551724137931,0.10379310344827586,Low
1000329,0.0,1.0,1.0,0.00980392156862745,13.217391304347826,0.0,0.041433828540275316,0.3082867657080551,Medium
1000330,0.0,1.0,0.0,1.0,38.0,0.0,0.11912225705329153,0.02382445141065831,Low
1000331,0.0,1.0,1.0,0.02040816326530612,171.0,0.0,0.5360501567398119,0.4072100313479624,Medium
1000332,1.0,6.925207756232693e-05,1.0,0.03571428571428571,13.333333333333334,0.2941176470588235,0.04179728317659352,0.737771221341201,High
1000333,1.0,0.0008897676717745925,1.0,0.02631578947368421,9.179487179487179,0.03125,0.028775821879270153,0.708880164375854,High
1000335,0.0,1.0,1.0,0.07142857142857142,46.0,0.0,0.14420062695924765,0.32884012539184954,Medium
1000336,0.0,1.0,1.0,0.029411764705882353,107.0,0.0,0.335423197492163,0.3670846394984326,Medium
1000337,0.0,1.0,1.0,0.06666666666666667,11.04,0.0,0.03460815047021943,0.3069216300940439,Medium
1000338,0.0,1.0,0.3,0.25,26.0,0.0,0.08150470219435736,0.10630094043887148,Low
1000339,1.0,0.008759842519685045,0.3,0.25,13.411764705882353,0.0769230769230769,0.04204314954822054,0.5061009376019517,Medium
1000340,1.0,7.153075822603726e-05,1.0,0.01694915254237288,15.59322033898305,0.2727272727272727,0.048881568460761915,0.7370490409648796,High
1000342,0.0,1.0,0.0,1.0,186.0,0.0,0.5830721003134797,0.11661442006269594,Low
1000344,0.0,1.0,1.0,0.013513513513513514,319.0,0.0,1.0,0.5,Medium
1000345,1.0,0.00025687130747495504,1.0,0.05,13.416666666666668,0.0625,0.04205851619644724,0.7146617032392893,High
1000346,0.0,1.0,1.0,0.03225806451612903,74.0,0.0,0.23197492163009403,0.3463949843260188,Medium
1000347,0.0,1.0,0.3,0.25,9.0,0.0,0.02821316614420063,0.09564263322884012,Low
1000348,0.0,1.0,0.1,0.5,4.0,0.0,0.012539184952978056,0.03250783699059561,Low
1000349,0.0,1.0,0.0,1.0,5.0,0.0,0.01567398119122257,0.003134796238244514,Low
1000350,0.0,1.0,0.0,1.0,3.0,0.0,0.009404388714733543,0.0018808777429467087,Low
1000351,0.0,1.0,0.0,1.0,13.636363636363637,0.0,0.04274722143060701,0.008549444286121402,Low
1000352,1.0,0.0020408163265306124,0.3,0.25,8.684210526315791,1.0,0.027223230490018156,0.5954446460980036,Medium
1000353,0.0,1.0,0.7,0.125,9.3,0.0,0.029153605015673982,0.2158307210031348,Low
1000354,0.0,1.0,0.0,1.0,4.0,0.0,0.012539184952978056,0.0025078369905956114,Low
1000355,0.0,1.0,0.2,0.3333333333333333,7.0,0.0,0.0219435736677116,0.06438871473354232,Low
1000356,0.0,1.0,1.0,0.09090909090909091,18.666666666666668,0.0,0.05851619644723093,0.31170323928944615,Medium
1000357,0.0,1.0,0.0,1.0,7.0,0.0,0.0219435736677116,0.00438871473354232,Low
1000358,0.0,1.0,0.0,1.0,9.899999999999999,0.0,0.031034482758620686,0.006206896551724138,Low
1000359,0.0,1.0,1.0,0.043478260869565216,149.0,0.0,0.4670846394984326,0.3934169278996865,Medium
1000361,1.0,0.004364236100098327,1.0,0.025,13.454545454545457,0.0833333333333333,0.04217725847819893,0.716768785028973,High
1000363,0.0,1.0,1.0,0.006097560975609756,164.0,0.0,0.5141065830721003,0.40282131661442006,Medium
1000365,0.0,1.0,0.0,1.0,70.0,0.0,0.219435736677116,0.043887147335423204,Low
1000366,0.0,1.0,1.0,0.02564102564102564,48.0,0.0,0.15047021943573669,0.3300940438871473,Medium
1000367,1.0,0.012763596004439527,0.0,1.0,5.806451612903226,0.1,0.018202042673677823,0.4136404085347356,Medium
1000368,1.0,0.002103250478011475,1.0,0.006097560975609756,17.75824175824176,0.1111111111111111,0.05566846946157291,0.7222448050034256,High
1000369,0.0,1.0,1.0,0.015384615384615385,172.0,0.0,0.5391849529780565,0.4078369905956113,Medium
1000371,0.0,1.0,1.0,0.016129032258064516,16.3,0.0,0.051097178683385584,0.3102194357366771,Medium
1000374,0.0,1.0,0.0,1.0,91.0,0.0,0.2852664576802508,0.057053291536050155,Low
1000375,1.0,0.001234274863517684,0.0,1.0,32.666666666666664,0.5,0.10240334378265412,0.47048066875653083,Medium
1000376,0.0,1.0,0.0,1.0,180.0,0.0,0.5642633228840125,0.1128526645768025,Low
1000377,0.0,1.0,0.0,1.0,18.0,0.0,0.05642633228840126,0.011285266457680252,Low
1000378,0.0,1.0,0.1,0.5,14.0,0.0,0.0438871473354232,0.03877742946708464,Low
1000380,1.0,8.478887569950823e-05,1.0,0.018867924528301886,10.898550724637682,0.0606060606060606,0.034164735813911225,0.7128935532233883,High
1000381,0.0,1.0,1.0,0.06666666666666667,89.0,0.0,0.27899686520376177,0.3557993730407524,Medium
1000382,0.0,1.0,0.4,0.2,76.0,0.0,0.23824451410658307,0.16764890282131661,Low
1000383,0.0,1.0,0.0,1.0,115.0,0.0,0.3605015673981191,0.07210031347962383,Low
1000385,0.0,1.0,0.4,0.2,98.0,0.0,0.3072100313479624,0.18144200626959248,Low
1000386,0.0,1.0,0.9,0.1,8.0,0.0,0.025078369905956112,0.27501567398119126,Low
1000387,0.0,1.0,1.0,0.09090909090909091,12.375,0.0,0.03879310344827586,0.30775862068965515,Medium
1000388,1.0,0.01996402877697843,0.3,0.25,3.75,0.6666666666666666,0.011755485893416929,0.5590177638453501,Medium
1000389,0.0,1.0,0.3,0.25,4.0,0.0,0.012539184952978056,0.0925078369905956,Low
1000390,1.0,0.00015791551519936847,1.0,0.024390243902439025,68.0,1.0,0.21316614420062696,0.8426332288401254,High
1000392,0.0,1.0,0.0,1.0,7.333333333333333,0.0,0.022988505747126436,0.004597701149425287,Low
1000393,0.0,1.0,0.1,0.5,17.0,0.0,0.05329153605015674,0.040658307210031344,Low
1000395,0.0,1.0,0.0,1.0,15.0,0.0,0.047021943573667714,0.009404388714733543,Low
1000396,1.0,0.0005333902282910185,1.0,0.03125,13.8125,0.1794871794871795,0.04329937304075235,0.7266085925568684,High
1000397,0.0,1.0,0.0,1.0,6.25,0.0,0.019592476489028215,0.003918495297805643,Low
1000398,1.0,0.003821656050955414,1.0,0.07142857142857142,11.666666666666666,0.25,0.03657262277951933,0.7323145245559038,High
1000399,0.0,1.0,0.0,1.0,20.0,0.0,0.06269592476489028,0.012539184952978056,Low
1000400,0.0,1.0,0.0,1.0,17.700000000000003,0.0,0.05548589341692791,0.011097178683385583,Low
1000401,1.0,0.0016893554206987061,1.0,0.07142857142857142,10.783783783783784,0.0666666666666666,0.0338049648394476,0.7134276596345562,High
1000402,0.0,1.0,0.0,1.0,7.333333333333333,0.0,0.022988505747126436,0.004597701149425287,Low
1000403,1.0,0.0005244231345519928,0.0,1.0,15.23076923076923,0.25,0.04774535809018567,0.4345490716180372,Medium
1000404,0.0,1.0,1.0,0.09090909090909091,8.0,0.0,0.025078369905956112,0.3050156739811912,Medium
1000405,0.0,1.0,0.0,1.0,10.0,0.0,0.03134796238244514,0.006269592476489028,Low
1000406,1.0,0.0018584893136864462,0.8,0.1111111111111111,7.9787234042553195,0.0465116279069767,0.02501167211365304,0.6496534972134282,High
1000407,0.0,1.0,1.0,0.0625,69.33333333333333,0.0,0.2173458725182863,0.34346917450365727,Medium
1000408,0.0,1.0,1.0,0.024390243902439025,9.4,0.0,0.029467084639498434,0.3058934169278997,Medium
1000409,0.0,1.0,0.0,1.0,22.0,0.0,0.06896551724137931,0.013793103448275862,Low
1000410,0.0,1.0,1.0,0.06666666666666667,4.666666666666666,0.0,0.014629049111807731,0.30292580982236156,Medium
1000411,0.0,1.0,0.5,0.16666666666666666,5.0,0.0,0.01567398119122257,0.1531347962382445,Low
1000412,0.0,1.0,0.0,1.0,7.0,0.0,0.0219435736677116,0.00438871473354232,Low
1000413,1.0,0.00021925016443762334,0.9,0.1,11.083333333333334,0.0178571428571428,0.03474399164054336,0.678734512613823,High
1000414,1.0,0.004761904761904766,0.4,0.2,5.5,0.5,0.017241379310344827,0.573448275862069,Medium
1000415,0.0,1.0,1.0,0.05263157894736842,7.7333333333333325,0.0,0.02424242424242424,0.3048484848484848,Medium
1000416,0.0,1.0,0.6,0.14285714285714285,10.0,0.0,0.03134796238244514,0.18626959247648903,Low
1000417,0.0,0.0,0.1,0.5,25.0,0.0,0.07836990595611286,0.04567398119122257,Low
1000418,1.0,0.0013953822915917433,0.0,1.0,14.56,0.1666666666666666,0.04564263322884013,0.4257951933124347,Medium
1000419,0.0,1.0,0.0,1.0,96.0,0.0,0.30094043887147337,0.06018808777429468,Low
1000420,0.0,1.0,1.0,0.06666666666666667,14.0,0.0,0.0438871473354232,0.30877742946708464,Medium
1000421,0.0,1.0,1.0,0.09090909090909091,31.0,0.0,0.09717868338557993,0.319435736677116,Medium
1000422,0.0,1.0,1.0,0.058823529411764705,14.76923076923077,0.0,0.04629852905714975,0.3092597058114299,Medium
1000423,1.0,0.0033854166666666668,1.0,0.045454545454545456,11.333333333333332,0.0666666666666666,0.03552769070010449,0.7137722048066876,High
1000424,1.0,7.137758743754467e-05,0.6,0.14285714285714285,7.714285714285714,0.2,0.02418271383788625,0.6048365427675774,High
1000425,0.0,1.0,0.2,0.3333333333333333,6.5,0.0,0.02037617554858934,0.06407523510971787,Low
1000426,0.0,1.0,0.9,0.1,13.5,0.0,0.04231974921630094,0.27846394984326023,Low
1000427,0.0,1.0,0.2,0.3333333333333333,9.0,0.0,0.02821316614420063,0.06564263322884012,Low
1000428,0.0,1.0,0.6,0.14285714285714285,6.666666666666666,0.0,0.020898641588296758,0.18417972831765936,Low
1000429,0.0,1.0,1.0,0.05,27.0,0.0,0.08463949843260188,0.31692789968652035,Medium
1000430,0.0,1.0,1.0,0.06666666666666667,5.375,0.0,0.016849529780564265,0.30336990595611285,Medium
1000431,0.0,1.0,1.0,0.08333333333333333,22.8,0.0,0.07147335423197493,0.31429467084639495,Medium
1000432,0.0,1.0,0.4,0.2,11.25,0.0,0.03526645768025078,0.12705329153605016,Low
1000433,1.0,6.056935190793464e-05,1.0,0.058823529411764705,21.333333333333332,0.25,0.06687565308254963,0.73837513061651,High
1000434,0.0,1.0,0.0,1.0,9.0,0.0,0.02821316614420063,0.005642633228840126,Low
1000435,0.0,1.0,0.0,1.0,4.8,0.0,0.015047021943573668,0.003009404388714734,Low
1000436,0.0,1.0,1.0,0.038461538461538464,12.363636363636363,0.0,0.03875748076375036,0.30775149615275005,Medium
1000437,0.0,1.0,1.0,0.04,8.75,0.0,0.0274294670846395,0.3054858934169279,Medium
1000438,0.0,1.0,1.0,0.05555555555555555,22.0,0.0,0.06896551724137931,0.3137931034482758,Medium
1000439,0.0,1.0,0.0,1.0,14.5,0.0,0.045454545454545456,0.009090909090909092,Low
1000440,0.0,1.0,0.9,0.1,9.0,0.0,0.02821316614420063,0.27564263322884014,Low
1000441,0.0,1.0,1.0,0.09090909090909091,18.0,0.0,0.05642633228840126,0.31128526645768023,Medium
1000442,0.0,1.0,1.0,0.08333333333333333,15.5,0.0,0.048589341692789965,0.30971786833855797,Medium
1000443,0.0,1.0,0.1,0.5,7.0,0.0,0.0219435736677116,0.03438871473354232,Low
1000444,0.0,0.0,0.9,0.1,55.0,0.0,0.1724137931034483,0.3044827586206897,Medium
1000445,0.0,0.0,0.3,0.25,17.0,0.0,0.05329153605015674,0.10065830721003134,Low
1000446,0.0,1.0,1.0,0.07142857142857142,6.608695652173913,0.0,0.020716914270137658,0.30414338285402753,Medium
1000447,0.0,0.0,0.2,0.3333333333333333,10.0,0.0,0.03134796238244514,0.06626959247648903,Low
1000448,0.0,1.0,1.0,0.07142857142857142,66.99999999999999,0.0,0.2100313479623824,0.3420062695924765,Medium
1000449,0.0,1.0,1.0,0.034482758620689655,55.0,0.0,0.1724137931034483,0.33448275862068966,Medium
1000450,0.0,1.0,1.0,0.07142857142857142,24.0,0.0,0.07523510971786834,0.31504702194357365,Medium
1000451,0.0,1.0,1.0,0.0625,15.0,0.0,0.047021943573667714,0.3094043887147335,Medium
1000452,0.0,1.0,0.1,0.5,12.0,0.0,0.03761755485893417,0.037523510971786835,Low
1000453,0.0,0.0,0.0,1.0,33.0,0.0,0.10344827586206896,0.020689655172413793,Low
1000454,0.0,1.0,0.0,1.0,39.0,0.0,0.12225705329153605,0.02445141065830721,Low
1000455,0.0,1.0,0.0,1.0,30.333333333333332,0.0,0.09508881922675026,0.019017763845350054,Low
1000456,1.0,0.03913043478260871,0.0,1.0,41.333333333333336,1.0,0.12957157784743992,0.525914315569488,Medium
1000457,0.0,0.0,0.0,1.0,57.0,0.0,0.1786833855799373,0.03573667711598746,Low
1000458,0.0,0.0,0.0,1.0,18.0,0.0,0.05642633228840126,0.011285266457680252,Low
1000459,0.0,0.0,0.0,1.0,89.0,0.0,0.27899686520376177,0.05579937304075236,Low
1000460,0.0,0.0,0.0,1.0,21.0,0.0,0.06583072100313479,0.013166144200626959,Low
1000461,0.0,0.0,0.0,1.0,160.0,0.0,0.5015673981191222,0.10031347962382445,Low
1000462,0.0,0.0,0.0,1.0,45.0,0.0,0.14106583072100312,0.028213166144200625,Low
1000463,0.0,0.0,0.0,1.0,120.0,0.0,0.3761755485893417,0.07523510971786834,Low
1000464,0.0,0.0,0.0,0.0,0.0,0.0,0.0,0.0,
1000465,0.0,0.0,0.0,0.0,0.0,0.0,0.0,0.0,
1000466,0.0,0.0,0.0,0.0,0.0,0.0,0.0,0.0,
1000467,0.0,0.0,0.0,0.0,0.0,0.0,0.0,0.0,
1000468,0.0,0.0,0.0,0.0,0.0,0.0,0.0,0.0,
1000469,0.0,0.0,0.0,0.0,0.0,0.0,0.0,0.0,
1000470,0.0,0.0,0.0,0.0,0.0,0.0,0.0,0.0,
1000472,0.0,1.0,0.0,1.0,11.25,0.0,0.03526645768025078,0.007053291536050156,Low
1000474,0.0,1.0,0.0,1.0,20.0,0.0,0.06269592476489028,0.012539184952978056,Low
1000475,0.0,1.0,0.0,1.0,12.666666666666666,0.0,0.03970741901776385,0.00794148380355277,Low
1000477,0.0,1.0,0.0,1.0,9.847826086956522,0.0,0.030870928172277497,0.0061741856344555,Low
1000478,0.0,1.0,0.0,1.0,40.0,0.0,0.12539184952978055,0.025078369905956112,Low
1000479,0.0,1.0,0.0,1.0,28.0,0.0,0.0877742946708464,0.01755485893416928,Low
1000480,0.0,1.0,0.0,1.0,9.0,0.0,0.02821316614420063,0.005642633228840126,Low
1000481,0.0,1.0,0.2,0.3333333333333333,7.0,0.0,0.0219435736677116,0.06438871473354232,Low
1000482,0.0,1.0,0.7,0.125,30.0,0.0,0.09404388714733543,0.2288087774294671,Low
1000483,1.0,0.006225680933852146,0.2,0.3333333333333333,3.4285714285714284,0.25,0.010747872816838333,0.4871495745633677,Medium
1000485,0.0,1.0,0.0,1.0,14.0,0.0,0.0438871473354232,0.00877742946708464,Low
1000486,0.0,1.0,0.0,1.0,12.0,0.0,0.03761755485893417,0.007523510971786835,Low
1000487,0.0,1.0,0.8,0.1111111111111111,33.0,0.0,0.10344827586206896,0.26068965517241377,Low
1000488,1.0,0.0001303780964797915,0.4,0.2,9.0,0.1,0.02821316614420063,0.5356426332288402,Medium
1000489,0.0,1.0,0.0,1.0,18.0,0.0,0.05642633228840126,0.011285266457680252,Low
1000490,0.0,1.0,0.0,1.0,6.4,0.0,0.02006269592476489,0.004012539184952978,Low
1000491,0.0,1.0,0.0,1.0,8.0,0.0,0.025078369905956112,0.005015673981191223,Low
1000492,0.0,1.0,0.0,1.0,68.0,0.0,0.21316614420062696,0.042633228840125395,Low
1000493,0.0,1.0,1.0,0.009259259259259259,10.620689655172416,0.0,0.033293697978596916,0.3066587395957194,Medium
1000494,1.0,0.00033783783783783813,1.0,0.06666666666666667,7.105263157894736,0.0294117647058823,0.022273552219105756,0.7073958869144094,High
1000495,0.0,1.0,0.8,0.1111111111111111,8.673913043478262,0.0,0.02719094997955568,0.24543818999591113,Low
1000496,0.0,1.0,0.2,0.3333333333333333,30.0,0.0,0.09404388714733543,0.07880877742946708,Low
1000497,0.0,1.0,1.0,0.06666666666666667,25.2,0.0,0.07899686520376176,0.31579937304075234,Medium
1000499,0.0,1.0,1.0,0.038461538461538464,11.142857142857142,0.0,0.03493058665472459,0.3069861173309449,Medium
1000500,1.0,0.0005109489051094899,1.0,0.045454545454545456,6.285714285714286,0.0416666666666666,0.019704433497536946,0.708107553366174,High
1000501,0.0,1.0,1.0,0.024390243902439025,36.260869565217384,0.0,0.11367043750851845,0.3227340875017037,Medium
1000502,0.0,1.0,0.1,0.5,11.2,0.0,0.03510971786833855,0.03702194357366771,Low
1000503,0.0,1.0,1.0,0.06666666666666667,17.5,0.0,0.054858934169279,0.3109717868338558,Medium
1000504,1.0,0.0004590629436819689,1.0,0.011904761904761904,9.224489795918368,0.0104166666666666,0.028916895911969807,0.7068250458490605,High
1000505,0.0,1.0,0.9,0.1,11.612903225806452,0.0,0.03640408534735565,0.27728081706947116,Low
1000506,1.0,0.004940119760479045,1.0,0.022727272727272728,10.4375,0.1923076923076923,0.03271943573667711,0.7257746563781047,High
1000507,1.0,0.006931818181818192,1.0,0.04,6.0,0.05,0.018808777429467086,0.7087617554858934,High
1000508,1.0,0.008795039111579459,1.0,0.01639344262295082,22.47619047619047,0.4,0.07045827735482907,0.7540916554709658,High
1000509,1.0,0.0006718172657037286,0.3,0.25,15.814285714285713,0.123076923076923,0.049574563367666816,0.5122226049812256,Medium
1000510,0.0,1.0,1.0,0.03333333333333333,126.0,0.0,0.3949843260188088,0.37899686520376175,Medium
1000511,0.0,1.0,0.1,0.5,86.0,0.0,0.26959247648902823,0.08391849529780565,Low
1000512,0.0,1.0,1.0,0.07142857142857142,20.549999999999997,0.0,0.06442006269592476,0.31288401253918496,Medium
1000513,1.0,0.005976017298997451,1.0,0.03571428571428571,9.685714285714287,0.4545454545454545,0.030362740707568298,0.7515270935960591,High
1000514,1.0,0.000894721145243066,1.0,0.013157894736842105,12.846153846153847,0.0263157894736842,0.040270074752833375,0.7106855938979351,High
1000515,1.0,0.0007597895967270606,1.0,0.05555555555555555,9.48,0.238095238095238,0.029717868338557996,0.7297530974772354,High
1000516,1.0,0.006256109481915939,1.0,0.043478260869565216,11.538461538461538,0.125,0.03617072582589824,0.7197341451651795,High
1000517,0.0,1.0,0.4,0.2,4.8,0.0,0.015047021943573668,0.12300940438871473,Low
1000518,0.0,1.0,1.0,0.022727272727272728,12.0,0.0,0.03761755485893417,0.3075235109717868,Medium
1000519,1.0,0.005328596802841925,1.0,0.03571428571428571,8.837209302325583,0.2777777777777778,0.027702850477509665,0.7333183478732797,High
1000520,0.0,1.0,0.9,0.1,8.545454545454545,0.0,0.026788258763180393,0.2753576517526361,Low
1000521,0.0,1.0,1.0,0.038461538461538464,22.285714285714285,0.0,0.06986117330944917,0.31397223466188984,Medium
1000522,0.0,1.0,1.0,0.08333333333333333,95.0,0.0,0.29780564263322884,0.3595611285266458,Medium
1000523,0.0,1.0,0.0,1.0,196.0,0.0,0.6144200626959248,0.12288401253918496,Low
1000524,0.0,1.0,1.0,0.01818181818181818,14.90909090909091,0.0,0.04673696209746367,0.3093473924194927,Medium
1000525,0.0,1.0,0.4,0.2,17.0,0.0,0.05329153605015674,0.13065830721003135,Low
1000526,1.0,5.815644082582151e-05,1.0,0.008403361344537815,12.611764705882353,0.106060606060606,0.03953531255762493,0.7185131231175855,High
1000527,0.0,1.0,1.0,0.030303030303030304,10.242424242424244,0.0,0.032107912985655934,0.30642158259713115,Medium
1000528,1.0,0.0005653499962805928,1.0,0.025,12.75,0.0833333333333333,0.039968652037617555,0.7163270637408568,High
1000529,0.0,1.0,1.0,0.03225806451612903,62.0,0.0,0.19435736677115986,0.33887147335423196,Medium
1000530,0.0,1.0,1.0,0.058823529411764705,65.0,0.0,0.20376175548589343,0.34075235109717866,Medium
1000531,0.0,1.0,0.3,0.25,9.0,0.0,0.02821316614420063,0.09564263322884012,Low
1000532,0.0,1.0,0.6,0.14285714285714285,10.0,0.0,0.03134796238244514,0.18626959247648903,Low
1000533,1.0,0.005462962962962968,1.0,0.03333333333333333,7.7333333333333325,0.125,0.02424242424242424,0.7173484848484848,High
1000534,0.0,1.0,0.0,1.0,80.0,0.0,0.2507836990595611,0.050156739811912224,Low
1000535,0.0,1.0,0.3,0.25,23.0,0.0,0.07210031347962383,0.10442006269592477,Low
1000536,0.0,1.0,1.0,0.058823529411764705,9.4,0.0,0.029467084639498434,0.3058934169278997,Medium
1000537,0.0,1.0,0.0,1.0,24.0,0.0,0.07523510971786834,0.01504702194357367,Low
1000538,0.0,1.0,0.0,1.0,75.0,0.0,0.23510971786833856,0.047021943573667714,Low
1000539,0.0,1.0,1.0,0.018518518518518517,77.6,0.0,0.24326018808777428,0.34865203761755487,Medium
1000540,0.0,1.0,0.0,1.0,13.615384615384615,0.0,0.04268145647455992,0.008536291294911983,Low
1000541,0.0,1.0,0.0,1.0,20.967032967032967,0.0,0.06572737607220366,0.013145475214440733,Low
1000542,0.0,1.0,1.0,0.043478260869565216,26.8,0.0,0.08401253918495298,0.3168025078369906,Medium
1000543,0.0,1.0,0.4,0.2,15.157894736842104,0.0,0.04751691140075895,0.1295033822801518,Low
1000544,0.0,1.0,1.0,0.014084507042253521,98.0,0.0,0.3072100313479624,0.36144200626959244,Medium
1000545,1.0,0.006989036805011755,0.0,1.0,11.411764705882351,0.0714285714285714,0.03577355707173151,0.41429756855720345,Medium
1000546,1.0,0.008125909473845457,1.0,0.02702702702702703,13.545454545454545,0.0444444444444444,0.042462239954402965,0.712936892435325,High
1000547,1.0,0.0028374384236453214,0.6,0.14285714285714285,23.3,0.0555555555555555,0.07304075235109718,0.6001637060257751,High
1000548,0.0,1.0,1.0,0.043478260869565216,29.0,0.0,0.09090909090909091,0.3181818181818182,Medium
1000549,0.0,1.0,1.0,0.047619047619047616,11.833333333333334,0.0,0.037095088819226754,0.30741901776384534,Medium
1000550,0.0,1.0,0.0,1.0,7.0,0.0,0.0219435736677116,0.00438871473354232,Low
1000551,0.0,1.0,0.1,0.5,30.0,0.0,0.09404388714733543,0.048808777429467085,Low
1000552,1.0,0.03806416530723225,1.0,0.05263157894736842,9.214285714285715,0.1904761904761904,0.028884908195253026,0.7248246006866697,High
1000553,0.0,1.0,1.0,0.06666666666666667,34.666666666666664,0.0,0.10867293625914315,0.32173458725182863,Medium
1000554,0.0,1.0,0.1,0.5,25.333333333333336,0.0,0.0794148380355277,0.04588296760710554,Low
1000555,0.0,1.0,1.0,0.058823529411764705,72.0,0.0,0.22570532915360503,0.345141065830721,Medium
1000556,0.0,1.0,0.8,0.1111111111111111,34.0,0.0,0.10658307210031348,0.2613166144200627,Low
1000558,0.0,1.0,1.0,0.0625,15.0,0.0,0.047021943573667714,0.3094043887147335,Medium
1000559,0.0,1.0,0.6,0.14285714285714285,12.0,0.0,0.03761755485893417,0.18752351097178682,Low
1000560,0.0,1.0,0.2,0.3333333333333333,15.0,0.0,0.047021943573667714,0.06940438871473353,Low
1000561,0.0,1.0,0.0,1.0,19.0,0.0,0.05956112852664577,0.011912225705329155,Low
1000562,0.0,1.0,1.0,0.06666666666666667,18.666666666666668,0.0,0.05851619644723093,0.31170323928944615,Medium
1000563,0.0,1.0,1.0,0.05263157894736842,82.0,0.0,0.25705329153605017,0.35141065830721,Medium
1000564,1.0,0.004824561403508778,1.0,0.022727272727272728,7.038461538461538,0.0784313725490196,0.022064142753797925,0.7122559658056615,High
1000565,0.0,1.0,1.0,0.007936507936507936,10.194444444444445,0.0,0.031957506095437134,0.3063915012190874,Medium
1000566,0.0,1.0,1.0,0.07142857142857142,9.142857142857142,0.0,0.028660994178235557,0.3057321988356471,Medium
1000567,1.0,0.0,1.0,0.005208333333333333,17.724137931034484,0.1666666666666666,0.05556156091233381,0.7277789788491333,High
1000569,0.0,1.0,1.0,0.07142857142857142,16.0,0.0,0.050156739811912224,0.3100313479623824,Medium
1000570,1.0,0.005212858384013901,1.0,0.01694915254237288,12.931034482758623,0.2777777777777778,0.04053615825316183,0.7358850094284101,High
1000571,0.0,1.0,1.0,0.029411764705882353,36.66666666666666,0.0,0.11494252873563215,0.3229885057471264,Medium
1000572,0.0,1.0,0.0,1.0,11.0,0.0,0.034482758620689655,0.006896551724137931,Low
1000573,1.0,0.0,1.0,0.08333333333333333,6.882352941176471,0.4166666666666667,0.021574774110271068,0.7459816214887208,High
1000574,1.0,0.0,1.0,0.05263157894736842,21.578947368421055,0.1428571428571428,0.06764560303580268,0.7278148348928747,High
1000575,1.0,0.0,1.0,0.02857142857142857,19.799999999999997,0.6666666666666666,0.06206896551724137,0.7790804597701149,High
1000576,1.0,0.006578947368421052,1.0,0.037037037037037035,19.11111111111111,0.6,0.05990943921978405,0.7719818878439568,High
1000577,0.0,1.0,1.0,0.037037037037037035,22.666666666666668,0.0,0.07105538140020899,0.3142110762800418,Medium
1000578,0.0,0.0,0.8,0.1111111111111111,9.0,0.0,0.02821316614420063,0.2456426332288401,Low
1000579,0.0,1.0,0.7,0.125,7.0,0.0,0.0219435736677116,0.21438871473354232,Low
1000580,0.0,1.0,1.0,0.047619047619047616,5.8,0.0,0.01818181818181818,0.30363636363636365,Medium
1000581,0.0,1.0,1.0,0.04,32.0,0.0,0.10031347962382445,0.3200626959247649,Medium
1000582,0.0,1.0,1.0,0.07692307692307693,34.0,0.0,0.10658307210031348,0.3213166144200627,Medium
1000583,0.0,1.0,1.0,0.030303030303030304,11.75,0.0,0.03683385579937304,0.3073667711598746,Medium
1000584,0.0,1.0,0.3,0.25,27.0,0.0,0.08463949843260188,0.10692789968652038,Low
1000585,1.0,0.014925373134328358,0.0,1.0,12.375,0.6666666666666666,0.03879310344827586,0.47442528735632183,Medium
1000586,1.0,0.001913509376195946,1.0,0.010526315789473684,41.53846153846155,0.2,0.1302146129732337,0.7460429225946467,High
1000587,1.0,0.0,1.0,0.09090909090909091,8.2,0.4285714285714285,0.025705329153605013,0.7479982086878638,High
1000588,0.0,1.0,1.0,0.006578947368421052,189.0,0.0,0.5924764890282131,0.41849529780564265,Medium
1000589,1.0,0.0,1.0,0.07692307692307693,5.157894736842105,0.3333333333333333,0.01616894901831381,0.736567123136996,High
1000590,1.0,0.0,1.0,0.07142857142857142,20.454545454545453,0.5,0.06412083214591051,0.762824166429182,High
1000591,1.0,0.0,0.9,0.1,16.235294117647058,0.2727272727272727,0.050894338926793285,0.707451595058086,High
1000592,1.0,0.0034965034965034965,1.0,0.027777777777777776,7.6499999999999995,0.1111111111111111,0.02398119122257053,0.7159073493556252,High
1000593,0.0,1.0,1.0,0.025,100.0,0.0,0.31347962382445144,0.36269592476489027,Medium
1000595,0.0,1.0,0.0,1.0,10.5,0.0,0.032915360501567396,0.0065830721003134795,Low
1000597,0.0,1.0,0.2,0.3333333333333333,54.0,0.0,0.16927899686520376,0.09385579937304075,Low
1000598,1.0,0.003843056877241783,0.0,1.0,14.666666666666666,0.088235294117647,0.04597701149425287,0.41801893171061527,Medium
1000599,1.0,0.01821103374397432,0.0,1.0,18.0,0.2,0.05642633228840126,0.4312852664576803,Medium
1000600,0.0,1.0,0.0,1.0,10.0,0.0,0.03134796238244514,0.006269592476489028,Low
1000601,1.0,8.561643835616447e-05,0.0,1.0,6.714285714285714,0.0555555555555555,0.02104791759964174,0.4097651390754839,Medium
1000602,0.0,1.0,0.0,1.0,7.5,0.0,0.023510971786833857,0.004702194357366771,Low
1000603,1.0,0.003605122082543255,0.0,1.0,12.894736842105264,0.0942028985507246,0.04042237254578453,0.4175047643642294,Medium
1000604,0.0,1.0,0.0,1.0,237.0,0.0,0.7429467084639498,0.14858934169278998,Low
1000605,0.0,1.0,1.0,0.015384615384615385,142.0,0.0,0.445141065830721,0.3890282131661442,Medium
1000606,1.0,0.0,0.0,1.0,15.0,1.0,0.047021943573667714,0.5094043887147336,Medium
1000607,1.0,0.003360296376278732,1.0,0.03225806451612903,14.914285714285718,0.1052631578947368,0.04675324675324676,0.719876965140123,High
1000608,0.0,1.0,1.0,0.019230769230769232,29.333333333333332,0.0,0.09195402298850575,0.31839080459770114,Medium
1000609,1.0,0.004373724330403632,1.0,0.0136986301369863,26.2,0.3333333333333333,0.08213166144200627,0.7497596656217346,High
1000610,0.0,1.0,1.0,0.012658227848101266,18.77777777777778,0.0,0.05886450714036921,0.31177290142807385,Medium
1000611,1.0,0.0007339433217829939,1.0,0.012195121951219513,29.11764705882353,0.0454545454545454,0.09127789046653144,0.7228010326387607,High
1000612,1.0,0.0005566652477160362,1.0,0.005555555555555556,7.470588235294118,0.009009009009009,0.023418771897473722,0.7055846552803956,High
1000613,1.0,0.001421739692387232,0.3,0.25,7.215686274509804,0.64,0.022619706189685906,0.5585239412379372,Medium
1000614,1.0,0.0,1.0,0.00510204081632653,8.418604651162791,0.4393939393939394,0.02639061019173289,0.7492175159777404,High
1000615,0.0,1.0,1.0,0.03125,34.8,0.0,0.10909090909090909,0.3218181818181818,Medium
1000616,0.0,1.0,1.0,0.018518518518518517,24.8,0.0,0.07774294670846395,0.3155485893416928,Medium
1000617,0.0,1.0,1.0,0.05,94.0,0.0,0.2946708463949843,0.35893416927899685,Medium
1000618,0.0,1.0,1.0,0.03571428571428571,14.777777777777777,0.0,0.046325322187391146,0.3092650644374782,Medium
1000619,0.0,1.0,1.0,0.02127659574468085,19.230769230769234,0.0,0.06028454304316374,0.3120569086086327,Medium
1000620,1.0,0.0,0.9,0.1,5.0,0.2,0.01567398119122257,0.6931347962382446,High
1000621,1.0,0.005185825410544511,0.0,1.0,6.999999999999999,0.125,0.021943573667711595,0.41688871473354233,Medium
1000622,1.0,0.004446162768219607,1.0,0.01020408163265306,11.35632183908046,0.073170731707317,0.035599754981443445,0.7144370241670204,High
1000623,1.0,0.0005994590247825141,1.0,0.006944444444444444,40.25,0.0454545454545454,0.12617554858934169,0.7297805642633228,High
1000624,1.0,0.003616352201257866,1.0,0.012987012987012988,13.736263736263739,0.1166666666666666,0.0430603878879741,0.7202787442442615,High
1000625,0.0,1.0,0.0,1.0,36.0,0.0,0.11285266457680251,0.022570532915360503,Low
1000626,0.0,1.0,0.0,1.0,4.0,0.0,0.012539184952978056,0.0025078369905956114,Low
1000627,0.0,1.0,0.0,1.0,8.0,0.0,0.025078369905956112,0.005015673981191223,Low
1000628,1.0,0.0,0.1,0.5,12.0,0.2857142857142857,0.03761755485893417,0.46609493954321546,Medium
1000629,1.0,0.028340080971659954,0.5,0.16666666666666666,14.121951219512194,0.1333333333333333,0.044269439559599354,0.5721872212452532,Medium
1000630,0.0,1.0,0.0,1.0,13.0,0.0,0.04075235109717868,0.008150470219435737,Low
1000631,0.0,1.0,0.0,1.0,3.0,0.0,0.009404388714733543,0.0018808777429467087,Low
1000632,0.0,1.0,0.0,1.0,6.0,0.0,0.018808777429467086,0.0037617554858934174,Low
1000633,1.0,0.00015772870662460583,1.0,0.07692307692307693,15.833333333333332,0.25,0.0496342737722048,0.734926854754441,High
1000634,1.0,0.0005691519635742744,1.0,0.08333333333333333,9.29192546583851,0.3018867924528302,0.029128292996358964,0.7360143378445547,High
1000635,1.0,0.0,0.0,1.0,13.263157894736842,0.7,0.041577297475664084,0.4783154594951328,Medium
1000636,0.0,1.0,0.0,1.0,30.0,0.0,0.09404388714733543,0.018808777429467086,Low
1000637,1.0,0.011111111111111112,0.0,1.0,15.600000000000001,0.625,0.04890282131661442,0.47228056426332293,Medium
1000638,0.0,1.0,0.0,1.0,10.909090909090908,0.0,0.0341977771444856,0.006839555428897121,Low
1000639,0.0,1.0,0.0,1.0,10.0,0.0,0.03134796238244514,0.006269592476489028,Low
1000640,0.0,1.0,0.0,1.0,9.0,0.0,0.02821316614420063,0.005642633228840126,Low
1000641,0.0,1.0,0.0,1.0,5.0,0.0,0.01567398119122257,0.003134796238244514,Low
1000642,0.0,1.0,0.0,1.0,6.5,0.0,0.02037617554858934,0.0040752351097178684,Low
1000643,0.0,1.0,0.0,1.0,3.0,0.0,0.009404388714733543,0.0018808777429467087,Low
1000644,1.0,0.025,0.0,1.0,4.0,1.0,0.012539184952978056,0.5025078369905956,Medium
1000645,0.0,1.0,0.0,1.0,4.4,0.0,0.013793103448275864,0.002758620689655173,Low
1000646,1.0,0.012500000000000011,0.0,1.0,6.0,0.3333333333333333,0.018808777429467086,0.43709508881922676,Medium
1000647,1.0,0.006626506024096394,0.0,1.0,8.705882352941176,0.3333333333333333,0.027291167250599296,0.4387915667834532,Medium
1000648,0.0,1.0,1.0,0.02702702702702703,216.0,0.0,0.677115987460815,0.43542319749216296,Medium
1000649,0.0,1.0,0.7,0.125,32.0,0.0,0.10031347962382445,0.2300626959247649,Low
1000650,1.0,5.139978754754485e-06,1.0,0.013333333333333334,24.75,0.5,0.07758620689655173,0.7655172413793103,High
1000651,0.0,1.0,1.0,0.07142857142857142,22.0,0.0,0.06896551724137931,0.3137931034482758,Medium
1000652,0.0,1.0,0.5,0.16666666666666666,14.0,0.0,0.0438871473354232,0.15877742946708465,Low
1000653,0.0,1.0,0.2,0.3333333333333333,6.0,0.0,0.018808777429467086,0.06376175548589341,Low
1000654,0.0,1.0,1.0,0.043478260869565216,57.0,0.0,0.1786833855799373,0.3357366771159874,Medium
1000655,0.0,1.0,0.4,0.2,29.0,0.0,0.09090909090909091,0.13818181818181818,Low
1000656,0.0,1.0,1.0,0.05555555555555555,35.0,0.0,0.109717868338558,0.3219435736677116,Medium
1000657,0.0,1.0,0.2,0.3333333333333333,8.0,0.0,0.025078369905956112,0.06501567398119122,Low
1000658,1.0,0.0,1.0,0.006211180124223602,10.461538461538462,0.4615384615384615,0.03279479141548107,0.7527128044369422,High
1000659,1.0,0.0,0.8,0.1111111111111111,28.0,1.0,0.0877742946708464,0.7575548589341693,High
1000660,0.0,1.0,0.1,0.5,4.0,0.0,0.012539184952978056,0.03250783699059561,Low
1000661,0.0,1.0,0.1,0.5,5.0,0.0,0.01567398119122257,0.033134796238244515,Low
