khipu_id,structural_cluster,predicted_function,confidence,administrative_type,cord_count,hierarchy_depth,summation_match_rate,numeric_coverage,unique_color_count,color_entropy
1000000,2,Accounting,1.0,Standard Administrative Record,19,2,0.0,0.5263157894736842,5.0,1.572385491970173
1000001,2,Accounting,1.0,Standard Administrative Record,7,1,0.0,0.8571428571428571,1.0,0.0
1000002,6,Accounting,1.0,Exceptional/Anomalous,31,2,0.0,0.9032258064516128,8.0,1.8703562850172992
1000003,6,Accounting,1.0,Exceptional/Anomalous,39,2,0.0,0.8205128205128205,6.0,1.422014431673113
1000004,6,Accounting,1.0,Exceptional/Anomalous,177,2,0.0,0.8926553672316384,7.0,1.42589252281463
1000005,6,Accounting,1.0,Exceptional/Anomalous,63,2,0.0,0.6349206349206349,2.0,0.1985152433458726
1000006,0,Accounting,1.0,Compact Operational Record,81,3,0.0,0.4691358024691358,4.0,1.1589290349628125
1000007,3,Accounting,1.0,Local Operational Record,344,3,0.0240963855421686,0.8313953488372093,8.0,1.8516759703880439
1000008,0,Accounting,1.0,Compact Operational Record,60,3,0.0,0.8666666666666667,3.0,0.6503384442695906
1000009,0,Accounting,1.0,Compact Operational Record,127,3,0.0303030303030303,0.7716535433070866,7.0,1.613804027591846
1000010,0,Accounting,1.0,Compact Operational Record,89,3,0.0,0.8539325842696629,7.0,1.773361337558082
1000011,6,Accounting,1.0,Exceptional/Anomalous,45,2,0.0909090909090909,0.7111111111111111,4.0,1.1349669837082137
1000012,0,Accounting,1.0,Compact Operational Record,117,3,0.0,0.9316239316239316,11.0,1.9305761296233324
1000013,6,Accounting,1.0,Exceptional/Anomalous,31,1,0.0,0.2580645161290322,2.0,0.6268694575724263
1000014,6,Accounting,1.0,Exceptional/Anomalous,38,1,0.0,0.3157894736842105,3.0,1.0390279299861542
1000015,6,Accounting,1.0,Exceptional/Anomalous,33,2,0.0,0.6666666666666666,3.0,1.0176629708064735
1000017,6,Accounting,1.0,Exceptional/Anomalous,40,2,0.0,0.825,5.0,1.3437081244257825
1000018,3,Accounting,1.0,Local Operational Record,443,3,0.0566037735849056,0.7404063205417607,8.0,0.9491053733415475
1000019,4,Accounting,0.9727177235856225,Lateral Category Tracking,165,2,0.5714285714285714,0.6060606060606061,6.0,1.1360965800146843
1000020,3,Accounting,1.0,Local Operational Record,771,5,0.3039215686274509,0.6134889753566797,10.0,1.770244530492055
1000021,4,Accounting,0.9826187136846323,Lateral Category Tracking,123,2,0.6521739130434783,0.8373983739837398,7.0,1.4666252545203082
1000022,4,Accounting,0.9826187136846323,Lateral Category Tracking,163,2,0.75,0.8404907975460123,6.0,1.3191702290103324
1000023,3,Accounting,1.0,Local Operational Record,573,3,0.125,0.5549738219895288,14.0,1.8246292528436825
1000024,3,Accounting,1.0,Local Operational Record,574,3,0.125,0.7386759581881533,9.0,1.0971758536231437
1000025,3,Accounting,1.0,Local Operational Record,875,3,0.1639344262295081,0.6297142857142857,7.0,1.2017988112393516
1000026,2,Accounting,1.0,Standard Administrative Record,19,2,0.0,0.8947368421052632,3.0,0.9426749615639383
1000027,2,Accounting,1.0,Standard Administrative Record,21,2,0.0,0.4285714285714285,3.0,1.0670938948757507
1000028,6,Accounting,1.0,Exceptional/Anomalous,22,2,0.25,0.6363636363636364,3.0,0.9403716526240742
1000029,0,Accounting,1.0,Compact Operational Record,254,3,0.0833333333333333,0.6377952755905512,8.0,1.6702520888067243
1000030,6,Accounting,1.0,Exceptional/Anomalous,29,2,0.0,0.7931034482758621,3.0,0.9108997985731645
1000031,6,Accounting,1.0,Exceptional/Anomalous,15,1,0.0,0.8,3.0,0.7298712099831165
1000032,6,Accounting,1.0,Exceptional/Anomalous,144,2,0.0,0.9097222222222222,7.0,1.500872580449128
1000033,6,Accounting,1.0,Exceptional/Anomalous,69,2,0.1666666666666666,0.6666666666666666,2.0,0.6930421569294483
1000034,6,Accounting,1.0,Exceptional/Anomalous,101,2,0.0666666666666666,0.9702970297029704,7.0,1.514018990530928
1000035,2,Accounting,0.9907407407407408,Standard Administrative Record,37,2,0.1666666666666666,0.7837837837837838,3.0,1.093691626505447
1000036,6,Accounting,1.0,Exceptional/Anomalous,21,1,0.0,0.9523809523809524,2.0,0.6645284386549151
1000037,6,Accounting,1.0,Exceptional/Anomalous,38,2,0.0,0.9210526315789472,3.0,0.6991243743064138
1000038,2,Accounting,0.9907407407407408,Standard Administrative Record,6,2,0.0,0.6666666666666666,2.0,0.6931471805599453
1000039,1,Accounting,1.0,Aggregated Summary,65,1,0.0,0.7230769230769231,7.0,1.52074292154585
1000040,6,Accounting,1.0,Exceptional/Anomalous,102,2,0.0833333333333333,0.5588235294117647,4.0,1.2134033068006507
1000041,6,Accounting,1.0,Exceptional/Anomalous,49,1,0.0,0.979591836734694,3.0,0.8344981125729444
1000042,6,Accounting,1.0,Exceptional/Anomalous,74,2,0.0,0.9324324324324323,5.0,1.2898795799448548
1000043,2,Accounting,1.0,Standard Administrative Record,22,2,0.0,0.9545454545454546,5.0,1.5810347035081773
1000044,2,Accounting,1.0,Standard Administrative Record,29,2,0.0,0.9655172413793104,6.0,1.595253936978384
1000045,6,Accounting,1.0,Exceptional/Anomalous,315,2,0.0625,0.6571428571428571,5.0,0.37501983946963136
1000046,6,Accounting,1.0,Exceptional/Anomalous,21,2,0.0,0.9523809523809524,2.0,0.48691270946460224
1000047,6,Accounting,1.0,Exceptional/Anomalous,72,2,0.0,0.9444444444444444,4.0,1.2536829845801227
1000048,5,Accounting,1.0,Multi-Level Aggregation,22,1,0.0,0.9545454545454546,2.0,0.18490739916777568
1000049,2,Accounting,1.0,Standard Administrative Record,23,2,0.0,0.8695652173913043,3.0,0.9724399117161489
1000050,6,Accounting,1.0,Exceptional/Anomalous,55,2,0.0,0.7818181818181819,5.0,1.4540537834229401
1000051,6,Accounting,1.0,Exceptional/Anomalous,30,1,0.0,0.8666666666666667,4.0,1.1338692781046693
1000052,0,Accounting,1.0,Compact Operational Record,43,3,0.1428571428571428,0.7209302325581395,3.0,0.9542348967589244
1000053,1,Accounting,1.0,Aggregated Summary,288,1,0.0,0.7881944444444444,4.0,0.709961588034449
1000054,6,Accounting,0.9602958389840682,Exceptional/Anomalous,21,1,0.0,0.9047619047619048,1.0,0.0
1000055,2,Accounting,1.0,Standard Administrative Record,12,2,0.0,0.9166666666666666,4.0,0.9761900500397598
1000056,6,Accounting,0.89754172319903,Exceptional/Anomalous,43,1,0.0,0.0232558139534883,4.0,0.6371011802710839
1000057,1,Accounting,1.0,Aggregated Summary,164,1,0.0,0.676829268292683,3.0,0.6157285825445465
1000058,6,Accounting,1.0,Exceptional/Anomalous,54,2,0.0,0.9629629629629628,3.0,0.8872110027601254
1000059,6,Accounting,1.0,Exceptional/Anomalous,16,2,0.0,0.9375,3.0,1.0239287996389363
1000060,0,Accounting,0.9907407407407408,Compact Operational Record,28,3,0.0833333333333333,0.9285714285714286,3.0,1.0346012329101812
1000061,0,Accounting,1.0,Compact Operational Record,8,3,0.0,0.625,4.0,1.3208883431493221
1000062,0,Accounting,1.0,Compact Operational Record,8,3,0.0,0.75,3.0,0.9743147528693494
1000063,6,Accounting,1.0,Exceptional/Anomalous,358,2,0.0588235294117647,0.4888268156424581,7.0,1.7279798429332036
1000064,6,Accounting,1.0,Exceptional/Anomalous,24,1,0.0,0.7916666666666666,4.0,1.2816208115182914
1000065,1,Accounting,0.8674281803640966,Aggregated Summary,102,1,0.0,0.0,3.0,1.0326262972835027
1000066,2,Accounting,1.0,Standard Administrative Record,8,1,0.0,0.75,1.0,0.0
1000067,6,Accounting,1.0,Exceptional/Anomalous,14,2,0.0,0.9285714285714286,3.0,0.8921178708188162
1000068,2,Accounting,1.0,Standard Administrative Record,9,1,0.0,0.7777777777777778,1.0,0.0
1000069,2,Accounting,1.0,Standard Administrative Record,7,2,0.0,0.8571428571428571,3.0,0.9556998911125343
1000070,2,Accounting,1.0,Standard Administrative Record,12,2,0.0,0.9166666666666666,3.0,0.887694275799104
1000071,6,Accounting,1.0,Exceptional/Anomalous,56,1,0.0,0.75,7.0,1.918285593641395
1000072,6,Accounting,1.0,Exceptional/Anomalous,14,1,0.0,0.8571428571428571,3.0,1.060944240790747
1000073,6,Accounting,1.0,Exceptional/Anomalous,12,1,0.0,0.9166666666666666,3.0,0.8239592165010823
1000074,6,Accounting,1.0,Exceptional/Anomalous,21,2,0.0,0.7619047619047619,3.0,0.3805062184775959
1000075,5,Accounting,1.0,Multi-Level Aggregation,12,2,0.0,0.75,3.0,1.072043343575071
1000076,5,Accounting,1.0,Multi-Level Aggregation,37,2,0.0,0.972972972972973,4.0,1.2374875380313386
1000077,1,Accounting,0.9512036317390324,Aggregated Summary,282,2,0.0,0.0744680851063829,3.0,1.0290694963772378
1000078,2,Accounting,1.0,Standard Administrative Record,10,2,0.0,0.9,1.0,0.0
1000079,6,Accounting,1.0,Exceptional/Anomalous,95,2,0.125,0.7368421052631579,6.0,1.6966669266423806
1000080,6,Accounting,1.0,Exceptional/Anomalous,36,1,0.0,0.8333333333333334,3.0,0.7062573359732531
1000081,6,Accounting,1.0,Exceptional/Anomalous,29,2,0.0,0.9655172413793104,3.0,1.0588032571034944
1000082,6,Accounting,1.0,Exceptional/Anomalous,17,1,0.0,0.8823529411764706,2.0,0.22371807606583377
1000083,0,Accounting,1.0,Compact Operational Record,158,3,0.0857142857142857,0.8607594936708861,6.0,1.5356849075571957
1000084,2,Accounting,1.0,Standard Administrative Record,7,1,0.0,0.7142857142857143,2.0,0.410116318288409
1000085,6,Accounting,1.0,Exceptional/Anomalous,290,2,0.0,0.4827586206896552,7.0,1.7858024638104775
1000086,6,Accounting,1.0,Exceptional/Anomalous,15,1,0.0,0.9333333333333332,4.0,1.3397942802855758
1000087,4,Accounting,0.9826187136846323,Lateral Category Tracking,29,2,0.5833333333333334,0.896551724137931,5.0,1.3687495515876047
1000088,1,Non-Accounting,0.891547570293151,Aggregated Summary,196,1,0.0,0.0,1.0,0.0
1000089,3,Accounting,1.0,Local Operational Record,288,2,0.0263157894736842,0.7118055555555556,6.0,1.1579765926862873
1000090,6,Accounting,1.0,Exceptional/Anomalous,16,2,0.0,0.625,4.0,1.18030455699462
1000091,6,Accounting,1.0,Exceptional/Anomalous,50,2,0.0,0.74,7.0,1.745448858139594
1000092,6,Accounting,1.0,Exceptional/Anomalous,14,1,0.0,0.5714285714285714,2.0,0.6931471805599453
1000093,4,Accounting,0.9554980030007347,Lateral Category Tracking,24,2,1.0,0.875,2.0,0.6365141682948128
1000094,3,Accounting,1.0,Local Operational Record,286,3,0.0,0.902097902097902,4.0,1.3085501251658918
1000096,3,Accounting,1.0,Local Operational Record,1832,3,0.0363636363636363,0.2177947598253275,8.0,0.5292180246535031
1000097,0,Accounting,1.0,Compact Operational Record,88,3,0.0,0.8068181818181818,5.0,1.08868141577348
1000098,6,Accounting,1.0,Exceptional/Anomalous,50,2,0.0,0.46,5.0,1.2323532148505176
1000099,6,Accounting,1.0,Exceptional/Anomalous,44,1,0.0,0.8181818181818182,3.0,1.0180471802852515
1000100,6,Accounting,1.0,Exceptional/Anomalous,26,1,0.0,0.8076923076923077,4.0,1.1084060932035693
1000101,6,Accounting,1.0,Exceptional/Anomalous,29,2,0.0,0.896551724137931,3.0,0.9299473006147054
1000103,4,Accounting,0.9906832298136646,Lateral Category Tracking,542,2,0.5357142857142857,0.4391143911439114,6.0,0.9136770738653853
1000105,6,Accounting,1.0,Exceptional/Anomalous,13,1,0.0,0.3076923076923077,2.0,0.4293230219306162
1000106,6,Accounting,0.980974491949587,Exceptional/Anomalous,19,1,0.0,0.9473684210526316,4.0,1.2312356911067466
1000107,6,Accounting,1.0,Exceptional/Anomalous,16,1,0.0,0.875,2.0,0.6931471805599453
1000108,6,Accounting,1.0,Exceptional/Anomalous,26,1,0.0,0.8846153846153846,3.0,0.8225715143524168
1000109,0,Accounting,1.0,Compact Operational Record,11,3,0.0,0.7272727272727273,3.0,1.0670895187820832
1000110,6,Accounting,1.0,Exceptional/Anomalous,22,1,0.0,0.8636363636363636,3.0,0.8454652292345644
1000111,2,Accounting,1.0,Standard Administrative Record,12,2,0.0,0.4166666666666667,4.0,1.236684869140504
1000112,2,Accounting,1.0,Standard Administrative Record,5,1,0.0,0.8,4.0,1.3862943611198906
1000113,6,Accounting,1.0,Exceptional/Anomalous,36,1,0.0,0.9722222222222222,6.0,1.679995714344599
1000114,6,Accounting,1.0,Exceptional/Anomalous,15,2,0.0,0.7333333333333333,2.0,0.6931471805599453
1000115,6,Accounting,1.0,Exceptional/Anomalous,191,2,0.0,0.9738219895287958,2.0,0.16731118272533652
1000116,6,Accounting,0.9602958389840682,Exceptional/Anomalous,21,1,0.0,0.9523809523809524,1.0,0.0
1000117,2,Accounting,1.0,Standard Administrative Record,19,2,0.0,0.7894736842105263,2.0,0.6581099875431143
1000118,5,Accounting,1.0,Multi-Level Aggregation,31,1,0.0,0.967741935483871,3.0,1.0206687537032066
1000119,1,Accounting,0.9901960784313725,Aggregated Summary,63,1,0.0,0.8888888888888888,2.0,0.5982695885852573
1000120,6,Accounting,1.0,Exceptional/Anomalous,91,2,0.0,0.8241758241758241,4.0,1.0876938454156744
1000121,6,Accounting,1.0,Exceptional/Anomalous,124,2,0.0,0.8548387096774194,5.0,1.1946173042400692
1000122,6,Accounting,1.0,Exceptional/Anomalous,19,1,0.0,0.9473684210526316,2.0,0.20619205063323187
1000123,6,Accounting,1.0,Exceptional/Anomalous,21,1,0.0,0.9523809523809524,3.0,0.9381390150046416
1000124,1,Accounting,1.0,Aggregated Summary,113,1,0.0,0.9380530973451328,5.0,1.2670404555929888
1000125,0,Accounting,1.0,Compact Operational Record,42,3,0.0,0.8809523809523809,5.0,1.424357076450059
1000126,0,Accounting,1.0,Compact Operational Record,48,3,0.125,0.875,3.0,0.7690709931329595
1000127,6,Accounting,1.0,Exceptional/Anomalous,119,2,0.0,0.8907563025210085,8.0,1.7889551957211083
1000128,6,Accounting,1.0,Exceptional/Anomalous,41,2,0.0666666666666666,0.951219512195122,4.0,0.8969272846842112
1000129,2,Accounting,1.0,Standard Administrative Record,4,1,0.0,0.75,3.0,1.0397207708399179
1000130,2,Accounting,1.0,Standard Administrative Record,10,2,0.0,0.8,4.0,1.2206072645530175
1000131,1,Accounting,1.0,Aggregated Summary,66,1,0.0,0.9242424242424242,3.0,0.628130285007377
1000132,2,Accounting,0.960293879904536,Standard Administrative Record,35,2,0.1111111111111111,0.7714285714285715,1.0,0.0
1000133,6,Accounting,1.0,Exceptional/Anomalous,19,1,0.0,0.631578947368421,2.0,0.6917614988524178
1000134,2,Accounting,1.0,Standard Administrative Record,9,1,0.0,0.8888888888888888,1.0,0.0
1000135,6,Accounting,1.0,Exceptional/Anomalous,17,1,0.0,0.8823529411764706,3.0,0.9007243623687382
1000136,2,Accounting,1.0,Standard Administrative Record,6,1,0.0,0.6666666666666666,2.0,0.6365141682948128
1000137,4,Accounting,0.9554980030007347,Lateral Category Tracking,28,2,1.0,0.8214285714285714,2.0,0.627941588739906
1000138,6,Accounting,1.0,Exceptional/Anomalous,34,2,0.1,0.9705882352941176,5.0,1.2677233688264569
1000139,6,Accounting,1.0,Exceptional/Anomalous,22,2,0.0,0.6818181818181818,4.0,1.1839637727244874
1000140,3,Accounting,1.0,Local Operational Record,363,3,0.0714285714285714,0.5674931129476584,12.0,2.0586269595078783
1000141,2,Accounting,1.0,Standard Administrative Record,10,1,0.0,0.8,2.0,0.5004024235381879
1000142,6,Accounting,1.0,Exceptional/Anomalous,19,1,0.0,0.8947368421052632,4.0,1.1673885950773548
1000143,6,Accounting,1.0,Exceptional/Anomalous,31,1,0.0,0.935483870967742,3.0,1.0182776055422171
1000144,0,Accounting,1.0,Compact Operational Record,126,3,0.05,0.6428571428571429,10.0,2.0116362006316133
1000145,6,Accounting,1.0,Exceptional/Anomalous,25,2,0.0,0.96,5.0,1.5095337197920051
1000146,0,Accounting,1.0,Compact Operational Record,60,4,0.0434782608695652,0.95,5.0,1.1099272716873871
1000147,3,Accounting,1.0,Local Operational Record,339,4,0.0147058823529411,0.7905604719764012,8.0,1.534414534681273
1000148,3,Accounting,1.0,Local Operational Record,304,3,0.0232558139534883,0.5526315789473685,5.0,1.4469081858362276
1000149,6,Accounting,0.9906832298136646,Exceptional/Anomalous,16,1,0.0,0.9375,2.0,0.5623351446188083
1000150,6,Accounting,1.0,Exceptional/Anomalous,31,2,0.0,0.9032258064516128,4.0,1.3806550878322736
1000151,6,Accounting,1.0,Exceptional/Anomalous,29,2,0.0,0.7586206896551724,5.0,1.3161024894516105
1000152,6,Accounting,1.0,Exceptional/Anomalous,36,2,0.0,0.8611111111111112,6.0,1.2748791070081131
1000154,2,Accounting,1.0,Standard Administrative Record,6,1,0.0,0.8333333333333334,5.0,1.5607104090414068
1000155,2,Accounting,0.9507407407407408,Standard Administrative Record,2,1,0.0,0.5,1.0,0.0
1000156,2,Accounting,0.9907407407407408,Standard Administrative Record,8,2,0.0,0.625,2.0,0.6931471805599453
1000157,2,Accounting,1.0,Standard Administrative Record,10,1,0.0,0.9,2.0,0.6108643020548935
1000158,0,Accounting,1.0,Compact Operational Record,31,3,0.0,0.9032258064516128,8.0,1.8706910708864943
1000159,6,Accounting,1.0,Exceptional/Anomalous,65,2,0.2142857142857142,0.7846153846153846,6.0,1.658481650398226
1000160,2,Accounting,0.5449857467574095,Standard Administrative Record,4,1,0.0,0.75,0.0,0.0
1000161,6,Accounting,1.0,Exceptional/Anomalous,13,1,0.0,0.8461538461538461,3.0,1.0579054247036734
1000162,6,Accounting,1.0,Exceptional/Anomalous,36,2,0.1428571428571428,0.7777777777777778,2.0,0.5859526183035508
1000163,6,Accounting,0.9602958389840682,Exceptional/Anomalous,20,1,0.0,0.95,1.0,0.0
1000164,6,Accounting,1.0,Exceptional/Anomalous,87,2,0.0,0.9080459770114944,7.0,1.4990962822531504
1000165,6,Accounting,1.0,Exceptional/Anomalous,65,2,0.0,0.9846153846153848,3.0,0.7542579149829345
1000166,6,Accounting,1.0,Exceptional/Anomalous,29,2,0.0,0.7931034482758621,3.0,0.9123565151589663
1000167,2,Accounting,1.0,Standard Administrative Record,25,2,0.0,0.8,2.0,0.6534181947937018
1000168,2,Accounting,1.0,Standard Administrative Record,4,1,0.0,0.75,1.0,0.0
1000169,6,Accounting,1.0,Exceptional/Anomalous,21,1,0.0,0.5714285714285714,2.0,0.19144408195771734
1000170,6,Accounting,1.0,Exceptional/Anomalous,50,2,0.375,0.66,3.0,1.0960439684092247
1000171,6,Accounting,1.0,Exceptional/Anomalous,16,1,0.0,0.9375,2.0,0.6210863745552451
1000172,6,Accounting,0.99,Exceptional/Anomalous,28,1,0.0,0.8214285714285714,3.0,0.7678576230981704
1000173,2,Accounting,1.0,Standard Administrative Record,9,1,0.0,0.8888888888888888,2.0,0.5297061990576545
1000174,6,Non-Accounting,0.9144466285549022,Exceptional/Anomalous,26,1,0.0,0.2307692307692307,0.0,0.0
1000176,6,Accounting,1.0,Exceptional/Anomalous,39,1,0.0,0.4871794871794871,2.0,0.6901856760188042
1000177,2,Accounting,0.9907407407407408,Standard Administrative Record,29,2,0.0,0.6896551724137931,2.0,0.6905939864775922
1000178,2,Accounting,0.9907407407407408,Standard Administrative Record,33,2,0.0909090909090909,0.7878787878787878,2.0,0.6890092384766586
1000179,6,Accounting,1.0,Exceptional/Anomalous,27,2,0.0,0.8888888888888888,6.0,1.2994728217330238
1000180,6,Accounting,1.0,Exceptional/Anomalous,106,2,0.0,0.2830188679245283,3.0,0.9393957408380618
1000182,2,Accounting,1.0,Standard Administrative Record,4,1,0.0,0.75,2.0,0.6931471805599453
1000183,3,Accounting,1.0,Local Operational Record,590,3,0.1666666666666666,0.311864406779661,6.0,1.1512237370121767
1000184,1,Accounting,1.0,Aggregated Summary,91,1,0.0,0.4615384615384615,5.0,1.0796807647202016
1000185,0,Accounting,0.9908256880733944,Compact Operational Record,76,3,0.0,0.986842105263158,3.0,0.6861904097613034
1000186,6,Accounting,1.0,Exceptional/Anomalous,13,1,0.0,0.6923076923076923,3.0,1.0123308391031736
1000187,6,Accounting,1.0,Exceptional/Anomalous,12,2,0.0,0.9166666666666666,2.0,0.30463609734923813
1000188,2,Accounting,0.9410346206452768,Standard Administrative Record,40,2,0.0,0.675,1.0,0.0
1000189,2,Accounting,1.0,Standard Administrative Record,11,2,0.0,0.9090909090909092,2.0,0.6193762897414465
1000190,2,Accounting,1.0,Standard Administrative Record,10,1,0.0,0.4,1.0,0.0
1000191,6,Accounting,1.0,Exceptional/Anomalous,11,1,0.0,0.9090909090909092,2.0,0.5859526183035508
1000192,6,Accounting,1.0,Exceptional/Anomalous,76,2,0.1111111111111111,0.7894736842105263,6.0,1.3920969828980232
1000194,2,Accounting,1.0,Standard Administrative Record,9,2,0.0,0.5555555555555556,3.0,1.0608569471580214
1000195,2,Accounting,1.0,Standard Administrative Record,4,1,0.0,0.5,4.0,1.3862943611198906
1000196,2,Accounting,0.9135379250922042,Standard Administrative Record,3,1,0.0,0.0,1.0,0.0
1000197,6,Accounting,1.0,Exceptional/Anomalous,78,2,0.25,0.5256410256410257,5.0,1.2725595441981112
1000198,0,Accounting,1.0,Compact Operational Record,261,3,0.1222222222222222,0.8773946360153256,5.0,1.1860230819448114
1000199,6,Accounting,1.0,Exceptional/Anomalous,29,2,0.1428571428571428,0.7586206896551724,3.0,0.8905397204999551
1000200,6,Accounting,1.0,Exceptional/Anomalous,57,2,0.0,0.6140350877192983,3.0,0.9288989772031044
1000201,0,Accounting,1.0,Compact Operational Record,144,4,0.0,0.8472222222222222,6.0,1.520770000429646
1000204,6,Accounting,0.9911373707533235,Exceptional/Anomalous,17,1,0.0,0.1764705882352941,3.0,1.0688206728265008
1000205,2,Accounting,1.0,Standard Administrative Record,5,1,0.0,0.8,2.0,0.5004024235381879
1000206,2,Accounting,1.0,Standard Administrative Record,13,2,0.0,0.9230769230769232,3.0,0.8982053397041498
1000207,6,Accounting,1.0,Exceptional/Anomalous,39,2,0.0,0.717948717948718,5.0,1.3476664808425878
1000208,0,Accounting,0.9908256880733944,Compact Operational Record,46,4,0.1333333333333333,0.8913043478260869,2.0,0.6587238765203249
1000209,0,Accounting,1.0,Compact Operational Record,57,3,0.1111111111111111,0.912280701754386,4.0,1.257131778768073
1000210,0,Accounting,1.0,Compact Operational Record,15,4,0.0,0.6666666666666666,5.0,1.2293362159076602
1000211,6,Accounting,1.0,Exceptional/Anomalous,30,2,0.0,0.8666666666666667,7.0,1.6957425341696346
1000212,6,Accounting,1.0,Exceptional/Anomalous,54,2,0.1111111111111111,0.8333333333333334,4.0,1.2577083635593893
1000213,6,Accounting,1.0,Exceptional/Anomalous,37,1,0.0,0.8108108108108109,4.0,1.2566963847294026
1000214,6,Accounting,1.0,Exceptional/Anomalous,46,2,0.1428571428571428,0.8695652173913043,5.0,1.1238637028128664
1000216,2,Accounting,1.0,Standard Administrative Record,11,2,0.0,0.7272727272727273,2.0,0.2868359830561607
1000217,2,Accounting,1.0,Standard Administrative Record,8,1,0.0,0.5,3.0,0.9002560512685369
1000218,2,Accounting,1.0,Standard Administrative Record,6,1,0.0,0.8333333333333334,2.0,0.5623351446188083
1000220,6,Accounting,1.0,Exceptional/Anomalous,17,2,0.0,0.9411764705882352,4.0,1.0710178890244566
1000221,6,Accounting,1.0,Exceptional/Anomalous,34,1,0.0,0.8823529411764706,4.0,1.0972821595600364
1000222,6,Accounting,1.0,Exceptional/Anomalous,41,2,0.0833333333333333,0.926829268292683,8.0,1.7285987757340686
1000223,6,Accounting,1.0,Exceptional/Anomalous,32,2,0.0,0.8125,3.0,0.6150342641411843
1000224,2,Accounting,1.0,Standard Administrative Record,6,1,0.0,0.3333333333333333,3.0,0.936888307539016
1000225,2,Accounting,1.0,Standard Administrative Record,9,1,0.0,0.8888888888888888,2.0,0.45056120886630463
1000226,2,Accounting,1.0,Standard Administrative Record,7,1,0.0,0.7142857142857143,3.0,1.0042424730540764
1000227,0,Accounting,1.0,Compact Operational Record,52,3,0.4444444444444444,0.7307692307692307,2.0,0.605797499372304
1000228,6,Accounting,1.0,Exceptional/Anomalous,46,1,0.0,0.7608695652173914,2.0,0.6730116670092565
1000229,6,Accounting,1.0,Exceptional/Anomalous,81,2,0.0,0.9135802469135802,5.0,1.1396368855409793
1000230,6,Accounting,1.0,Exceptional/Anomalous,87,2,0.1428571428571428,0.735632183908046,4.0,1.2100209632365777
1000231,6,Accounting,0.9425268883979926,Exceptional/Anomalous,46,2,0.0,0.108695652173913,2.0,0.669703107035711
1000232,6,Accounting,1.0,Exceptional/Anomalous,36,2,0.0,0.3333333333333333,4.0,1.1269287948006759
1000233,6,Accounting,1.0,Exceptional/Anomalous,59,2,0.0,0.9830508474576272,2.0,0.08591550133466311
1000234,6,Accounting,1.0,Exceptional/Anomalous,57,1,0.0,0.8771929824561403,2.0,0.627941588739906
1000235,0,Accounting,1.0,Compact Operational Record,82,4,0.0,0.7926829268292683,7.0,1.768170984258727
1000236,6,Accounting,1.0,Exceptional/Anomalous,83,2,0.0,0.5060240963855421,9.0,1.6168186228237122
1000238,3,Accounting,1.0,Local Operational Record,327,4,0.054054054054054,0.6513761467889908,11.0,1.694096673332414
1000239,0,Accounting,1.0,Compact Operational Record,62,3,0.0,0.8225806451612904,5.0,1.0677823242528828
1000240,6,Accounting,1.0,Exceptional/Anomalous,48,1,0.0,0.9791666666666666,3.0,0.8734602768523686
1000241,6,Non-Accounting,0.7512553944051484,Exceptional/Anomalous,87,2,0.0,0.057471264367816,3.0,0.887694275799104
1000242,2,Accounting,1.0,Standard Administrative Record,7,1,0.0,0.5714285714285714,1.0,0.0
1000243,6,Accounting,1.0,Exceptional/Anomalous,24,2,0.0,0.9166666666666666,5.0,1.4116473906265246
1000244,6,Accounting,1.0,Exceptional/Anomalous,26,2,0.0,0.4615384615384615,2.0,0.4293230219306162
1000245,6,Accounting,1.0,Exceptional/Anomalous,34,2,0.0,0.6764705882352942,8.0,1.9325132406099401
1000246,6,Accounting,1.0,Exceptional/Anomalous,42,1,0.0,0.7380952380952381,2.0,0.11466528220290656
1000247,6,Accounting,0.9166567061968334,Exceptional/Anomalous,27,1,0.0,0.0,3.0,1.0608569471580214
1000248,6,Accounting,0.9265904810312705,Exceptional/Anomalous,27,1,0.0,0.0,5.0,1.30283471945696
1000249,6,Accounting,1.0,Exceptional/Anomalous,67,2,0.5,0.9552238805970148,8.0,1.8935827079936502
1000250,1,Accounting,1.0,Aggregated Summary,75,1,0.0,0.48,7.0,1.50830215520365
1000251,4,Accounting,0.9826187136846323,Lateral Category Tracking,80,2,0.9230769230769232,0.8875,7.0,1.595657070991671
1000252,6,Accounting,0.9906832298136646,Exceptional/Anomalous,14,1,0.0,0.8571428571428571,2.0,0.25731864054383163
1000253,6,Accounting,1.0,Exceptional/Anomalous,25,1,0.0,0.96,4.0,0.49875846591288275
1000254,6,Accounting,1.0,Exceptional/Anomalous,12,1,0.0,0.5833333333333334,5.0,1.5890269151739727
1000255,6,Accounting,1.0,Exceptional/Anomalous,32,2,0.0,0.8125,4.0,1.3169718565075788
1000256,6,Accounting,1.0,Exceptional/Anomalous,15,1,0.0,0.4666666666666667,4.0,1.0625354080615974
1000257,2,Accounting,1.0,Standard Administrative Record,8,2,0.0,0.375,5.0,1.4941751382893085
1000258,6,Accounting,0.9361687195568774,Exceptional/Anomalous,45,1,0.0,0.0,7.0,1.6447506563216447
1000259,1,Accounting,1.0,Aggregated Summary,112,1,0.0,0.5089285714285714,5.0,1.5110889112908334
1000260,6,Accounting,1.0,Exceptional/Anomalous,36,2,0.0,0.6111111111111112,6.0,1.5158237605786415
1000261,6,Accounting,1.0,Exceptional/Anomalous,36,2,0.0,0.6111111111111112,4.0,1.2698151807571345
1000262,1,Accounting,1.0,Aggregated Summary,74,1,0.0,0.6891891891891891,4.0,1.3844663828483748
1000263,6,Accounting,1.0,Exceptional/Anomalous,75,2,0.0,0.6533333333333333,5.0,1.5658243235357738
1000264,6,Accounting,1.0,Exceptional/Anomalous,115,2,0.0,0.7391304347826086,13.0,1.6322035553249516
1000265,6,Accounting,1.0,Exceptional/Anomalous,56,2,0.0,0.9642857142857144,5.0,1.267379539678781
1000266,6,Accounting,1.0,Exceptional/Anomalous,55,2,0.1111111111111111,0.9818181818181818,5.0,1.239733000992151
1000267,1,Accounting,0.9901960784313725,Aggregated Summary,62,1,0.0,0.9838709677419356,4.0,1.3203309724452235
1000268,1,Accounting,1.0,Aggregated Summary,73,1,0.0,0.9863013698630136,6.0,1.4361811885555797
1000269,6,Accounting,1.0,Exceptional/Anomalous,106,2,0.2,0.9905660377358492,4.0,1.3261784894276492
1000270,6,Accounting,1.0,Exceptional/Anomalous,103,2,0.0,0.8737864077669902,11.0,2.1571520733735876
1000271,6,Accounting,1.0,Exceptional/Anomalous,126,2,0.0,0.6428571428571429,12.0,2.0848921133258678
1000272,6,Accounting,0.9901960784313725,Exceptional/Anomalous,62,2,0.0,0.8064516129032258,6.0,1.6655237263866403
1000273,3,Accounting,1.0,Local Operational Record,372,2,0.15,0.8629032258064516,12.0,1.7858879394836533
1000274,6,Accounting,1.0,Exceptional/Anomalous,132,2,0.0,0.9318181818181818,12.0,2.2377281439960095
1000275,3,Accounting,1.0,Local Operational Record,289,2,0.0172413793103448,0.8339100346020761,18.0,2.549016276897858
1000276,2,Accounting,1.0,Standard Administrative Record,9,2,0.0,0.8888888888888888,5.0,1.4270610433807247
1000277,6,Accounting,1.0,Exceptional/Anomalous,40,1,0.0,0.775,7.0,1.7079246416666576
1000279,3,Accounting,1.0,Local Operational Record,592,6,0.0327868852459016,0.5996621621621622,13.0,1.871196972271294
1000280,6,Accounting,1.0,Exceptional/Anomalous,274,2,0.0,0.9343065693430656,13.0,2.0116670132339034
1000283,6,Accounting,1.0,Exceptional/Anomalous,44,2,0.0,0.7727272727272727,9.0,1.695424784209612
1000285,0,Accounting,1.0,Compact Operational Record,158,3,0.2758620689655172,0.7658227848101266,14.0,1.91412665426689
1000287,6,Accounting,1.0,Exceptional/Anomalous,261,2,0.0909090909090909,0.4712643678160919,13.0,1.920499691282312
1000288,6,Accounting,1.0,Exceptional/Anomalous,17,2,0.0,0.6470588235294118,6.0,1.577478207627389
1000289,6,Accounting,1.0,Exceptional/Anomalous,13,2,0.0,0.7692307692307693,6.0,1.6300005591616533
1000290,6,Accounting,1.0,Exceptional/Anomalous,24,2,0.0,0.2916666666666667,3.0,0.8365651720880255
1000291,6,Accounting,1.0,Exceptional/Anomalous,25,1,0.0,0.88,3.0,0.33422114621338295
1000292,3,Accounting,1.0,Local Operational Record,867,4,0.0616438356164383,0.8339100346020761,19.0,2.136161489945479
1000293,3,Accounting,1.0,Local Operational Record,322,3,0.0294117647058823,0.8726708074534162,10.0,1.7696703935378992
1000295,6,Accounting,1.0,Exceptional/Anomalous,43,2,0.0,0.8372093023255814,9.0,1.9671041558198863
1000296,6,Accounting,1.0,Exceptional/Anomalous,39,1,0.0,0.7435897435897436,6.0,1.343128429501132
1000297,6,Accounting,1.0,Exceptional/Anomalous,25,1,0.0,0.68,3.0,0.8333654410717204
1000298,0,Accounting,1.0,Compact Operational Record,276,4,0.0204081632653061,0.7898550724637681,10.0,1.8785101991432118
1000299,0,Accounting,1.0,Compact Operational Record,257,4,0.1111111111111111,0.5992217898832685,12.0,2.00432355187661
1000300,0,Accounting,1.0,Compact Operational Record,90,3,0.0454545454545454,0.7333333333333333,4.0,0.18613957809551446
1000301,0,Accounting,1.0,Compact Operational Record,106,3,0.0,0.6792452830188679,3.0,0.4106688328866673
1000302,0,Accounting,1.0,Compact Operational Record,101,3,0.0,0.6732673267326733,3.0,0.3895368598820391
1000303,4,Accounting,0.9822086535424782,Lateral Category Tracking,18,2,0.6666666666666666,0.9444444444444444,2.0,0.5908422462755826
1000304,6,Accounting,1.0,Exceptional/Anomalous,92,2,0.1666666666666666,0.7065217391304348,3.0,0.9931170922011971
1000305,0,Accounting,1.0,Compact Operational Record,76,3,0.125,0.7763157894736842,3.0,0.8624922565436293
1000306,2,Accounting,0.9907407407407408,Standard Administrative Record,20,2,0.125,0.85,2.0,0.6881388137135884
1000307,2,Accounting,0.9907407407407408,Standard Administrative Record,21,2,0.125,0.8571428571428571,2.0,0.6920129648318738
1000309,2,Accounting,0.9907407407407408,Standard Administrative Record,43,2,0.3333333333333333,0.9767441860465116,3.0,0.7874805253590562
1000310,6,Accounting,1.0,Exceptional/Anomalous,98,2,0.125,0.979591836734694,5.0,1.1614822151376498
1000312,1,Accounting,1.0,Aggregated Summary,90,1,0.0,0.8666666666666667,3.0,0.9982861882777421
1000313,6,Accounting,1.0,Exceptional/Anomalous,96,2,0.375,0.9479166666666666,4.0,1.158966282197929
1000314,0,Accounting,1.0,Compact Operational Record,213,4,0.0,0.92018779342723,3.0,0.05992315462168969
1000315,6,Accounting,0.9906832298136646,Exceptional/Anomalous,87,2,0.0,0.6896551724137931,4.0,0.9695189321479225
1000316,0,Accounting,1.0,Compact Operational Record,127,3,0.125,0.6771653543307087,9.0,1.1913996648776908
1000317,6,Accounting,1.0,Exceptional/Anomalous,58,2,0.0,0.7068965517241379,9.0,2.0089334811623822
1000318,0,Accounting,1.0,Compact Operational Record,23,3,0.0,0.9565217391304348,7.0,1.594999709425332
1000319,0,Accounting,1.0,Compact Operational Record,24,3,0.0,0.7083333333333334,8.0,1.5751765904639274
1000320,0,Accounting,1.0,Compact Operational Record,78,4,0.0,0.6282051282051282,6.0,1.2880707807446143
1000321,3,Accounting,1.0,Local Operational Record,1228,3,0.2666666666666666,0.2752442996742671,34.0,1.6539710156238114
1000322,6,Accounting,1.0,Exceptional/Anomalous,41,2,0.1111111111111111,0.7804878048780488,7.0,1.5292201541433692
1000323,0,Accounting,1.0,Compact Operational Record,219,3,0.0,0.730593607305936,7.0,1.334485070019246
1000324,6,Accounting,1.0,Exceptional/Anomalous,66,2,0.0,0.7121212121212122,4.0,1.2115548457978074
1000325,6,Accounting,0.9722158693856806,Exceptional/Anomalous,45,2,0.0,0.2222222222222222,5.0,1.279977433276482
1000326,2,Accounting,1.0,Standard Administrative Record,9,1,0.0,0.8888888888888888,1.0,0.0
1000327,0,Accounting,1.0,Compact Operational Record,56,3,0.0,0.3392857142857143,6.0,1.523964627467207
1000328,6,Accounting,1.0,Exceptional/Anomalous,23,1,0.0,0.6521739130434783,7.0,1.6968950476761906
1000329,3,Accounting,1.0,Local Operational Record,305,3,0.0,0.8426229508196721,10.0,1.7081476496393684
1000330,6,Accounting,1.0,Exceptional/Anomalous,39,1,0.0,0.7948717948717948,6.0,1.641163452493218
1000331,1,Accounting,1.0,Aggregated Summary,172,2,0.0,0.872093023255814,5.0,1.2360797404558075
1000332,6,Accounting,1.0,Exceptional/Anomalous,161,2,0.2941176470588235,0.6770186335403726,7.0,1.2769247852009595
1000333,6,Accounting,1.0,Exceptional/Anomalous,180,2,0.03125,0.75,5.0,1.3473645577096662
1000335,6,Accounting,1.0,Exceptional/Anomalous,47,1,0.0,0.5957446808510638,4.0,1.1326130565682502
1000336,1,Accounting,1.0,Aggregated Summary,108,1,0.0,0.8611111111111112,5.0,1.4708930992385651
1000337,0,Accounting,1.0,Compact Operational Record,70,4,0.0,0.6857142857142857,8.0,1.6188197772844604
1000338,6,Accounting,1.0,Exceptional/Anomalous,27,1,0.0,0.8888888888888888,8.0,1.8884155976469286
1000339,0,Accounting,1.0,Compact Operational Record,58,4,0.0769230769230769,0.8620689655172413,17.0,2.4322566192967208
1000340,0,Accounting,1.0,Compact Operational Record,231,4,0.2727272727272727,0.6623376623376623,13.0,1.7996429267953757
1000342,1,Accounting,1.0,Aggregated Summary,187,1,0.0,0.5133689839572193,4.0,1.1467830285201934
1000344,1,Accounting,1.0,Aggregated Summary,320,1,0.0,0.80625,5.0,1.3273402701897257
1000345,0,Accounting,1.0,Compact Operational Record,162,3,0.09375,0.9074074074074074,3.0,0.8873251989986526
1000346,1,Accounting,1.0,Aggregated Summary,75,1,0.0,0.56,5.0,1.4864983615558414
1000347,2,Accounting,1.0,Standard Administrative Record,10,2,0.0,0.5,6.0,1.6094379124341
1000348,2,Accounting,1.0,Standard Administrative Record,5,1,0.0,0.8,3.0,1.0114042647073518
1000349,2,Accounting,1.0,Standard Administrative Record,6,2,0.0,0.6666666666666666,4.0,1.3296613488547582
1000350,2,Accounting,1.0,Standard Administrative Record,4,1,0.0,0.75,3.0,1.0397207708399179
1000351,6,Accounting,0.9906832298136646,Exceptional/Anomalous,76,2,0.0,0.6052631578947368,4.0,0.8731622001126073
1000352,4,Accounting,0.9639725792719211,Lateral Category Tracking,56,3,1.0,0.6071428571428571,8.0,1.624644748786093
1000353,0,Accounting,1.0,Compact Operational Record,32,3,0.0,0.90625,12.0,2.0455289728552812
1000354,2,Accounting,1.0,Standard Administrative Record,5,1,0.0,0.8,1.0,0.0
1000355,2,Accounting,1.0,Standard Administrative Record,8,1,0.0,0.875,4.0,1.3208883431493221
1000356,6,Accounting,1.0,Exceptional/Anomalous,29,2,0.0,0.896551724137931,4.0,1.0589358019699933
1000357,2,Accounting,1.0,Standard Administrative Record,8,1,0.0,0.875,2.0,0.37677016125643675
1000358,0,Accounting,1.0,Compact Operational Record,34,3,0.0,0.3529411764705882,7.0,1.7139005983978295
1000359,1,Accounting,1.0,Aggregated Summary,150,1,0.0,0.4333333333333333,10.0,1.7902314335334442
1000361,3,Accounting,1.0,Local Operational Record,371,2,0.0833333333333333,0.431266846361186,7.0,1.3814566676566438
1000363,1,Accounting,1.0,Aggregated Summary,165,1,0.0,0.993939393939394,2.0,0.03717567946137977
1000365,1,Accounting,1.0,Aggregated Summary,71,1,0.0,0.8028169014084507,2.0,0.12831870551552965
1000366,6,Accounting,1.0,Exceptional/Anomalous,97,2,0.0,0.3917525773195876,5.0,1.3745916441130814
1000367,0,Non-Accounting,0.782929359607366,Compact Operational Record,61,3,0.1,0.7213114754098361,0.0,0.0
1000368,3,Accounting,1.0,Local Operational Record,405,4,0.1111111111111111,0.3975308641975308,8.0,1.4938022850497514
1000369,1,Accounting,1.0,Aggregated Summary,173,2,0.0,0.9364161849710982,3.0,0.9900415399108947
1000371,6,Accounting,1.0,Exceptional/Anomalous,164,2,0.0,0.298780487804878,4.0,1.289674856877837
1000374,1,Accounting,1.0,Aggregated Summary,92,1,0.0,0.9891304347826086,2.0,0.05996015212476477
1000375,6,Accounting,1.0,Exceptional/Anomalous,99,2,0.5,0.8686868686868687,4.0,1.1765837205936587
1000376,1,Accounting,1.0,Aggregated Summary,181,1,0.0,0.9723756906077348,3.0,0.14469863101637398
1000377,6,Accounting,1.0,Exceptional/Anomalous,46,2,0.0,0.4130434782608695,3.0,0.6277052571971504
1000378,6,Accounting,1.0,Exceptional/Anomalous,15,1,0.0,0.7333333333333333,6.0,1.6170531525095537
1000380,0,Accounting,1.0,Compact Operational Record,189,4,0.0757575757575757,0.925925925925926,9.0,1.6061806632521551
1000381,1,Accounting,1.0,Aggregated Summary,90,1,0.0,0.9444444444444444,7.0,1.801771432476183
1000382,1,Accounting,1.0,Aggregated Summary,77,1,0.0,0.987012987012987,5.0,0.9347214305070322
1000383,1,Accounting,0.9303800651499392,Aggregated Summary,116,1,0.0,0.9827586206896552,1.0,0.0
1000385,1,Accounting,1.0,Aggregated Summary,99,1,0.0,0.9696969696969696,3.0,0.6790337949111431
1000386,6,Accounting,1.0,Exceptional/Anomalous,33,2,0.0,0.5454545454545454,6.0,1.4827747807981326
1000387,0,Accounting,1.0,Compact Operational Record,34,3,0.0,0.8235294117647058,5.0,1.2823855431161975
1000388,4,Accounting,0.9637750823566134,Lateral Category Tracking,6,3,0.6666666666666666,0.8333333333333334,2.0,0.6931471805599453
1000389,2,Accounting,1.0,Standard Administrative Record,9,2,0.5,0.6666666666666666,2.0,0.6365141682948128
1000390,4,Accounting,0.9262031514752515,Lateral Category Tracking,137,2,1.0,0.7226277372262774,11.0,1.8346710646802895
1000392,2,Accounting,1.0,Standard Administrative Record,12,2,0.0,0.8333333333333334,4.0,1.1988493129136213
1000393,6,Accounting,1.0,Exceptional/Anomalous,18,1,0.0,0.7777777777777778,7.0,1.6629504665882109
1000395,5,Accounting,1.0,Multi-Level Aggregation,16,1,0.0,0.625,3.0,1.0239287996389363
1000396,0,Accounting,1.0,Compact Operational Record,222,3,0.1794871794871795,0.8153153153153153,10.0,1.8878836468994216
1000397,6,Accounting,1.0,Exceptional/Anomalous,26,2,0.0,0.8461538461538461,4.0,1.3516811946858949
1000398,6,Accounting,1.0,Exceptional/Anomalous,36,2,0.25,0.6666666666666666,6.0,1.4298659347314904
1000399,6,Accounting,1.0,Exceptional/Anomalous,21,1,0.0,0.8571428571428571,3.0,0.8515842539195699
1000400,0,Accounting,1.0,Compact Operational Record,60,3,0.0,0.4166666666666667,4.0,1.1648213767244648
1000401,0,Accounting,1.0,Compact Operational Record,134,3,0.0333333333333333,0.835820895522388,8.0,1.5210977782513324
1000402,6,Accounting,1.0,Exceptional/Anomalous,34,2,0.0,0.5,5.0,1.1949065914130628
1000403,0,Accounting,1.0,Compact Operational Record,67,3,0.25,0.5522388059701493,5.0,1.2032167265814253
1000404,6,Accounting,1.0,Exceptional/Anomalous,21,2,0.0,0.9047619047619048,4.0,1.194355901968133
1000405,6,Accounting,1.0,Exceptional/Anomalous,26,2,0.0,0.9615384615384616,4.0,1.2614633441368988
1000406,0,Accounting,1.0,Compact Operational Record,126,3,0.0465116279069767,0.9285714285714286,10.0,1.6980923081611117
1000407,6,Accounting,0.990566037735849,Exceptional/Anomalous,105,2,0.0,0.219047619047619,7.0,1.7904359053364358
1000408,6,Accounting,1.0,Exceptional/Anomalous,48,2,0.0,0.5,3.0,0.5442837329694393
1000409,6,Accounting,1.0,Exceptional/Anomalous,34,2,0.0,0.8529411764705882,4.0,1.2854716744674484
1000410,2,Accounting,1.0,Standard Administrative Record,15,2,0.0,0.7333333333333333,1.0,0.0
1000411,2,Accounting,1.0,Standard Administrative Record,6,1,0.0,0.5,2.0,0.410116318288409
1000412,2,Accounting,1.0,Standard Administrative Record,8,1,0.0,0.875,2.0,0.5623351446188083
1000413,0,Accounting,1.0,Compact Operational Record,269,3,0.0178571428571428,0.7137546468401487,8.0,1.7816245228324092
1000414,2,Accounting,1.0,Standard Administrative Record,12,2,0.5,0.6666666666666666,2.0,0.6791932659915256
1000415,6,Accounting,1.0,Exceptional/Anomalous,59,2,0.0,0.9322033898305084,8.0,1.7655169835849374
1000416,6,Accounting,1.0,Exceptional/Anomalous,11,1,0.0,0.9090909090909092,2.0,0.6554817739013927
1000417,6,Accounting,0.9362593813951914,Exceptional/Anomalous,26,2,0.0,0.0,2.0,0.20619205063323187
1000418,0,Accounting,0.9908256880733944,Compact Operational Record,92,4,0.1666666666666666,0.6195652173913043,4.0,0.8447324062837043
1000419,1,Accounting,1.0,Aggregated Summary,97,1,0.0,0.9896907216494846,2.0,0.08476607571480994
1000420,6,Accounting,1.0,Exceptional/Anomalous,15,1,0.0,0.9333333333333332,1.0,0.0
1000421,6,Accounting,1.0,Exceptional/Anomalous,32,2,0.0,0.9375,7.0,1.7783357935275959
1000422,6,Accounting,1.0,Exceptional/Anomalous,97,2,0.0,0.6804123711340206,5.0,1.5905861398082566
1000423,0,Accounting,1.0,Compact Operational Record,52,4,0.0666666666666666,0.7692307692307693,4.0,1.2290223281933483
1000424,6,Accounting,1.0,Exceptional/Anomalous,28,2,0.2,0.7857142857142857,5.0,1.187818818730957
1000425,2,Accounting,1.0,Standard Administrative Record,14,2,0.0,0.7142857142857143,6.0,1.7379834485870498
1000426,6,Accounting,1.0,Exceptional/Anomalous,28,2,0.0,0.6071428571428571,5.0,1.4025539662752262
1000427,0,Accounting,0.9906832298136646,Compact Operational Record,19,3,0.0,0.8421052631578947,5.0,1.3130105920403288
1000428,6,Accounting,1.0,Exceptional/Anomalous,21,2,0.0,0.8571428571428571,6.0,1.6137942391528548
1000429,6,Accounting,0.99,Exceptional/Anomalous,28,1,0.0,0.8928571428571429,3.0,0.7663521182273951
1000430,6,Accounting,1.0,Exceptional/Anomalous,44,2,0.0,0.7954545454545454,7.0,1.723985153161589
1000431,6,Accounting,1.0,Exceptional/Anomalous,58,2,0.0,0.5344827586206896,4.0,1.1937785947143043
1000432,0,Accounting,1.0,Compact Operational Record,16,3,0.0,0.5,6.0,1.6914343362809572
1000433,6,Accounting,1.0,Exceptional/Anomalous,65,2,0.25,0.676923076923077,6.0,1.6662079224498416
1000434,2,Accounting,1.0,Standard Administrative Record,10,1,0.0,0.3,2.0,0.34883209584303193
1000435,2,Accounting,1.0,Standard Administrative Record,13,2,0.0,0.6923076923076923,2.0,0.2868359830561607
1000436,6,Accounting,1.0,Exceptional/Anomalous,137,2,0.0,0.781021897810219,8.0,1.7280062541045895
1000437,6,Accounting,1.0,Exceptional/Anomalous,36,2,0.0,0.6666666666666666,2.0,0.5341593666871499
1000438,6,Accounting,1.0,Exceptional/Anomalous,23,1,0.0,0.4347826086956521,2.0,0.48691270946460224
1000439,6,Accounting,0.9906832298136646,Exceptional/Anomalous,30,2,0.0,0.8,4.0,0.9434632692411776
1000440,2,Accounting,1.0,Standard Administrative Record,10,2,0.0,0.9,1.0,0.0
1000441,6,Accounting,1.0,Exceptional/Anomalous,19,1,0.0,0.9473684210526316,3.0,0.8544149816001841
1000442,6,Accounting,1.0,Exceptional/Anomalous,32,2,0.0,0.71875,4.0,1.3529067540026487
1000443,2,Accounting,1.0,Standard Administrative Record,8,2,0.0,0.75,7.0,1.9061547465398496
1000444,1,Accounting,0.9178185512067091,Aggregated Summary,56,1,0.0,0.0,6.0,1.4053826347099465
1000445,6,Accounting,0.9655421326580853,Exceptional/Anomalous,18,1,0.0,0.0,6.0,1.5229550675313182
1000446,6,Accounting,0.9806832298136646,Exceptional/Anomalous,77,2,0.05,0.8441558441558441,6.0,1.651059147004751
1000447,2,Accounting,0.9655421326580853,Standard Administrative Record,11,1,0.0,0.0,3.0,0.9075352941050092
1000448,0,Accounting,1.0,Compact Operational Record,68,3,0.0,0.6617647058823529,5.0,1.3306301615739835
1000449,6,Accounting,1.0,Exceptional/Anomalous,111,2,0.0,0.927927927927928,6.0,1.226857081561163
1000450,6,Accounting,1.0,Exceptional/Anomalous,49,2,0.0,0.8571428571428571,7.0,1.705546397661846
1000451,6,Accounting,1.0,Exceptional/Anomalous,16,1,0.0,0.625,1.0,0.0
1000452,6,Accounting,1.0,Exceptional/Anomalous,13,1,0.0,0.9230769230769232,4.0,1.1569876443452742
1000453,6,Accounting,0.9178185512067091,Exceptional/Anomalous,34,1,0.0,0.0,5.0,1.077022248637498
1000454,6,Accounting,1.0,Exceptional/Anomalous,40,1,0.0,0.675,2.0,0.2711893730418441
1000455,6,Accounting,1.0,Exceptional/Anomalous,92,2,0.0,0.6304347826086957,6.0,1.3163409293692792
1000456,4,Non-Accounting,0.7384883714011717,Lateral Category Tracking,63,2,1.0,0.1111111111111111,6.0,1.6326309271543518
1000457,1,Non-Accounting,0.9755021564799123,Aggregated Summary,58,1,0.0,0.0,0.0,0.0
1000458,6,Non-Accounting,0.8851411978189253,Exceptional/Anomalous,19,1,0.0,0.0,0.0,0.0
1000459,1,Non-Accounting,0.9754031465789222,Aggregated Summary,90,1,0.0,0.0,0.0,0.0
1000460,6,Non-Accounting,0.9647835886881739,Exceptional/Anomalous,22,1,0.0,0.0,0.0,0.0
1000461,1,Non-Accounting,0.9654031465789222,Aggregated Summary,161,1,0.0,0.0,0.0,0.0
1000462,6,Non-Accounting,0.9747835886881739,Exceptional/Anomalous,46,1,0.0,0.0,0.0,0.0
1000463,1,Non-Accounting,0.9654031465789222,Aggregated Summary,121,1,0.0,0.0,0.0,0.0
1000464,2,0,0.981141511572468,Multi-Category Record,0,0,0.0,0.0,0.0,0.0
1000465,2,0,0.981141511572468,Multi-Category Record,0,0,0.0,0.0,0.0,0.0
1000466,2,0,0.981141511572468,Multi-Category Record,0,0,0.0,0.0,0.0,0.0
1000467,2,0,0.981141511572468,Multi-Category Record,0,0,0.0,0.0,0.0,0.0
1000468,2,0,0.981141511572468,Multi-Category Record,0,0,0.0,0.0,0.0,0.0
1000469,2,0,0.981141511572468,Multi-Category Record,0,0,0.0,0.0,0.0,0.0
1000470,2,0,0.981141511572468,Multi-Category Record,0,0,0.0,0.0,0.0,0.0
1000472,0,Accounting,1.0,Compact Operational Record,226,4,0.0166666666666666,0.7743362831858407,5.0,0.7511367593664569
1000474,6,Accounting,1.0,Exceptional/Anomalous,41,2,0.0,0.6341463414634146,3.0,0.7909064339687069
1000475,6,Accounting,1.0,Exceptional/Anomalous,20,2,0.0,0.8,3.0,0.9376369622724492
1000477,0,Accounting,1.0,Compact Operational Record,152,3,0.0238095238095238,0.875,6.0,1.421382427059341
1000478,6,Accounting,1.0,Exceptional/Anomalous,41,1,0.0,0.2682926829268293,2.0,0.11690684913753106
1000479,6,Accounting,1.0,Exceptional/Anomalous,29,1,0.0,0.7931034482758621,3.0,1.0271753091827658
1000480,2,Accounting,1.0,Standard Administrative Record,10,2,0.0,0.9,5.0,1.5047882836811908
1000481,2,Accounting,1.0,Standard Administrative Record,8,1,0.0,0.875,3.0,1.0888999753452238
1000482,6,Accounting,1.0,Exceptional/Anomalous,31,1,0.0,0.7741935483870968,7.0,1.3345731800223335
1000483,2,Accounting,0.9907407407407408,Standard Administrative Record,13,2,0.25,0.6923076923076923,5.0,1.5641315026219946
1000485,6,Accounting,0.9906832298136646,Exceptional/Anomalous,15,1,0.0,0.9333333333333332,1.0,0.0
1000486,6,Accounting,0.9906832298136646,Exceptional/Anomalous,13,1,0.0,0.9230769230769232,2.0,0.666278442414676
1000487,6,Accounting,1.0,Exceptional/Anomalous,34,1,0.0,0.8823529411764706,8.0,1.7147876712878574
1000488,0,Accounting,1.0,Compact Operational Record,40,3,0.1,0.85,7.0,1.5890266900450238
1000489,6,Accounting,0.980974491949587,Exceptional/Anomalous,19,1,0.0,0.8421052631578947,2.0,0.20619205063323187
1000490,2,Accounting,1.0,Standard Administrative Record,17,2,0.0,0.7058823529411765,6.0,1.297295830625819
1000491,2,Accounting,0.9906832298136646,Standard Administrative Record,9,1,0.0,0.8888888888888888,2.0,0.34883209584303193
1000492,1,Accounting,1.0,Aggregated Summary,69,1,0.0,0.7246376811594203,6.0,0.939162166431021
1000493,0,Accounting,1.0,Compact Operational Record,155,4,0.0,0.9935483870967742,9.0,1.0356562283910726
1000494,0,Accounting,1.0,Compact Operational Record,91,3,0.0294117647058823,0.9230769230769232,8.0,1.6651462587730719
1000495,0,Accounting,1.0,Compact Operational Record,134,3,0.0,0.8283582089552238,8.0,1.7331533475042005
1000496,6,Accounting,1.0,Exceptional/Anomalous,31,1,0.0,0.9032258064516128,7.0,1.4440590629830887
1000497,6,Accounting,1.0,Exceptional/Anomalous,64,2,0.0,0.765625,7.0,1.6927554389241657
1000499,5,Accounting,1.0,Multi-Level Aggregation,79,2,0.0,0.9367088607594936,5.0,1.4425679739922903
1000500,6,Accounting,1.0,Exceptional/Anomalous,89,2,0.0416666666666666,0.9325842696629212,6.0,1.3386375842746667
1000501,6,Accounting,1.0,Exceptional/Anomalous,419,2,0.0,0.8568019093078759,7.0,1.3609080920815781
1000502,6,Accounting,1.0,Exceptional/Anomalous,29,2,0.0,0.5862068965517241,6.0,1.4282699803707317
1000503,6,Accounting,1.0,Exceptional/Anomalous,71,2,0.0,0.5352112676056338,7.0,1.090725440091666
1000504,0,Accounting,1.0,Compact Operational Record,228,4,0.0,0.9736842105263158,9.0,1.7271439348921804
1000505,0,Accounting,1.0,Compact Operational Record,121,3,0.0,0.5950413223140496,5.0,1.3271344373074463
1000506,6,Accounting,1.0,Exceptional/Anomalous,168,2,0.1923076923076923,0.7916666666666666,11.0,1.7988208840670987
1000507,6,Accounting,1.0,Exceptional/Anomalous,133,2,0.05,0.5338345864661654,8.0,1.6282501106226717
1000508,6,Accounting,1.0,Exceptional/Anomalous,237,2,0.4,0.729957805907173,8.0,1.7461343881575173
1000509,3,Accounting,1.0,Local Operational Record,370,3,0.123076923076923,0.8108108108108109,5.0,1.1012737811208744
1000510,1,Accounting,1.0,Aggregated Summary,127,1,0.0,0.7716535433070866,5.0,1.3498012513538924
1000511,1,Accounting,1.0,Aggregated Summary,87,1,0.0,0.7816091954022989,5.0,1.3785359049498405
1000512,0,Accounting,1.0,Compact Operational Record,138,3,0.0,0.7681159420289855,6.0,1.5165423418137582
1000513,0,Accounting,1.0,Compact Operational Record,114,3,0.4545454545454545,0.6754385964912281,7.0,1.7262681793885937
1000514,0,Accounting,1.0,Compact Operational Record,168,3,0.0263157894736842,0.9226190476190476,10.0,1.649242408530674
1000515,0,Accounting,1.0,Compact Operational Record,80,3,0.2857142857142857,0.8125,10.0,2.080088007429609
1000516,0,Accounting,1.0,Compact Operational Record,51,3,0.125,0.9019607843137256,10.0,1.7908724645344523
1000517,2,Accounting,1.0,Standard Administrative Record,13,2,0.0,0.8461538461538461,5.0,1.5247073930301434
1000518,0,Accounting,1.0,Compact Operational Record,165,3,0.0,0.7212121212121212,16.0,2.1523070117649854
1000519,6,Accounting,1.0,Exceptional/Anomalous,191,2,0.3333333333333333,0.6282722513089005,13.0,2.260258428937233
1000520,6,Accounting,1.0,Exceptional/Anomalous,95,2,0.0,0.5894736842105263,12.0,2.2413013896830565
1000521,6,Accounting,1.0,Exceptional/Anomalous,79,2,0.0,0.4050632911392405,6.0,1.5105212001709305
1000522,1,Accounting,0.9900990099009901,Aggregated Summary,96,1,0.0,0.8645833333333334,9.0,2.040222320448374
1000523,1,Accounting,1.0,Aggregated Summary,197,2,0.0,0.8223350253807107,5.0,0.3344405528363662
1000524,0,Accounting,1.0,Compact Operational Record,165,3,0.0,0.8242424242424242,15.0,1.8902636466793914
1000525,6,Accounting,1.0,Exceptional/Anomalous,18,1,0.0,0.8333333333333334,4.0,1.2530462261125412
1000526,0,Accounting,1.0,Compact Operational Record,269,4,0.106060606060606,0.8475836431226765,18.0,2.0593471470307874
1000527,0,Accounting,1.0,Compact Operational Record,170,4,0.0,0.3588235294117647,10.0,1.7221770740072169
1000528,0,Accounting,1.0,Compact Operational Record,120,3,0.0833333333333333,0.6583333333333333,8.0,1.557739322880507
1000529,1,Accounting,0.9901960784313725,Aggregated Summary,63,1,0.0,0.984126984126984,4.0,1.2438507024142775
1000530,1,Accounting,1.0,Aggregated Summary,66,1,0.0,0.8787878787878788,17.0,2.330997077474286
1000531,2,Accounting,1.0,Standard Administrative Record,10,1,0.0,0.8,5.0,1.4184836619456564
1000532,6,Accounting,1.0,Exceptional/Anomalous,11,1,0.0,0.7272727272727273,5.0,1.294545165844896
1000533,6,Accounting,1.0,Exceptional/Anomalous,59,2,0.125,0.8135593220338984,5.0,1.2877431441902252
1000534,1,Accounting,1.0,Aggregated Summary,81,1,0.0,0.8765432098765432,2.0,0.5297061990576545
1000535,6,Accounting,1.0,Exceptional/Anomalous,24,1,0.0,0.8333333333333334,8.0,1.9439903027667327
1000536,6,Accounting,1.0,Exceptional/Anomalous,48,2,0.0,0.8958333333333334,6.0,1.3136752584720648
1000537,6,Accounting,0.980974491949587,Exceptional/Anomalous,25,1,0.0,0.68,3.0,0.8378972277814775
1000538,1,Accounting,0.980974491949587,Aggregated Summary,76,1,0.0,0.5789473684210527,6.0,1.2382645982392213
1000539,6,Accounting,1.0,Exceptional/Anomalous,195,2,0.0,0.5128205128205128,15.0,2.2334526143566036
1000540,0,Accounting,0.9908256880733944,Compact Operational Record,60,3,0.0,0.8333333333333334,6.0,1.5828401025770138
1000541,3,Accounting,1.0,Local Operational Record,955,2,0.0,0.237696335078534,16.0,2.284098773048244
1000542,6,Accounting,1.0,Exceptional/Anomalous,135,2,0.0,0.562962962962963,8.0,1.7958811915241015
1000543,6,Accounting,1.0,Exceptional/Anomalous,145,2,0.0,0.6482758620689655,14.0,2.283161880995668
1000544,1,Accounting,1.0,Aggregated Summary,99,1,0.0,0.7272727272727273,4.0,0.8330268247252308
1000545,0,Accounting,1.0,Compact Operational Record,195,3,0.0714285714285714,0.8205128205128205,14.0,2.0152847823069213
1000546,0,Accounting,1.0,Compact Operational Record,150,5,0.0444444444444444,0.8866666666666667,12.0,2.010877798132855
1000547,6,Accounting,0.9906832298136646,Exceptional/Anomalous,234,2,0.0555555555555555,0.8632478632478633,10.0,1.7301036616889158
1000548,6,Accounting,1.0,Exceptional/Anomalous,30,2,0.0,0.8666666666666667,2.0,0.5432727813369008
1000549,0,Accounting,1.0,Compact Operational Record,72,3,0.0,0.4722222222222222,6.0,1.3960771757224772
1000550,2,Accounting,1.0,Standard Administrative Record,8,1,0.0,0.875,3.0,0.9002560512685369
1000551,6,Accounting,1.0,Exceptional/Anomalous,31,1,0.0,0.8387096774193549,6.0,1.2355250726324687
1000552,0,Accounting,1.0,Compact Operational Record,87,3,0.1904761904761904,0.8045977011494253,13.0,1.9703994486048055
1000553,6,Accounting,1.0,Exceptional/Anomalous,53,2,0.0,0.3773584905660377,9.0,1.9779474211630586
1000554,0,Accounting,1.0,Compact Operational Record,77,3,0.0,0.8831168831168831,6.0,0.7515610253905496
1000555,1,Accounting,0.980974491949587,Aggregated Summary,73,1,0.0,0.9178082191780822,4.0,1.2964433256694492
1000556,6,Accounting,1.0,Exceptional/Anomalous,35,1,0.0,0.9714285714285714,5.0,1.4947561153005566
1000558,6,Accounting,1.0,Exceptional/Anomalous,16,1,0.0,0.9375,1.0,0.0
1000559,6,Accounting,1.0,Exceptional/Anomalous,25,2,0.0,0.84,7.0,1.7908268221434056
1000560,6,Accounting,1.0,Exceptional/Anomalous,16,2,0.0,0.875,8.0,1.935168745604885
1000561,6,Accounting,1.0,Exceptional/Anomalous,20,1,0.0,0.9,4.0,1.1673871969099057
1000562,6,Accounting,1.0,Exceptional/Anomalous,29,2,0.0,0.9310344827586208,4.0,1.017227665393732
1000563,1,Accounting,1.0,Aggregated Summary,83,1,0.0,0.6746987951807228,6.0,1.709273831413845
1000564,6,Accounting,1.0,Exceptional/Anomalous,184,2,0.0784313725490196,0.9456521739130436,10.0,1.8855312217342017
1000565,6,Accounting,1.0,Exceptional/Anomalous,368,2,0.0,0.9538043478260868,8.0,1.2637693196916657
1000566,6,Accounting,1.0,Exceptional/Anomalous,33,2,0.3333333333333333,0.9696969696969696,8.0,1.7340124845145581
1000567,6,Accounting,1.0,Exceptional/Anomalous,258,2,0.1666666666666666,0.2558139534883721,4.0,0.7798485393791095
1000569,6,Accounting,1.0,Exceptional/Anomalous,25,2,0.0,0.84,3.0,0.9437489523059353
1000570,0,Accounting,1.0,Compact Operational Record,126,3,0.3333333333333333,0.6984126984126984,9.0,1.4309534297400608
1000571,6,Accounting,0.9626920598618711,Exceptional/Anomalous,56,2,0.0,0.0892857142857142,6.0,1.4163360728569312
1000572,6,Accounting,1.0,Exceptional/Anomalous,12,1,0.0,0.8333333333333334,2.0,0.6931471805599453
1000573,0,Accounting,1.0,Compact Operational Record,40,3,0.4166666666666667,0.85,4.0,1.1803040716263606
1000574,0,Accounting,1.0,Compact Operational Record,83,5,0.1428571428571428,0.4337349397590361,4.0,1.2904730312794157
1000575,4,Accounting,0.9906832298136646,Lateral Category Tracking,67,3,0.6666666666666666,0.5373134328358209,5.0,1.2114357755352665
1000576,4,Accounting,0.9826187136846323,Lateral Category Tracking,87,4,0.6,0.4712643678160919,4.0,1.3130038808129552
1000577,6,Accounting,1.0,Exceptional/Anomalous,35,2,0.0,0.3714285714285714,2.0,0.2711893730418441
1000578,2,Accounting,0.9561081703939344,Standard Administrative Record,10,1,0.0,0.0,3.0,0.639031859650177
1000579,2,Accounting,0.9817034084891726,Standard Administrative Record,8,1,0.0,0.125,3.0,0.6837389058487535
1000580,6,Accounting,0.9906832298136646,Exceptional/Anomalous,30,2,0.0,0.7666666666666667,2.0,0.6108643020548935
1000581,6,Accounting,1.0,Exceptional/Anomalous,33,1,0.0,0.8181818181818182,4.0,0.732190820949106
1000582,6,Accounting,1.0,Exceptional/Anomalous,35,1,0.0,0.9714285714285714,3.0,1.0977878444695828
1000583,6,Accounting,0.9906832298136646,Exceptional/Anomalous,48,2,0.0,0.8541666666666666,3.0,0.8155201205362663
1000584,6,Accounting,1.0,Exceptional/Anomalous,55,2,0.0,0.5272727272727272,6.0,1.4734717416198204
1000585,4,Accounting,0.9906832298136646,Lateral Category Tracking,34,3,0.6666666666666666,0.6176470588235294,3.0,0.783449138790285
1000586,0,Accounting,1.0,Compact Operational Record,181,3,0.2,0.9447513812154696,5.0,1.1229394190318138
1000587,6,Accounting,1.0,Exceptional/Anomalous,42,2,0.4285714285714285,0.7142857142857143,4.0,1.1348757039547408
1000588,1,Accounting,1.0,Aggregated Summary,190,1,0.0,0.8526315789473684,4.0,0.6211058783807102
1000589,6,Accounting,1.0,Exceptional/Anomalous,50,2,0.3333333333333333,0.46,6.0,1.5446736886205694
1000590,0,Accounting,1.0,Compact Operational Record,76,3,0.5,0.6710526315789473,6.0,1.5598632602939853
1000591,0,Accounting,1.0,Compact Operational Record,93,3,0.2727272727272727,0.7634408602150538,12.0,1.9254225561426401
1000592,0,Accounting,1.0,Compact Operational Record,52,3,0.1111111111111111,0.5384615384615384,3.0,0.7051167626590047
1000593,1,Accounting,1.0,Aggregated Summary,101,1,0.0,0.7524752475247525,5.0,1.121976616799469
1000595,5,Accounting,0.9908256880733944,Multi-Level Aggregation,15,3,0.0,0.9333333333333332,2.0,0.6730116670092565
1000597,0,Accounting,1.0,Compact Operational Record,91,3,0.0,0.7252747252747253,3.0,0.24980457569348868
1000598,0,Accounting,1.0,Compact Operational Record,177,4,0.1176470588235294,0.8192090395480226,3.0,0.5147286497740517
1000599,0,Accounting,0.9908256880733944,Compact Operational Record,49,3,0.2,0.9387755102040816,3.0,0.7553018556610521
1000600,6,Accounting,1.0,Exceptional/Anomalous,16,2,0.0,0.75,2.0,0.2337916587064593
1000601,0,Accounting,1.0,Compact Operational Record,48,3,0.1111111111111111,0.8958333333333334,3.0,0.3389254348839412
1000602,2,Accounting,1.0,Standard Administrative Record,16,2,0.0,0.5625,2.0,0.2337916587064593
1000603,3,Accounting,1.0,Local Operational Record,491,5,0.144927536231884,0.7637474541751528,10.0,1.2599162755659106
1000604,1,Accounting,0.9900990099009901,Aggregated Summary,238,2,0.0,0.5126050420168067,7.0,1.4727334560959355
1000605,1,Accounting,1.0,Aggregated Summary,214,2,0.0,0.6915887850467289,9.0,1.6753371336803575
1000606,4,Accounting,0.9545386170077701,Lateral Category Tracking,26,3,1.0,0.8846153846153846,2.0,0.6901856760188042
1000607,0,Accounting,1.0,Compact Operational Record,175,3,0.1052631578947368,0.6857142857142857,13.0,1.9482992695938934
1000608,6,Accounting,1.0,Exceptional/Anomalous,89,2,0.0,0.8539325842696629,2.0,0.6710806543560228
1000609,0,Accounting,1.0,Compact Operational Record,132,4,0.3333333333333333,0.803030303030303,4.0,1.0229880634489494
1000610,0,Accounting,1.0,Compact Operational Record,170,4,0.0526315789473684,0.7941176470588235,8.0,1.4345618898877843
1000611,3,Accounting,1.0,Local Operational Record,331,3,0.0909090909090909,0.6616314199395771,7.0,1.4821001741243094
1000612,3,Accounting,1.0,Local Operational Record,382,3,0.072072072072072,0.7774869109947644,6.0,1.2594891721161494
1000613,4,Accounting,0.9640426842390377,Lateral Category Tracking,93,4,0.64,0.978494623655914,8.0,1.6072154543424215
1000614,3,Accounting,1.0,Local Operational Record,363,3,0.4393939393939394,0.5895316804407713,8.0,1.424709861846904
1000615,6,Accounting,1.0,Exceptional/Anomalous,88,2,0.0,0.2613636363636363,4.0,1.0211350467282188
1000616,6,Accounting,1.0,Exceptional/Anomalous,125,2,0.0,0.264,7.0,1.4239500158931373
1000617,6,Accounting,1.0,Exceptional/Anomalous,95,2,0.0,0.5263157894736842,8.0,2.019985202303185
1000618,0,Accounting,1.0,Compact Operational Record,134,3,0.0,0.6417910447761194,13.0,2.20563393368667
1000619,6,Accounting,1.0,Exceptional/Anomalous,126,2,0.0,0.9047619047619048,7.0,1.3940299028041991
1000620,2,Accounting,1.0,Standard Administrative Record,16,2,0.2,0.9375,4.0,1.0337005498525014
1000621,0,Accounting,1.0,Compact Operational Record,22,3,0.125,0.9545454545454546,2.0,0.18490739916777568
1000622,3,Accounting,1.0,Local Operational Record,248,4,0.073170731707317,0.7016129032258065,6.0,1.5985999939595668
1000623,0,Accounting,1.0,Compact Operational Record,323,3,0.0454545454545454,0.9040247678018576,5.0,1.1100173698116405
1000624,0,Accounting,1.0,Compact Operational Record,251,5,0.1166666666666666,0.5976095617529881,6.0,1.3324430468076143
1000625,6,Accounting,1.0,Exceptional/Anomalous,37,1,0.0,0.972972972972973,8.0,1.9059682269576235
1000626,2,Accounting,1.0,Standard Administrative Record,5,1,0.0,0.8,5.0,1.549826045878202
1000627,2,Accounting,1.0,Standard Administrative Record,9,1,0.0,0.8888888888888888,2.0,0.6869615765973234
1000628,0,Accounting,1.0,Compact Operational Record,33,3,0.2857142857142857,0.8181818181818182,10.0,1.906360037398351
1000629,0,Accounting,1.0,Compact Operational Record,194,3,0.1333333333333333,0.7216494845360825,13.0,1.8991920757989158
1000630,6,Accounting,1.0,Exceptional/Anomalous,14,2,0.0,0.8571428571428571,2.0,0.410116318288409
1000631,2,Accounting,0.9907407407407408,Standard Administrative Record,7,2,0.0,0.7142857142857143,5.0,1.4941751382893085
1000632,2,Accounting,1.0,Standard Administrative Record,7,1,0.0,0.8571428571428571,3.0,0.9556998911125343
1000633,0,Accounting,1.0,Compact Operational Record,96,3,0.25,0.9270833333333334,12.0,1.9229662524515738
1000634,3,Accounting,1.0,Local Operational Record,375,4,0.3018867924528302,0.512,7.0,1.1744076217153632
1000635,4,Accounting,0.9826187136846323,Lateral Category Tracking,127,4,0.7,0.7244094488188977,13.0,1.8556975321824856
1000636,6,Accounting,1.0,Exceptional/Anomalous,31,1,0.0,0.7096774193548387,3.0,0.7902195307190024
1000637,4,Accounting,0.9826187136846323,Lateral Category Tracking,79,3,0.625,0.7215189873417721,11.0,1.730958617690538
1000638,6,Accounting,1.0,Exceptional/Anomalous,61,2,0.0,0.9836065573770492,6.0,1.7891802578518519
1000639,2,Accounting,0.99,Standard Administrative Record,11,1,0.0,0.6363636363636364,1.0,0.0
1000640,2,Accounting,0.9906832298136646,Standard Administrative Record,10,1,0.0,0.8,1.0,0.0
1000641,2,Accounting,1.0,Standard Administrative Record,6,1,0.0,0.8333333333333334,2.0,0.45056120886630463
1000642,2,Accounting,1.0,Standard Administrative Record,14,2,0.0,0.2857142857142857,5.0,1.376055285260417
1000643,2,Accounting,0.9907407407407408,Standard Administrative Record,7,2,0.0,0.8571428571428571,2.0,0.6829081047004717
1000644,4,Accounting,0.9554980030007347,Lateral Category Tracking,5,2,1.0,0.8,2.0,0.5004024235381879
1000645,2,Accounting,1.0,Standard Administrative Record,12,2,0.0,0.5833333333333334,5.0,1.5454229031935935
1000646,0,Accounting,1.0,Compact Operational Record,25,3,0.3333333333333333,0.6,4.0,0.6060252027357298
1000647,0,Accounting,1.0,Compact Operational Record,75,4,0.3333333333333333,0.5066666666666667,8.0,1.5033844456645045
1000648,1,Accounting,1.0,Aggregated Summary,217,2,0.0,0.9262672811059908,8.0,1.7396777669893124
1000649,6,Accounting,1.0,Exceptional/Anomalous,33,1,0.0,0.8181818181818182,11.0,2.1486609557384786
1000650,6,Accounting,1.0,Exceptional/Anomalous,199,2,0.5,0.9045226130653268,13.0,1.9417539445492975
1000651,6,Accounting,1.0,Exceptional/Anomalous,23,1,0.0,0.9130434782608696,4.0,1.094767752726974
1000652,6,Accounting,1.0,Exceptional/Anomalous,15,1,0.0,0.8,4.0,1.2654130965141723
1000653,2,Accounting,1.0,Standard Administrative Record,7,1,0.0,0.8571428571428571,4.0,1.2770342594661392
1000654,6,Accounting,1.0,Exceptional/Anomalous,58,2,0.0,0.6379310344827587,9.0,1.8327342637963906
1000655,6,Accounting,1.0,Exceptional/Anomalous,30,1,0.0,0.6666666666666666,7.0,1.6397063574156068
1000656,6,Accounting,1.0,Exceptional/Anomalous,36,1,0.0,0.6944444444444444,8.0,1.577665261211952
1000657,2,Accounting,0.9906832298136646,Standard Administrative Record,9,1,0.0,0.6666666666666666,4.0,1.310783678099714
1000658,3,Accounting,1.0,Local Operational Record,273,3,0.4615384615384615,0.63003663003663,7.0,1.3521676149710649
1000659,4,Accounting,0.936573110779728,Lateral Category Tracking,57,2,1.0,0.5614035087719298,13.0,2.1661239276869595
1000660,2,Accounting,1.0,Standard Administrative Record,5,1,0.0,0.8,4.0,1.3321790402101223
1000661,2,Accounting,1.0,Standard Administrative Record,6,1,0.0,0.6666666666666666,4.0,1.0735428464085233
