khipu_id,color_entropy,color_cord_ratio,unique_color_count,multi_color_ratio,primary_color_diversity,pendant_color_diversity,color_transitions
1000000,1.572385491970173,1.0555555555555556,5.0,0.21052631578947367,5.0,2.0,0.0
1000001,0.0,1.1666666666666667,1.0,0.0,1.0,0.0,0.0
1000002,1.8703562850172992,0.9666666666666667,8.0,0.27586206896551724,8.0,4.0,0.0
1000003,1.422014431673113,0.9736842105263158,6.0,0.13513513513513514,5.0,4.0,0.0
1000004,1.42589252281463,1.0,7.0,0.16477272727272727,7.0,5.0,0.0
1000005,0.1985152433458726,0.967741935483871,2.0,0.21666666666666667,2.0,2.0,0.0
1000006,1.1589290349628125,1.0125,4.0,0.1111111111111111,3.0,4.0,0.0
1000007,1.8516759703880439,1.055393586005831,8.0,0.4585635359116022,8.0,7.0,0.0
1000008,0.6503384442695906,0.9830508474576272,3.0,0.15517241379310345,2.0,2.0,0.0
1000009,1.613804027591846,0.9920634920634921,7.0,0.352,6.0,7.0,0.0
1000010,1.773361337558082,1.0,7.0,0.4318181818181818,7.0,5.0,0.0
1000011,1.1349669837082137,0.9318181818181818,4.0,0.12195121951219512,2.0,4.0,0.0
1000012,1.9305761296233324,0.9741379310344828,11.0,0.21238938053097345,11.0,8.0,0.0
1000013,0.6268694575724263,0.8333333333333334,2.0,0.32,2.0,0.0,0.0
1000014,1.0390279299861542,1.027027027027027,3.0,0.0,3.0,0.0,0.0
1000015,1.0176629708064735,1.0,3.0,0.1875,3.0,1.0,0.0
1000017,1.3437081244257825,1.1538461538461537,5.0,0.35555555555555557,5.0,3.0,0.0
1000018,0.9491053733415475,1.002262443438914,8.0,0.1963882618510158,5.0,7.0,0.0
1000019,1.1360965800146843,0.9695121951219512,6.0,0.18867924528301888,6.0,2.0,0.0
1000020,1.770244530492055,1.0078023407022108,10.0,0.30709677419354836,6.0,10.0,0.0
1000021,1.4666252545203082,0.9508196721311475,7.0,0.25,7.0,5.0,0.0
1000022,1.3191702290103324,0.9938271604938271,6.0,0.10559006211180125,6.0,3.0,0.0
1000023,1.8246292528436825,0.9685314685314685,14.0,0.10469314079422383,10.0,12.0,0.0
1000024,1.0971758536231437,0.9476439790575916,9.0,0.14732965009208104,7.0,6.0,0.0
1000025,1.2017988112393516,0.9805491990846682,7.0,0.10385064177362893,6.0,6.0,0.0
1000026,0.9426749615639383,1.0555555555555556,3.0,0.05263157894736842,2.0,3.0,0.0
1000027,1.0670938948757507,1.0,3.0,0.0,3.0,3.0,0.0
1000028,0.9403716526240742,1.0,3.0,0.14285714285714285,1.0,3.0,0.0
1000029,1.6702520888067243,1.0632411067193677,8.0,0.6059479553903345,7.0,6.0,0.0
1000030,0.9108997985731645,1.0357142857142858,3.0,0.10344827586206896,3.0,2.0,0.0
1000031,0.7298712099831165,1.0714285714285714,3.0,0.4,2.0,0.0,0.0
1000032,1.500872580449128,1.006993006993007,7.0,0.09722222222222222,3.0,7.0,0.0
1000033,0.6930421569294483,1.0147058823529411,2.0,0.014492753623188406,2.0,2.0,0.0
1000034,1.514018990530928,1.01,7.0,0.1782178217821782,7.0,5.0,0.0
1000035,1.093691626505447,1.0555555555555556,3.0,0.0,2.0,3.0,0.0
1000036,0.6645284386549151,1.05,2.0,0.42857142857142855,2.0,0.0,0.0
1000037,0.6991243743064138,1.0,3.0,0.5405405405405406,2.0,3.0,0.0
1000038,0.6931471805599453,1.2,2.0,0.3333333333333333,1.0,1.0,0.0
1000039,1.52074292154585,1.984375,7.0,0.2992125984251969,7.0,0.0,0.0
1000040,1.2134033068006507,1.00990099009901,4.0,0.10784313725490197,4.0,3.0,0.0
1000041,0.8344981125729444,1.0208333333333333,3.0,0.32653061224489793,3.0,0.0,0.0
1000042,1.2898795799448548,1.0136986301369864,5.0,0.013513513513513514,4.0,2.0,0.0
1000043,1.5810347035081773,1.0476190476190477,5.0,0.2727272727272727,3.0,4.0,0.0
1000044,1.595253936978384,1.0357142857142858,6.0,0.3793103448275862,3.0,5.0,0.0
1000045,0.37501983946963136,1.0,5.0,0.01592356687898089,4.0,4.0,0.0
1000046,0.48691270946460224,1.05,2.0,0.047619047619047616,2.0,1.0,0.0
1000047,1.2536829845801227,1.0140845070422535,4.0,0.0,4.0,3.0,0.0
1000048,0.18490739916777568,1.0476190476190477,2.0,0.045454545454545456,1.0,0.0,0.0
1000049,0.9724399117161489,1.0454545454545454,3.0,0.043478260869565216,1.0,2.0,0.0
1000050,1.4540537834229401,1.0185185185185186,5.0,0.07272727272727272,5.0,2.0,0.0
1000051,1.1338692781046693,1.0344827586206897,4.0,0.0,4.0,0.0,0.0
1000052,0.9542348967589244,1.119047619047619,3.0,0.02127659574468085,2.0,3.0,0.0
1000053,0.709961588034449,1.0034843205574913,4.0,0.4965277777777778,4.0,0.0,0.0
1000054,0.0,1.05,1.0,0.0,1.0,0.0,0.0
1000055,0.9761900500397598,2.1818181818181817,4.0,0.5,3.0,2.0,0.0
1000056,0.6371011802710839,0.9761904761904762,4.0,0.5121951219512195,4.0,0.0,0.0
1000057,0.6157285825445465,1.0061349693251533,3.0,0.17682926829268292,3.0,0.0,0.0
1000058,0.8872110027601254,1.0188679245283019,3.0,0.2222222222222222,2.0,3.0,0.0
1000059,1.0239287996389363,1.0666666666666667,3.0,0.0625,3.0,1.0,0.0
1000060,1.0346012329101812,1.037037037037037,3.0,0.17857142857142858,2.0,2.0,0.0
1000061,1.3208883431493221,1.1428571428571428,4.0,0.125,2.0,3.0,0.0
1000062,0.9743147528693494,1.1428571428571428,3.0,0.125,1.0,2.0,0.0
1000063,1.7279798429332036,1.0028011204481793,7.0,0.24860335195530725,7.0,5.0,0.0
1000064,1.2816208115182914,1.0434782608695652,4.0,0.4583333333333333,4.0,0.0,0.0
1000065,1.0326262972835027,1.00990099009901,3.0,0.00980392156862745,3.0,0.0,0.0
1000066,0.0,1.1428571428571428,1.0,0.0,1.0,0.0,0.0
1000067,0.8921178708188162,1.0769230769230769,3.0,0.14285714285714285,2.0,3.0,0.0
1000068,0.0,1.125,1.0,0.0,1.0,0.0,0.0
1000069,0.9556998911125343,1.1666666666666667,3.0,0.14285714285714285,3.0,1.0,0.0
1000070,0.887694275799104,1.0909090909090908,3.0,0.25,2.0,1.0,0.0
1000071,1.918285593641395,1.018181818181818,7.0,0.19642857142857142,7.0,0.0,0.0
1000072,1.060944240790747,1.0769230769230769,3.0,0.0,3.0,0.0,0.0
1000073,0.8239592165010823,1.0909090909090908,3.0,0.08333333333333333,3.0,0.0,0.0
1000074,0.3805062184775959,1.05,3.0,0.09523809523809523,2.0,1.0,0.0
1000075,1.072043343575071,1.6363636363636365,3.0,0.3333333333333333,3.0,3.0,0.0
1000076,1.2374875380313386,1.5833333333333333,4.0,0.3684210526315789,4.0,2.0,0.0
1000077,1.0290694963772378,1.00355871886121,3.0,0.0,3.0,1.0,0.0
1000078,0.0,1.1111111111111112,1.0,0.0,1.0,1.0,0.0
1000079,1.6966669266423806,1.1170212765957446,6.0,0.29523809523809524,6.0,4.0,0.0
1000080,0.7062573359732531,1.0,3.0,0.0,3.0,0.0,0.0
1000081,1.0588032571034944,1.0357142857142858,3.0,0.034482758620689655,3.0,2.0,0.0
1000082,0.22371807606583377,1.0625,2.0,0.0,2.0,0.0,0.0
1000083,1.5356849075571957,1.1592356687898089,6.0,0.5604395604395604,5.0,6.0,0.0
1000084,0.410116318288409,1.1666666666666667,2.0,0.14285714285714285,2.0,0.0,0.0
1000085,1.7858024638104775,1.0380622837370241,7.0,0.3433333333333333,7.0,4.0,0.0
1000086,1.3397942802855758,1.0714285714285714,4.0,0.26666666666666666,4.0,0.0,0.0
1000087,1.3687495515876047,1.0357142857142858,5.0,0.3793103448275862,5.0,2.0,0.0
1000088,0.0,0.005128205128205128,1.0,0.0,0.0,0.0,0.0
1000089,1.1579765926862873,1.0209059233449478,6.0,0.5324232081911263,3.0,5.0,0.0
1000090,1.18030455699462,1.0666666666666667,4.0,0.0625,3.0,2.0,0.0
1000091,1.745448858139594,1.0408163265306123,7.0,0.058823529411764705,7.0,1.0,0.0
1000092,0.6931471805599453,1.0769230769230769,2.0,0.0,2.0,0.0,0.0
1000093,0.6365141682948128,1.3043478260869565,2.0,0.43333333333333335,2.0,1.0,0.0
1000094,1.3085501251658918,1.0,4.0,0.07017543859649122,4.0,3.0,0.0
1000096,0.5292180246535031,1.2058984161660296,8.0,0.17028985507246377,8.0,6.0,0.0
1000097,1.08868141577348,1.0804597701149425,5.0,0.09574468085106383,3.0,5.0,0.0
1000098,1.2323532148505176,1.0204081632653061,5.0,0.1,2.0,5.0,0.0
1000099,1.0180471802852515,1.0232558139534884,3.0,0.0,3.0,0.0,0.0
1000100,1.1084060932035693,1.04,4.0,0.23076923076923078,4.0,0.0,0.0
1000101,0.9299473006147054,1.0357142857142858,3.0,0.0,3.0,3.0,0.0
1000103,0.9136770738653853,1.011090573012939,6.0,0.029250457038391225,3.0,6.0,0.0
1000105,0.4293230219306162,1.0833333333333333,2.0,0.38461538461538464,2.0,0.0,0.0
1000106,1.2312356911067466,1.1111111111111112,4.0,0.9,4.0,0.0,0.0
1000107,0.6931471805599453,1.0666666666666667,2.0,0.0625,2.0,0.0,0.0
1000108,0.8225715143524168,1.04,3.0,0.0,3.0,0.0,0.0
1000109,1.0670895187820832,1.1,3.0,0.36363636363636365,3.0,2.0,0.0
1000110,0.8454652292345644,1.0476190476190477,3.0,0.045454545454545456,3.0,0.0,0.0
1000111,1.236684869140504,1.0909090909090908,4.0,0.3333333333333333,3.0,2.0,0.0
1000112,1.3862943611198906,1.0,4.0,0.25,4.0,0.0,0.0
1000113,1.679995714344599,1.2571428571428571,6.0,0.022727272727272728,6.0,0.0,0.0
1000114,0.6931471805599453,2.0,2.0,0.03571428571428571,2.0,2.0,0.0
1000115,0.16731118272533652,1.0578947368421052,2.0,0.19900497512437812,2.0,2.0,0.0
1000116,0.0,1.05,1.0,0.0,1.0,0.0,0.0
1000117,0.6581099875431143,1.0555555555555556,2.0,0.0,2.0,1.0,0.0
1000118,1.0206687537032066,1.0333333333333334,3.0,0.6129032258064516,3.0,0.0,0.0
1000119,0.5982695885852573,1.0161290322580645,2.0,0.25396825396825395,2.0,0.0,0.0
1000120,1.0876938454156744,1.011111111111111,4.0,0.31868131868131866,4.0,2.0,0.0
1000121,1.1946173042400692,1.008130081300813,5.0,0.04032258064516129,3.0,2.0,0.0
1000122,0.20619205063323187,1.0555555555555556,2.0,0.5263157894736842,1.0,0.0,0.0
1000123,0.9381390150046416,1.15,3.0,0.13043478260869565,3.0,0.0,0.0
1000124,1.2670404555929888,1.0089285714285714,5.0,0.34513274336283184,5.0,0.0,0.0
1000125,1.424357076450059,1.024390243902439,5.0,0.023809523809523808,4.0,3.0,0.0
1000126,0.7690709931329595,1.0212765957446808,3.0,0.020833333333333332,2.0,2.0,0.0
1000127,1.7889551957211083,1.2203389830508475,8.0,0.3472222222222222,8.0,6.0,0.0
1000128,0.8969272846842112,1.025,4.0,0.14634146341463414,3.0,3.0,0.0
1000129,1.0397207708399179,1.3333333333333333,3.0,0.5,2.0,0.0,0.0
1000130,1.2206072645530175,1.1111111111111112,4.0,0.0,3.0,3.0,0.0
1000131,0.628130285007377,1.0153846153846153,3.0,0.24242424242424243,3.0,0.0,0.0
1000132,0.0,1.0294117647058822,1.0,0.0,1.0,1.0,0.0
1000133,0.6917614988524178,1.0555555555555556,2.0,0.0,2.0,0.0,0.0
1000134,0.0,1.125,1.0,0.0,1.0,0.0,0.0
1000135,0.9007243623687382,1.75,3.0,0.03571428571428571,3.0,0.0,0.0
1000136,0.6365141682948128,1.2,2.0,0.0,2.0,0.0,0.0
1000137,0.627941588739906,1.037037037037037,2.0,0.0,2.0,1.0,0.0
1000138,1.2677233688264569,1.0303030303030303,5.0,0.0,2.0,4.0,0.0
1000139,1.1839637727244874,1.0476190476190477,4.0,0.045454545454545456,3.0,2.0,0.0
1000140,2.0586269595078783,1.0276243093922652,12.0,0.1827956989247312,7.0,10.0,0.0
1000141,0.5004024235381879,1.1111111111111112,2.0,0.1,2.0,0.0,0.0
1000142,1.1673885950773548,1.1666666666666667,4.0,0.47619047619047616,4.0,0.0,0.0
1000143,1.0182776055422171,1.0333333333333334,3.0,0.0,3.0,0.0,0.0
1000144,2.0116362006316133,1.4,10.0,0.30857142857142855,9.0,3.0,0.0
1000145,1.5095337197920051,1.0416666666666667,5.0,0.16,5.0,1.0,0.0
1000146,1.1099272716873871,1.0677966101694916,5.0,0.15873015873015872,4.0,4.0,0.0
1000147,1.534414534681273,1.0059171597633136,8.0,0.18823529411764706,4.0,5.0,0.0
1000148,1.4469081858362276,1.0132013201320131,5.0,0.0749185667752443,4.0,5.0,0.0
1000149,0.5623351446188083,1.0666666666666667,2.0,0.75,2.0,0.0,0.0
1000150,1.3806550878322736,1.0333333333333334,4.0,0.03225806451612903,4.0,1.0,0.0
1000151,1.3161024894516105,1.0714285714285714,5.0,0.3333333333333333,5.0,1.0,0.0
1000152,1.2748791070081131,1.1142857142857143,6.0,0.07692307692307693,3.0,4.0,0.0
1000154,1.5607104090414068,1.2,5.0,0.0,5.0,0.0,0.0
1000155,0.0,2.0,1.0,0.0,1.0,0.0,0.0
1000156,0.6931471805599453,1.1428571428571428,2.0,0.0,2.0,1.0,0.0
1000157,0.6108643020548935,1.1111111111111112,2.0,0.2,2.0,0.0,0.0
1000158,1.8706910708864943,1.0333333333333334,8.0,0.3548387096774194,8.0,3.0,0.0
1000159,1.658481650398226,1.015625,6.0,0.35384615384615387,5.0,5.0,0.0
1000160,0.0,0.0,0.0,0.0,0.0,0.0,0.0
1000161,1.0579054247036734,1.0833333333333333,3.0,0.3076923076923077,3.0,0.0,0.0
1000162,0.5859526183035508,0.9428571428571428,2.0,0.30303030303030304,2.0,1.0,0.0
1000163,0.0,1.0526315789473684,1.0,0.0,1.0,0.0,0.0
1000164,1.4990962822531504,1.1627906976744187,7.0,0.36,5.0,1.0,0.0
1000165,0.7542579149829345,1.015625,3.0,0.0,3.0,1.0,0.0
1000166,0.9123565151589663,1.0357142857142858,3.0,0.41379310344827586,3.0,0.0,0.0
1000167,0.6534181947937018,1.0416666666666667,2.0,0.04,1.0,1.0,0.0
1000168,0.0,1.3333333333333333,1.0,0.0,1.0,0.0,0.0
1000169,0.19144408195771734,1.1,2.0,0.0,2.0,0.0,0.0
1000170,1.0960439684092247,1.0612244897959184,3.0,0.0,2.0,3.0,0.0
1000171,0.6210863745552451,1.0666666666666667,2.0,0.125,2.0,0.0,0.0
1000172,0.7678576230981704,1.037037037037037,3.0,0.07142857142857142,3.0,0.0,0.0
1000173,0.5297061990576545,1.125,2.0,0.0,2.0,0.0,0.0
1000174,0.0,0.0,0.0,0.0,0.0,0.0,0.0
1000176,0.6901856760188042,1.0263157894736843,2.0,0.48717948717948717,2.0,0.0,0.0
1000177,0.6905939864775922,1.2173913043478262,2.0,0.5357142857142857,1.0,1.0,0.0
1000178,0.6890092384766586,1.03125,2.0,0.0,2.0,2.0,0.0
1000179,1.2994728217330238,1.0769230769230769,6.0,0.14285714285714285,6.0,1.0,0.0
1000180,0.9393957408380618,1.2,3.0,0.023809523809523808,2.0,2.0,0.0
1000182,0.6931471805599453,1.3333333333333333,2.0,0.0,2.0,0.0,0.0
1000183,1.1512237370121767,1.0186757215619695,6.0,0.045,6.0,2.0,0.0
1000184,1.0796807647202016,1.011111111111111,5.0,0.2087912087912088,5.0,0.0,0.0
1000185,0.6861904097613034,1.0133333333333334,3.0,0.0,3.0,2.0,0.0
1000186,1.0123308391031736,1.0833333333333333,3.0,0.15384615384615385,3.0,0.0,0.0
1000187,0.30463609734923813,1.0909090909090908,2.0,0.4166666666666667,2.0,1.0,0.0
1000188,0.0,1.0256410256410255,1.0,0.0,1.0,1.0,0.0
1000189,0.6193762897414465,2.9,2.0,0.0,2.0,1.0,0.0
1000190,0.0,1.1111111111111112,1.0,0.0,1.0,0.0,0.0
1000191,0.5859526183035508,1.1,2.0,0.18181818181818182,2.0,0.0,0.0
1000192,1.3920969828980232,0.9866666666666667,6.0,0.25675675675675674,6.0,4.0,0.0
1000194,1.0608569471580214,1.125,3.0,0.3333333333333333,3.0,1.0,0.0
1000195,1.3862943611198906,1.3333333333333333,4.0,0.25,3.0,0.0,0.0
1000196,0.0,1.5,1.0,0.0,1.0,0.0,0.0
1000197,1.2725595441981112,1.0129870129870129,5.0,0.2564102564102564,4.0,5.0,0.0
1000198,1.1860230819448114,1.0038461538461538,5.0,0.38697318007662834,2.0,5.0,0.0
1000199,0.8905397204999551,1.0357142857142858,3.0,0.06896551724137931,2.0,2.0,0.0
1000200,0.9288989772031044,1.0178571428571428,3.0,0.15789473684210525,3.0,3.0,0.0
1000201,1.520770000429646,1.097902097902098,6.0,0.4012738853503185,6.0,5.0,0.0
1000204,1.0688206728265008,1.125,3.0,0.16666666666666666,3.0,0.0,0.0
1000205,0.5004024235381879,1.25,2.0,0.2,1.0,0.0,0.0
1000206,0.8982053397041498,1.1666666666666667,3.0,0.14285714285714285,2.0,3.0,0.0
1000207,1.3476664808425878,1.131578947368421,5.0,0.27906976744186046,5.0,1.0,0.0
1000208,0.6587238765203249,1.0222222222222221,2.0,0.0,2.0,2.0,0.0
1000209,1.257131778768073,1.0,4.0,0.26785714285714285,4.0,4.0,0.0
1000210,1.2293362159076602,1.0714285714285714,5.0,0.13333333333333333,4.0,1.0,0.0
1000211,1.6957425341696346,1.0344827586206897,7.0,0.16666666666666666,7.0,2.0,0.0
1000212,1.2577083635593893,1.2075471698113207,4.0,0.28125,4.0,4.0,0.0
1000213,1.2566963847294026,1.0277777777777777,4.0,0.05405405405405406,4.0,0.0,0.0
1000214,1.1238637028128664,1.0222222222222221,5.0,0.6521739130434783,2.0,4.0,0.0
1000216,0.2868359830561607,1.2,2.0,0.0,1.0,2.0,0.0
1000217,0.9002560512685369,1.1428571428571428,3.0,0.25,2.0,0.0,0.0
1000218,0.5623351446188083,1.6,2.0,0.25,2.0,0.0,0.0
1000220,1.0710178890244566,1.0625,4.0,0.0,3.0,1.0,0.0
1000221,1.0972821595600364,1.0303030303030303,4.0,0.058823529411764705,4.0,0.0,0.0
1000222,1.7285987757340686,1.0,8.0,0.275,5.0,5.0,0.0
1000223,0.6150342641411843,1.032258064516129,3.0,0.03125,1.0,2.0,0.0
1000224,0.936888307539016,1.8,3.0,0.0,2.0,0.0,0.0
1000225,0.45056120886630463,0.75,2.0,0.0,1.0,0.0,0.0
1000226,1.0042424730540764,1.1666666666666667,3.0,0.14285714285714285,3.0,0.0,0.0
1000227,0.605797499372304,1.0196078431372548,2.0,0.1346153846153846,1.0,2.0,0.0
1000228,0.6730116670092565,1.0,2.0,0.044444444444444446,2.0,0.0,0.0
1000229,1.1396368855409793,1.075,5.0,0.06976744186046512,3.0,5.0,0.0
1000230,1.2100209632365777,1.0116279069767442,4.0,0.14942528735632185,3.0,3.0,0.0
1000231,0.669703107035711,1.1333333333333333,2.0,0.17647058823529413,2.0,1.0,0.0
1000232,1.1269287948006759,1.0285714285714285,4.0,0.2777777777777778,2.0,1.0,0.0
1000233,0.08591550133466311,1.0172413793103448,2.0,0.01694915254237288,1.0,1.0,0.0
1000234,0.627941588739906,1.0,2.0,0.16071428571428573,2.0,0.0,0.0
1000235,1.768170984258727,1.0246913580246915,7.0,0.20481927710843373,7.0,3.0,0.0
1000236,1.6168186228237122,1.0,9.0,0.13414634146341464,9.0,3.0,0.0
1000238,1.694096673332414,1.0521472392638036,11.0,0.3935860058309038,9.0,9.0,0.0
1000239,1.0677823242528828,1.0655737704918034,5.0,0.5846153846153846,4.0,4.0,0.0
1000240,0.8734602768523686,2.8085106382978724,3.0,0.45454545454545453,3.0,0.0,0.0
1000241,0.887694275799104,0.13953488372093023,3.0,0.6666666666666666,2.0,0.0,0.0
1000242,0.0,1.1666666666666667,1.0,0.0,1.0,0.0,0.0
1000243,1.4116473906265246,1.0434782608695652,5.0,0.3333333333333333,4.0,1.0,0.0
1000244,0.4293230219306162,1.04,2.0,0.0,2.0,1.0,0.0
1000245,1.9325132406099401,1.0303030303030303,8.0,0.3235294117647059,8.0,1.0,0.0
1000246,0.11466528220290656,1.0,2.0,0.024390243902439025,1.0,0.0,0.0
1000247,1.0608569471580214,1.0384615384615385,3.0,0.2962962962962963,3.0,0.0,0.0
1000248,1.30283471945696,1.7307692307692308,5.0,0.5555555555555556,5.0,0.0,0.0
1000249,1.8935827079936502,1.0151515151515151,8.0,0.22388059701492538,8.0,3.0,0.0
1000250,1.50830215520365,0.9324324324324325,7.0,0.30434782608695654,7.0,0.0,0.0
1000251,1.595657070991671,1.0126582278481013,7.0,0.35,7.0,2.0,0.0
1000252,0.25731864054383163,1.0769230769230769,2.0,1.0,1.0,0.0,0.0
1000253,0.49875846591288275,1.0416666666666667,4.0,0.0,3.0,0.0,0.0
1000254,1.5890269151739727,1.0909090909090908,5.0,0.3333333333333333,5.0,0.0,0.0
1000255,1.3169718565075788,1.032258064516129,4.0,0.03125,4.0,1.0,0.0
1000256,1.0625354080615974,1.0714285714285714,4.0,0.13333333333333333,3.0,0.0,0.0
1000257,1.4941751382893085,1.1428571428571428,5.0,0.25,4.0,1.0,0.0
1000258,1.6447506563216447,1.0681818181818181,7.0,0.2127659574468085,7.0,0.0,0.0
1000259,1.5110889112908334,1.009009009009009,5.0,0.23214285714285715,5.0,0.0,0.0
1000260,1.5158237605786415,1.0285714285714285,6.0,0.25,6.0,2.0,0.0
1000261,1.2698151807571345,1.0285714285714285,4.0,0.2777777777777778,4.0,2.0,0.0
1000262,1.3844663828483748,1.0136986301369864,4.0,0.2702702702702703,4.0,0.0,0.0
1000263,1.5658243235357738,1.0135135135135136,5.0,0.32,5.0,1.0,0.0
1000264,1.6322035553249516,1.0087719298245614,13.0,0.41739130434782606,11.0,2.0,0.0
1000265,1.267379539678781,1.0,5.0,0.01818181818181818,4.0,3.0,0.0
1000266,1.239733000992151,1.0185185185185186,5.0,0.01818181818181818,3.0,1.0,0.0
1000267,1.3203309724452235,1.0163934426229508,4.0,0.016129032258064516,4.0,0.0,0.0
1000268,1.4361811885555797,1.0138888888888888,6.0,0.0136986301369863,5.0,0.0,0.0
1000269,1.3261784894276492,1.0095238095238095,4.0,0.009433962264150943,3.0,1.0,0.0
1000270,2.1571520733735876,1.0196078431372548,11.0,0.5865384615384616,7.0,10.0,0.0
1000271,2.0848921133258678,1.048,12.0,0.3893129770992366,7.0,11.0,0.0
1000272,1.6655237263866403,1.0163934426229508,6.0,0.20967741935483872,5.0,1.0,0.0
1000273,1.7858879394836533,1.1320754716981132,12.0,0.14285714285714285,9.0,8.0,0.0
1000274,2.2377281439960095,1.1221374045801527,12.0,0.43537414965986393,10.0,9.0,0.0
1000275,2.549016276897858,1.0138888888888888,18.0,0.6027397260273972,16.0,13.0,0.0
1000276,1.4270610433807247,1.125,5.0,0.4444444444444444,4.0,1.0,0.0
1000277,1.7079246416666576,1.1025641025641026,7.0,0.46511627906976744,7.0,0.0,0.0
1000279,1.871196972271294,1.913265306122449,13.0,0.4826666666666667,5.0,11.0,0.0
1000280,2.0116670132339034,0.9743589743589743,13.0,0.17293233082706766,10.0,12.0,0.0
1000283,1.695424784209612,1.1162790697674418,9.0,0.25,4.0,8.0,0.0
1000285,1.91412665426689,1.1719745222929936,14.0,0.29891304347826086,6.0,14.0,0.0
1000287,1.920499691282312,1.1692307692307693,13.0,0.28289473684210525,11.0,8.0,0.0
1000288,1.577478207627389,1.875,6.0,0.2,5.0,3.0,0.0
1000289,1.6300005591616533,1.5833333333333333,6.0,0.15789473684210525,5.0,1.0,0.0
1000290,0.8365651720880255,1.0434782608695652,3.0,0.4166666666666667,3.0,2.0,0.0
1000291,0.33422114621338295,1.0416666666666667,3.0,0.04,3.0,0.0,0.0
1000292,2.136161489945479,1.0046189376443417,19.0,0.21954022988505748,16.0,15.0,0.0
1000293,1.7696703935378992,1.0311526479750779,10.0,0.5468277945619335,6.0,10.0,0.0
1000295,1.9671041558198863,1.0,9.0,0.38095238095238093,8.0,7.0,0.0
1000296,1.343128429501132,1.0,6.0,0.02631578947368421,6.0,0.0,0.0
1000297,0.8333654410717204,1.0416666666666667,3.0,0.04,2.0,0.0,0.0
1000298,1.8785101991432118,1.0472727272727274,10.0,0.5451388888888888,5.0,10.0,0.0
1000299,2.00432355187661,0.91796875,12.0,0.3829787234042553,4.0,10.0,0.0
1000300,0.18613957809551446,0.9887640449438202,4.0,0.03409090909090909,1.0,4.0,0.0
1000301,0.4106688328866673,0.9904761904761905,3.0,0.08653846153846154,2.0,3.0,0.0
1000302,0.3895368598820391,1.01,3.0,0.0594059405940594,1.0,3.0,0.0
1000303,0.5908422462755826,1.0588235294117647,2.0,0.05555555555555555,2.0,1.0,0.0
1000304,0.9931170922011971,0.989010989010989,3.0,0.011111111111111112,2.0,2.0,0.0
1000305,0.8624922565436293,1.0133333333333334,3.0,0.05263157894736842,1.0,2.0,0.0
1000306,0.6881388137135884,1.0526315789473684,2.0,0.05,1.0,1.0,0.0
1000307,0.6920129648318738,1.05,2.0,0.0,1.0,1.0,0.0
1000309,0.7874805253590562,1.0238095238095237,3.0,0.023255813953488372,1.0,1.0,0.0
1000310,1.1614822151376498,1.0103092783505154,5.0,0.3979591836734694,5.0,3.0,0.0
1000312,0.9982861882777421,1.0112359550561798,3.0,0.03333333333333333,3.0,0.0,0.0
1000313,1.158966282197929,1.0105263157894737,4.0,0.2708333333333333,4.0,2.0,0.0
1000314,0.05992315462168969,1.0,3.0,0.16037735849056603,3.0,1.0,0.0
1000315,0.9695189321479225,1.0116279069767442,4.0,0.7701149425287356,4.0,1.0,0.0
1000316,1.1913996648776908,1.0873015873015872,9.0,0.06569343065693431,7.0,6.0,0.0
1000317,2.0089334811623822,1.0,9.0,0.43859649122807015,2.0,8.0,0.0
1000318,1.594999709425332,1.0909090909090908,7.0,0.4583333333333333,1.0,4.0,0.0
1000319,1.5751765904639274,1.0,8.0,0.6521739130434783,2.0,8.0,0.0
1000320,1.2880707807446143,1.0,6.0,0.05194805194805195,6.0,2.0,0.0
1000321,1.6539710156238114,1.0904645476772616,34.0,0.15022421524663676,27.0,20.0,0.0
1000322,1.5292201541433692,1.0,7.0,0.2,7.0,3.0,0.0
1000323,1.334485070019246,1.0,7.0,0.05045871559633028,4.0,6.0,0.0
1000324,1.2115548457978074,1.0153846153846153,4.0,0.5454545454545454,4.0,1.0,0.0
1000325,1.279977433276482,1.0227272727272727,5.0,0.26666666666666666,5.0,1.0,0.0
1000326,0.0,1.125,1.0,0.0,1.0,0.0,0.0
1000327,1.523964627467207,1.018181818181818,6.0,0.19642857142857142,5.0,4.0,0.0
1000328,1.6968950476761906,1.1363636363636365,7.0,0.32,7.0,0.0,0.0
1000329,1.7081476496393684,1.0460526315789473,10.0,0.17295597484276728,4.0,10.0,0.0
1000330,1.641163452493218,1.0263157894736843,6.0,0.23076923076923078,6.0,0.0,0.0
1000331,1.2360797404558075,1.1695906432748537,5.0,0.165,5.0,2.0,0.0
1000332,1.2769247852009595,1.0375,7.0,0.3373493975903614,6.0,5.0,0.0
1000333,1.3473645577096662,1.0279329608938548,5.0,0.20108695652173914,4.0,4.0,0.0
1000335,1.1326130565682502,1.0217391304347827,4.0,0.02127659574468085,4.0,0.0,0.0
1000336,1.4708930992385651,1.02803738317757,5.0,0.3,5.0,0.0,0.0
1000337,1.6188197772844604,1.1014492753623188,8.0,0.3815789473684211,8.0,5.0,0.0
1000338,1.8884155976469286,1.0769230769230769,8.0,0.42857142857142855,8.0,0.0,0.0
1000339,2.4322566192967208,1.0701754385964912,17.0,0.4918032786885246,4.0,14.0,0.0
1000340,1.7996429267953757,1.208695652173913,13.0,0.3776978417266187,7.0,12.0,0.0
1000342,1.1467830285201934,0.978494623655914,4.0,0.005494505494505495,4.0,0.0,0.0
1000344,1.3273402701897257,0.9467084639498433,5.0,0.6258278145695364,4.0,0.0,0.0
1000345,0.8873251989986526,1.0,3.0,0.6211180124223602,3.0,3.0,0.0
1000346,1.4864983615558414,1.0135135135135136,5.0,0.013333333333333334,5.0,0.0,0.0
1000347,1.6094379124341,1.1111111111111112,6.0,0.1,4.0,3.0,0.0
1000348,1.0114042647073518,1.5,3.0,0.3333333333333333,3.0,0.0,0.0
1000349,1.3296613488547582,1.2,4.0,0.0,3.0,1.0,0.0
1000350,1.0397207708399179,1.3333333333333333,3.0,0.25,3.0,0.0,0.0
1000351,0.8731622001126073,1.0133333333333334,4.0,0.8157894736842105,2.0,4.0,0.0
1000352,1.624644748786093,1.018181818181818,8.0,0.30357142857142855,2.0,8.0,0.0
1000353,2.0455289728552812,1.4838709677419355,12.0,0.391304347826087,8.0,8.0,0.0
1000354,0.0,1.25,1.0,0.0,1.0,0.0,0.0
1000355,1.3208883431493221,1.1428571428571428,4.0,0.125,4.0,0.0,0.0
1000356,1.0589358019699933,1.0357142857142858,4.0,0.10344827586206896,3.0,3.0,0.0
1000357,0.37677016125643675,1.1428571428571428,2.0,0.125,2.0,0.0,0.0
1000358,1.7139005983978295,1.0,7.0,0.2727272727272727,3.0,7.0,0.0
1000359,1.7902314335334442,1.0067114093959733,10.0,0.30666666666666664,10.0,0.0,0.0
1000361,1.3814566676566438,0.9972972972972973,7.0,0.26287262872628725,6.0,4.0,0.0
1000363,0.03717567946137977,1.0,2.0,0.0,1.0,0.0,0.0
1000365,0.12831870551552965,1.0142857142857142,2.0,0.028169014084507043,2.0,0.0,0.0
1000366,1.3745916441130814,1.0,5.0,0.041666666666666664,5.0,1.0,0.0
1000367,0.0,0.0,0.0,0.0,0.0,0.0,0.0
1000368,1.4938022850497514,1.0643564356435644,8.0,0.586046511627907,5.0,7.0,0.0
1000369,0.9900415399108947,0.9825581395348837,3.0,0.005917159763313609,3.0,1.0,0.0
1000371,1.289674856877837,1.0122699386503067,4.0,0.23636363636363636,4.0,2.0,0.0
1000374,0.05996015212476477,1.010989010989011,2.0,0.043478260869565216,2.0,0.0,0.0
1000375,1.1765837205936587,0.9183673469387755,4.0,0.03333333333333333,3.0,2.0,0.0
1000376,0.14469863101637398,0.9666666666666667,3.0,0.028735632183908046,2.0,0.0,0.0
1000377,0.6277052571971504,1.0,3.0,0.2222222222222222,2.0,1.0,0.0
1000378,1.6170531525095537,1.0714285714285714,6.0,0.26666666666666666,6.0,0.0,0.0
1000380,1.6061806632521551,1.0265957446808511,9.0,0.24352331606217617,8.0,9.0,0.0
1000381,1.801771432476183,1.0337078651685394,7.0,0.010869565217391304,7.0,0.0,0.0
1000382,0.9347214305070322,0.9210526315789473,5.0,0.17142857142857143,4.0,0.0,0.0
1000383,0.0,0.991304347826087,1.0,0.0,1.0,0.0,0.0
1000385,0.6790337949111431,0.9693877551020408,3.0,0.0,3.0,0.0,0.0
1000386,1.4827747807981326,1.3125,6.0,0.3333333333333333,6.0,5.0,0.0
1000387,1.2823855431161975,1.0,5.0,0.09090909090909091,2.0,3.0,0.0
1000388,0.6931471805599453,1.2,2.0,0.0,1.0,1.0,0.0
1000389,0.6365141682948128,1.125,2.0,0.1111111111111111,2.0,2.0,0.0
1000390,1.8346710646802895,1.0073529411764706,11.0,0.058394160583941604,11.0,2.0,0.0
1000392,1.1988493129136213,1.0909090909090908,4.0,0.08333333333333333,3.0,2.0,0.0
1000393,1.6629504665882109,1.0588235294117647,7.0,0.2222222222222222,7.0,0.0,0.0
1000395,1.0239287996389363,1.0666666666666667,3.0,0.1875,3.0,0.0,0.0
1000396,1.8878836468994216,0.995475113122172,10.0,0.20454545454545456,7.0,10.0,0.0
1000397,1.3516811946858949,1.04,4.0,0.19230769230769232,4.0,3.0,0.0
1000398,1.4298659347314904,1.0285714285714285,6.0,0.16666666666666666,5.0,2.0,0.0
1000399,0.8515842539195699,1.05,3.0,0.047619047619047616,2.0,0.0,0.0
1000400,1.1648213767244648,1.0169491525423728,4.0,0.5,4.0,3.0,0.0
1000401,1.5210977782513324,1.0225563909774436,8.0,0.5808823529411765,6.0,7.0,0.0
1000402,1.1949065914130628,1.0303030303030303,5.0,0.5294117647058824,5.0,3.0,0.0
1000403,1.2032167265814253,1.0151515151515151,5.0,0.5074626865671642,5.0,3.0,0.0
1000404,1.194355901968133,1.05,4.0,0.38095238095238093,4.0,3.0,0.0
1000405,1.2614633441368988,1.04,4.0,0.2692307692307692,4.0,4.0,0.0
1000406,1.6980923081611117,1.056,10.0,0.5757575757575758,6.0,10.0,0.0
1000407,1.7904359053364358,1.0288461538461537,7.0,0.3364485981308411,7.0,1.0,0.0
1000408,0.5442837329694393,1.0212765957446808,3.0,0.0,2.0,2.0,0.0
1000409,1.2854716744674484,1.0303030303030303,4.0,0.5882352941176471,3.0,2.0,0.0
1000410,0.0,1.0714285714285714,1.0,0.0,1.0,1.0,0.0
1000411,0.410116318288409,1.4,2.0,0.14285714285714285,1.0,0.0,0.0
1000412,0.5623351446188083,1.1428571428571428,2.0,0.25,2.0,0.0,0.0
1000413,1.7816245228324092,1.0150375939849625,8.0,0.5888888888888889,5.0,7.0,0.0
1000414,0.6791932659915256,1.0909090909090908,2.0,0.0,2.0,2.0,0.0
1000415,1.7655169835849374,1.1896551724137931,8.0,0.2463768115942029,4.0,8.0,0.0
1000416,0.6554817739013927,1.1,2.0,0.36363636363636365,2.0,0.0,0.0
1000417,0.20619205063323187,0.76,2.0,0.0,1.0,1.0,0.0
1000418,0.8447324062837043,1.0,4.0,0.0,4.0,3.0,0.0
1000419,0.08476607571480994,0.6354166666666666,2.0,0.0,1.0,0.0,0.0
1000420,0.0,1.0,1.0,0.0,1.0,0.0,0.0
1000421,1.7783357935275959,0.967741935483871,7.0,0.26666666666666666,7.0,1.0,0.0
1000422,1.5905861398082566,0.9895833333333334,5.0,0.5052631578947369,5.0,4.0,0.0
1000423,1.2290223281933483,0.9607843137254902,4.0,0.30612244897959184,1.0,4.0,0.0
1000424,1.187818818730957,1.0,5.0,0.5555555555555556,5.0,3.0,0.0
1000425,1.7379834485870498,1.0,6.0,0.38461538461538464,4.0,3.0,0.0
1000426,1.4025539662752262,1.0,5.0,0.5555555555555556,4.0,2.0,0.0
1000427,1.3130105920403288,0.9444444444444444,5.0,0.7058823529411765,5.0,3.0,0.0
1000428,1.6137942391528548,1.0,6.0,0.5,4.0,4.0,0.0
1000429,0.7663521182273951,0.9629629629629629,3.0,0.2692307692307692,3.0,0.0,0.0
1000430,1.723985153161589,1.069767441860465,7.0,0.3695652173913043,7.0,4.0,0.0
1000431,1.1937785947143043,0.9824561403508771,4.0,0.375,4.0,3.0,0.0
1000432,1.6914343362809572,1.0,6.0,0.6,5.0,1.0,0.0
1000433,1.6662079224498416,0.984375,6.0,0.20634920634920634,6.0,3.0,0.0
1000434,0.34883209584303193,1.0,2.0,0.0,2.0,0.0,0.0
1000435,0.2868359830561607,1.0,2.0,0.4166666666666667,1.0,2.0,0.0
1000436,1.7280062541045895,1.1176470588235294,8.0,0.19078947368421054,8.0,5.0,0.0
1000437,0.5341593666871499,0.9142857142857143,2.0,0.0,1.0,1.0,0.0
1000438,0.48691270946460224,0.9545454545454546,2.0,0.42857142857142855,2.0,0.0,0.0
1000439,0.9434632692411776,1.0,4.0,0.9655172413793104,4.0,2.0,0.0
1000440,0.0,1.0,1.0,0.0,1.0,1.0,0.0
1000441,0.8544149816001841,1.0,3.0,0.05555555555555555,3.0,0.0,0.0
1000442,1.3529067540026487,1.0,4.0,0.25806451612903225,4.0,4.0,0.0
1000443,1.9061547465398496,1.1428571428571428,7.0,0.25,4.0,4.0,0.0
1000444,1.4053826347099465,1.0545454545454545,6.0,0.5517241379310345,6.0,0.0,0.0
1000445,1.5229550675313182,1.0588235294117647,6.0,0.5,6.0,0.0,0.0
1000446,1.651059147004751,1.0263157894736843,6.0,0.6666666666666666,6.0,4.0,0.0
1000447,0.9075352941050092,1.1,3.0,0.2727272727272727,3.0,0.0,0.0
1000448,1.3306301615739835,1.0,5.0,0.6417910447761194,5.0,2.0,0.0
1000449,1.226857081561163,1.0,6.0,0.5727272727272728,6.0,3.0,0.0
1000450,1.705546397661846,1.0,7.0,0.25,6.0,2.0,0.0
1000451,0.0,1.0,1.0,0.0,1.0,0.0,0.0
1000452,1.1569876443452742,1.0833333333333333,4.0,0.23076923076923078,4.0,0.0,0.0
1000453,1.077022248637498,0.9696969696969697,5.0,0.28125,5.0,0.0,0.0
1000454,0.2711893730418441,1.0,2.0,0.5128205128205128,2.0,0.0,0.0
1000455,1.3163409293692792,0.978021978021978,6.0,0.0,3.0,3.0,0.0
1000456,1.6326309271543518,0.1935483870967742,6.0,0.16666666666666666,4.0,1.0,0.0
1000457,0.0,0.0,0.0,0.0,0.0,0.0,0.0
1000458,0.0,0.0,0.0,0.0,0.0,0.0,0.0
1000459,0.0,0.0,0.0,0.0,0.0,0.0,0.0
1000460,0.0,0.0,0.0,0.0,0.0,0.0,0.0
1000461,0.0,0.0,0.0,0.0,0.0,0.0,0.0
1000462,0.0,0.0,0.0,0.0,0.0,0.0,0.0
1000463,0.0,0.0,0.0,0.0,0.0,0.0,0.0
1000464,0.0,0.0,0.0,0.0,0.0,0.0,0.0
1000465,0.0,0.0,0.0,0.0,0.0,0.0,0.0
1000466,0.0,0.0,0.0,0.0,0.0,0.0,0.0
1000467,0.0,0.0,0.0,0.0,0.0,0.0,0.0
1000468,0.0,0.0,0.0,0.0,0.0,0.0,0.0
1000469,0.0,0.0,0.0,0.0,0.0,0.0,0.0
1000470,0.0,0.0,0.0,0.0,0.0,0.0,0.0
1000472,0.7511367593664569,0.9688888888888889,5.0,0.0963302752293578,4.0,4.0,0.0
1000474,0.7909064339687069,1.025,3.0,0.04878048780487805,2.0,2.0,0.0
1000475,0.9376369622724492,1.0526315789473684,3.0,0.1,3.0,2.0,0.0
1000477,1.421382427059341,1.0066225165562914,6.0,0.18421052631578946,2.0,6.0,0.0
1000478,0.11690684913753106,1.0,2.0,0.0,1.0,0.0,0.0
1000479,1.0271753091827658,1.0357142857142858,3.0,0.27586206896551724,3.0,0.0,0.0
1000480,1.5047882836811908,1.1111111111111112,5.0,0.2,5.0,1.0,0.0
1000481,1.0888999753452238,1.4285714285714286,3.0,0.1,3.0,0.0,0.0
1000482,1.3345731800223335,1.0333333333333334,7.0,0.16129032258064516,7.0,0.0,0.0
1000483,1.5641315026219946,1.25,5.0,0.6,4.0,4.0,0.0
1000485,0.0,1.0714285714285714,1.0,1.0,1.0,0.0,0.0
1000486,0.666278442414676,1.0833333333333333,2.0,1.0,2.0,0.0,0.0
1000487,1.7147876712878574,1.0303030303030303,8.0,0.14705882352941177,8.0,0.0,0.0
1000488,1.5890266900450238,1.1538461538461537,7.0,0.3111111111111111,5.0,7.0,0.0
1000489,0.20619205063323187,1.0555555555555556,2.0,0.9473684210526315,1.0,0.0,0.0
1000490,1.297295830625819,0.9375,6.0,0.2,1.0,6.0,0.0
1000491,0.34883209584303193,1.125,2.0,1.0,1.0,0.0,0.0
1000492,0.939162166431021,1.0735294117647058,6.0,0.0547945205479452,5.0,0.0,0.0
1000493,1.0356562283910726,1.0064935064935066,9.0,0.25806451612903225,5.0,5.0,0.0
1000494,1.6651462587730719,1.2555555555555555,8.0,0.30973451327433627,3.0,8.0,0.0
1000495,1.7331533475042005,1.1729323308270676,8.0,0.3333333333333333,8.0,6.0,0.0
1000496,1.4440590629830887,1.0333333333333334,7.0,0.3548387096774194,7.0,0.0,0.0
1000497,1.6927554389241657,1.0158730158730158,7.0,0.453125,7.0,4.0,0.0
1000499,1.4425679739922903,1.0128205128205128,5.0,0.21518987341772153,5.0,2.0,0.0
1000500,1.3386375842746667,1.0113636363636365,6.0,0.23595505617977527,6.0,4.0,0.0
1000501,1.3609080920815781,1.0287769784172662,7.0,0.17249417249417248,7.0,2.0,0.0
1000502,1.4282699803707317,1.0357142857142858,6.0,0.4482758620689655,4.0,3.0,0.0
1000503,1.090725440091666,1.2285714285714286,7.0,0.627906976744186,6.0,5.0,0.0
1000504,1.7271439348921804,0.9911504424778761,9.0,0.6473214285714286,5.0,9.0,0.0
1000505,1.3271344373074463,1.0083333333333333,5.0,0.0743801652892562,4.0,5.0,0.0
1000506,1.7988208840670987,1.0,11.0,0.16167664670658682,8.0,7.0,0.0
1000507,1.6282501106226717,1.0833333333333333,8.0,0.35664335664335667,8.0,7.0,0.0
1000508,1.7461343881575173,1.1101694915254237,8.0,0.31679389312977096,8.0,6.0,0.0
1000509,1.1012737811208744,1.043360433604336,5.0,0.612987012987013,4.0,5.0,0.0
1000510,1.3498012513538924,1.0158730158730158,5.0,0.34375,5.0,0.0,0.0
1000511,1.3785359049498405,0.9883720930232558,5.0,0.4,5.0,0.0,0.0
1000512,1.5165423418137582,1.0072992700729928,6.0,0.3115942028985507,5.0,5.0,0.0
1000513,1.7262681793885937,1.0176991150442478,7.0,0.2,7.0,5.0,0.0
1000514,1.649242408530674,1.0,10.0,0.24550898203592814,9.0,8.0,0.0
1000515,2.080088007429609,1.0,10.0,0.31645569620253167,10.0,10.0,0.0
1000516,1.7908724645344523,1.02,10.0,0.17647058823529413,8.0,7.0,0.0
1000517,1.5247073930301434,1.0833333333333333,5.0,0.15384615384615385,5.0,4.0,0.0
1000518,2.1523070117649854,1.2804878048780488,16.0,0.44761904761904764,15.0,9.0,0.0
1000519,2.260258428937233,1.0052631578947369,13.0,0.41361256544502617,13.0,8.0,0.0
1000520,2.2413013896830565,1.0106382978723405,12.0,0.5263157894736842,11.0,9.0,0.0
1000521,1.5105212001709305,1.0,6.0,0.34615384615384615,5.0,5.0,0.0
1000522,2.040222320448374,1.0,9.0,0.2736842105263158,9.0,0.0,0.0
1000523,0.3344405528363662,1.0612244897959184,5.0,0.4567307692307692,4.0,1.0,0.0
1000524,1.8902636466793914,1.0426829268292683,15.0,0.1871345029239766,11.0,13.0,0.0
1000525,1.2530462261125412,1.0,4.0,0.29411764705882354,4.0,0.0,0.0
1000526,2.0593471470307874,1.1380597014925373,18.0,0.3377049180327869,8.0,18.0,0.0
1000527,1.7221770740072169,1.0118343195266273,10.0,0.3742690058479532,1.0,9.0,0.0
1000528,1.557739322880507,1.0168067226890756,8.0,0.35537190082644626,8.0,4.0,0.0
1000529,1.2438507024142775,1.0161290322580645,4.0,0.031746031746031744,4.0,0.0,0.0
1000530,2.330997077474286,1.8153846153846154,17.0,0.2711864406779661,16.0,0.0,0.0
1000531,1.4184836619456564,1.1111111111111112,5.0,0.3,5.0,0.0,0.0
1000532,1.294545165844896,1.1,5.0,0.0,4.0,0.0,0.0
1000533,1.2877431441902252,1.0172413793103448,5.0,0.01694915254237288,4.0,2.0,0.0
1000534,0.5297061990576545,1.0125,2.0,0.2222222222222222,2.0,0.0,0.0
1000535,1.9439903027667327,1.0434782608695652,8.0,0.16666666666666666,8.0,0.0,0.0
1000536,1.3136752584720648,1.0851063829787233,6.0,0.3137254901960784,6.0,4.0,0.0
1000537,0.8378972277814775,0.9583333333333334,3.0,0.9130434782608695,2.0,0.0,0.0
1000538,1.2382645982392213,0.9866666666666667,6.0,0.8513513513513513,6.0,0.0,0.0
1000539,2.2334526143566036,1.0051546391752577,15.0,0.2153846153846154,15.0,2.0,0.0
1000540,1.5828401025770138,1.0,6.0,0.0,4.0,3.0,0.0
1000541,2.284098773048244,1.0450733752620545,16.0,0.283851554663992,15.0,6.0,0.0
1000542,1.7958811915241015,1.007462686567164,8.0,0.2814814814814815,8.0,1.0,0.0
1000543,2.283161880995668,1.0486111111111112,14.0,0.2251655629139073,12.0,5.0,0.0
1000544,0.8330268247252308,1.010204081632653,4.0,0.18181818181818182,3.0,0.0,0.0
1000545,2.0152847823069213,1.0,14.0,0.16494845360824742,11.0,9.0,0.0
1000546,2.010877798132855,1.0335570469798658,12.0,0.4675324675324675,4.0,8.0,0.0
1000547,1.7301036616889158,1.0,10.0,0.7510729613733905,6.0,7.0,0.0
1000548,0.5432727813369008,1.0344827586206897,2.0,0.0,2.0,1.0,0.0
1000549,1.3960771757224772,1.0140845070422535,6.0,0.3333333333333333,4.0,5.0,0.0
1000550,0.9002560512685369,1.1428571428571428,3.0,0.5,3.0,0.0,0.0
1000551,1.2355250726324687,0.9,6.0,0.18518518518518517,6.0,0.0,0.0
1000552,1.9703994486048055,1.0232558139534884,13.0,0.17045454545454544,5.0,10.0,0.0
1000553,1.9779474211630586,1.3461538461538463,9.0,0.37142857142857144,9.0,2.0,0.0
1000554,0.7515610253905496,1.0263157894736843,6.0,0.08974358974358974,5.0,3.0,0.0
1000555,1.2964433256694492,1.0138888888888888,4.0,0.7534246575342466,4.0,0.0,0.0
1000556,1.4947561153005566,1.0294117647058822,5.0,0.5142857142857142,5.0,0.0,0.0
1000558,0.0,1.0666666666666667,1.0,0.0,1.0,0.0,0.0
1000559,1.7908268221434056,1.1666666666666667,7.0,0.39285714285714285,7.0,3.0,0.0
1000560,1.935168745604885,1.4,8.0,0.42857142857142855,8.0,1.0,0.0
1000561,1.1673871969099057,1.0526315789473684,4.0,0.05,3.0,0.0,0.0
1000562,1.017227665393732,1.0357142857142858,4.0,0.10344827586206896,2.0,3.0,0.0
1000563,1.709273831413845,1.0975609756097562,6.0,0.3333333333333333,6.0,0.0,0.0
1000564,1.8855312217342017,0.9836065573770492,10.0,0.15555555555555556,9.0,8.0,0.0
1000565,1.2637693196916657,1.002724795640327,8.0,0.09510869565217392,2.0,7.0,0.0
1000566,1.7340124845145581,1.125,8.0,0.19444444444444445,8.0,3.0,0.0
1000567,0.7798485393791095,1.0972762645914398,4.0,0.31560283687943264,3.0,3.0,0.0
1000569,0.9437489523059353,1.0416666666666667,3.0,0.04,3.0,1.0,0.0
1000570,1.4309534297400608,1.008,9.0,0.30158730158730157,7.0,6.0,0.0
1000571,1.4163360728569312,1.3272727272727274,6.0,0.2602739726027397,5.0,1.0,0.0
1000572,0.6931471805599453,1.0909090909090908,2.0,0.0,2.0,0.0,0.0
1000573,1.1803040716263606,1.0256410256410255,4.0,0.3,3.0,4.0,0.0
1000574,1.2904730312794157,0.975609756097561,4.0,0.3125,4.0,4.0,0.0
1000575,1.2114357755352665,1.0,5.0,0.015151515151515152,3.0,4.0,0.0
1000576,1.3130038808129552,1.0,4.0,0.08139534883720931,4.0,4.0,0.0
1000577,0.2711893730418441,1.1470588235294117,2.0,0.6410256410256411,2.0,1.0,0.0
1000578,0.639031859650177,1.1111111111111112,3.0,0.3,1.0,0.0,0.0
1000579,0.6837389058487535,1.2857142857142858,3.0,0.3333333333333333,1.0,0.0,0.0
1000580,0.6108643020548935,1.0344827586206897,2.0,0.7,1.0,1.0,0.0
1000581,0.732190820949106,1.03125,4.0,0.09090909090909091,4.0,0.0,0.0
1000582,1.0977878444695828,1.0294117647058822,3.0,0.0,3.0,0.0,0.0
1000583,0.8155201205362663,1.0,3.0,0.6808510638297872,2.0,1.0,0.0
1000584,1.4734717416198204,1.037037037037037,6.0,0.35714285714285715,6.0,2.0,0.0
1000585,0.783449138790285,1.0303030303030303,3.0,0.08823529411764706,2.0,2.0,0.0
1000586,1.1229394190318138,1.0055555555555555,5.0,0.1712707182320442,5.0,4.0,0.0
1000587,1.1348757039547408,1.024390243902439,4.0,0.023809523809523808,4.0,1.0,0.0
1000588,0.6211058783807102,1.0052910052910053,4.0,0.6157894736842106,4.0,0.0,0.0
1000589,1.5446736886205694,1.0204081632653061,6.0,0.12,6.0,3.0,0.0
1000590,1.5598632602939853,1.1866666666666668,6.0,0.550561797752809,6.0,3.0,0.0
1000591,1.9254225561426401,0.9891304347826086,12.0,0.32967032967032966,10.0,8.0,0.0
1000592,0.7051167626590047,1.0196078431372548,3.0,0.019230769230769232,1.0,2.0,0.0
1000593,1.121976616799469,0.89,5.0,0.033707865168539325,5.0,0.0,0.0
1000595,0.6730116670092565,1.0714285714285714,2.0,0.0,2.0,2.0,0.0
1000597,0.24980457569348868,1.011111111111111,3.0,0.04395604395604396,3.0,3.0,0.0
1000598,0.5147286497740517,1.0056818181818181,3.0,0.03954802259887006,2.0,2.0,0.0
1000599,0.7553018556610521,1.0208333333333333,3.0,0.0,2.0,2.0,0.0
1000600,0.2337916587064593,1.0666666666666667,2.0,0.125,2.0,1.0,0.0
1000601,0.3389254348839412,1.0,3.0,0.19148936170212766,2.0,3.0,0.0
1000602,0.2337916587064593,1.0666666666666667,2.0,0.0,2.0,1.0,0.0
1000603,1.2599162755659106,1.0020408163265306,10.0,0.14052953156822812,3.0,9.0,0.0
1000604,1.4727334560959355,1.0042194092827004,7.0,0.14705882352941177,6.0,1.0,0.0
1000605,1.6753371336803575,1.0,9.0,0.29107981220657275,9.0,2.0,0.0
1000606,0.6901856760188042,1.04,2.0,0.23076923076923078,2.0,2.0,0.0
1000607,1.9482992695938934,0.9770114942528736,13.0,0.18235294117647058,11.0,10.0,0.0
1000608,0.6710806543560228,0.9772727272727273,2.0,0.13953488372093023,2.0,2.0,0.0
1000609,1.0229880634489494,1.0076335877862594,4.0,0.12121212121212122,3.0,4.0,0.0
1000610,1.4345618898877843,1.0,8.0,0.2958579881656805,7.0,6.0,0.0
1000611,1.4821001741243094,0.9515151515151515,7.0,0.12101910828025478,5.0,6.0,0.0
1000612,1.2594891721161494,1.010498687664042,6.0,0.07012987012987013,5.0,6.0,0.0
1000613,1.6072154543424215,1.0108695652173914,8.0,0.6881720430107527,4.0,6.0,0.0
1000614,1.424709861846904,1.0,8.0,0.1850828729281768,6.0,7.0,0.0
1000615,1.0211350467282188,0.9655172413793104,4.0,0.07142857142857142,4.0,2.0,0.0
1000616,1.4239500158931373,1.032258064516129,7.0,0.25,6.0,4.0,0.0
1000617,2.019985202303185,0.9468085106382979,8.0,0.011235955056179775,8.0,1.0,0.0
1000618,2.20563393368667,0.9548872180451128,13.0,0.2047244094488189,11.0,9.0,0.0
1000619,1.3940299028041991,1.008,7.0,0.1984126984126984,4.0,5.0,0.0
1000620,1.0337005498525014,1.0666666666666667,4.0,0.3125,1.0,3.0,0.0
1000621,0.18490739916777568,1.0476190476190477,2.0,0.045454545454545456,1.0,1.0,0.0
1000622,1.5985999939595668,1.0040485829959513,6.0,0.0967741935483871,5.0,6.0,0.0
1000623,1.1100173698116405,1.0,5.0,0.024844720496894408,4.0,3.0,0.0
1000624,1.3324430468076143,1.004,6.0,0.07569721115537849,3.0,5.0,0.0
1000625,1.9059682269576235,1.0277777777777777,8.0,0.10810810810810811,8.0,0.0,0.0
1000626,1.549826045878202,1.75,5.0,0.2857142857142857,4.0,0.0,0.0
1000627,0.6869615765973234,1.125,2.0,0.0,2.0,0.0,0.0
1000628,1.906360037398351,1.03125,10.0,0.2727272727272727,8.0,4.0,0.0
1000629,1.8991920757989158,1.0259067357512954,13.0,0.25757575757575757,12.0,8.0,0.0
1000630,0.410116318288409,1.0769230769230769,2.0,0.0,2.0,1.0,0.0
1000631,1.4941751382893085,1.3333333333333333,5.0,0.0,3.0,2.0,0.0
1000632,0.9556998911125343,1.1666666666666667,3.0,0.0,3.0,0.0,0.0
1000633,1.9229662524515738,1.6,12.0,0.375,11.0,5.0,0.0
1000634,1.1744076217153632,1.0080213903743316,7.0,0.08753315649867374,7.0,6.0,0.0
1000635,1.8556975321824856,1.2698412698412698,13.0,0.175,13.0,5.0,0.0
1000636,0.7902195307190024,1.0333333333333334,3.0,0.0,3.0,0.0,0.0
1000637,1.730958617690538,1.7820512820512822,11.0,0.539568345323741,10.0,7.0,0.0
1000638,1.7891802578518519,1.05,6.0,0.031746031746031744,1.0,5.0,0.0
1000639,0.0,1.1,1.0,0.0,1.0,0.0,0.0
1000640,0.0,1.1111111111111112,1.0,1.0,1.0,0.0,0.0
1000641,0.45056120886630463,1.2,2.0,0.0,1.0,0.0,0.0
1000642,1.376055285260417,1.0769230769230769,5.0,0.42857142857142855,4.0,3.0,0.0
1000643,0.6829081047004717,1.1666666666666667,2.0,0.0,1.0,1.0,0.0
1000644,0.5004024235381879,1.25,2.0,0.4,2.0,1.0,0.0
1000645,1.5454229031935935,1.0909090909090908,5.0,0.0,3.0,3.0,0.0
1000646,0.6060252027357298,1.0416666666666667,4.0,0.12,2.0,2.0,0.0
1000647,1.5033844456645045,1.027027027027027,8.0,0.25,7.0,8.0,0.0
1000648,1.7396777669893124,1.0046296296296295,8.0,0.2119815668202765,8.0,1.0,0.0
1000649,2.1486609557384786,1.125,11.0,0.2777777777777778,10.0,0.0,0.0
1000650,1.9417539445492975,1.005050505050505,13.0,0.22613065326633167,13.0,3.0,0.0
1000651,1.094767752726974,1.0454545454545454,4.0,0.21739130434782608,4.0,0.0,0.0
1000652,1.2654130965141723,1.0714285714285714,4.0,0.4,3.0,0.0,0.0
1000653,1.2770342594661392,1.1666666666666667,4.0,0.14285714285714285,4.0,0.0,0.0
1000654,1.8327342637963906,1.0175438596491229,9.0,0.27586206896551724,9.0,2.0,0.0
1000655,1.6397063574156068,1.0344827586206897,7.0,0.43333333333333335,7.0,0.0,0.0
1000656,1.577665261211952,1.0285714285714285,8.0,0.5,8.0,0.0,0.0
1000657,1.310783678099714,1.125,4.0,0.8888888888888888,4.0,0.0,0.0
1000658,1.3521676149710649,1.025735294117647,7.0,0.48028673835125446,7.0,7.0,0.0
1000659,2.1661239276869595,1.0,13.0,0.08928571428571429,12.0,2.0,0.0
1000660,1.3321790402101223,1.25,4.0,0.6,3.0,0.0,0.0
1000661,1.0735428464085233,1.6,4.0,0.125,4.0,0.0,0.0
