khipu_id,hierarchy_depth,branching_factor,cord_count,summation_match_rate,has_summation,numeric_coverage,avg_numeric_value,node_density,leaf_ratio,has_aggregation,structural_complexity
1000000,2,3.0,19,0.0,0,0.5263157894736842,34.8,0.0526315789473684,0.65,0,3.25
1000001,1,6.0,7,0.0,0,0.8571428571428571,96.33333333333331,0.1428571428571428,0.75,0,0.8571428571428571
1000002,2,4.285714285714286,31,0.0,0,0.9032258064516128,948.75,0.032258064516129,0.75,0,4.54054054054054
1000003,2,4.75,39,0.0,0,0.8205128205128205,726.15625,0.0256410256410256,0.775,0,5.391304347826087
1000004,2,10.352941176470589,177,0.0,0,0.8926553672316384,34.74050632911393,0.0056497175141242,0.898876404494382,0,14.005181347150259
1000005,2,4.428571428571429,63,0.0,0,0.6349206349206349,68.825,0.0158730158730158,0.765625,0,9.026315789473683
1000006,3,2.4242424242424243,81,0.0,0,0.4691358024691358,3.3684210526315788,0.0123456790123456,0.5853658536585366,1,13.141592920353983
1000007,3,3.2358490566037736,344,0.0240963855421686,0,0.8313953488372093,792.1398601398602,0.002906976744186,0.6898550724637681,1,41.550111358574604
1000008,3,4.538461538461538,60,0.0,0,0.8666666666666667,18.01923076923077,0.0166666666666666,0.7704918032786885,1,4.333333333333333
1000009,3,2.423076923076923,127,0.0303030303030303,0,0.7716535433070866,32.61224489795919,0.0078740157480314,0.5859375,1,14.606741573033709
1000010,3,8.8,89,0.0,0,0.8539325842696629,371.42105263157896,0.0112359550561797,0.8777777777777778,1,6.632653061224489
1000011,2,2.933333333333333,45,0.0909090909090909,0,0.7111111111111111,38.125,0.0222222222222222,0.6521739130434783,0,5.8474576271186445
1000012,3,3.135135135135135,117,0.0,0,0.9316239316239316,364.9266055045872,0.0085470085470085,0.6779661016949152,1,17.41176470588235
1000013,1,30.0,31,0.0,0,0.2580645161290322,7.0,0.032258064516129,0.9375,0,0.967741935483871
1000014,1,37.0,38,0.0,0,0.3157894736842105,18.5,0.0263157894736842,0.9487179487179487,0,0.9736842105263158
1000015,2,10.666666666666666,33,0.0,0,0.6666666666666666,52.72727272727273,0.0303030303030303,0.8823529411764706,0,2.5714285714285716
1000017,2,3.9,40,0.0,0,0.825,27.272727272727277,0.025,0.7317073170731707,0,6.122448979591836
1000018,3,2.6467065868263475,443,0.0566037735849056,0,0.7404063205417607,19.85060975609756,0.0022573363431151,0.6216216216216216,1,60.87684729064039
1000019,2,13.666666666666666,165,0.5714285714285714,1,0.6060606060606061,11.51,0.006060606060606,0.9216867469879518,0,10.15909090909091
1000020,5,3.6445497630331753,771,0.3039215686274509,0,0.6134889753566797,4.879492600422833,0.001295332423737,0.7253886010362695,1,60.50102040816326
1000021,2,4.88,123,0.6521739130434783,1,0.8373983739837398,28.475728155339805,0.008130081300813,0.7903225806451613,0,16.496598639455783
1000022,2,8.1,163,0.75,1,0.8404907975460123,10.248175182481752,0.0061349693251533,0.8719512195121951,0,14.945054945054945
1000023,3,7.15,573,0.125,0,0.5549738219895288,301.4496855345912,0.0017452006980802,0.8588850174216028,1,49.938650306748464
1000024,3,6.741176470588235,574,0.125,0,0.7386759581881533,43.028301886792455,0.0017421602787456,0.8504347826086956,1,62.264437689969604
1000025,3,8.323809523809524,875,0.1639344262295081,0,0.6297142857142857,13.421052631578949,0.0011428571428571,0.8789954337899544,1,61.241062308478035
1000026,2,2.0,19,0.0,0,0.8947368421052632,41.294117647058826,0.0526315789473684,0.5,0,3.3333333333333335
1000027,2,2.2222222222222223,21,0.0,0,0.4285714285714285,4.444444444444445,0.0476190476190476,0.5454545454545454,0,3.7241379310344827
1000028,2,3.0,22,0.25,0,0.6363636363636364,4.357142857142857,0.0454545454545454,0.6521739130434783,0,2.5
1000029,3,7.4411764705882355,254,0.0833333333333333,0,0.6377952755905512,32.82716049382716,0.0039370078740157,0.8627450980392157,1,24.99651567944251
1000030,2,2.5454545454545454,29,0.0,0,0.7931034482758621,36.04347826086956,0.0344827586206896,0.6,0,4.794871794871795
1000031,1,14.0,15,0.0,0,0.8,43.16666666666666,0.0666666666666666,0.875,0,0.9333333333333333
1000032,2,3.25,144,0.0,0,0.9097222222222222,439.0763358778626,0.0069444444444444,0.6896551724137931,0,13.176470588235293
1000033,2,3.5789473684210527,69,0.1666666666666666,0,0.6666666666666666,20.869565217391305,0.0144927536231884,0.7142857142857143,0,10.919540229885056
1000034,2,3.125,101,0.0666666666666666,0,0.9702970297029704,26.040816326530614,0.0099009900990099,0.6764705882352942,0,16.484848484848484
1000035,2,1.894736842105263,37,0.1666666666666666,0,0.7837837837837838,34.27586206896552,0.027027027027027,0.47368421052631576,0,6.218181818181819
1000036,1,20.0,21,0.0,0,0.9523809523809524,18.3,0.0476190476190476,0.9090909090909091,0,0.9523809523809523
1000037,2,6.166666666666667,38,0.0,0,0.9210526315789472,13.82857142857143,0.0263157894736842,0.8205128205128205,0,3.9069767441860463
1000038,2,1.6666666666666667,6,0.0,0,0.6666666666666666,6.75,0.1666666666666666,0.42857142857142855,0,1.1249999999999998
1000039,1,64.0,65,0.0,0,0.7230769230769231,11.595744680851064,0.0153846153846153,0.9696969696969697,0,0.9846153846153847
1000040,2,7.769230769230769,102,0.0833333333333333,0,0.5588235294117647,31.68421052631579,0.0098039215686274,0.8640776699029126,0,9.12280701754386
1000041,1,48.0,49,0.0,0,0.979591836734694,334.1458333333333,0.0204081632653061,0.96,0,0.9795918367346939
1000042,2,9.125,74,0.0,0,0.9324324324324323,38.82608695652174,0.0135135135135135,0.88,0,6.518518518518518
1000043,2,2.1,22,0.0,0,0.9545454545454546,100.0,0.0454545454545454,0.5217391304347826,0,2.903225806451613
1000044,2,2.1538461538461537,29,0.0,0,0.9655172413793104,47.85714285714285,0.0344827586206896,0.5333333333333333,0,5.073170731707317
1000045,2,8.486486486486486,315,0.0625,0,0.6571428571428571,50.38647342995169,0.0031746031746031,0.879746835443038,0,28.039886039886042
1000046,2,10.0,21,0.0,0,0.9523809523809524,36.35,0.0476190476190476,0.8636363636363636,0,1.6363636363636365
1000047,2,2.4482758620689653,72,0.0,0,0.9444444444444444,296.5735294117647,0.0138888888888888,0.589041095890411,0,12.47
1000048,1,21.0,22,0.0,0,0.9545454545454546,9828.142857142857,0.0454545454545454,0.9130434782608695,0,0.9545454545454546
1000049,2,2.2,23,0.0,0,0.8695652173913043,33.2,0.0434782608695652,0.5416666666666666,0,3.75
1000050,2,9.0,55,0.0,0,0.7818181818181819,250.62790697674416,0.0181818181818181,0.875,0,4.9
1000051,1,29.0,30,0.0,0,0.8666666666666667,109.84615384615384,0.0333333333333333,0.9354838709677419,0,0.9666666666666667
1000052,3,5.25,43,0.1428571428571428,0,0.7209302325581395,9.741935483870968,0.0232558139534883,0.7954545454545454,1,5.44
1000053,1,287.0,288,0.0,0,0.7881944444444444,125.69162995594714,0.0034722222222222,0.9930795847750865,0,0.9965277777777778
1000054,1,20.0,21,0.0,0,0.9047619047619048,48.0,0.0476190476190476,0.9090909090909091,0,0.9523809523809523
1000055,2,2.2,12,0.0,0,0.9166666666666666,100.45454545454544,0.0833333333333333,0.5384615384615384,0,2.1875
1000056,1,42.0,43,0.0,0,0.0232558139534883,10.0,0.0232558139534883,0.9545454545454546,0,0.9767441860465116
1000057,1,163.0,164,0.0,0,0.676829268292683,82.98198198198199,0.0060975609756097,0.9878787878787879,0,0.9939024390243902
1000058,2,3.117647058823529,54,0.0,0,0.9629629629629628,32.51923076923077,0.0185185185185185,0.6727272727272727,0,8.5
1000059,2,5.0,16,0.0,0,0.9375,46.0,0.0625,0.7647058823529411,0,2.1666666666666665
1000060,3,1.9285714285714288,28,0.0833333333333333,0,0.9285714285714286,21.192307692307693,0.0357142857142857,0.4827586206896552,1,4.439024390243902
1000061,3,2.333333333333333,8,0.0,0,0.625,56.0,0.125,0.5555555555555556,1,1.2000000000000002
1000062,3,2.333333333333333,8,0.0,0,0.75,49.333333333333336,0.125,0.5555555555555556,1,1.2000000000000002
1000063,2,18.789473684210527,358,0.0588235294117647,0,0.4888268156424581,63.48,0.0027932960893854,0.9442896935933147,0,17.13031914893617
1000064,1,23.0,24,0.0,0,0.7916666666666666,22.157894736842103,0.0416666666666666,0.92,0,0.9583333333333334
1000065,1,101.0,102,0.0,0,0.0,0.0,0.0098039215686274,0.9805825242718447,0,0.9901960784313726
1000066,1,7.0,8,0.0,0,0.75,49.0,0.125,0.7777777777777778,0,0.875
1000067,2,6.5,14,0.0,0,0.9285714285714286,56.38461538461539,0.0714285714285714,0.8,0,1.3333333333333333
1000068,1,8.0,9,0.0,0,0.7777777777777778,8.571428571428571,0.1111111111111111,0.8,0,0.8888888888888888
1000069,2,3.0,7,0.0,0,0.8571428571428571,54.833333333333336,0.1428571428571428,0.625,0,1.25
1000070,2,3.6666666666666665,12,0.0,0,0.9166666666666666,1209.8181818181818,0.0833333333333333,0.6923076923076923,0,1.9285714285714288
1000071,1,55.0,56,0.0,0,0.75,315.1666666666667,0.0178571428571428,0.9649122807017544,0,0.9821428571428571
1000072,1,13.0,14,0.0,0,0.8571428571428571,64.5,0.0714285714285714,0.8666666666666667,0,0.9285714285714286
1000073,1,11.0,12,0.0,0,0.9166666666666666,450.09090909090907,0.0833333333333333,0.8461538461538461,0,0.9166666666666666
1000074,2,10.0,21,0.0,0,0.7619047619047619,3528.875,0.0476190476190476,0.8636363636363636,0,1.3636363636363635
1000075,2,2.2,12,0.0,0,0.75,11785.888888888889,0.0833333333333333,0.5384615384615384,0,2.1875
1000076,2,7.2,37,0.0,0,0.972972972972973,8147.611111111111,0.027027027027027,0.8421052631578947,0,3.9024390243902443
1000077,2,140.5,282,0.0,0,0.0744680851063829,19.61904761904762,0.0035460992907801,0.9893992932862191,0,1.9787985865724382
1000078,2,4.5,10,0.0,0,0.9,107.88888888888889,0.1,0.7272727272727273,0,1.4545454545454546
1000079,2,4.086956521739131,95,0.125,0,0.7368421052631579,239.9857142857143,0.0105263157894736,0.75,0,13.76068376068376
1000080,1,35.0,36,0.0,0,0.8333333333333334,57.333333333333336,0.0277777777777777,0.9459459459459459,0,0.9722222222222222
1000081,2,5.6,29,0.0,0,0.9655172413793104,728.25,0.0344827586206896,0.8,0,3.484848484848485
1000082,1,16.0,17,0.0,0,0.8823529411764706,3233.333333333333,0.0588235294117647,0.8888888888888888,0,0.9411764705882353
1000083,3,3.738095238095238,158,0.0857142857142857,0,0.8607594936708861,27.044117647058822,0.0063291139240506,0.7295597484276729,1,21.949748743718594
1000084,1,6.0,7,0.0,0,0.7142857142857143,83.6,0.1428571428571428,0.75,0,0.8571428571428571
1000085,2,13.761904761904765,290,0.0,0,0.4827586206896552,94.57857142857142,0.0034482758620689,0.9243986254295533,0,18.222580645161287
1000086,1,14.0,15,0.0,0,0.9333333333333332,1939.642857142857,0.0666666666666666,0.875,0,0.9333333333333333
1000087,2,2.1538461538461537,29,0.5833333333333334,1,0.896551724137931,14.076923076923077,0.0344827586206896,0.5333333333333333,0,5.073170731707317
1000088,1,195.0,196,0.0,0,0.0,0.0,0.0051020408163265,0.9898477157360406,0,0.9948979591836735
1000089,2,2.0211267605633805,288,0.0263157894736842,0,0.7118055555555556,70.22926829268293,0.0034722222222222,0.5051903114186851,0,48.32634032634032
1000090,2,5.0,16,0.0,0,0.625,38.4,0.0625,0.7647058823529411,0,1.8333333333333333
1000091,2,16.333333333333332,50,0.0,0,0.74,74.89189189189189,0.02,0.9215686274509803,0,2.7115384615384617
1000092,1,13.0,14,0.0,0,0.5714285714285714,53.125,0.0714285714285714,0.8666666666666667,0,0.9285714285714286
1000093,2,11.5,24,1.0,1,0.875,112.38095238095238,0.0416666666666666,0.88,0,1.76
1000094,3,3.313953488372093,286,0.0,0,0.902097902097902,38.201550387596896,0.0034965034965034,0.6968641114982579,1,41.956873315363886
1000096,3,13.268115942028986,1832,0.0363636363636363,0,0.2177947598253275,43.54887218045113,0.0005458515283842,0.9241680305510093,1,115.64245810055866
1000097,3,3.954545454545455,88,0.0,0,0.8068181818181818,68.49295774647888,0.0113636363636363,0.7415730337078652,1,10.899082568807339
1000098,2,4.454545454545454,50,0.0,0,0.46,19.43478260869565,0.02,0.7647058823529411,0,6.050000000000001
1000099,1,43.0,44,0.0,0,0.8181818181818182,20.13888888888889,0.0227272727272727,0.9555555555555556,0,0.9772727272727273
1000100,1,25.0,26,0.0,0,0.8076923076923077,67.80952380952381,0.0384615384615384,0.9259259259259259,0,0.9615384615384616
1000101,2,7.0,29,0.0,0,0.896551724137931,66.23076923076923,0.0344827586206896,0.8333333333333334,0,2.75
1000103,2,4.7043478260869565,542,0.5357142857142857,1,0.4391143911439114,2.5588235294117645,0.0018450184501845,0.7863720073664825,0,72.7515243902439
1000105,1,12.0,13,0.0,0,0.3076923076923077,29.25,0.0769230769230769,0.8571428571428571,0,0.9230769230769231
1000106,1,18.0,19,0.0,0,0.9473684210526316,23.5,0.0526315789473684,0.9,0,0.9473684210526315
1000107,1,15.0,16,0.0,0,0.875,3.142857142857143,0.0625,0.8823529411764706,0,0.9375
1000108,1,25.0,26,0.0,0,0.8846153846153846,17.565217391304348,0.0384615384615384,0.9259259259259259,0,0.9615384615384616
1000109,3,2.5,11,0.0,0,0.7272727272727273,24.125,0.0909090909090909,0.5833333333333334,1,1.1428571428571428
1000110,1,21.0,22,0.0,0,0.8636363636363636,25.789473684210527,0.0454545454545454,0.9130434782608695,0,0.9545454545454546
1000111,2,5.5,12,0.0,0,0.4166666666666667,37.4,0.0833333333333333,0.7692307692307693,0,1.3846153846153846
1000112,1,4.0,5,0.0,0,0.8,60.5,0.2,0.6666666666666666,0,0.8
1000113,1,35.0,36,0.0,0,0.9722222222222222,127.82857142857142,0.0277777777777777,0.9459459459459459,0,0.9722222222222222
1000114,2,7.0,15,0.0,0,0.7333333333333333,374.09090909090907,0.0666666666666666,0.8125,0,1.625
1000115,2,17.272727272727273,191,0.0,0,0.9738219895287958,41.67204301075269,0.0052356020942408,0.9375,0,9.850746268656716
1000116,1,20.0,21,0.0,0,0.9523809523809524,24.7,0.0476190476190476,0.9090909090909091,0,0.9523809523809523
1000117,2,2.571428571428572,19,0.0,0,0.7894736842105263,28.066666666666663,0.0526315789473684,0.6,0,3.3599999999999994
1000118,1,30.0,31,0.0,0,0.967741935483871,12096.733333333334,0.032258064516129,0.9375,0,0.967741935483871
1000119,1,62.0,63,0.0,0,0.8888888888888888,158.28571428571428,0.0158730158730158,0.96875,0,0.9841269841269841
1000120,2,30.0,91,0.0,0,0.8241758241758241,273.94666666666666,0.0109890109890109,0.9565217391304348,0,2.838709677419355
1000121,2,8.785714285714286,124,0.0,0,0.8548387096774194,23.67924528301887,0.0080645161290322,0.88,0,11.240875912408757
1000122,1,18.0,19,0.0,0,0.9473684210526316,76.22222222222223,0.0526315789473684,0.9,0,0.9473684210526315
1000123,1,20.0,21,0.0,0,0.9523809523809524,636.5,0.0476190476190476,0.9090909090909091,0,0.9523809523809523
1000124,1,112.0,113,0.0,0,0.9380530973451328,1530.2264150943397,0.0088495575221238,0.9824561403508771,0,0.9911504424778761
1000125,3,3.1538461538461537,42,0.0,0,0.8809523809523809,74.0,0.0238095238095238,0.6744186046511628,1,6.500000000000001
1000126,3,2.473684210526316,48,0.125,0,0.875,17.523809523809526,0.0208333333333333,0.5918367346938775,1,6.621212121212121
1000127,2,4.916666666666667,119,0.0,0,0.8907563025210085,135.9245283018868,0.0084033613445378,0.7916666666666666,0,13.52112676056338
1000128,2,2.5,41,0.0666666666666666,0,0.951219512195122,21.666666666666668,0.024390243902439,0.5952380952380952,0,6.0
1000129,1,3.0,4,0.0,0,0.75,50.66666666666666,0.25,0.6,0,0.75
1000130,2,2.25,10,0.0,0,0.8,23.25,0.1,0.5454545454545454,0,1.8461538461538463
1000131,1,65.0,66,0.0,0,0.9242424242424242,62.91803278688525,0.0151515151515151,0.9701492537313433,0,0.9848484848484849
1000132,2,2.0,35,0.1111111111111111,0,0.7714285714285715,9.77777777777778,0.0285714285714285,0.5,0,6.0
1000133,1,18.0,19,0.0,0,0.631578947368421,25.25,0.0526315789473684,0.9,0,0.9473684210526315
1000134,1,8.0,9,0.0,0,0.8888888888888888,53.5,0.1111111111111111,0.8,0,0.8888888888888888
1000135,1,16.0,17,0.0,0,0.8823529411764706,30.866666666666667,0.0588235294117647,0.8888888888888888,0,0.9411764705882353
1000136,1,5.0,6,0.0,0,0.6666666666666666,132.25,0.1666666666666666,0.7142857142857143,0,0.8333333333333334
1000137,2,13.5,28,1.0,1,0.8214285714285714,33.65217391304348,0.0357142857142857,0.896551724137931,0,1.793103448275862
1000138,2,3.0,34,0.1,0,0.9705882352941176,50.06060606060606,0.0294117647058823,0.6571428571428571,0,5.5
1000139,2,7.0,22,0.0,0,0.6818181818181818,45.4,0.0454545454545454,0.8260869565217391,0,2.375
1000140,3,4.022222222222222,363,0.0714285714285714,0,0.5674931129476584,33.39320388349515,0.0027548209366391,0.75,1,44.20353982300885
1000141,1,9.0,10,0.0,0,0.8,191.625,0.1,0.8181818181818182,0,0.9
1000142,1,18.0,19,0.0,0,0.8947368421052632,47.35294117647059,0.0526315789473684,0.9,0,0.9473684210526315
1000143,1,30.0,31,0.0,0,0.935483870967742,10.275862068965518,0.032258064516129,0.9375,0,0.967741935483871
1000144,3,5.0,126,0.05,0,0.6428571428571429,442.0,0.0079365079365079,0.7952755905511811,1,16.833333333333332
1000145,2,12.0,25,0.0,0,0.96,32.708333333333336,0.04,0.8846153846153846,0,1.7692307692307692
1000146,4,2.269230769230769,60,0.0434782608695652,0,0.95,1308.59649122807,0.0166666666666666,0.5573770491803278,1,9.788235294117648
1000147,4,3.1296296296296298,339,0.0147058823529411,0,0.7905604719764012,58.86940298507463,0.0029498525073746,0.6794117647058824,1,54.24215246636771
1000148,3,5.941176470588236,304,0.0232558139534883,0,0.5526315789473685,57.63095238095238,0.0032894736842105,0.8295081967213115,1,31.550847457627114
1000149,1,15.0,16,0.0,0,0.9375,43.73333333333333,0.0625,0.8823529411764706,0,0.9375
1000150,2,15.0,31,0.0,0,0.9032258064516128,39.785714285714285,0.032258064516129,0.90625,0,1.8125
1000151,2,14.0,29,0.0,0,0.7586206896551724,1076.0,0.0344827586206896,0.9,0,1.8
1000152,2,5.0,36,0.0,0,0.8611111111111112,766.741935483871,0.0277777777777777,0.7837837837837838,0,4.5
1000154,1,5.0,6,0.0,0,0.8333333333333334,8.4,0.1666666666666666,0.7142857142857143,0,0.8333333333333334
1000155,1,1.0,2,0.0,0,0.5,220.0,0.5,0.3333333333333333,0,0.5
1000156,2,1.75,8,0.0,0,0.625,67.0,0.125,0.4444444444444444,0,1.4545454545454546
1000157,1,9.0,10,0.0,0,0.9,33.888888888888886,0.1,0.8181818181818182,0,0.9
1000158,3,4.285714285714286,31,0.0,0,0.9032258064516128,42.142857142857146,0.032258064516129,0.75,1,4.351351351351352
1000159,2,2.909090909090909,65,0.2142857142857142,0,0.7846153846153846,12.294117647058824,0.0153846153846153,0.6515151515151515,0,8.186046511627907
1000160,1,3.0,4,0.0,0,0.75,117.33333333333331,0.25,0.6,0,0.75
1000161,1,12.0,13,0.0,0,0.8461538461538461,81.0,0.0769230769230769,0.8571428571428571,0,0.9230769230769231
1000162,2,2.6923076923076925,36,0.1428571428571428,0,0.7777777777777778,33.857142857142854,0.0277777777777777,0.6216216216216216,0,6.229166666666666
1000163,1,19.0,20,0.0,0,0.95,14.210526315789474,0.05,0.9047619047619048,0,0.95
1000164,2,43.0,87,0.0,0,0.9080459770114944,130.1139240506329,0.0114942528735632,0.9659090909090909,0,1.9318181818181819
1000165,2,2.2857142857142856,65,0.0,0,0.9846153846153848,51.921875,0.0153846153846153,0.5606060606060606,0,11.260869565217392
1000166,2,14.0,29,0.0,0,0.7931034482758621,26.347826086956523,0.0344827586206896,0.9,0,1.8
1000167,2,2.4,25,0.0,0,0.8,83.05,0.04,0.5769230769230769,0,4.411764705882353
1000168,1,3.0,4,0.0,0,0.75,29.0,0.25,0.6,0,0.75
1000169,1,20.0,21,0.0,0,0.5714285714285714,5.416666666666667,0.0476190476190476,0.9090909090909091,0,0.9523809523809523
1000170,2,2.45,50,0.375,0,0.66,3.090909090909091,0.02,0.5882352941176471,0,5.797101449275362
1000171,1,15.0,16,0.0,0,0.9375,16.866666666666667,0.0625,0.8823529411764706,0,0.9375
1000172,1,27.0,28,0.0,0,0.8214285714285714,26.565217391304348,0.0357142857142857,0.9310344827586207,0,0.9642857142857143
1000173,1,8.0,9,0.0,0,0.8888888888888888,32.875,0.1111111111111111,0.8,0,0.8888888888888888
1000174,1,25.0,26,0.0,0,0.2307692307692307,59.0,0.0384615384615384,0.9259259259259259,0,0.9615384615384616
1000176,1,38.0,39,0.0,0,0.4871794871794871,61.526315789473685,0.0256410256410256,0.95,0,0.9743589743589743
1000177,2,1.5333333333333334,29,0.0,0,0.6896551724137931,12.95,0.0283251231527093,0.4666666666666667,0,3.5526315789473686
1000178,2,1.8823529411764703,33,0.0909090909090909,0,0.7878787878787878,25.384615384615383,0.0303030303030303,0.47058823529411764,0,5.551020408163266
1000179,2,4.333333333333333,27,0.0,0,0.8888888888888888,145.66666666666666,0.037037037037037,0.75,0,3.9375
1000180,2,7.0,106,0.0,0,0.2830188679245283,14.133333333333333,0.0094339622641509,0.8504672897196262,0,10.625
1000182,1,3.0,4,0.0,0,0.75,1545.3333333333333,0.25,0.6,0,0.75
1000183,3,19.0,590,0.1666666666666666,0,0.311864406779661,10.353260869565217,0.0016949152542372,0.9458544839255499,1,27.95
1000184,1,90.0,91,0.0,0,0.4615384615384615,19.047619047619047,0.0109890109890109,0.9782608695652174,0,0.989010989010989
1000185,3,2.2058823529411766,76,0.0,0,0.986842105263158,90.69333333333331,0.0131578947368421,0.5454545454545454,1,13.10091743119266
1000186,1,12.0,13,0.0,0,0.6923076923076923,1.0,0.0769230769230769,0.8571428571428571,0,0.9230769230769231
1000187,2,5.5,12,0.0,0,0.9166666666666666,98.54545454545456,0.0833333333333333,0.7692307692307693,0,1.0769230769230769
1000188,2,1.95,40,0.0,0,0.675,8.555555555555555,0.025,0.4878048780487805,0,6.779661016949152
1000189,2,5.0,11,0.0,0,0.9090909090909092,69.0,0.0909090909090909,0.75,0,1.5
1000190,1,9.0,10,0.0,0,0.4,2647.25,0.1,0.8181818181818182,0,0.9
1000191,1,10.0,11,0.0,0,0.9090909090909092,64.8,0.0909090909090909,0.8333333333333334,0,0.9090909090909091
1000192,2,5.769230769230769,76,0.1111111111111111,0,0.7894736842105263,27.116666666666667,0.0131578947368421,0.8181818181818182,0,8.863636363636363
1000194,2,4.0,9,0.0,0,0.5555555555555556,9.8,0.1111111111111111,0.7,0,1.4
1000195,1,3.0,4,0.0,0,0.5,50.5,0.25,0.6,0,0.75
1000196,1,2.0,3,0.0,0,0.0,0.0,0.3333333333333333,0.5,0,0.6666666666666666
1000197,2,3.5,78,0.25,0,0.5256410256410257,14.658536585365852,0.0128205128205128,0.7088607594936709,0,12.0
1000198,3,2.3008849557522124,261,0.1222222222222222,0,0.8773946360153256,13.611353711790391,0.003831417624521,0.5648854961832062,1,31.80965147453083
1000199,2,3.5,29,0.1428571428571428,0,0.7586206896551724,25.863636363636363,0.0344827586206896,0.7,0,4.222222222222222
1000200,2,8.0,57,0.0,0,0.6140350877192983,423.2,0.0175438596491228,0.8620689655172413,0,5.444444444444445
1000201,4,3.575,144,0.0,0,0.8472222222222222,345.21311475409834,0.0069444444444444,0.7172413793103448,1,19.01639344262295
1000204,1,16.0,17,0.0,0,0.1764705882352941,32.0,0.0588235294117647,0.8888888888888888,0,0.9411764705882353
1000205,1,4.0,5,0.0,0,0.8,34.0,0.2,0.6666666666666666,0,0.8
1000206,2,3.0,13,0.0,0,0.9230769230769232,107.41666666666669,0.0769230769230769,0.6428571428571429,0,2.0
1000207,2,19.0,39,0.0,0,0.717948717948718,19.428571428571427,0.0256410256410256,0.925,0,1.85
1000208,4,2.3684210526315788,46,0.1333333333333333,0,0.8913043478260869,44.48780487804878,0.0217391304347826,0.574468085106383,1,8.015625
1000209,3,2.8,57,0.1111111111111111,0,0.912280701754386,51.44230769230769,0.0175438596491228,0.6379310344827587,1,8.421052631578947
1000210,4,3.5,15,0.0,0,0.6666666666666666,168.9,0.0666666666666666,0.6875,1,2.4444444444444446
1000211,2,14.5,30,0.0,0,0.8666666666666667,20.23076923076923,0.0333333333333333,0.9032258064516129,0,1.7419354838709677
1000212,2,4.818181818181818,54,0.1111111111111111,0,0.8333333333333334,36.71111111111111,0.0185185185185185,0.7818181818181819,0,6.875
1000213,1,36.0,37,0.0,0,0.8108108108108109,9.133333333333333,0.027027027027027,0.9473684210526315,0,0.972972972972973
1000214,2,5.0,46,0.1428571428571428,0,0.8695652173913043,68.95,0.0217391304347826,0.7872340425531915,0,5.833333333333333
1000216,2,5.0,11,0.0,0,0.7272727272727273,168.25,0.0909090909090909,0.75,0,1.5
1000217,1,7.0,8,0.0,0,0.5,5.5,0.125,0.7777777777777778,0,0.875
1000218,1,5.0,6,0.0,0,0.8333333333333334,163.8,0.1666666666666666,0.7142857142857143,0,0.8333333333333334
1000220,2,8.0,17,0.0,0,0.9411764705882352,12.625,0.0588235294117647,0.8333333333333334,0,1.6666666666666667
1000221,1,33.0,34,0.0,0,0.8823529411764706,11.4,0.0294117647058823,0.9428571428571428,0,0.9705882352941176
1000222,2,3.076923076923077,41,0.0833333333333333,0,0.926829268292683,79.47368421052632,0.024390243902439,0.6666666666666666,0,3.924528301886793
1000223,2,5.166666666666667,32,0.0,0,0.8125,31.384615384615383,0.03125,0.7878787878787878,0,3.8918918918918917
1000224,1,5.0,6,0.0,0,0.3333333333333333,22.5,0.1666666666666666,0.7142857142857143,0,0.8333333333333334
1000225,1,8.0,9,0.0,0,0.8888888888888888,0.0,0.1111111111111111,0.8,0,0.8888888888888888
1000226,1,6.0,7,0.0,0,0.7142857142857143,92.2,0.1428571428571428,0.75,0,0.8571428571428571
1000227,3,3.1875,52,0.4444444444444444,0,0.7307692307692307,6.2368421052631575,0.0192307692307692,0.6792452830188679,1,1.671641791044776
1000228,1,45.0,46,0.0,0,0.7608695652173914,82.14285714285714,0.0217391304347826,0.9574468085106383,0,0.9782608695652174
1000229,2,3.809523809523809,81,0.0,0,0.9135802469135802,13.108108108108109,0.0123456790123456,0.7317073170731707,0,10.811881188118814
1000230,2,4.095238095238095,87,0.1428571428571428,0,0.735632183908046,12.34375,0.0114942528735632,0.75,0,11.971962616822431
1000231,2,11.25,46,0.0,0,0.108695652173913,162.4,0.0217391304347826,0.8936170212765957,0,3.4285714285714284
1000232,2,3.888888888888889,36,0.0,0,0.3333333333333333,16.916666666666668,0.0277777777777777,0.7297297297297297,0,5.5227272727272725
1000233,2,29.0,59,0.0,0,0.9830508474576272,788.0689655172414,0.0169491525423728,0.95,0,1.8666666666666667
1000234,1,56.0,57,0.0,0,0.8771929824561403,39.12,0.0175438596491228,0.9655172413793104,0,0.9824561403508771
1000235,4,10.125,82,0.0,0,0.7926829268292683,41.83076923076923,0.0121951219512195,0.891566265060241,1,6.651685393258427
1000236,2,16.4,83,0.0,0,0.5060240963855421,52.19047619047619,0.0120481927710843,0.9285714285714286,0,4.482758620689656
1000238,4,6.269230769230769,327,0.054054054054054,0,0.6513761467889908,122.29107981220658,0.0030581039755351,0.8384146341463414,1,32.74074074074074
1000239,3,5.545454545454546,62,0.0,0,0.8225806451612904,24.47058823529412,0.0161290322580645,0.8095238095238095,1,7.027777777777778
1000240,1,47.0,48,0.0,0,0.9791666666666666,14.659574468085106,0.0208333333333333,0.9591836734693877,0,0.9791666666666666
1000241,2,17.2,87,0.0,0,0.057471264367816,211.6,0.0114942528735632,0.9318181818181818,0,4.175824175824176
1000242,1,6.0,7,0.0,0,0.5714285714285714,2.5,0.1428571428571428,0.75,0,0.8571428571428571
1000243,2,11.5,24,0.0,0,0.9166666666666666,167.04545454545453,0.0416666666666666,0.88,0,1.76
1000244,2,5.0,26,0.0,0,0.4615384615384615,90.41666666666669,0.0384615384615384,0.7777777777777778,0,2.0
1000245,2,16.5,34,0.0,0,0.6764705882352942,32.82608695652174,0.0294117647058823,0.9142857142857143,0,1.8285714285714285
1000246,1,41.0,42,0.0,0,0.7380952380952381,56.96774193548387,0.0238095238095238,0.9534883720930233,0,0.9761904761904762
1000247,1,26.0,27,0.0,0,0.0,0.0,0.037037037037037,0.9285714285714286,0,0.9629629629629629
1000248,1,26.0,27,0.0,0,0.0,0.0,0.037037037037037,0.9285714285714286,0,0.9629629629629629
1000249,2,13.2,67,0.5,0,0.9552238805970148,14.625,0.0149253731343283,0.9117647058823529,0,4.295774647887324
1000250,1,74.0,75,0.0,0,0.48,47.72222222222222,0.0133333333333333,0.9736842105263158,0,0.9866666666666667
1000251,2,5.642857142857143,80,0.9230769230769232,1,0.8875,12.492957746478874,0.0125,0.8148148148148148,0,9.935483870967742
1000252,1,13.0,14,0.0,0,0.8571428571428571,12.666666666666666,0.0714285714285714,0.8666666666666667,0,0.9285714285714286
1000253,1,24.0,25,0.0,0,0.96,13.541666666666666,0.04,0.9230769230769231,0,0.96
1000254,1,11.0,12,0.0,0,0.5833333333333334,55.0,0.0833333333333333,0.8461538461538461,0,0.9166666666666666
1000255,2,15.5,32,0.0,0,0.8125,25.884615384615383,0.03125,0.9090909090909091,0,1.8181818181818181
1000256,1,14.0,15,0.0,0,0.4666666666666667,19.857142857142858,0.0666666666666666,0.875,0,0.9333333333333333
1000257,2,3.5,8,0.0,0,0.375,7.0,0.125,0.6666666666666666,0,1.3333333333333333
1000258,1,44.0,45,0.0,0,0.0,0.0,0.0222222222222222,0.9565217391304348,0,0.9777777777777777
1000259,1,111.0,112,0.0,0,0.5089285714285714,39.63157894736842,0.0089285714285714,0.9823008849557522,0,0.9910714285714286
1000260,2,11.666666666666666,36,0.0,0,0.6111111111111112,169.63636363636363,0.0277777777777777,0.8918918918918919,0,2.5263157894736845
1000261,2,11.666666666666666,36,0.0,0,0.6111111111111112,164.22727272727272,0.0277777777777777,0.8918918918918919,0,2.5263157894736845
1000262,1,73.0,74,0.0,0,0.6891891891891891,84.45098039215686,0.0135135135135135,0.9733333333333334,0,0.9864864864864865
1000263,2,18.5,75,0.0,0,0.6533333333333333,85.57142857142857,0.0133333333333333,0.9342105263157895,0,3.641025641025641
1000264,2,38.0,115,0.0,0,0.7391304347826086,5.364705882352941,0.008695652173913,0.9655172413793104,0,2.871794871794872
1000265,2,11.0,56,0.0,0,0.9642857142857144,717.8888888888889,0.0178571428571428,0.8947368421052632,0,4.083333333333333
1000266,2,2.8421052631578947,55,0.1111111111111111,0,0.9818181818181818,47.57407407407408,0.0181818181818181,0.6428571428571429,0,9.36986301369863
1000267,1,61.0,62,0.0,0,0.9838709677419356,42.40983606557377,0.0161290322580645,0.9682539682539683,0,0.9838709677419355
1000268,1,72.0,73,0.0,0,0.9863013698630136,86.26388888888889,0.0136986301369863,0.972972972972973,0,0.9863013698630136
1000269,2,2.9166666666666665,106,0.2,0,0.9905660377358492,28.0,0.0094339622641509,0.6542056074766355,0,17.872340425531917
1000270,2,3.642857142857143,103,0.0,0,0.8737864077669902,45.77777777777778,0.0097087378640776,0.7211538461538461,0,11.630769230769232
1000271,2,5.0,126,0.0,0,0.6428571428571429,25.65432098765432,0.0079365079365079,0.7952755905511811,0,15.0
1000272,2,30.5,62,0.0,0,0.8064516129032258,19.48,0.0161290322580645,0.9523809523809523,0,1.9047619047619047
1000273,2,6.183333333333334,372,0.15,0,0.8629032258064516,7.062305295950155,0.0026881720430107,0.8364611260053619,0,42.598607888631086
1000274,2,6.894736842105263,132,0.0,0,0.9318181818181818,142.0650406504065,0.0075757575757575,0.849624060150376,0,13.68
1000275,2,4.571428571428571,289,0.0172413793103448,0,0.8339100346020761,22.410788381742737,0.0034602076124567,0.7793103448275862,0,36.97435897435898
1000276,2,4.0,9,0.0,0,0.8888888888888888,1416.25,0.1111111111111111,0.7,0,1.4
1000277,1,39.0,40,0.0,0,0.775,740.5806451612904,0.025,0.9512195121951219,0,0.975
1000279,6,2.352,592,0.0327868852459016,0,0.5996621621621622,55.42253521126761,0.001680614624777,0.5767284991568297,1,26.25298329355609
1000280,2,3.5454545454545454,274,0.0,0,0.9343065693430656,228.359375,0.0036496350364963,0.7163636363636363,0,33.440000000000005
1000283,2,4.3,44,0.0,0,0.7727272727272727,10.382352941176473,0.0227272727272727,0.7555555555555555,0,4.150943396226415
1000285,3,3.488888888888889,158,0.2758620689655172,0,0.7658227848101266,9.975206611570249,0.0063291139240506,0.710691823899371,1,17.821782178217823
1000287,2,7.027027027027027,261,0.0909090909090909,0,0.4712643678160919,15.073170731707316,0.003831417624521,0.8549618320610687,0,27.28282828282828
1000288,2,8.0,17,0.0,0,0.6470588235294118,11.0,0.0588235294117647,0.8333333333333334,0,1.4444444444444444
1000289,2,6.0,13,0.0,0,0.7692307692307693,13.6,0.0769230769230769,0.7857142857142857,0,1.5714285714285714
1000290,2,11.5,24,0.0,0,0.2916666666666667,12.142857142857142,0.0416666666666666,0.88,0,1.2
1000291,1,24.0,25,0.0,0,0.88,18.545454545454547,0.04,0.9230769230769231,0,0.96
1000292,4,5.154761904761905,867,0.0616438356164383,0,0.8339100346020761,21.27939142461964,0.0011534025374855,0.8052995391705069,1,53.94197292069632
1000293,3,4.397260273972603,322,0.0294117647058823,0,0.8726708074534162,86.74733096085409,0.0031055900621118,0.7708978328173375,1,30.94162436548223
1000295,2,14.0,43,0.0,0,0.8372093023255814,24.694444444444443,0.0232558139534883,0.9090909090909091,0,1.8666666666666667
1000296,1,38.0,39,0.0,0,0.7435897435897436,27.79310344827586,0.0256410256410256,0.95,0,0.9743589743589743
1000297,1,24.0,25,0.0,0,0.68,19.823529411764707,0.04,0.9230769230769231,0,0.96
1000298,4,3.985507246376812,276,0.0204081632653061,0,0.7898550724637681,13.775229357798166,0.0036231884057971,0.7472924187725631,1,11.633720930232556
1000299,4,3.9384615384615382,257,0.1111111111111111,0,0.5992217898832685,21.415584415584416,0.0038910505836575,0.7441860465116279,1,9.719626168224298
1000300,3,3.1785714285714284,90,0.0454545454545454,0,0.7333333333333333,113.1969696969697,0.0111111111111111,0.6813186813186813,1,13.4017094017094
1000301,3,3.6206896551724137,106,0.0,0,0.6792452830188679,104.23611111111111,0.0094339622641509,0.719626168224299,1,14.283582089552239
1000302,3,3.225806451612903,101,0.0,0,0.6732673267326733,103.22058823529412,0.0099009900990099,0.6862745098039216,1,13.961832061068703
1000303,2,4.25,18,0.6666666666666666,1,0.9444444444444444,1.4705882352941178,0.0555555555555555,0.7368421052631579,0,2.6666666666666665
1000304,2,5.6875,92,0.1666666666666666,0,0.7065217391304348,8.584615384615384,0.0108695652173913,0.8172043010752689,0,11.36448598130841
1000305,3,2.027027027027027,76,0.125,0,0.7763157894736842,6.220338983050848,0.0131578947368421,0.5064935064935064,1,11.5625
1000306,2,1.9,20,0.125,0,0.85,7.176470588235294,0.05,0.47619047619047616,0,3.4482758620689657
1000307,2,1.818181818181818,21,0.125,0,0.8571428571428571,6.555555555555555,0.0476190476190476,0.45454545454545453,0,3.548387096774194
1000309,2,1.9090909090909087,43,0.3333333333333333,0,0.9767441860465116,10.071428571428571,0.0232558139534883,0.4772727272727273,0,7.218750000000001
1000310,2,10.77777777777778,98,0.125,0,0.979591836734694,340.2916666666667,0.010204081632653,0.898989898989899,0,7.556603773584904
1000312,1,89.0,90,0.0,0,0.8666666666666667,25.166666666666668,0.0111111111111111,0.978021978021978,0,0.9888888888888889
1000313,2,10.555555555555555,96,0.375,0,0.9479166666666666,10.384615384615383,0.0104166666666666,0.8969072164948454,0,7.528846153846154
1000314,4,7.310344827586207,213,0.0,0,0.92018779342723,87.65306122448979,0.0046948356807511,0.8598130841121495,1,17.568464730290458
1000315,2,10.75,87,0.0,0,0.6896551724137931,16.65,0.0114942528735632,0.8977272727272727,0,6.553191489361702
1000316,3,3.9375,127,0.125,0,0.6771653543307087,28.55813953488372,0.0078740157480314,0.7421875,1,11.949367088607595
1000317,2,5.7,58,0.0,0,0.7068965517241379,42.609756097560975,0.0172413793103448,0.8135593220338984,0,1.3432835820895521
1000318,3,2.75,23,0.0,0,0.9565217391304348,125.77272727272728,0.0434782608695652,0.625,1,1.8666666666666667
1000319,3,2.875,24,0.0,0,0.7083333333333334,105.70588235294116,0.0416666666666666,0.64,1,1.5483870967741935
1000320,4,9.625,78,0.0,0,0.6282051282051282,54.734693877551024,0.0128205128205128,0.8860759493670886,1,6.4941176470588236
1000321,3,9.5859375,1228,0.2666666666666666,0,0.2752442996742671,8.272189349112425,0.000814332247557,0.8950366151342555,1,21.065682656826567
1000322,2,4.0,41,0.1111111111111111,0,0.7804878048780488,44.21875,0.024390243902439,0.7380952380952381,0,4.6
1000323,3,5.45,219,0.0,0,0.730593607305936,570.8375,0.0045662100456621,0.8136363636363636,1,11.162790697674419
1000324,2,13.0,66,0.0,0,0.7121212121212122,35.1063829787234,0.0151515151515151,0.9104477611940298,0,4.357142857142857
1000325,2,22.0,45,0.0,0,0.2222222222222222,95.0,0.0222222222222222,0.9347826086956522,0,1.8695652173913044
1000326,1,8.0,9,0.0,0,0.8888888888888888,38.375,0.1111111111111111,0.8,0,0.8888888888888888
1000327,3,2.2916666666666665,56,0.0,0,0.3392857142857143,19.36842105263158,0.0178571428571428,0.5614035087719298,1,8.810126582278482
1000328,1,22.0,23,0.0,0,0.6521739130434783,23.53333333333333,0.0434782608695652,0.9166666666666666,0,0.9565217391304348
1000329,3,4.405797101449275,305,0.0,0,0.8426229508196721,90.3307392996109,0.0032786885245901,0.7712418300653595,1,32.002680965147455
1000330,1,38.0,39,0.0,0,0.7948717948717948,47.38709677419355,0.0256410256410256,0.95,0,0.9743589743589743
1000331,2,85.5,172,0.0,0,0.872093023255814,8.566666666666666,0.005813953488372,0.9826589595375722,0,1.930635838150289
1000332,2,6.666666666666667,161,0.2941176470588235,0,0.6770186335403726,13.247706422018348,0.0062111801242236,0.845679012345679,0,16.304347826086957
1000333,2,4.589743589743589,180,0.03125,0,0.75,29.97037037037037,0.0055555555555555,0.7790055248618785,0,19.321100917431195
1000335,1,46.0,47,0.0,0,0.5957446808510638,144.46428571428572,0.0212765957446808,0.9583333333333334,0,0.9787234042553191
1000336,1,107.0,108,0.0,0,0.8611111111111112,57.54838709677419,0.0092592592592592,0.981651376146789,0,0.9907407407407407
1000337,4,2.76,70,0.0,0,0.6857142857142857,390.3125,0.0142857142857142,0.6338028169014085,1,6.6489361702127665
1000338,1,26.0,27,0.0,0,0.8888888888888888,94.70833333333331,0.037037037037037,0.9285714285714286,0,0.9629629629629629
1000339,4,3.3529411764705883,58,0.0769230769230769,0,0.8620689655172413,20.3,0.0172413793103448,0.6949152542372882,1,5.743243243243243
1000340,4,3.8983050847457625,231,0.2727272727272727,0,0.6623376623376623,9.137254901960784,0.0043290043290043,0.7413793103448276,1,16.536332179930795
1000342,1,186.0,187,0.0,0,0.5133689839572193,12.739583333333334,0.0053475935828877,0.9893617021276596,0,0.9946524064171123
1000344,1,319.0,320,0.0,0,0.80625,163.5581395348837,0.003125,0.9937694704049844,0,0.996875
1000345,3,4.472222222222222,162,0.09375,0,0.9074074074074074,26.482993197278912,0.0061728395061728,0.7730061349693251,1,18.091370558375633
1000346,1,74.0,75,0.0,0,0.56,12.19047619047619,0.0133333333333333,0.9736842105263158,0,0.9866666666666667
1000347,2,4.5,10,0.0,0,0.5,51.4,0.1,0.7272727272727273,0,0.9090909090909091
1000348,1,4.0,5,0.0,0,0.8,32.5,0.2,0.6666666666666666,0,0.8
1000349,2,2.5,6,0.0,0,0.6666666666666666,23.5,0.1666666666666666,0.5714285714285714,0,1.1428571428571428
1000350,1,3.0,4,0.0,0,0.75,82.33333333333333,0.25,0.6,0,0.75
1000351,2,6.818181818181818,76,0.0,0,0.6052631578947368,23.73913043478261,0.0131578947368421,0.8441558441558441,0,8.05813953488372
1000352,3,2.8947368421052637,56,1.0,1,0.6071428571428571,14.411764705882351,0.0178571428571428,0.6491228070175439,1,2.824324324324324
1000353,3,3.1,32,0.0,0,0.90625,44.03448275862069,0.03125,0.6666666666666666,1,3.9024390243902443
1000354,1,4.0,5,0.0,0,0.8,1117.75,0.2,0.6666666666666666,0,0.8
1000355,1,7.0,8,0.0,0,0.875,73.28571428571429,0.125,0.7777777777777778,0,0.875
1000356,2,9.333333333333334,29,0.0,0,0.896551724137931,26.0,0.0344827586206896,0.8666666666666667,0,2.4193548387096775
1000357,1,7.0,8,0.0,0,0.875,310.42857142857144,0.125,0.7777777777777778,0,0.875
1000358,3,3.3,34,0.0,0,0.3529411764705882,26.58333333333333,0.0294117647058823,0.6857142857142857,1,2.3255813953488373
1000359,1,149.0,150,0.0,0,0.4333333333333333,28.43076923076923,0.0066666666666666,0.9867549668874173,0,0.9933333333333333
1000361,2,6.727272727272728,371,0.0833333333333333,0,0.431266846361186,197.05625,0.0026954177897574,0.8494623655913979,0,40.50588235294117
1000363,1,164.0,165,0.0,0,0.993939393939394,94.41463414634148,0.006060606060606,0.9879518072289156,0,0.9939393939393939
1000365,1,70.0,71,0.0,0,0.8028169014084507,22.33333333333333,0.0140845070422535,0.9722222222222222,0,0.9859154929577465
1000366,2,24.0,97,0.0,0,0.3917525773195876,25.92105263157895,0.0103092783505154,0.9489795918367347,0,3.72
1000367,3,1.935483870967742,61,0.1,0,0.7213114754098361,81.9090909090909,0.0163934426229508,0.4838709677419355,1,2.7252747252747254
1000368,4,4.43956043956044,405,0.1111111111111111,0,0.3975308641975308,3.248447204968944,0.0024691358024691,0.7733990147783252,1,46.32727272727273
1000369,2,86.0,173,0.0,0,0.9364161849710982,43.03086419753087,0.0057803468208092,0.9827586206896551,0,1.9655172413793103
1000371,2,8.15,164,0.0,0,0.298780487804878,56.48979591836735,0.0060975609756097,0.8727272727272727,0,15.628415300546447
1000374,1,91.0,92,0.0,0,0.9891304347826086,52.417582417582416,0.0108695652173913,0.978494623655914,0,0.9891304347826086
1000375,2,16.333333333333332,99,0.5,0,0.8686868686868687,48.98837209302326,0.0101010101010101,0.93,0,5.365384615384616
1000376,1,180.0,181,0.0,0,0.9723756906077348,187.1534090909091,0.005524861878453,0.989010989010989,0,0.994475138121547
1000377,2,9.0,46,0.0,0,0.4130434782608695,42.73684210526316,0.0217391304347826,0.8723404255319149,0,4.1
1000378,1,14.0,15,0.0,0,0.7333333333333333,603.9090909090909,0.0666666666666666,0.875,0,0.9333333333333333
1000380,4,2.7246376811594204,189,0.0757575757575757,0,0.925925925925926,33.69714285714286,0.0052910052910052,0.631578947368421,1,23.357976653696497
1000381,1,89.0,90,0.0,0,0.9444444444444444,32.529411764705884,0.0111111111111111,0.978021978021978,0,0.9888888888888889
1000382,1,76.0,77,0.0,0,0.987012987012987,35.63157894736842,0.0129870129870129,0.9743589743589743,0,0.987012987012987
1000383,1,115.0,116,0.0,0,0.9827586206896552,87.74561403508773,0.0086206896551724,0.9829059829059829,0,0.9913793103448276
1000385,1,98.0,99,0.0,0,0.9696969696969696,110.63541666666669,0.0101010101010101,0.98,0,0.98989898989899
1000386,2,4.0,33,0.0,0,0.5454545454545454,93.5,0.0303030303030303,0.7352941176470589,0,4.4
1000387,3,4.125,34,0.0,0,0.8235294117647058,34.142857142857146,0.0294117647058823,0.7428571428571429,1,4.097560975609756
1000388,3,1.25,6,0.6666666666666666,1,0.8333333333333334,111.2,0.1666666666666666,0.2857142857142857,1,0.8888888888888888
1000389,2,2.0,9,0.5,0,0.6666666666666666,29.83333333333333,0.1111111111111111,0.5,0,1.6666666666666667
1000390,2,34.0,137,1.0,1,0.7226277372262774,23.565656565656564,0.0072992700729927,0.9637681159420289,0,3.8
1000392,2,3.6666666666666665,12,0.0,0,0.8333333333333334,1342.6,0.0833333333333333,0.6923076923076923,0,1.7142857142857144
1000393,1,17.0,18,0.0,0,0.7777777777777778,2029.2857142857144,0.0555555555555555,0.8947368421052632,0,0.9444444444444444
1000395,1,15.0,16,0.0,0,0.625,7573.4,0.0625,0.8823529411764706,0,0.9375
1000396,3,4.604166666666667,222,0.1794871794871795,0,0.8153153153153153,25.895027624309392,0.0045045045045045,0.7802690582959642,1,29.977695167286242
1000397,2,3.125,26,0.0,0,0.8461538461538461,35.45454545454545,0.0384615384615384,0.6666666666666666,0,4.363636363636363
1000398,2,5.833333333333333,36,0.25,0,0.6666666666666666,32.291666666666664,0.0277777777777777,0.8108108108108109,0,4.390243902439025
1000399,1,20.0,21,0.0,0,0.8571428571428571,176.55555555555554,0.0476190476190476,0.9090909090909091,0,0.9523809523809523
1000400,3,5.9,60,0.0,0,0.4166666666666667,352.0,0.0166666666666666,0.819672131147541,1,6.231884057971014
1000401,3,3.5945945945945947,134,0.0333333333333333,0,0.835820895522388,108.875,0.0074626865671641,0.7185185185185186,1,4.788235294117647
1000402,2,3.6666666666666665,34,0.0,0,0.5,153.52941176470588,0.0294117647058823,0.7142857142857143,0,5.142857142857143
1000403,3,5.076923076923077,67,0.25,0,0.5522388059701493,347.2432432432432,0.0149253731343283,0.7941176470588235,1,8.39240506329114
1000404,2,4.0,21,0.0,0,0.9047619047619048,141.05263157894737,0.0476190476190476,0.7272727272727273,0,2.4
1000405,2,5.0,26,0.0,0,0.9615384615384616,33.92,0.0384615384615384,0.7777777777777778,0,2.8333333333333335
1000406,3,2.6595744680851063,126,0.0465116279069767,0,0.9285714285714286,128.76923076923077,0.0079365079365079,0.6220472440944882,1,5.738372093023256
1000407,2,34.666666666666664,105,0.0,0,0.219047619047619,39.21739130434783,0.0095238095238095,0.9622641509433962,0,2.8598130841121496
1000408,2,4.7,48,0.0,0,0.5,2.6666666666666665,0.0208333333333333,0.7755102040816326,0,6.666666666666666
1000409,2,11.0,34,0.0,0,0.8529411764705882,82.79310344827586,0.0294117647058823,0.8857142857142857,0,2.25
1000410,2,2.333333333333333,15,0.0,0,0.7333333333333333,31.0,0.0666666666666666,0.5625,0,1.5000000000000002
1000411,1,5.0,6,0.0,0,0.5,21.33333333333333,0.1666666666666666,0.7142857142857143,0,0.8333333333333334
1000412,1,7.0,8,0.0,0,0.875,1580.0,0.125,0.7777777777777778,0,0.875
1000413,3,3.6944444444444446,269,0.0178571428571428,0,0.7137546468401487,47.51041666666666,0.0036897297897131,0.7296296296296296,1,29.39644970414201
1000414,2,2.75,12,0.5,0,0.6666666666666666,10.5,0.0833333333333333,0.6153846153846154,0,1.8666666666666667
1000415,2,3.8666666666666663,59,0.0,0,0.9322033898305084,171.98181818181817,0.0169491525423728,0.7333333333333333,0,6.575342465753425
1000416,1,10.0,11,0.0,0,0.9090909090909092,41.5,0.0909090909090909,0.8333333333333334,0,0.9090909090909091
1000417,2,12.5,26,0.0,0,0.0,0.0,0.0384615384615384,0.8888888888888888,0,1.7777777777777777
1000418,4,3.64,92,0.1666666666666666,0,0.6195652173913043,243.9122807017544,0.0108695652173913,0.7204301075268817,1,9.913793103448274
1000419,1,96.0,97,0.0,0,0.9896907216494846,25.0625,0.0103092783505154,0.9795918367346939,0,0.9896907216494846
1000420,1,14.0,15,0.0,0,0.9333333333333332,2016.4285714285716,0.0666666666666666,0.875,0,0.9333333333333333
1000421,2,15.5,32,0.0,0,0.9375,981.2,0.03125,0.9090909090909091,0,1.8181818181818181
1000422,2,7.384615384615385,97,0.0,0,0.6804123711340206,89.95454545454545,0.0103092783505154,0.8571428571428571,0,9.541284403669724
1000423,4,2.833333333333333,52,0.0666666666666666,0,0.7692307692307693,48.0,0.0192307692307692,0.6415094339622641,1,3.3913043478260874
1000424,2,3.857142857142857,28,0.2,0,0.7857142857142857,63.68181818181818,0.0357142857142857,0.7241379310344828,0,4.323529411764706
1000425,2,3.25,14,0.0,0,0.7142857142857143,222.7,0.0714285714285714,0.6666666666666666,0,1.8823529411764706
1000426,2,6.75,28,0.0,0,0.6071428571428571,403.2941176470589,0.0357142857142857,0.8275862068965517,0,3.096774193548387
1000427,3,3.0,19,0.0,0,0.8421052631578947,186.625,0.0526315789473684,0.65,1,3.0
1000428,2,3.333333333333333,21,0.0,0,0.8571428571428571,35.611111111111114,0.0476190476190476,0.6818181818181818,0,2.076923076923077
1000429,1,27.0,28,0.0,0,0.8928571428571429,2558.36,0.0357142857142857,0.9310344827586207,0,0.9642857142857143
1000430,2,2.6875,44,0.0,0,0.7954545454545454,427.7714285714285,0.0227272727272727,0.6222222222222222,0,7.593220338983051
1000431,2,11.4,58,0.0,0,0.5344827586206896,128.70967741935485,0.0172413793103448,0.8983050847457628,0,4.112903225806451
1000432,3,3.75,16,0.0,0,0.5,65.5,0.0625,0.7058823529411765,1,2.526315789473684
1000433,2,10.666666666666666,65,0.25,0,0.676923076923077,37.52272727272727,0.0153846153846153,0.8939393939393939,0,5.057142857142858
1000434,1,9.0,10,0.0,0,0.3,40.333333333333336,0.1,0.8181818181818182,0,0.9
1000435,2,2.4,13,0.0,0,0.6923076923076923,15.666666666666666,0.0769230769230769,0.5714285714285714,0,1.1764705882352942
1000436,2,6.181818181818182,137,0.0,0,0.781021897810219,57.30841121495328,0.0072992700729927,0.8333333333333334,0,13.924050632911392
1000437,2,4.375,36,0.0,0,0.6666666666666666,35.416666666666664,0.0277777777777777,0.7567567567567568,0,5.209302325581396
1000438,1,22.0,23,0.0,0,0.4347826086956521,6.5,0.0434782608695652,0.9166666666666666,0,0.9565217391304348
1000439,2,7.25,30,0.0,0,0.8,10.875,0.0333333333333333,0.8387096774193549,0,3.1515151515151514
1000440,2,4.5,10,0.0,0,0.9,411.6666666666667,0.1,0.7272727272727273,0,1.4545454545454546
1000441,1,18.0,19,0.0,0,0.9473684210526316,28.22222222222222,0.0526315789473684,0.9,0,0.9473684210526315
1000442,2,7.75,32,0.0,0,0.71875,63.34782608695652,0.03125,0.8484848484848485,0,2.2857142857142856
1000443,2,3.5,8,0.0,0,0.75,227.83333333333331,0.125,0.6666666666666666,0,0.8888888888888888
1000444,1,55.0,56,0.0,0,0.0,0.0,0.0178571428571428,0.9649122807017544,0,0.9821428571428571
1000445,1,17.0,18,0.0,0,0.0,0.0,0.0555555555555555,0.8947368421052632,0,0.9444444444444444
1000446,2,3.3043478260869565,77,0.05,0,0.8441558441558441,3071.876923076923,0.0129870129870129,0.6923076923076923,0,12.313131313131311
1000447,1,10.0,11,0.0,0,0.0,0.0,0.0909090909090909,0.8333333333333334,0,0.9090909090909091
1000448,3,22.33333333333333,68,0.0,0,0.6617647058823529,375.6444444444445,0.0147058823529411,0.9420289855072463,1,2.7000000000000006
1000449,2,27.5,111,0.0,0,0.927927927927928,533.5728155339806,0.009009009009009,0.9553571428571429,0,3.754385964912281
1000450,2,12.0,49,0.0,0,0.8571428571428571,6.904761904761905,0.0204081632653061,0.9,0,3.3076923076923075
1000451,1,15.0,16,0.0,0,0.625,26.1,0.0625,0.8823529411764706,0,0.9375
1000452,1,12.0,13,0.0,0,0.9230769230769232,0.9166666666666666,0.0769230769230769,0.8571428571428571,0,0.9230769230769231
1000453,1,33.0,34,0.0,0,0.0,0.0,0.0294117647058823,0.9428571428571428,0,0.9705882352941176
1000454,1,39.0,40,0.0,0,0.675,84.14814814814815,0.025,0.9512195121951219,0,0.975
1000455,2,15.166666666666666,92,0.0,0,0.6304347826086957,22.0,0.0108695652173913,0.9247311827956989,0,5.2577319587628875
1000456,2,20.666666666666668,63,1.0,1,0.1111111111111111,3.2857142857142856,0.0158730158730158,0.9375,0,2.769230769230769
1000457,1,57.0,58,0.0,0,0.0,0.0,0.0172413793103448,0.9661016949152542,0,0.9827586206896551
1000458,1,18.0,19,0.0,0,0.0,0.0,0.0526315789473684,0.9,0,0.9473684210526315
1000459,1,89.0,90,0.0,0,0.0,0.0,0.0111111111111111,0.978021978021978,0,0.9888888888888889
1000460,1,21.0,22,0.0,0,0.0,0.0,0.0454545454545454,0.9130434782608695,0,0.9545454545454546
1000461,1,160.0,161,0.0,0,0.0,0.0,0.0062111801242236,0.9876543209876543,0,0.9937888198757764
1000462,1,45.0,46,0.0,0,0.0,0.0,0.0217391304347826,0.9574468085106383,0,0.9782608695652174
1000463,1,120.0,121,0.0,0,0.0,0.0,0.0082644628099173,0.9836065573770492,0,0.9917355371900827
1000464,0,0.0,0,0.0,0,0.0,0.0,0.0,0.0,0,0.0
1000465,0,0.0,0,0.0,0,0.0,0.0,0.0,0.0,0,0.0
1000466,0,0.0,0,0.0,0,0.0,0.0,0.0,0.0,0,0.0
1000467,0,0.0,0,0.0,0,0.0,0.0,0.0,0.0,0,0.0
1000468,0,0.0,0,0.0,0,0.0,0.0,0.0,0.0,0,0.0
1000469,0,0.0,0,0.0,0,0.0,0.0,0.0,0.0,0,0.0
1000470,0,0.0,0,0.0,0,0.0,0.0,0.0,0.0,0,0.0
1000472,4,2.8125,226,0.0166666666666666,0,0.7743362831858407,4739.057142857143,0.0044247787610619,0.6431718061674009,1,22.295081967213115
1000474,2,10.0,41,0.0,0,0.6341463414634146,11.884615384615383,0.024390243902439,0.8809523809523809,0,3.3636363636363638
1000475,2,6.333333333333333,20,0.0,0,0.8,23.4375,0.05,0.8095238095238095,0,2.3181818181818183
1000477,3,3.282608695652174,152,0.0238095238095238,0,0.875,15.834586466165414,0.006578947368421,0.6928104575163399,1,9.573604060913706
1000478,1,40.0,41,0.0,0,0.2682926829268293,40.81818181818182,0.024390243902439,0.9523809523809523,0,0.975609756097561
1000479,1,28.0,29,0.0,0,0.7931034482758621,22.782608695652176,0.0344827586206896,0.9333333333333333,0,0.9655172413793104
1000480,2,4.5,10,0.0,0,0.9,47.66666666666666,0.1,0.7272727272727273,0,1.4545454545454546
1000481,1,7.0,8,0.0,0,0.875,30.142857142857142,0.125,0.7777777777777778,0,0.875
1000482,1,30.0,31,0.0,0,0.7741935483870968,137.66666666666666,0.032258064516129,0.9375,0,0.967741935483871
1000483,2,1.7142857142857142,13,0.25,0,0.6923076923076923,28.55555555555556,0.0769230769230769,0.42857142857142855,0,2.2105263157894735
1000485,1,14.0,15,0.0,0,0.9333333333333332,4.071428571428571,0.0666666666666666,0.875,0,0.9333333333333333
1000486,1,12.0,13,0.0,0,0.9230769230769232,0.5833333333333334,0.0769230769230769,0.8571428571428571,0,0.9230769230769231
1000487,1,33.0,34,0.0,0,0.8823529411764706,835.4666666666667,0.0294117647058823,0.9428571428571428,0,0.9705882352941176
1000488,3,3.0,40,0.1,0,0.85,22.558823529411764,0.025,0.6585365853658537,1,5.25
1000489,1,18.0,19,0.0,0,0.8421052631578947,0.0,0.0526315789473684,0.9,0,0.9473684210526315
1000490,2,3.2,17,0.0,0,0.7058823529411765,415.5833333333333,0.0588235294117647,0.6666666666666666,0,1.4285714285714286
1000491,1,8.0,9,0.0,0,0.8888888888888888,3.375,0.1111111111111111,0.8,0,0.8888888888888888
1000492,1,68.0,69,0.0,0,0.7246376811594203,8.92,0.0144927536231884,0.9714285714285714,0,0.9855072463768116
1000493,4,2.655172413793104,155,0.0,0,0.9935483870967742,135.14285714285714,0.0064516129032258,0.6217948717948718,1,26.26415094339622
1000494,3,2.3684210526315788,91,0.0294117647058823,0,0.9230769230769232,14.095238095238097,0.0109890109890109,0.5760869565217391,1,9.203125
1000495,3,2.891304347826087,134,0.0,0,0.8283582089552238,500.2972972972973,0.0074626865671641,0.6518518518518519,1,13.87709497206704
1000496,1,30.0,31,0.0,0,0.9032258064516128,289.07142857142856,0.032258064516129,0.9375,0,0.967741935483871
1000497,2,12.6,64,0.0,0,0.765625,65.65306122448979,0.015625,0.9076923076923077,0,4.264705882352941
1000499,2,5.571428571428571,79,0.0,0,0.9367088607594936,14693.648648648648,0.0126582278481012,0.8125,0,9.73913043478261
1000500,2,3.142857142857143,89,0.0416666666666666,0,0.9325842696629212,33.01204819277108,0.0112359550561797,0.6777777777777778,0,11.827586206896553
1000501,2,18.130434782608692,419,0.0,0,0.8568019093078759,21.050139275766018,0.0023809251921298,0.9428571428571428,0,20.59545454545455
1000502,2,5.6,29,0.0,0,0.5862068965517241,49.41176470588236,0.0344827586206896,0.8,0,3.484848484848485
1000503,2,8.75,71,0.0,0,0.5352112676056338,35.21052631578947,0.0140845070422535,0.875,0,6.051282051282051
1000504,4,2.306122448979592,228,0.0,0,0.9736842105263158,93.72072072072072,0.004366643480949,0.5676855895196506,1,29.339506172839506
1000505,3,3.870967741935484,121,0.0,0,0.5950413223140496,24.36111111111111,0.0082644628099173,0.7377049180327869,1,7.185430463576159
1000506,2,5.21875,168,0.1923076923076923,0,0.7916666666666666,15.045112781954888,0.0059523809523809,0.8047337278106509,0,21.547738693467338
1000507,2,3.0,133,0.05,0,0.5338345864661654,12.394366197183098,0.0075187969924812,0.664179104477612,0,19.5
1000508,2,11.238095238095235,237,0.4,0,0.729957805907173,142.6184971098266,0.0042194092827004,0.907563025210084,0,17.649805447470822
1000509,3,5.271428571428571,370,0.123076923076923,0,0.8108108108108109,9.923333333333334,0.0027027027027027,0.8086253369272237,1,40.97949886104784
1000510,1,126.0,127,0.0,0,0.7716535433070866,35.5,0.0078740157480314,0.984375,0,0.9921259842519685
1000511,1,86.0,87,0.0,0,0.7816091954022989,660.2647058823529,0.0114942528735632,0.9772727272727273,0,0.9885057471264368
1000512,3,6.85,138,0.0,0,0.7681159420289855,711.6981132075472,0.0072463768115942,0.8489208633093526,1,14.012738853503185
1000513,3,3.2285714285714286,114,0.4545454545454545,0,0.6754385964912281,66.06493506493507,0.0087719298245614,0.6869565217391305,1,18.20945945945946
1000514,3,4.282051282051282,168,0.0263157894736842,0,0.9226190476190476,42.47096774193548,0.0059523809523809,0.7633136094674556,1,21.393203883495147
1000515,3,3.16,80,0.2857142857142857,0,0.8125,26.32307692307692,0.0125,0.6790123456790124,1,7.211538461538462
1000516,3,3.8461538461538463,51,0.125,0,0.9019607843137256,22.23913043478261,0.0196078431372549,0.7307692307692307,1,4.333333333333333
1000517,2,2.4,13,0.0,0,0.8461538461538461,48.09090909090909,0.0769230769230769,0.5714285714285714,0,2.3529411764705883
1000518,3,4.0,165,0.0,0,0.7212121212121212,95.7563025210084,0.006060606060606,0.7469879518072289,1,23.4
1000519,2,4.418604651162791,191,0.3333333333333333,0,0.6282722513089005,65.68333333333334,0.0052356020942408,0.7708333333333334,0,27.31330472103004
1000520,2,4.2727272727272725,95,0.0,0,0.5894736842105263,19.375,0.0105263157894736,0.7604166666666666,0,13.465517241379311
1000521,2,11.142857142857142,79,0.0,0,0.4050632911392405,62.96875,0.0126582278481012,0.9,0,5.764705882352941
1000522,1,95.0,96,0.0,0,0.8645833333333334,0.0120481927710843,0.0104166666666666,0.979381443298969,0,0.9895833333333334
1000523,2,98.0,197,0.0,0,0.8223350253807107,59.3641975308642,0.0050761421319796,0.9848484848484849,0,1.9696969696969697
1000524,3,4.96969696969697,165,0.0,0,0.8242424242424242,82.30147058823529,0.006060606060606,0.7951807228915663,1,17.086294416243653
1000525,1,17.0,18,0.0,0,0.8333333333333334,19.53333333333333,0.0555555555555555,0.8947368421052632,0,0.9444444444444444
1000526,4,3.152941176470588,269,0.106060606060606,0,0.8475836431226765,14.719298245614034,0.0037174721189591,0.6814814814814815,1,32.9886685552408
1000527,4,2.560606060606061,170,0.0,0,0.3588235294117647,67.0327868852459,0.0058823529411764,0.6081871345029239,1,8.98723404255319
1000528,3,4.25,120,0.0833333333333333,0,0.6583333333333333,169.9240506329114,0.0083333333333333,0.7603305785123967,1,16.571428571428573
1000529,1,62.0,63,0.0,0,0.984126984126984,151.96774193548387,0.0158730158730158,0.96875,0,0.9841269841269841
1000530,1,65.0,66,0.0,0,0.8787878787878788,73.44827586206897,0.0151515151515151,0.9701492537313433,0,0.9848484848484849
1000531,1,9.0,10,0.0,0,0.8,40.875,0.1,0.8181818181818182,0,0.9
1000532,1,10.0,11,0.0,0,0.7272727272727273,100.375,0.0909090909090909,0.8333333333333334,0,0.9090909090909091
1000533,2,3.8666666666666663,59,0.125,0,0.8135593220338984,22.4375,0.0169491525423728,0.7333333333333333,0,9.04109589041096
1000534,1,80.0,81,0.0,0,0.8765432098765432,40.83098591549296,0.0123456790123456,0.975609756097561,0,0.9876543209876543
1000535,1,23.0,24,0.0,0,0.8333333333333334,45.6,0.0416666666666666,0.92,0,0.9583333333333334
1000536,2,4.7,48,0.0,0,0.8958333333333334,305.93023255813955,0.0208333333333333,0.7755102040816326,0,6.315789473684211
1000537,1,24.0,25,0.0,0,0.68,40.588235294117645,0.04,0.9230769230769231,0,0.96
1000538,1,75.0,76,0.0,0,0.5789473684210527,38.15909090909091,0.0131578947368421,0.974025974025974,0,0.9868421052631579
1000539,2,38.8,195,0.0,0,0.5128205128205128,45.81,0.0051282051282051,0.9693877551020408,0,4.748743718592965
1000540,3,4.538461538461538,60,0.0,0,0.8333333333333334,31.8,0.0166666666666666,0.7704918032786885,1,6.5
1000541,2,10.483516483516484,955,0.0,0,0.237696335078534,134.7444933920705,0.0010471204188481,0.9037656903765691,0,75.23827751196173
1000542,2,13.4,135,0.0,0,0.562962962962963,47.47368421052632,0.0074074074074074,0.9191176470588235,0,8.680555555555555
1000543,2,7.578947368421052,145,0.0,0,0.6482758620689655,64.85106382978724,0.0068965517241379,0.863013698630137,0,14.68711656441718
1000544,1,98.0,99,0.0,0,0.7272727272727273,932.5138888888888,0.0101010101010101,0.98,0,0.98989898989899
1000545,3,3.803921568627451,195,0.0714285714285714,0,0.8205128205128205,63.85,0.0051282051282051,0.7346938775510204,1,27.06122448979592
1000546,5,2.709090909090909,150,0.0444444444444444,0,0.8866666666666667,98.17293233082708,0.0066666666666666,0.6291390728476821,1,11.053921568627452
1000547,2,11.65,234,0.0555555555555555,0,0.8632478632478633,25.11881188118812,0.0042735042735042,0.9106382978723404,0,16.284584980237153
1000548,2,14.5,30,0.0,0,0.8666666666666667,28.73076923076923,0.0333333333333333,0.9032258064516129,0,1.8064516129032258
1000549,3,3.9444444444444446,72,0.0,0,0.4722222222222222,23.676470588235293,0.0138888888888888,0.7397260273972602,1,8.898876404494382
1000550,1,7.0,8,0.0,0,0.875,11.285714285714286,0.125,0.7777777777777778,0,0.875
1000551,1,30.0,31,0.0,0,0.8387096774193549,125.07692307692308,0.032258064516129,0.9375,0,0.967741935483871
1000552,3,3.071428571428572,87,0.1904761904761904,0,0.8045977011494253,26.27142857142857,0.0114942528735632,0.6704545454545454,1,9.333333333333332
1000553,2,17.333333333333332,53,0.0,0,0.3773584905660377,51.9,0.0188679245283018,0.9259259259259259,0,2.7272727272727275
1000554,3,8.444444444444445,77,0.0,0,0.8831168831168831,123.16176470588236,0.0129870129870129,0.8717948717948718,1,7.094117647058823
1000555,1,72.0,73,0.0,0,0.9178082191780822,16.82089552238806,0.0136986301369863,0.972972972972973,0,0.9863013698630136
1000556,1,34.0,35,0.0,0,0.9714285714285714,96.97058823529412,0.0285714285714285,0.9444444444444444,0,0.9714285714285714
1000558,1,15.0,16,0.0,0,0.9375,5098.733333333334,0.0625,0.8823529411764706,0,0.9375
1000559,2,6.0,25,0.0,0,0.84,2082.6666666666665,0.04,0.8076923076923077,0,3.0
1000560,2,7.5,16,0.0,0,0.875,3424.5,0.0625,0.8235294117647058,0,1.6470588235294117
1000561,1,19.0,20,0.0,0,0.9,8.5,0.05,0.9047619047619048,0,0.95
1000562,2,9.333333333333334,29,0.0,0,0.9310344827586208,1.7777777777777777,0.0344827586206896,0.8666666666666667,0,2.32258064516129
1000563,1,82.0,83,0.0,0,0.6746987951807228,404.2678571428572,0.0120481927710843,0.9761904761904762,0,0.9879518072289156
1000564,2,3.519230769230769,184,0.0784313725490196,0,0.9456521739130436,13.10344827586207,0.0054347826086956,0.7135135135135136,0,17.92340425531915
1000565,2,5.097222222222222,368,0.0,0,0.9538043478260868,823.8319088319088,0.0027173913043478,0.8021680216802168,0,17.712984054669704
1000566,2,4.571428571428571,33,0.3333333333333333,0,0.9696969696969696,297.0625,0.0303030303030303,0.7647058823529411,0,4.666666666666667
1000567,2,8.862068965517242,258,0.1666666666666666,0,0.2558139534883721,0.8484848484848485,0.003875968992248,0.8841698841698842,0,3.0419580419580416
1000569,2,8.0,25,0.0,0,0.84,1.7142857142857142,0.04,0.8461538461538461,0,2.4444444444444446
1000570,3,4.310344827586207,126,0.3333333333333333,0,0.6984126984126984,13.079545454545457,0.0079365079365079,0.7637795275590551,1,14.876623376623375
1000571,2,18.33333333333333,56,0.0,0,0.0892857142857142,392.0,0.0178571428571428,0.9298245614035088,0,2.7413793103448283
1000572,1,11.0,12,0.0,0,0.8333333333333334,1.1,0.0833333333333333,0.8461538461538461,0,0.9166666666666666
1000573,3,2.294117647058824,40,0.4166666666666667,0,0.85,3.5294117647058822,0.025,0.5609756097560976,1,4.553571428571428
1000574,5,4.315789473684211,83,0.1428571428571428,0,0.4337349397590361,16.63888888888889,0.0120481927710843,0.7619047619047619,1,9.594059405940595
1000575,3,6.6,67,0.6666666666666666,1,0.5373134328358209,1.6666666666666667,0.0149253731343283,0.8382352941176471,1,7.105263157894737
1000576,4,4.777777777777778,87,0.6,1,0.4712643678160919,3.707317073170732,0.0114942528735632,0.7840909090909091,1,10.557692307692308
1000577,2,11.333333333333334,35,0.0,0,0.3714285714285714,339.38461538461536,0.0285714285714285,0.8888888888888888,0,2.5945945945945943
1000578,1,9.0,10,0.0,0,0.0,0.0,0.1,0.8181818181818182,0,0.9
1000579,1,7.0,8,0.0,0,0.125,0.0,0.125,0.7777777777777778,0,0.875
1000580,2,2.9,30,0.0,0,0.7666666666666667,20.130434782608692,0.0333333333333333,0.6451612903225806,0,5.128205128205129
1000581,1,32.0,33,0.0,0,0.8181818181818182,8.925925925925926,0.0303030303030303,0.9411764705882353,0,0.9696969696969697
1000582,1,34.0,35,0.0,0,0.9714285714285714,5.588235294117647,0.0285714285714285,0.9444444444444444,0,0.9714285714285714
1000583,2,5.875,48,0.0,0,0.8541666666666666,30.97560975609756,0.0208333333333333,0.8163265306122449,0,5.818181818181818
1000584,2,13.5,55,0.0,0,0.5272727272727272,44.82758620689656,0.0181818181818181,0.9107142857142857,0,3.4482758620689653
1000585,3,4.125,34,0.6666666666666666,1,0.6176470588235294,19.142857142857142,0.0294117647058823,0.7428571428571429,1,3.707317073170732
1000586,3,13.846153846153848,181,0.2,0,0.9447513812154696,15.280701754385966,0.005524861878453,0.9230769230769231,1,10.911917098445594
1000587,2,4.1,42,0.4285714285714285,0,0.7142857142857143,2.2666666666666666,0.0238095238095238,0.7441860465116279,0,6.274509803921569
1000588,1,189.0,190,0.0,0,0.8526315789473684,147.3827160493827,0.0052631578947368,0.9895287958115183,0,0.9947368421052631
1000589,2,2.5789473684210527,50,0.3333333333333333,0,0.46,5.739130434782608,0.02,0.6078431372549019,0,8.382352941176471
1000590,3,6.818181818181818,76,0.5,0,0.6710526315789473,3.215686274509804,0.0131578947368421,0.8441558441558441,1,7.930232558139535
1000591,3,5.411764705882353,93,0.2727272727272727,0,0.7634408602150538,8.901408450704226,0.010752688172043,0.8085106382978723,1,9.20183486238532
1000592,3,2.55,52,0.1111111111111111,0,0.5384615384615384,20.428571428571427,0.0192307692307692,0.6037735849056604,1,4.507042253521127
1000593,1,100.0,101,0.0,0,0.7524752475247525,169.77631578947367,0.0099009900990099,0.9803921568627451,0,0.9900990099009901
1000595,3,3.5,15,0.0,0,0.9333333333333332,19234.071428571428,0.0666666666666666,0.6875,1,2.2222222222222223
1000597,3,18.0,91,0.0,0,0.7252747252747253,70.89393939393939,0.0109890109890109,0.9347826086956522,1,4.526315789473684
1000598,4,3.6666666666666665,177,0.1176470588235294,0,0.8192090395480226,187.7379310344828,0.0056497175141242,0.7247191011235955,1,25.28571428571429
1000599,3,6.0,49,0.2,0,0.9387755102040816,40.58695652173913,0.0204081632653061,0.82,1,5.857142857142857
1000600,2,5.0,16,0.0,0,0.75,0.5,0.0625,0.7647058823529411,0,2.1666666666666665
1000601,3,2.238095238095238,48,0.1111111111111111,0,0.8958333333333334,27.162790697674417,0.0208333333333333,0.5510204081632653,1,7.411764705882353
1000602,2,3.75,16,0.0,0,0.5625,41.333333333333336,0.0625,0.7058823529411765,0,2.526315789473684
1000603,5,2.5789473684210527,491,0.144927536231884,0,0.7637474541751528,227.824,0.0020366598778004,0.6117886178861789,1,38.55882352941176
1000604,2,118.5,238,0.0,0,0.5126050420168067,1.1721311475409837,0.0042016806722689,0.9874476987447699,0,1.9748953974895398
1000605,2,71.0,214,0.0,0,0.6915887850467289,28.14189189189189,0.0046728971962616,0.9813953488372092,0,2.9305555555555554
1000606,3,5.0,26,1.0,1,0.8846153846153846,0.2608695652173913,0.0384615384615384,0.7777777777777778,1,2.3333333333333335
1000607,3,4.971428571428572,175,0.1052631578947368,0,0.6857142857142857,895.0916666666667,0.0057142857142857,0.7954545454545454,1,22.105263157894733
1000608,2,14.666666666666666,89,0.0,0,0.8539325842696629,77.27631578947368,0.0112359550561797,0.9222222222222223,0,5.23404255319149
1000609,4,6.55,132,0.3333333333333333,0,0.803030303030303,226.4811320754717,0.0075757575757575,0.8421052631578947,1,13.642384105960264
1000610,4,4.694444444444445,170,0.0526315789473684,0,0.7941176470588235,4231.37037037037,0.0058823529411764,0.783625730994152,1,23.004878048780487
1000611,3,9.705882352941176,331,0.0909090909090909,0,0.6616314199395771,1026.5433789954338,0.0030211480362537,0.8945783132530121,1,26.994505494505496
1000612,3,2.4901960784313726,382,0.072072072072072,0,0.7774869109947644,102.82491582491582,0.0026178010471204,0.597911227154047,1,46.41573033707865
1000613,4,1.803921568627451,93,0.64,1,0.978494623655914,161.25274725274724,0.010752688172043,0.44680851063829785,1,11.412587412587413
1000614,3,2.806201550387597,363,0.4393939393939394,0,0.5895316804407713,3.616822429906542,0.0027548209366391,0.6428571428571429,1,45.45213849287169
1000615,2,17.4,88,0.0,0,0.2613636363636363,403.5652173913044,0.0113636363636363,0.9325842696629213,0,4.510869565217392
1000616,2,12.4,125,0.0,0,0.264,1022.3333333333334,0.008,0.9126984126984127,0,8.507462686567164
1000617,2,47.0,95,0.0,0,0.5263157894736842,246.7,0.0105263157894736,0.96875,0,1.9375
1000618,3,4.925925925925926,134,0.0,0,0.6417910447761194,618.4302325581396,0.0074626865671641,0.7925925925925926,1,17.04375
1000619,2,9.615384615384617,126,0.0,0,0.9047619047619048,965.1052631578948,0.0079365079365079,0.889763779527559,0,10.550724637681158
1000620,2,2.5,16,0.2,0,0.9375,2.933333333333333,0.0625,0.5882352941176471,0,1.4285714285714286
1000621,3,2.333333333333333,22,0.125,0,0.9545454545454546,55.095238095238095,0.0454545454545454,0.5652173913043478,1,3.6000000000000005
1000622,4,2.839080459770115,248,0.073170731707317,0,0.7016129032258065,29.729885057471265,0.0040322580645161,0.6465863453815262,1,39.07185628742515
1000623,3,13.416666666666666,323,0.0454545454545454,0,0.9040247678018576,234.2294520547945,0.0030959752321981,0.9228395061728395,1,20.670520231213874
1000624,5,2.7472527472527477,251,0.1166666666666666,0,0.5976095617529881,42.38666666666666,0.0039840637450199,0.6349206349206349,1,9.873900293255131
1000625,1,36.0,37,0.0,0,0.972972972972973,19.0,0.027027027027027,0.9473684210526315,0,0.972972972972973
1000626,1,4.0,5,0.0,0,0.8,0.25,0.2,0.6666666666666666,0,0.8
1000627,1,8.0,9,0.0,0,0.8888888888888888,3.875,0.1111111111111111,0.8,0,0.8888888888888888
1000628,3,4.0,33,0.2857142857142857,0,0.8181818181818182,0.2592592592592592,0.0303030303030303,0.7352941176470589,1,3.6
1000629,3,4.7073170731707314,194,0.1333333333333333,0,0.7216494845360825,22.935714285714287,0.0051546391752577,0.7846153846153846,1,26.10683760683761
1000630,2,6.5,14,0.0,0,0.8571428571428571,11.833333333333334,0.0714285714285714,0.8,0,1.6
1000631,2,1.5,7,0.0,0,0.7142857142857143,5918.0,0.1428571428571428,0.375,0,1.2
1000632,1,6.0,7,0.0,0,0.8571428571428571,0.0,0.1428571428571428,0.75,0,0.8571428571428571
1000633,3,5.277777777777778,96,0.25,0,0.9270833333333334,7.123595505617978,0.0104166666666666,0.8041237113402062,1,12.106194690265488
1000634,4,2.3229813664596275,375,0.3018867924528302,0,0.512,9.151041666666666,0.0026666666666666,0.5691489361702128,1,48.14953271028037
1000635,4,3.3157894736842106,127,0.7,1,0.7244094488188977,2.369565217391304,0.0078740157480314,0.6953125,1,20.15853658536585
1000636,1,30.0,31,0.0,0,0.7096774193548387,1.5454545454545454,0.032258064516129,0.9375,0,0.967741935483871
1000637,3,5.2,79,0.625,1,0.7215189873417721,9.473684210526317,0.0126582278481012,0.8,1,9.516129032258064
1000638,2,5.454545454545454,61,0.0,0,0.9836065573770492,0.6666666666666666,0.0163934426229508,0.8064516129032258,0,1.5492957746478875
1000639,1,10.0,11,0.0,0,0.6363636363636364,0.0,0.0909090909090909,0.8333333333333334,0,0.9090909090909091
1000640,1,9.0,10,0.0,0,0.8,1.0,0.1,0.8181818181818182,0,0.9
1000641,1,5.0,6,0.0,0,0.8333333333333334,54.0,0.1666666666666666,0.7142857142857143,0,0.8333333333333334
1000642,2,3.25,14,0.0,0,0.2857142857142857,320.0,0.0714285714285714,0.6666666666666666,0,2.3529411764705883
1000643,2,1.5,7,0.0,0,0.8571428571428571,8.333333333333334,0.1428571428571428,0.375,0,1.2
1000644,2,2.0,5,1.0,1,0.8,630.0,0.2,0.5,0,1.0
1000645,2,2.2,12,0.0,0,0.5833333333333334,654.2857142857143,0.0833333333333333,0.5384615384615384,0,1.25
1000646,3,2.0,25,0.3333333333333333,0,0.6,0.5333333333333333,0.04,0.5,1,4.0
1000647,4,2.176470588235294,75,0.3333333333333333,0,0.5066666666666667,4.368421052631579,0.0133333333333333,0.5394736842105263,1,10.38888888888889
1000648,2,108.0,217,0.0,0,0.9262672811059908,260.0497512437811,0.0046082949308755,0.9862385321100917,0,1.9724770642201834
1000649,1,32.0,33,0.0,0,0.8181818181818182,4.666666666666667,0.0303030303030303,0.9411764705882353,0,0.9696969696969697
1000650,2,12.375,199,0.5,0,0.9045226130653268,324.2555555555556,0.0050251256281407,0.915,0,13.682242990654206
1000651,1,22.0,23,0.0,0,0.9130434782608696,12.142857142857142,0.0434782608695652,0.9166666666666666,0,0.9565217391304348
1000652,1,14.0,15,0.0,0,0.8,0.6666666666666666,0.0666666666666666,0.875,0,0.9333333333333333
1000653,1,6.0,7,0.0,0,0.8571428571428571,13.666666666666666,0.1428571428571428,0.75,0,0.8571428571428571
1000654,2,28.5,58,0.0,0,0.6379310344827587,817.3243243243244,0.0172413793103448,0.9491525423728814,0,1.8644067796610169
1000655,1,29.0,30,0.0,0,0.6666666666666666,4.25,0.0333333333333333,0.9354838709677419,0,0.9666666666666667
1000656,1,35.0,36,0.0,0,0.6944444444444444,1.8,0.0277777777777777,0.9459459459459459,0,0.9722222222222222
1000657,1,8.0,9,0.0,0,0.6666666666666666,0.0,0.1111111111111111,0.8,0,0.8888888888888888
1000658,3,3.4871794871794872,273,0.4615384615384615,0,0.63003663003663,16.569767441860463,0.0036630036630036,0.7116788321167883,1,36.994285714285716
1000659,2,14.0,57,1.0,1,0.5614035087719298,1.15625,0.0175438596491228,0.9137931034482759,0,3.533333333333333
1000660,1,4.0,5,0.0,0,0.8,137.5,0.2,0.6666666666666666,0,0.8
1000661,1,5.0,6,0.0,0,0.6666666666666666,57.5,0.1666666666666666,0.7142857142857143,0,0.8333333333333334
