khipu_id,structural_cluster,silhouette_score
1000000,1,0.33850118262364337
1000001,0,0.33850118262364337
1000002,1,0.33850118262364337
1000003,1,0.33850118262364337
1000004,1,0.33850118262364337
1000005,1,0.33850118262364337
1000006,2,0.33850118262364337
1000007,4,0.33850118262364337
1000008,2,0.33850118262364337
1000009,2,0.33850118262364337
1000010,2,0.33850118262364337
1000011,1,0.33850118262364337
1000012,2,0.33850118262364337
1000013,3,0.33850118262364337
1000014,3,0.33850118262364337
1000015,1,0.33850118262364337
1000017,1,0.33850118262364337
1000018,4,0.33850118262364337
1000019,1,0.33850118262364337
1000020,4,0.33850118262364337
1000021,1,0.33850118262364337
1000022,1,0.33850118262364337
1000023,4,0.33850118262364337
1000024,4,0.33850118262364337
1000025,4,0.33850118262364337
1000026,1,0.33850118262364337
1000027,3,0.33850118262364337
1000028,1,0.33850118262364337
1000029,2,0.33850118262364337
1000030,1,0.33850118262364337
1000031,1,0.33850118262364337
1000032,1,0.33850118262364337
1000033,1,0.33850118262364337
1000034,1,0.33850118262364337
1000035,1,0.33850118262364337
1000036,1,0.33850118262364337
1000037,1,0.33850118262364337
1000038,0,0.33850118262364337
1000039,6,0.33850118262364337
1000040,1,0.33850118262364337
1000041,1,0.33850118262364337
1000042,1,0.33850118262364337
1000043,1,0.33850118262364337
1000044,1,0.33850118262364337
1000045,1,0.33850118262364337
1000046,1,0.33850118262364337
1000047,1,0.33850118262364337
1000048,5,0.33850118262364337
1000049,1,0.33850118262364337
1000050,1,0.33850118262364337
1000051,1,0.33850118262364337
1000052,2,0.33850118262364337
1000053,6,0.33850118262364337
1000054,1,0.33850118262364337
1000055,0,0.33850118262364337
1000056,3,0.33850118262364337
1000057,6,0.33850118262364337
1000058,1,0.33850118262364337
1000059,1,0.33850118262364337
1000060,2,0.33850118262364337
1000061,2,0.33850118262364337
1000062,2,0.33850118262364337
1000063,1,0.33850118262364337
1000064,1,0.33850118262364337
1000065,3,0.33850118262364337
1000066,0,0.33850118262364337
1000067,1,0.33850118262364337
1000068,0,0.33850118262364337
1000069,0,0.33850118262364337
1000070,1,0.33850118262364337
1000071,6,0.33850118262364337
1000072,1,0.33850118262364337
1000073,1,0.33850118262364337
1000074,1,0.33850118262364337
1000075,5,0.33850118262364337
1000076,5,0.33850118262364337
1000077,6,0.33850118262364337
1000078,0,0.33850118262364337
1000079,1,0.33850118262364337
1000080,1,0.33850118262364337
1000081,1,0.33850118262364337
1000082,1,0.33850118262364337
1000083,2,0.33850118262364337
1000084,0,0.33850118262364337
1000085,1,0.33850118262364337
1000086,1,0.33850118262364337
1000087,1,0.33850118262364337
1000088,6,0.33850118262364337
1000089,4,0.33850118262364337
1000090,1,0.33850118262364337
1000091,1,0.33850118262364337
1000092,1,0.33850118262364337
1000093,1,0.33850118262364337
1000094,4,0.33850118262364337
1000096,4,0.33850118262364337
1000097,2,0.33850118262364337
1000098,3,0.33850118262364337
1000099,1,0.33850118262364337
1000100,1,0.33850118262364337
1000101,1,0.33850118262364337
1000103,4,0.33850118262364337
1000105,3,0.33850118262364337
1000106,1,0.33850118262364337
1000107,1,0.33850118262364337
1000108,1,0.33850118262364337
1000109,2,0.33850118262364337
1000110,1,0.33850118262364337
1000111,3,0.33850118262364337
1000112,0,0.33850118262364337
1000113,1,0.33850118262364337
1000114,1,0.33850118262364337
1000115,1,0.33850118262364337
1000116,1,0.33850118262364337
1000117,1,0.33850118262364337
1000118,5,0.33850118262364337
1000119,6,0.33850118262364337
1000120,1,0.33850118262364337
1000121,1,0.33850118262364337
1000122,1,0.33850118262364337
1000123,1,0.33850118262364337
1000124,6,0.33850118262364337
1000125,2,0.33850118262364337
1000126,2,0.33850118262364337
1000127,1,0.33850118262364337
1000128,1,0.33850118262364337
1000129,0,0.33850118262364337
1000130,0,0.33850118262364337
1000131,6,0.33850118262364337
1000132,1,0.33850118262364337
1000133,1,0.33850118262364337
1000134,0,0.33850118262364337
1000135,1,0.33850118262364337
1000136,0,0.33850118262364337
1000137,1,0.33850118262364337
1000138,1,0.33850118262364337
1000139,1,0.33850118262364337
1000140,4,0.33850118262364337
1000141,0,0.33850118262364337
1000142,1,0.33850118262364337
1000143,1,0.33850118262364337
1000144,2,0.33850118262364337
1000145,1,0.33850118262364337
1000146,2,0.33850118262364337
1000147,4,0.33850118262364337
1000148,4,0.33850118262364337
1000149,1,0.33850118262364337
1000150,1,0.33850118262364337
1000151,1,0.33850118262364337
1000152,1,0.33850118262364337
1000154,0,0.33850118262364337
1000155,0,0.33850118262364337
1000156,0,0.33850118262364337
1000157,0,0.33850118262364337
1000158,2,0.33850118262364337
1000159,1,0.33850118262364337
1000160,0,0.33850118262364337
1000161,1,0.33850118262364337
1000162,1,0.33850118262364337
1000163,1,0.33850118262364337
1000164,1,0.33850118262364337
1000165,1,0.33850118262364337
1000166,1,0.33850118262364337
1000167,1,0.33850118262364337
1000168,0,0.33850118262364337
1000169,1,0.33850118262364337
1000170,1,0.33850118262364337
1000171,1,0.33850118262364337
1000172,1,0.33850118262364337
1000173,0,0.33850118262364337
1000174,3,0.33850118262364337
1000176,3,0.33850118262364337
1000177,1,0.33850118262364337
1000178,1,0.33850118262364337
1000179,1,0.33850118262364337
1000180,3,0.33850118262364337
1000182,0,0.33850118262364337
1000183,4,0.33850118262364337
1000184,6,0.33850118262364337
1000185,2,0.33850118262364337
1000186,1,0.33850118262364337
1000187,1,0.33850118262364337
1000188,1,0.33850118262364337
1000189,1,0.33850118262364337
1000190,3,0.33850118262364337
1000191,1,0.33850118262364337
1000192,1,0.33850118262364337
1000194,0,0.33850118262364337
1000195,0,0.33850118262364337
1000196,0,0.33850118262364337
1000197,1,0.33850118262364337
1000198,2,0.33850118262364337
1000199,1,0.33850118262364337
1000200,1,0.33850118262364337
1000201,2,0.33850118262364337
1000204,3,0.33850118262364337
1000205,0,0.33850118262364337
1000206,1,0.33850118262364337
1000207,1,0.33850118262364337
1000208,2,0.33850118262364337
1000209,2,0.33850118262364337
1000210,2,0.33850118262364337
1000211,1,0.33850118262364337
1000212,1,0.33850118262364337
1000213,1,0.33850118262364337
1000214,1,0.33850118262364337
1000216,1,0.33850118262364337
1000217,0,0.33850118262364337
1000218,0,0.33850118262364337
1000220,1,0.33850118262364337
1000221,1,0.33850118262364337
1000222,1,0.33850118262364337
1000223,1,0.33850118262364337
1000224,0,0.33850118262364337
1000225,0,0.33850118262364337
1000226,0,0.33850118262364337
1000227,2,0.33850118262364337
1000228,1,0.33850118262364337
1000229,1,0.33850118262364337
1000230,1,0.33850118262364337
1000231,3,0.33850118262364337
1000232,3,0.33850118262364337
1000233,1,0.33850118262364337
1000234,6,0.33850118262364337
1000235,2,0.33850118262364337
1000236,1,0.33850118262364337
1000238,4,0.33850118262364337
1000239,2,0.33850118262364337
1000240,1,0.33850118262364337
1000241,3,0.33850118262364337
1000242,0,0.33850118262364337
1000243,1,0.33850118262364337
1000244,3,0.33850118262364337
1000245,1,0.33850118262364337
1000246,1,0.33850118262364337
1000247,3,0.33850118262364337
1000248,3,0.33850118262364337
1000249,1,0.33850118262364337
1000250,6,0.33850118262364337
1000251,1,0.33850118262364337
1000252,1,0.33850118262364337
1000253,1,0.33850118262364337
1000254,1,0.33850118262364337
1000255,1,0.33850118262364337
1000256,3,0.33850118262364337
1000257,0,0.33850118262364337
1000258,3,0.33850118262364337
1000259,6,0.33850118262364337
1000260,1,0.33850118262364337
1000261,1,0.33850118262364337
1000262,6,0.33850118262364337
1000263,1,0.33850118262364337
1000264,1,0.33850118262364337
1000265,1,0.33850118262364337
1000266,1,0.33850118262364337
1000267,6,0.33850118262364337
1000268,6,0.33850118262364337
1000269,1,0.33850118262364337
1000270,1,0.33850118262364337
1000271,1,0.33850118262364337
1000272,1,0.33850118262364337
1000273,4,0.33850118262364337
1000274,1,0.33850118262364337
1000275,4,0.33850118262364337
1000276,0,0.33850118262364337
1000277,1,0.33850118262364337
1000279,4,0.33850118262364337
1000280,1,0.33850118262364337
1000283,1,0.33850118262364337
1000285,2,0.33850118262364337
1000287,1,0.33850118262364337
1000288,1,0.33850118262364337
1000289,1,0.33850118262364337
1000290,3,0.33850118262364337
1000291,1,0.33850118262364337
1000292,4,0.33850118262364337
1000293,4,0.33850118262364337
1000295,1,0.33850118262364337
1000296,1,0.33850118262364337
1000297,1,0.33850118262364337
1000298,2,0.33850118262364337
1000299,2,0.33850118262364337
1000300,2,0.33850118262364337
1000301,2,0.33850118262364337
1000302,2,0.33850118262364337
1000303,1,0.33850118262364337
1000304,1,0.33850118262364337
1000305,2,0.33850118262364337
1000306,1,0.33850118262364337
1000307,1,0.33850118262364337
1000309,1,0.33850118262364337
1000310,1,0.33850118262364337
1000312,6,0.33850118262364337
1000313,1,0.33850118262364337
1000314,2,0.33850118262364337
1000315,1,0.33850118262364337
1000316,2,0.33850118262364337
1000317,1,0.33850118262364337
1000318,2,0.33850118262364337
1000319,2,0.33850118262364337
1000320,2,0.33850118262364337
1000321,4,0.33850118262364337
1000322,1,0.33850118262364337
1000323,2,0.33850118262364337
1000324,1,0.33850118262364337
1000325,3,0.33850118262364337
1000326,0,0.33850118262364337
1000327,2,0.33850118262364337
1000328,1,0.33850118262364337
1000329,4,0.33850118262364337
1000330,1,0.33850118262364337
1000331,6,0.33850118262364337
1000332,1,0.33850118262364337
1000333,1,0.33850118262364337
1000335,1,0.33850118262364337
1000336,6,0.33850118262364337
1000337,2,0.33850118262364337
1000338,1,0.33850118262364337
1000339,2,0.33850118262364337
1000340,2,0.33850118262364337
1000342,6,0.33850118262364337
1000344,6,0.33850118262364337
1000345,2,0.33850118262364337
1000346,6,0.33850118262364337
1000347,0,0.33850118262364337
1000348,0,0.33850118262364337
1000349,0,0.33850118262364337
1000350,0,0.33850118262364337
1000351,1,0.33850118262364337
1000352,2,0.33850118262364337
1000353,2,0.33850118262364337
1000354,0,0.33850118262364337
1000355,0,0.33850118262364337
1000356,1,0.33850118262364337
1000357,0,0.33850118262364337
1000358,2,0.33850118262364337
1000359,6,0.33850118262364337
1000361,4,0.33850118262364337
1000363,6,0.33850118262364337
1000365,6,0.33850118262364337
1000366,3,0.33850118262364337
1000367,2,0.33850118262364337
1000368,4,0.33850118262364337
1000369,6,0.33850118262364337
1000371,3,0.33850118262364337
1000374,6,0.33850118262364337
1000375,1,0.33850118262364337
1000376,6,0.33850118262364337
1000377,3,0.33850118262364337
1000378,1,0.33850118262364337
1000380,2,0.33850118262364337
1000381,6,0.33850118262364337
1000382,6,0.33850118262364337
1000383,6,0.33850118262364337
1000385,6,0.33850118262364337
1000386,1,0.33850118262364337
1000387,2,0.33850118262364337
1000388,0,0.33850118262364337
1000389,0,0.33850118262364337
1000390,1,0.33850118262364337
1000392,1,0.33850118262364337
1000393,1,0.33850118262364337
1000395,5,0.33850118262364337
1000396,2,0.33850118262364337
1000397,1,0.33850118262364337
1000398,1,0.33850118262364337
1000399,1,0.33850118262364337
1000400,2,0.33850118262364337
1000401,2,0.33850118262364337
1000402,1,0.33850118262364337
1000403,2,0.33850118262364337
1000404,1,0.33850118262364337
1000405,1,0.33850118262364337
1000406,2,0.33850118262364337
1000407,3,0.33850118262364337
1000408,1,0.33850118262364337
1000409,1,0.33850118262364337
1000410,1,0.33850118262364337
1000411,0,0.33850118262364337
1000412,0,0.33850118262364337
1000413,2,0.33850118262364337
1000414,0,0.33850118262364337
1000415,1,0.33850118262364337
1000416,1,0.33850118262364337
1000417,3,0.33850118262364337
1000418,2,0.33850118262364337
1000419,6,0.33850118262364337
1000420,1,0.33850118262364337
1000421,1,0.33850118262364337
1000422,1,0.33850118262364337
1000423,2,0.33850118262364337
1000424,1,0.33850118262364337
1000425,1,0.33850118262364337
1000426,1,0.33850118262364337
1000427,2,0.33850118262364337
1000428,1,0.33850118262364337
1000429,1,0.33850118262364337
1000430,1,0.33850118262364337
1000431,1,0.33850118262364337
1000432,2,0.33850118262364337
1000433,1,0.33850118262364337
1000434,3,0.33850118262364337
1000435,0,0.33850118262364337
1000436,1,0.33850118262364337
1000437,1,0.33850118262364337
1000438,3,0.33850118262364337
1000439,1,0.33850118262364337
1000440,0,0.33850118262364337
1000441,1,0.33850118262364337
1000442,1,0.33850118262364337
1000443,0,0.33850118262364337
1000444,3,0.33850118262364337
1000445,3,0.33850118262364337
1000446,1,0.33850118262364337
1000447,3,0.33850118262364337
1000448,2,0.33850118262364337
1000449,1,0.33850118262364337
1000450,1,0.33850118262364337
1000451,1,0.33850118262364337
1000452,1,0.33850118262364337
1000453,3,0.33850118262364337
1000454,1,0.33850118262364337
1000455,1,0.33850118262364337
1000456,3,0.33850118262364337
1000457,3,0.33850118262364337
1000458,3,0.33850118262364337
1000459,3,0.33850118262364337
1000460,3,0.33850118262364337
1000461,6,0.33850118262364337
1000462,3,0.33850118262364337
1000463,6,0.33850118262364337
1000464,3,0.33850118262364337
1000465,3,0.33850118262364337
1000466,3,0.33850118262364337
1000467,3,0.33850118262364337
1000468,3,0.33850118262364337
1000469,3,0.33850118262364337
1000470,3,0.33850118262364337
1000472,2,0.33850118262364337
1000474,1,0.33850118262364337
1000475,1,0.33850118262364337
1000477,2,0.33850118262364337
1000478,3,0.33850118262364337
1000479,1,0.33850118262364337
1000480,0,0.33850118262364337
1000481,0,0.33850118262364337
1000482,1,0.33850118262364337
1000483,0,0.33850118262364337
1000485,1,0.33850118262364337
1000486,1,0.33850118262364337
1000487,1,0.33850118262364337
1000488,2,0.33850118262364337
1000489,1,0.33850118262364337
1000490,1,0.33850118262364337
1000491,0,0.33850118262364337
1000492,6,0.33850118262364337
1000493,2,0.33850118262364337
1000494,2,0.33850118262364337
1000495,2,0.33850118262364337
1000496,1,0.33850118262364337
1000497,1,0.33850118262364337
1000499,5,0.33850118262364337
1000500,1,0.33850118262364337
1000501,1,0.33850118262364337
1000502,1,0.33850118262364337
1000503,1,0.33850118262364337
1000504,2,0.33850118262364337
1000505,2,0.33850118262364337
1000506,1,0.33850118262364337
1000507,1,0.33850118262364337
1000508,1,0.33850118262364337
1000509,4,0.33850118262364337
1000510,6,0.33850118262364337
1000511,6,0.33850118262364337
1000512,2,0.33850118262364337
1000513,2,0.33850118262364337
1000514,2,0.33850118262364337
1000515,2,0.33850118262364337
1000516,2,0.33850118262364337
1000517,0,0.33850118262364337
1000518,2,0.33850118262364337
1000519,1,0.33850118262364337
1000520,1,0.33850118262364337
1000521,3,0.33850118262364337
1000522,6,0.33850118262364337
1000523,6,0.33850118262364337
1000524,2,0.33850118262364337
1000525,1,0.33850118262364337
1000526,2,0.33850118262364337
1000527,2,0.33850118262364337
1000528,2,0.33850118262364337
1000529,6,0.33850118262364337
1000530,6,0.33850118262364337
1000531,0,0.33850118262364337
1000532,1,0.33850118262364337
1000533,1,0.33850118262364337
1000534,6,0.33850118262364337
1000535,1,0.33850118262364337
1000536,1,0.33850118262364337
1000537,1,0.33850118262364337
1000538,6,0.33850118262364337
1000539,1,0.33850118262364337
1000540,2,0.33850118262364337
1000541,4,0.33850118262364337
1000542,1,0.33850118262364337
1000543,1,0.33850118262364337
1000544,6,0.33850118262364337
1000545,2,0.33850118262364337
1000546,2,0.33850118262364337
1000547,1,0.33850118262364337
1000548,1,0.33850118262364337
1000549,2,0.33850118262364337
1000550,0,0.33850118262364337
1000551,1,0.33850118262364337
1000552,2,0.33850118262364337
1000553,3,0.33850118262364337
1000554,2,0.33850118262364337
1000555,6,0.33850118262364337
1000556,1,0.33850118262364337
1000558,1,0.33850118262364337
1000559,1,0.33850118262364337
1000560,1,0.33850118262364337
1000561,1,0.33850118262364337
1000562,1,0.33850118262364337
1000563,6,0.33850118262364337
1000564,1,0.33850118262364337
1000565,1,0.33850118262364337
1000566,1,0.33850118262364337
1000567,3,0.33850118262364337
1000569,1,0.33850118262364337
1000570,2,0.33850118262364337
1000571,3,0.33850118262364337
1000572,1,0.33850118262364337
1000573,2,0.33850118262364337
1000574,2,0.33850118262364337
1000575,2,0.33850118262364337
1000576,2,0.33850118262364337
1000577,3,0.33850118262364337
1000578,3,0.33850118262364337
1000579,3,0.33850118262364337
1000580,1,0.33850118262364337
1000581,1,0.33850118262364337
1000582,1,0.33850118262364337
1000583,1,0.33850118262364337
1000584,1,0.33850118262364337
1000585,2,0.33850118262364337
1000586,2,0.33850118262364337
1000587,1,0.33850118262364337
1000588,6,0.33850118262364337
1000589,3,0.33850118262364337
1000590,2,0.33850118262364337
1000591,2,0.33850118262364337
1000592,2,0.33850118262364337
1000593,6,0.33850118262364337
1000595,5,0.33850118262364337
1000597,2,0.33850118262364337
1000598,2,0.33850118262364337
1000599,2,0.33850118262364337
1000600,1,0.33850118262364337
1000601,2,0.33850118262364337
1000602,1,0.33850118262364337
1000603,4,0.33850118262364337
1000604,6,0.33850118262364337
1000605,6,0.33850118262364337
1000606,2,0.33850118262364337
1000607,2,0.33850118262364337
1000608,1,0.33850118262364337
1000609,2,0.33850118262364337
1000610,2,0.33850118262364337
1000611,4,0.33850118262364337
1000612,4,0.33850118262364337
1000613,2,0.33850118262364337
1000614,4,0.33850118262364337
1000615,3,0.33850118262364337
1000616,3,0.33850118262364337
1000617,1,0.33850118262364337
1000618,2,0.33850118262364337
1000619,1,0.33850118262364337
1000620,1,0.33850118262364337
1000621,2,0.33850118262364337
1000622,4,0.33850118262364337
1000623,2,0.33850118262364337
1000624,2,0.33850118262364337
1000625,1,0.33850118262364337
1000626,0,0.33850118262364337
1000627,0,0.33850118262364337
1000628,2,0.33850118262364337
1000629,2,0.33850118262364337
1000630,1,0.33850118262364337
1000631,0,0.33850118262364337
1000632,0,0.33850118262364337
1000633,2,0.33850118262364337
1000634,4,0.33850118262364337
1000635,2,0.33850118262364337
1000636,1,0.33850118262364337
1000637,2,0.33850118262364337
1000638,1,0.33850118262364337
1000639,1,0.33850118262364337
1000640,0,0.33850118262364337
1000641,0,0.33850118262364337
1000642,3,0.33850118262364337
1000643,0,0.33850118262364337
1000644,0,0.33850118262364337
1000645,0,0.33850118262364337
1000646,2,0.33850118262364337
1000647,2,0.33850118262364337
1000648,6,0.33850118262364337
1000649,1,0.33850118262364337
1000650,1,0.33850118262364337
1000651,1,0.33850118262364337
1000652,1,0.33850118262364337
1000653,0,0.33850118262364337
1000654,1,0.33850118262364337
1000655,1,0.33850118262364337
1000656,1,0.33850118262364337
1000657,0,0.33850118262364337
1000658,4,0.33850118262364337
1000659,1,0.33850118262364337
1000660,0,0.33850118262364337
1000661,0,0.33850118262364337
