khipu_id,depth,entropy,marginal_expressiveness,cumulative_entropy
1000000,0,0.0,0.0,0.0
1000000,1,2.161978178958206,2.161978178958206,2.161978178958206
1000000,2,0.9709505941661296,-1.1910275847920764,3.132928773124336
1000001,0,0.0,0.0,0.0
1000001,1,-1.4426951601859516e-10,-1.4426951601859516e-10,-1.4426951601859516e-10
1000002,0,0.0,0.0,0.0
1000002,1,2.681276368448425,2.681276368448425,2.681276368448425
1000002,2,1.7924812497834999,-0.8887951186649252,4.473757618231925
1000003,0,0.0,0.0,0.0
1000003,1,1.7551201510831962,1.7551201510831962,1.7551201510831962
1000003,2,1.950212064337669,0.19509191325447284,3.7053322154208654
1000004,0,0.0,0.0,0.0
1000004,1,2.058229416535608,2.058229416535608,2.058229416535608
1000004,2,1.9254106345193764,-0.13281878201623165,3.9836400510549845
1000005,0,0.0,0.0,0.0
1000005,1,0.2538784400096225,0.2538784400096225,0.2538784400096225
1000005,2,0.4138168500150947,0.1599384100054722,0.6676952900247173
1000006,0,0.0,0.0,0.0
1000006,1,1.4294732979270321,1.4294732979270321,1.4294732979270321
1000006,2,1.4700053883051014,0.04053209037806926,2.8994786862321336
1000006,3,-1.4426951601859516e-10,-1.470005388449371,2.899478686087864
1000007,0,0.0,0.0,0.0
1000007,1,2.6419319399048704,2.6419319399048704,2.6419319399048704
1000007,2,2.506985664545983,-0.13494627535888748,5.148917604450853
1000007,3,1.9602368284524387,-0.5467488360935442,7.109154432903292
1000008,0,0.0,0.0,0.0
1000008,1,0.9023932825064398,0.9023932825064398,0.9023932825064398
1000008,2,0.637387498933652,-0.2650057835727878,1.5397807814400917
1000008,3,-1.4426951601859516e-10,-0.6373874990779215,1.5397807812958222
1000009,0,0.0,0.0,0.0
1000009,1,2.169432262696767,2.169432262696767,2.169432262696767
1000009,2,2.3510099600662473,0.18157769736948026,4.520442222763014
1000009,3,1.5289659674950158,-0.8220439925712315,6.04940819025803
1000010,0,0.0,0.0,0.0
1000010,1,2.515599154732305,2.515599154732305,2.515599154732305
1000010,2,2.0758692959763794,-0.43972985875592574,4.5914684507086845
1000010,3,1.3567796488699617,-0.7190896471064177,5.948248099578646
1000011,0,0.0,0.0,0.0
1000011,1,0.7219280945988233,0.7219280945988233,0.7219280945988233
1000011,2,1.9406454490382683,1.218717354439445,2.662573543637092
1000012,0,0.0,0.0,0.0
1000012,1,2.875340721788652,2.875340721788652,2.875340721788652
1000012,2,2.002078405746426,-0.8732623160422261,4.877419127535077
1000012,3,1.4999999995671913,-0.5020784061792345,6.377419127102269
1000013,0,0.0,0.0,0.0
1000013,1,0.8708644689468255,0.8708644689468255,0.8708644689468255
1000014,0,0.0,0.0,0.0
1000014,1,1.4859595062396616,1.4859595062396616,1.4859595062396616
1000015,0,0.0,0.0,0.0
1000015,1,1.474122707380388,1.474122707380388,1.474122707380388
1000015,2,-1.4426951601859516e-10,-1.4741227075246575,1.4741227072361185
1000017,0,0.0,0.0,0.0
1000017,1,1.9857687319963595,1.9857687319963595,1.9857687319963595
1000017,2,1.392147223231726,-0.5936215087646335,3.3779159552280857
1000018,0,0.0,0.0,0.0
1000018,1,0.305624695432662,0.305624695432662,0.305624695432662
1000018,2,1.9328428024601694,1.6272181070275074,2.2384674978928314
1000018,3,0.9182958337659504,-1.014546968694219,3.156763331658782
1000019,0,0.0,0.0,0.0
1000019,1,1.7270578172858515,1.7270578172858515,1.7270578172858515
1000019,2,0.35335933473288234,-1.3736984825529692,2.080417152018734
1000020,0,0.0,0.0,0.0
1000020,1,1.9497820528253633,1.9497820528253633,1.9497820528253633
1000020,2,2.711646047092308,0.7618639942669445,4.661428099917671
1000020,3,2.345805995992908,-0.36584005109939977,7.007234095910579
1000020,4,1.6644977786233834,-0.6813082173695246,8.671731874533963
1000020,5,-1.4426951601859516e-10,-1.664497778767653,8.671731874389693
1000021,0,0.0,0.0,0.0
1000021,1,2.174955789914017,2.174955789914017,2.174955789914017
1000021,2,1.948493069643211,-0.22646272027080605,4.123448859557228
1000022,0,0.0,0.0,0.0
1000022,1,1.8852502101602862,1.8852502101602862,1.8852502101602862
1000022,2,1.569667009390681,-0.3155832007696051,3.454917219550967
1000023,0,0.0,0.0,0.0
1000023,1,2.4772134723695407,2.4772134723695407,2.4772134723695407
1000023,2,2.7429274502547254,0.2657139778851847,5.220140922624266
1000023,3,2.075074222307217,-0.6678532279475085,7.295215144931483
1000024,0,0.0,0.0,0.0
1000024,1,1.6231629039634772,1.6231629039634772,1.6231629039634772
1000024,2,1.2714020417050196,-0.3517608622584576,2.8945649456684968
1000024,3,-1.4426951601859516e-10,-1.271402041849289,2.8945649455242273
1000025,0,0.0,0.0,0.0
1000025,1,1.64719424389974,1.64719424389974,1.64719424389974
1000025,2,1.7404258911307524,0.0932316472310124,3.3876201350304926
1000025,3,-1.4426951601859516e-10,-1.740425891275022,3.387620134886223
1000026,0,0.0,0.0,0.0
1000026,1,0.7219280945988233,0.7219280945988233,0.7219280945988233
1000026,2,1.4999999995671913,0.778071904968368,2.2219280941660147
1000027,0,0.0,0.0,0.0
1000027,1,1.5394847564986933,1.5394847564986933,1.5394847564986933
1000027,2,1.4999999995671913,-0.039484756931501996,3.0394847560658844
1000028,0,0.0,0.0,0.0
1000028,1,-1.4426951601859516e-10,-1.4426951601859516e-10,-1.4426951601859516e-10
1000028,2,1.156779649014231,1.1567796491585005,1.1567796488699615
1000029,0,0.0,0.0,0.0
1000029,1,2.1665337065831194,2.1665337065831194,2.1665337065831194
1000029,2,2.577698262975307,0.41116455639218774,4.7442319695584265
1000029,3,-1.4426951601859516e-10,-2.5776982631195766,4.744231969414157
1000030,0,0.0,0.0,0.0
1000030,1,1.4958242284075354,1.4958242284075354,1.4958242284075354
1000030,2,0.6840384353505025,-0.8117857930570329,2.179862663758038
1000031,0,0.0,0.0,0.0
1000031,1,0.7495952569709409,0.7495952569709409,0.7495952569709409
1000032,0,0.0,0.0,0.0
1000032,1,1.4684366437140248,1.4684366437140248,1.4684366437140248
1000032,2,2.0584553858371026,0.5900187421230778,3.5268920295511275
1000033,0,0.0,0.0,0.0
1000033,1,0.9988455357066628,0.9988455357066628,0.9988455357066628
1000033,2,0.9999999997114609,0.001154464004798128,1.9988455354181238
1000034,0,0.0,0.0,0.0
1000034,1,2.281976370285732,2.281976370285732,2.281976370285732
1000034,2,1.6512001907654417,-0.6307761795202904,3.933176561051174
1000035,0,0.0,0.0,0.0
1000035,1,0.9999999997114609,0.9999999997114609,0.9999999997114609
1000035,2,1.3838077350312743,0.3838077353198134,2.383807734742735
1000036,0,0.0,0.0,0.0
1000036,1,0.9709505941661296,0.9709505941661296,0.9709505941661296
1000037,0,0.0,0.0,0.0
1000037,1,0.6912898691172499,0.6912898691172499,0.6912898691172499
1000037,2,1.2516291669550144,0.5603392978377645,1.9429190360722641
1000038,0,0.0,0.0,0.0
1000038,1,-1.4426951601859516e-10,-1.4426951601859516e-10,-1.4426951601859516e-10
1000038,2,-1.4426951601859516e-10,0.0,-2.8853903203719033e-10
1000039,0,0.0,0.0,0.0
1000039,1,2.17738091213624,2.17738091213624,2.17738091213624
1000040,0,0.0,0.0,0.0
1000040,1,1.64506193397864,1.64506193397864,1.64506193397864
1000040,2,1.5751145909778486,-0.06994734300079153,3.2201765249564884
1000041,0,0.0,0.0,0.0
1000041,1,1.2169752444665334,1.2169752444665334,1.2169752444665334
1000042,0,0.0,0.0,0.0
1000042,1,1.5707060670069322,1.5707060670069322,1.5707060670069322
1000042,2,0.5916727782937884,-0.9790332887131438,2.1623788453007204
1000043,0,0.0,0.0,0.0
1000043,1,1.4999999995671913,1.4999999995671913,1.4999999995671913
1000043,2,1.9999999994229218,0.4999999998557305,3.499999998990113
1000044,0,0.0,0.0,0.0
1000044,1,1.4999999995671913,1.4999999995671913,1.4999999995671913
1000044,2,2.0849624999998086,0.5849625004326173,3.584962499567
1000045,0,0.0,0.0,0.0
1000045,1,0.34728135023618223,0.34728135023618223,0.34728135023618223
1000045,2,1.1411506478772768,0.7938692976410946,1.488431998113459
1000046,0,0.0,0.0,0.0
1000046,1,0.30954342886178615,0.30954342886178615,0.30954342886178615
1000046,2,-1.4426951601859516e-10,-0.3095434290060557,0.3095434287175166
1000047,0,0.0,0.0,0.0
1000047,1,1.6575370022286402,1.6575370022286402,1.6575370022286402
1000047,2,1.4137995641728716,-0.24373743805576864,3.071336566401512
1000048,0,0.0,0.0,0.0
1000048,1,-1.4426951601859516e-10,-1.4426951601859516e-10,-1.4426951601859516e-10
1000049,0,0.0,0.0,0.0
1000049,1,-1.4426951601859516e-10,-1.4426951601859516e-10,-1.4426951601859516e-10
1000049,2,0.7219280945988233,0.7219280947430928,0.7219280944545539
1000050,0,0.0,0.0,0.0
1000050,1,2.0938086131172646,2.0938086131172646,2.0938086131172646
1000050,2,0.9709505941661296,-1.122858018951135,3.0647592072833945
1000051,0,0.0,0.0,0.0
1000051,1,1.6533383132006794,1.6533383132006794,1.6533383132006794
1000052,0,0.0,0.0,0.0
1000052,1,0.9999999997114609,0.9999999997114609,0.9999999997114609
1000052,2,1.3221793450838581,0.32217934537239723,2.322179344795319
1000052,3,-1.4426951601859516e-10,-1.3221793452281276,2.3221793446510497
1000053,0,0.0,0.0,0.0
1000053,1,1.025913896507243,1.025913896507243,1.025913896507243
1000054,0,0.0,0.0,0.0
1000054,1,-1.4426951601859516e-10,-1.4426951601859516e-10,-1.4426951601859516e-10
1000055,0,0.0,0.0,0.0
1000055,1,1.295836388858355,1.295836388858355,1.295836388858355
1000055,2,0.9999999997114609,-0.29583638914689414,2.295836388569816
1000056,0,0.0,0.0,0.0
1000056,1,0.9191427127445202,0.9191427127445202,0.9191427127445202
1000057,0,0.0,0.0,0.0
1000057,1,0.8918975851513755,0.8918975851513755,0.8918975851513755
1000058,0,0.0,0.0,0.0
1000058,1,0.6609623348556695,0.6609623348556695,0.6609623348556695
1000058,2,1.0529407601298262,0.3919784252741567,1.7139030949854956
1000059,0,0.0,0.0,0.0
1000059,1,1.3346791406187861,1.3346791406187861,1.3346791406187861
1000059,2,-1.4426951601859516e-10,-1.3346791407630556,1.3346791404745166
1000060,0,0.0,0.0,0.0
1000060,1,0.9957274517963866,0.9957274517963866,0.9957274517963866
1000060,2,0.9957274517963866,0.0,1.991454903592773
1000060,3,-1.4426951601859516e-10,-0.995727451940656,1.9914549034485036
1000061,0,0.0,0.0,0.0
1000061,1,0.9999999997114609,0.9999999997114609,0.9999999997114609
1000061,2,1.5849625002883474,0.5849625005768865,2.584962499999808
1000061,3,0.9999999997114609,-0.5849625005768865,3.5849624997112692
1000062,0,0.0,0.0,0.0
1000062,1,-1.4426951601859516e-10,-1.4426951601859516e-10,-1.4426951601859516e-10
1000062,2,0.9182958337659504,0.9182958339102198,0.9182958336216809
1000062,3,0.9182958337659504,0.0,1.8365916673876312
1000063,0,0.0,0.0,0.0
1000063,1,2.464379137388876,2.464379137388876,2.464379137388876
1000063,2,1.9455305553149786,-0.5188485820738973,4.409909692703854
1000064,0,0.0,0.0,0.0
1000064,1,1.8255729204794884,1.8255729204794884,1.8255729204794884
1000065,0,0.0,0.0,0.0
1000065,1,1.4878010168885245,1.4878010168885245,1.4878010168885245
1000066,0,0.0,0.0,0.0
1000066,1,-1.4426951601859516e-10,-1.4426951601859516e-10,-1.4426951601859516e-10
1000067,0,0.0,0.0,0.0
1000067,1,0.7219280945988233,0.7219280945988233,0.7219280945988233
1000067,2,1.5849625002883474,0.863034405689524,2.3068905948871707
1000068,0,0.0,0.0,0.0
1000068,1,-1.4426951601859516e-10,-1.4426951601859516e-10,-1.4426951601859516e-10
1000069,0,0.0,0.0,0.0
1000069,1,1.37095059402186,1.37095059402186,1.37095059402186
1000069,2,-1.4426951601859516e-10,-1.3709505941661295,1.3709505938775906
1000070,0,0.0,0.0,0.0
1000070,1,0.7642045062200812,0.7642045062200812,0.7642045062200812
1000070,2,-1.4426951601859516e-10,-0.7642045063643507,0.7642045060758117
1000071,0,0.0,0.0,0.0
1000071,1,2.791756898836823,2.791756898836823,2.791756898836823
1000072,0,0.0,0.0,0.0
1000072,1,1.5485806060900458,1.5485806060900458,1.5485806060900458
1000073,0,0.0,0.0,0.0
1000073,1,1.24067053124388,1.24067053124388,1.24067053124388
1000074,0,0.0,0.0,0.0
1000074,1,0.35335933473288234,0.35335933473288234,0.35335933473288234
1000074,2,-1.4426951601859516e-10,-0.3533593348771519,0.3533593345886128
1000075,0,0.0,0.0,0.0
1000075,1,1.5394847564986933,1.5394847564986933,1.5394847564986933
1000075,2,1.459147916594436,-0.08033683990425722,2.9986326730931294
1000076,0,0.0,0.0,0.0
1000076,1,1.7924812497834999,1.7924812497834999,1.7924812497834999
1000076,2,0.9999999997114609,-0.792481250072039,2.7924812494949607
1000077,0,0.0,0.0,0.0
1000077,1,1.4854752967945257,1.4854752967945257,1.4854752967945257
1000077,2,-1.4426951601859516e-10,-1.4854752969387952,1.4854752966502562
1000078,0,0.0,0.0,0.0
1000078,1,-1.4426951601859516e-10,-1.4426951601859516e-10,-1.4426951601859516e-10
1000078,2,-1.4426951601859516e-10,0.0,-2.8853903203719033e-10
1000079,0,0.0,0.0,0.0
1000079,1,2.4999999991343826,2.4999999991343826,2.4999999991343826
1000079,2,1.6125474868043055,-0.8874525123300772,4.112547485938688
1000080,0,0.0,0.0,0.0
1000080,1,1.0360543349713147,1.0360543349713147,1.0360543349713147
1000081,0,0.0,0.0,0.0
1000081,1,1.3257847807705223,1.3257847807705223,1.3257847807705223
1000081,2,0.9709505941661296,-0.3548341866043927,2.296735374936652
1000082,0,0.0,0.0,0.0
1000082,1,0.3372900663284749,0.3372900663284749,0.3372900663284749
1000083,0,0.0,0.0,0.0
1000083,1,1.6409775986799358,1.6409775986799358,1.6409775986799358
1000083,2,2.085724390025626,0.4447467913456902,3.7267019887055617
1000083,3,-1.4426951601859516e-10,-2.0857243901698954,3.726701988561292
1000084,0,0.0,0.0,0.0
1000084,1,0.6500224213598151,0.6500224213598151,0.6500224213598151
1000085,0,0.0,0.0,0.0
1000085,1,2.5977206376234885,2.5977206376234885,2.5977206376234885
1000085,2,1.49046857015575,-1.1072520674677384,4.088189207779239
1000086,0,0.0,0.0,0.0
1000086,1,1.950212064337669,1.950212064337669,1.950212064337669
1000087,0,0.0,0.0,0.0
1000087,1,2.1862781237377855,2.1862781237377855,2.1862781237377855
1000087,2,0.6500224213598151,-1.5362557023779704,2.8363005450976004
1000088,0,0.0,0.0,0.0
1000088,1,0.0,0.0,0.0
1000089,0,0.0,0.0,0.0
1000089,1,0.890560887687186,0.890560887687186,0.890560887687186
1000089,2,0.8545537843842643,-0.03600710330292167,1.7451146720714503
1000090,0,0.0,0.0,0.0
1000090,1,1.095795254568125,1.095795254568125,1.095795254568125
1000090,2,0.8112781241705938,-0.28451713039753135,1.9070733787387188
1000091,0,0.0,0.0,0.0
1000091,1,2.5068665421726357,2.5068665421726357,2.5068665421726357
1000091,2,-1.4426951601859516e-10,-2.506866542316905,2.5068665420283662
1000092,0,0.0,0.0,0.0
1000092,1,0.9957274517963866,0.9957274517963866,0.9957274517963866
1000093,0,0.0,0.0,0.0
1000093,1,0.9059282157544601,0.9059282157544601,0.9059282157544601
1000093,2,-1.4426951601859516e-10,-0.9059282158987296,0.9059282156101907
1000094,0,0.0,0.0,0.0
1000094,1,1.8469740598017874,1.8469740598017874,1.8469740598017874
1000094,2,1.0415043152875216,-0.8054697445142658,2.888478375089309
1000094,3,-1.4426951601859516e-10,-1.0415043154317911,2.8884783749450396
1000096,0,0.0,0.0,0.0
1000096,1,0.45940052126839426,0.45940052126839426,0.45940052126839426
1000096,2,1.983253164954141,1.5238526436857467,2.442653686222535
1000096,3,1.9749375006248489,-0.008315664329292094,4.417591186847384
1000097,0,0.0,0.0,0.0
1000097,1,0.8046914645152805,0.8046914645152805,0.8046914645152805
1000097,2,2.2164500126225306,1.41175854810725,3.021141477137811
1000097,3,0.9709505941661296,-1.245499418456401,3.992092071303941
1000098,0,0.0,0.0,0.0
1000098,1,0.9833761898506845,0.9833761898506845,0.9833761898506845
1000098,2,1.9528195303934357,0.9694433405427512,2.93619572024412
1000099,0,0.0,0.0,0.0
1000099,1,1.4582415494483039,1.4582415494483039,1.4582415494483039
1000100,0,0.0,0.0,0.0
1000100,1,1.5996275357642786,1.5996275357642786,1.5996275357642786
1000101,0,0.0,0.0,0.0
1000101,1,1.0906528028201836,1.0906528028201836,1.0906528028201836
1000101,2,1.459147916594436,0.3684951137742525,2.5498007194146197
1000103,0,0.0,0.0,0.0
1000103,1,0.9732068331066764,0.9732068331066764,0.9732068331066764
1000103,2,1.3628100234308862,0.38960319032420976,2.3360168565375625
1000105,0,0.0,0.0,0.0
1000105,1,0.6500224213598151,0.6500224213598151,0.6500224213598151
1000106,0,0.0,0.0,0.0
1000106,1,1.786301200594561,1.786301200594561,1.786301200594561
1000107,0,0.0,0.0,0.0
1000107,1,0.9967916316930976,0.9967916316930976,0.9967916316930976
1000108,0,0.0,0.0,0.0
1000108,1,1.1974776237081375,1.1974776237081375,1.1974776237081375
1000109,0,0.0,0.0,0.0
1000109,1,1.4999999995671913,1.4999999995671913,1.4999999995671913
1000109,2,0.9999999997114609,-0.4999999998557304,2.499999999278652
1000109,3,0.9999999997114609,0.0,3.499999998990113
1000110,0,0.0,0.0,0.0
1000110,1,1.2216949072035193,1.2216949072035193,1.2216949072035193
1000111,0,0.0,0.0,0.0
1000111,1,1.392147223231726,1.392147223231726,1.392147223231726
1000111,2,0.9999999997114609,-0.3921472235202651,2.392147222943187
1000112,0,0.0,0.0,0.0
1000112,1,1.9999999994229218,1.9999999994229218,1.9999999994229218
1000113,0,0.0,0.0,0.0
1000113,1,2.443221595242655,2.443221595242655,2.443221595242655
1000114,0,0.0,0.0,0.0
1000114,1,0.9999999997114609,0.9999999997114609,0.9999999997114609
1000114,2,0.9999999997114609,0.0,1.9999999994229218
1000115,0,0.0,0.0,0.0
1000115,1,0.04741445973828921,0.04741445973828921,0.04741445973828921
1000115,2,0.9709505941661296,0.9235361344278404,1.018365053904419
1000116,0,0.0,0.0,0.0
1000116,1,-1.4426951601859516e-10,-1.4426951601859516e-10,-1.4426951601859516e-10
1000117,0,0.0,0.0,0.0
1000117,1,0.4138168500150947,0.4138168500150947,0.4138168500150947
1000117,2,-1.4426951601859516e-10,-0.41381685015936426,0.4138168498708252
1000118,0,0.0,0.0,0.0
1000118,1,1.4746786889005918,1.4746786889005918,1.4746786889005918
1000119,0,0.0,0.0,0.0
1000119,1,0.8474179611291244,0.8474179611291244,0.8474179611291244
1000120,0,0.0,0.0,0.0
1000120,1,1.562105322687754,1.562105322687754,1.562105322687754
1000120,2,0.9999999997114609,-0.562105322976293,2.5621053223992147
1000121,0,0.0,0.0,0.0
1000121,1,1.2498025504761152,1.2498025504761152,1.2498025504761152
1000121,2,0.8904916399309523,-0.35931091054516295,2.1402941904070674
1000122,0,0.0,0.0,0.0
1000122,1,-1.4426951601859516e-10,-1.4426951601859516e-10,-1.4426951601859516e-10
1000123,0,0.0,0.0,0.0
1000123,1,1.381460854101261,1.381460854101261,1.381460854101261
1000124,0,0.0,0.0,0.0
1000124,1,1.8346996108505191,1.8346996108505191,1.8346996108505191
1000125,0,0.0,0.0,0.0
1000125,1,1.6228840261180018,1.6228840261180018,1.6228840261180018
1000125,2,1.3346791406187861,-0.28820488549921564,2.957563166736788
1000125,3,-1.4426951601859516e-10,-1.3346791407630556,2.9575631665925184
1000126,0,0.0,0.0,0.0
1000126,1,0.9321115673281356,0.9321115673281356,0.9321115673281356
1000126,2,0.9999999997114609,0.06788843238332531,1.9321115670395965
1000126,3,0.9999999997114609,0.0,2.9321115667510576
1000127,0,0.0,0.0,0.0
1000127,1,2.434117474064497,2.434117474064497,2.434117474064497
1000127,2,2.2345348531190488,-0.19958262094544832,4.668652327183546
1000128,0,0.0,0.0,0.0
1000128,1,1.2009102790767197,1.2009102790767197,1.2009102790767197
1000128,2,0.9132829637322903,-0.2876273153444293,2.11419324280901
1000129,0,0.0,0.0,0.0
1000129,1,0.9182958337659504,0.9182958337659504,0.9182958337659504
1000130,0,0.0,0.0,0.0
1000130,1,1.2516291669550144,1.2516291669550144,1.2516291669550144
1000130,2,1.5849625002883474,0.33333333333333304,2.8365916672433618
1000131,0,0.0,0.0,0.0
1000131,1,0.9134724274477152,0.9134724274477152,0.9134724274477152
1000132,0,0.0,0.0,0.0
1000132,1,-1.4426951601859516e-10,-1.4426951601859516e-10,-1.4426951601859516e-10
1000132,2,-1.4426951601859516e-10,0.0,-2.8853903203719033e-10
1000133,0,0.0,0.0,0.0
1000133,1,0.9910760595496831,0.9910760595496831,0.9910760595496831
1000134,0,0.0,0.0,0.0
1000134,1,-1.4426951601859516e-10,-1.4426951601859516e-10,-1.4426951601859516e-10
1000135,0,0.0,0.0,0.0
1000135,1,1.3260875249314898,1.3260875249314898,1.3260875249314898
1000136,0,0.0,0.0,0.0
1000136,1,0.7219280945988233,0.7219280945988233,0.7219280945988233
1000137,0,0.0,0.0,0.0
1000137,1,0.8904916399309523,0.8904916399309523,0.8904916399309523
1000137,2,-1.4426951601859516e-10,-0.8904916400752217,0.8904916397866828
1000138,0,0.0,0.0,0.0
1000138,1,0.8453509363338975,0.8453509363338975,0.8453509363338975
1000138,2,1.4911148494781075,0.64576391314421,2.336465785812005
1000139,0,0.0,0.0,0.0
1000139,1,1.5090275120998429,1.5090275120998429,1.5090275120998429
1000139,2,0.9999999997114609,-0.509027512388382,2.5090275118113037
1000140,0,0.0,0.0,0.0
1000140,1,2.3432095904590122,2.3432095904590122,2.3432095904590122
1000140,2,2.971944356003189,0.6287347655441766,5.3151539464622015
1000140,3,2.4250983678084133,-0.5468459881947756,7.740252314270615
1000141,0,0.0,0.0,0.0
1000141,1,0.5032583344871068,0.5032583344871068,0.5032583344871068
1000142,0,0.0,0.0,0.0
1000142,1,1.6854752966502564,1.6854752966502564,1.6854752966502564
1000143,0,0.0,0.0,0.0
1000143,1,1.4355917455951226,1.4355917455951226,1.4355917455951226
1000144,0,0.0,0.0,0.0
1000144,1,2.8731048800921064,2.8731048800921064,2.8731048800921064
1000144,2,1.3946169834217357,-1.4784878966703707,4.267721863513842
1000144,3,0.9999999997114609,-0.39461698371027476,5.267721863225303
1000145,0,0.0,0.0,0.0
1000145,1,2.1039321964485684,2.1039321964485684,2.1039321964485684
1000145,2,-1.4426951601859516e-10,-2.103932196592838,2.103932196304299
1000146,0,0.0,0.0,0.0
1000146,1,1.0723800725721606,1.0723800725721606,1.0723800725721606
1000146,2,1.2087030075051852,0.1363229349330246,2.281083080077346
1000146,3,-1.4426951601859516e-10,-1.2087030076494547,2.2810830799330764
1000146,4,-1.4426951601859516e-10,0.0,2.281083079788807
1000147,0,0.0,0.0,0.0
1000147,1,1.9366593405088315,1.9366593405088315,1.9366593405088315
1000147,2,1.3166584633903675,-0.620000877118464,3.253317803899199
1000147,3,0.9182958337659504,-0.39836262962441715,4.171613637665149
1000147,4,-1.4426951601859516e-10,-0.9182958339102198,4.171613637520879
1000148,0,0.0,0.0,0.0
1000148,1,1.6854168800639036,1.6854168800639036,1.6854168800639036
1000148,2,2.027233005529393,0.34181612546548923,3.7126498855932963
1000148,3,0.8453509363338975,-1.1818820691954954,4.558000821927194
1000149,0,0.0,0.0,0.0
1000149,1,0.7219280945988233,0.7219280945988233,0.7219280945988233
1000150,0,0.0,0.0,0.0
1000150,1,1.9974826027156776,1.9974826027156776,1.9974826027156776
1000150,2,-1.4426951601859516e-10,-1.997482602859947,1.997482602571408
1000151,0,0.0,0.0,0.0
1000151,1,1.8750079093421783,1.8750079093421783,1.8750079093421783
1000151,2,-1.4426951601859516e-10,-1.8750079094864478,1.8750079091979088
1000152,0,0.0,0.0,0.0
1000152,1,1.1541733925131183,1.1541733925131183,1.1541733925131183
1000152,2,1.6767370294750545,0.5225636369619362,2.8309104219881727
1000154,0,0.0,0.0,0.0
1000154,1,2.3219280941660148,2.3219280941660148,2.3219280941660148
1000155,0,0.0,0.0,0.0
1000155,1,-1.4426951601859516e-10,-1.4426951601859516e-10,-1.4426951601859516e-10
1000156,0,0.0,0.0,0.0
1000156,1,0.8112781241705938,0.8112781241705938,0.8112781241705938
1000156,2,-1.4426951601859516e-10,-0.8112781243148632,0.8112781240263243
1000157,0,0.0,0.0,0.0
1000157,1,0.9182958337659504,0.9182958337659504,0.9182958337659504
1000158,0,0.0,0.0,0.0
1000158,1,2.757075412159783,2.757075412159783,2.757075412159783
1000158,2,1.37095059402186,-1.386124818137923,4.128026006181643
1000158,3,0.9999999997114609,-0.3709505943103991,5.128026005893104
1000159,0,0.0,0.0,0.0
1000159,1,2.270054798144551,2.270054798144551,2.270054798144551
1000159,2,2.149214630072467,-0.12084016807208409,4.419269428217017
1000160,0,0.0,0.0,0.0
1000160,1,0.0,0.0,0.0
1000161,0,0.0,0.0,0.0
1000161,1,1.4999999995671913,1.4999999995671913,1.4999999995671913
1000162,0,0.0,0.0,0.0
1000162,1,0.945660304312101,0.945660304312101,0.945660304312101
1000162,2,-1.4426951601859516e-10,-0.9456603044563705,0.9456603041678315
1000163,0,0.0,0.0,0.0
1000163,1,-1.4426951601859516e-10,-1.4426951601859516e-10,-1.4426951601859516e-10
1000164,0,0.0,0.0,0.0
1000164,1,2.060919632955663,2.060919632955663,2.060919632955663
1000164,2,-1.4426951601859516e-10,-2.0609196330999326,2.0609196328113937
1000165,0,0.0,0.0,0.0
1000165,1,0.9228063971525489,0.9228063971525489,0.9228063971525489
1000165,2,-1.4426951601859516e-10,-0.9228063972968183,0.9228063970082794
1000166,0,0.0,0.0,0.0
1000166,1,1.2994705703644438,1.2994705703644438,1.2994705703644438
1000167,0,0.0,0.0,0.0
1000167,1,-1.4426951601859516e-10,-1.4426951601859516e-10,-1.4426951601859516e-10
1000167,2,-1.4426951601859516e-10,0.0,-2.8853903203719033e-10
1000168,0,0.0,0.0,0.0
1000168,1,-1.4426951601859516e-10,-1.4426951601859516e-10,-1.4426951601859516e-10
1000169,0,0.0,0.0,0.0
1000169,1,0.28639695682741717,0.28639695682741717,0.28639695682741717
1000170,0,0.0,0.0,0.0
1000170,1,0.9980008835837606,0.9980008835837606,0.9980008835837606
1000170,2,1.3162522195097688,0.3182513359260082,2.314253103093529
1000171,0,0.0,0.0,0.0
1000171,1,0.9182958337659504,0.9182958337659504,0.9182958337659504
1000172,0,0.0,0.0,0.0
1000172,1,1.0860486118802295,1.0860486118802295,1.0860486118802295
1000173,0,0.0,0.0,0.0
1000173,1,0.8112781241705938,0.8112781241705938,0.8112781241705938
1000174,0,0.0,0.0,0.0
1000174,1,0.0,0.0,0.0
1000176,0,0.0,0.0,0.0
1000176,1,0.9980008835837606,0.9980008835837606,0.9980008835837606
1000177,0,0.0,0.0,0.0
1000177,1,-1.4426951601859516e-10,-1.4426951601859516e-10,-1.4426951601859516e-10
1000177,2,-1.4426951601859516e-10,0.0,-2.8853903203719033e-10
1000178,0,0.0,0.0,0.0
1000178,1,0.9999999997114609,0.9999999997114609,0.9999999997114609
1000178,2,0.9886994079999585,-0.011300591711502439,1.9886994077114193
1000179,0,0.0,0.0,0.0
1000179,1,1.6729330310077504,1.6729330310077504,1.6729330310077504
1000179,2,-1.4426951601859516e-10,-1.6729330311520199,1.6729330308634809
1000180,0,0.0,0.0,0.0
1000180,1,0.9852281357457124,0.9852281357457124,0.9852281357457124
1000180,2,0.9709505941661296,-0.014277541579582831,1.956178729911842
1000182,0,0.0,0.0,0.0
1000182,1,0.9182958337659504,0.9182958337659504,0.9182958337659504
1000183,0,0.0,0.0,0.0
1000183,1,1.592100896988057,1.592100896988057,1.592100896988057
1000183,2,0.9935704754820689,-0.5985304215059881,2.585671372470126
1000183,3,-1.4426951601859516e-10,-0.9935704756263384,2.5856713723258564
1000184,0,0.0,0.0,0.0
1000184,1,1.5650798161728254,1.5650798161728254,1.5650798161728254
1000185,0,0.0,0.0,0.0
1000185,1,1.1901486286998468,1.1901486286998468,1.1901486286998468
1000185,2,0.47983202332758945,-0.7103166053722574,1.6699806520274363
1000185,3,-1.4426951601859516e-10,-0.479832023471859,1.6699806518831668
1000186,0,0.0,0.0,0.0
1000186,1,1.459147916594436,1.459147916594436,1.459147916594436
1000187,0,0.0,0.0,0.0
1000187,1,0.5916727782937884,0.5916727782937884,0.5916727782937884
1000187,2,-1.4426951601859516e-10,-0.5916727784380579,0.5916727781495189
1000188,0,0.0,0.0,0.0
1000188,1,-1.4426951601859516e-10,-1.4426951601859516e-10,-1.4426951601859516e-10
1000188,2,-1.4426951601859516e-10,0.0,-2.8853903203719033e-10
1000189,0,0.0,0.0,0.0
1000189,1,0.9182958337659504,0.9182958337659504,0.9182958337659504
1000189,2,-1.4426951601859516e-10,-0.9182958339102198,0.9182958336216809
1000190,0,0.0,0.0,0.0
1000190,1,-1.4426951601859516e-10,-1.4426951601859516e-10,-1.4426951601859516e-10
1000191,0,0.0,0.0,0.0
1000191,1,0.7219280945988233,0.7219280945988233,0.7219280945988233
1000192,0,0.0,0.0,0.0
1000192,1,1.8664169513839366,1.8664169513839366,1.8664169513839366
1000192,2,1.826245257825531,-0.04017169355840555,3.692662209209468
1000194,0,0.0,0.0,0.0
1000194,1,1.5566567070300144,1.5566567070300144,1.5566567070300144
1000194,2,-1.4426951601859516e-10,-1.5566567071742838,1.5566567068857449
1000195,0,0.0,0.0,0.0
1000195,1,1.5849625002883474,1.5849625002883474,1.5849625002883474
1000196,0,0.0,0.0,0.0
1000196,1,-1.4426951601859516e-10,-1.4426951601859516e-10,-1.4426951601859516e-10
1000197,0,0.0,0.0,0.0
1000197,1,1.6020889814928676,1.6020889814928676,1.6020889814928676
1000197,2,1.8918521721625865,0.2897631906697189,3.493941153655454
1000198,0,0.0,0.0,0.0
1000198,1,0.9994110644502162,0.9994110644502162,0.9994110644502162
1000198,2,1.8571708831627582,0.857759818712542,2.8565819476129746
1000198,3,1.5487949401183205,-0.3083759430444377,4.405376887731295
1000199,0,0.0,0.0,0.0
1000199,1,0.9494520150994095,0.9494520150994095,0.9494520150994095
1000199,2,0.7642045062200812,-0.18524750887932828,1.7136565213194905
1000200,0,0.0,0.0,0.0
1000200,1,1.3101781002722666,1.3101781002722666,1.3101781002722666
1000200,2,1.1488348538481081,-0.16134324642415843,2.4590129541203747
1000201,0,0.0,0.0,0.0
1000201,1,2.2460018132772297,2.2460018132772297,2.2460018132772297
1000201,2,2.086795441453203,-0.15920637182402686,4.3327972547304325
1000201,3,0.9182958337659504,-1.1684996076872525,5.251093088496383
1000201,4,-1.4426951601859516e-10,-0.9182958339102198,5.251093088352113
1000204,0,0.0,0.0,0.0
1000204,1,1.5485652255981093,1.5485652255981093,1.5485652255981093
1000205,0,0.0,0.0,0.0
1000205,1,-1.4426951601859516e-10,-1.4426951601859516e-10,-1.4426951601859516e-10
1000206,0,0.0,0.0,0.0
1000206,1,0.8112781241705938,0.8112781241705938,0.8112781241705938
1000206,2,1.37095059402186,0.5596724698512663,2.182228718192454
1000207,0,0.0,0.0,0.0
1000207,1,1.9412119765980327,1.9412119765980327,1.9412119765980327
1000207,2,-1.4426951601859516e-10,-1.9412119767423022,1.9412119764537632
1000208,0,0.0,0.0,0.0
1000208,1,0.9182958337659504,0.9182958337659504,0.9182958337659504
1000208,2,0.7495952569709409,-0.1687005767950095,1.6678910907368913
1000208,3,-1.4426951601859516e-10,-0.7495952571152104,1.6678910905926219
1000208,4,-1.4426951601859516e-10,0.0,1.6678910904483524
1000209,0,0.0,0.0,0.0
1000209,1,1.5742840949609955,1.5742840949609955,1.5742840949609955
1000209,2,1.8577174685530704,0.2834333735920749,3.432001563514066
1000209,3,1.4999999995671913,-0.3577174689858791,4.932001563081258
1000210,0,0.0,0.0,0.0
1000210,1,1.6171895720156373,1.6171895720156373,1.6171895720156373
1000210,2,-1.4426951601859516e-10,-1.6171895721599068,1.6171895718713678
1000210,3,-1.4426951601859516e-10,0.0,1.6171895717270983
1000210,4,-1.4426951601859516e-10,0.0,1.6171895715828288
1000211,0,0.0,0.0,0.0
1000211,1,2.3173490741859863,2.3173490741859863,2.3173490741859863
1000211,2,0.9999999997114609,-1.3173490744745253,3.3173490738974474
1000212,0,0.0,0.0,0.0
1000212,1,1.701443650635073,1.701443650635073,1.701443650635073
1000212,2,1.877640282596343,0.17619663196127,3.579083933231416
1000213,0,0.0,0.0,0.0
1000213,1,1.8315691823267888,1.8315691823267888,1.8315691823267888
1000214,0,0.0,0.0,0.0
1000214,1,0.7219280945988233,0.7219280945988233,0.7219280945988233
1000214,2,1.5487949401183205,0.8268668455194972,2.270723034717144
1000216,0,0.0,0.0,0.0
1000216,1,-1.4426951601859516e-10,-1.4426951601859516e-10,-1.4426951601859516e-10
1000216,2,0.9999999997114609,0.9999999998557304,0.9999999995671914
1000217,0,0.0,0.0,0.0
1000217,1,0.8631205682780919,0.8631205682780919,0.8631205682780919
1000218,0,0.0,0.0,0.0
1000218,1,0.8631205682780919,0.8631205682780919,0.8631205682780919
1000220,0,0.0,0.0,0.0
1000220,1,1.338268927643656,1.338268927643656,1.338268927643656
1000220,2,-1.4426951601859516e-10,-1.3382689277879254,1.3382689274993864
1000221,0,0.0,0.0,0.0
1000221,1,1.5802792786430055,1.5802792786430055,1.5802792786430055
1000222,0,0.0,0.0,0.0
1000222,1,1.802421283108017,1.802421283108017,1.802421283108017
1000222,2,2.041446070444174,0.23902478733615706,3.8438673535521914
1000223,0,0.0,0.0,0.0
1000223,1,-1.4426951601859516e-10,-1.4426951601859516e-10,-1.4426951601859516e-10
1000223,2,0.5916727782937884,0.5916727784380579,0.5916727781495189
1000224,0,0.0,0.0,0.0
1000224,1,0.954434002636426,0.954434002636426,0.954434002636426
1000225,0,0.0,0.0,0.0
1000225,1,-1.4426951601859516e-10,-1.4426951601859516e-10,-1.4426951601859516e-10
1000226,0,0.0,0.0,0.0
1000226,1,1.459147916594436,1.459147916594436,1.459147916594436
1000227,0,0.0,0.0,0.0
1000227,1,-1.4426951601859516e-10,-1.4426951601859516e-10,-1.4426951601859516e-10
1000227,2,0.7219280945988233,0.7219280947430928,0.7219280944545539
1000227,3,0.5032583344871068,-0.21866976011171657,1.2251864289416607
1000228,0,0.0,0.0,0.0
1000228,1,0.9709505941661296,0.9709505941661296,0.9709505941661296
1000229,0,0.0,0.0,0.0
1000229,1,0.874846033083192,0.874846033083192,0.874846033083192
1000229,2,2.1675302793077034,1.2926842462245114,3.0423763123908953
1000230,0,0.0,0.0,0.0
1000230,1,1.3548527364148675,1.3548527364148675,1.3548527364148675
1000230,2,1.461901188476529,0.10704845206166147,2.8167539248913966
1000231,0,0.0,0.0,0.0
1000231,1,0.9733854349414166,0.9733854349414166,0.9733854349414166
1000231,2,-1.4426951601859516e-10,-0.9733854350856861,0.9733854347971471
1000232,0,0.0,0.0,0.0
1000232,1,0.9182958337659504,0.9182958337659504,0.9182958337659504
1000232,2,-1.4426951601859516e-10,-0.9182958339102198,0.9182958336216809
1000233,0,0.0,0.0,0.0
1000233,1,-1.4426951601859516e-10,-1.4426951601859516e-10,-1.4426951601859516e-10
1000233,2,-1.4426951601859516e-10,0.0,-2.8853903203719033e-10
1000234,0,0.0,0.0,0.0
1000234,1,0.8921212802886294,0.8921212802886294,0.8921212802886294
1000235,0,0.0,0.0,0.0
1000235,1,2.5632134904690504,2.5632134904690504,2.5632134904690504
1000235,2,1.37095059402186,-1.1922628964471904,3.9341640844909103
1000235,3,-1.4426951601859516e-10,-1.3709505941661295,3.9341640843466408
1000235,4,-1.4426951601859516e-10,0.0,3.9341640842023713
1000236,0,0.0,0.0,0.0
1000236,1,2.274605990198332,2.274605990198332,2.274605990198332
1000236,2,1.4999999995671913,-0.7746059906311407,3.774605989765523
1000238,0,0.0,0.0,0.0
1000238,1,2.248760765263696,2.248760765263696,2.248760765263696
1000238,2,2.392555298764972,0.14379453350127624,4.641316064028668
1000238,3,1.8423709926000305,-0.5501843061649416,6.483687056628699
1000238,4,0.9182958337659504,-0.9240751588340801,7.401982890394649
1000239,0,0.0,0.0,0.0
1000239,1,1.4799625692515617,1.4799625692515617,1.4799625692515617
1000239,2,1.6143308345821872,0.1343682653306255,3.094293403833749
1000239,3,-1.4426951601859516e-10,-1.6143308347264567,3.0942934036894796
1000240,0,0.0,0.0,0.0
1000240,1,1.2762908217868028,1.2762908217868028,1.2762908217868028
1000241,0,0.0,0.0,0.0
1000241,1,0.945660304312101,0.945660304312101,0.945660304312101
1000241,2,0.0,-0.945660304312101,0.945660304312101
1000242,0,0.0,0.0,0.0
1000242,1,-1.4426951601859516e-10,-1.4426951601859516e-10,-1.4426951601859516e-10
1000243,0,0.0,0.0,0.0
1000243,1,1.7702834608452116,1.7702834608452116,1.7702834608452116
1000243,2,-1.4426951601859516e-10,-1.770283460989481,1.7702834607009421
1000244,0,0.0,0.0,0.0
1000244,1,0.9182958337659504,0.9182958337659504,0.9182958337659504
1000244,2,-1.4426951601859516e-10,-0.9182958339102198,0.9182958336216809
1000245,0,0.0,0.0,0.0
1000245,1,2.705439937432701,2.705439937432701,2.705439937432701
1000245,2,-1.4426951601859516e-10,-2.7054399375769704,2.7054399372884315
1000246,0,0.0,0.0,0.0
1000246,1,-1.4426951601859516e-10,-1.4426951601859516e-10,-1.4426951601859516e-10
1000247,0,0.0,0.0,0.0
1000247,1,1.5020352755516877,1.5020352755516877,1.5020352755516877
1000248,0,0.0,0.0,0.0
1000248,1,1.8855383040322988,1.8855383040322988,1.8855383040322988
1000249,0,0.0,0.0,0.0
1000249,1,2.7237564546271993,2.7237564546271993,2.7237564546271993
1000249,2,1.5219280944545537,-1.2018283601726456,4.245684549081753
1000250,0,0.0,0.0,0.0
1000250,1,2.176020038464555,2.176020038464555,2.176020038464555
1000251,0,0.0,0.0,0.0
1000251,1,2.4052438703114505,2.4052438703114505,2.4052438703114505
1000251,2,0.7793498370035461,-1.6258940333079044,3.1845937073149964
1000252,0,0.0,0.0,0.0
1000252,1,-1.4426951601859516e-10,-1.4426951601859516e-10,-1.4426951601859516e-10
1000253,0,0.0,0.0,0.0
1000253,1,0.4971501832041586,0.4971501832041586,0.4971501832041586
1000254,0,0.0,0.0,0.0
1000254,1,2.2312702538862283,2.2312702538862283,2.2312702538862283
1000255,0,0.0,0.0,0.0
1000255,1,1.8961399644494294,1.8961399644494294,1.8961399644494294
1000255,2,-1.4426951601859516e-10,-1.896139964593699,1.89613996430516
1000256,0,0.0,0.0,0.0
1000256,1,1.2638091734507377,1.2638091734507377,1.2638091734507377
1000257,0,0.0,0.0,0.0
1000257,1,1.9182958334774112,1.9182958334774112,1.9182958334774112
1000257,2,-1.4426951601859516e-10,-1.9182958336216807,1.9182958333331417
1000258,0,0.0,0.0,0.0
1000258,1,2.377776101783444,2.377776101783444,2.377776101783444
1000259,0,0.0,0.0,0.0
1000259,1,2.1788772324660286,2.1788772324660286,2.1788772324660286
1000260,0,0.0,0.0,0.0
1000260,1,2.2356212565851026,2.2356212565851026,2.2356212565851026
1000260,2,0.9182958337659504,-1.3173254228191522,3.1539170903510527
1000261,0,0.0,0.0,0.0
1000261,1,1.8704744883872362,1.8704744883872362,1.8704744883872362
1000261,2,0.9182958337659504,-0.9521786546212858,2.7887703221531863
1000262,0,0.0,0.0,0.0
1000262,1,1.998499026274533,1.998499026274533,1.998499026274533
1000263,0,0.0,0.0,0.0
1000263,1,2.2742651345044855,2.2742651345044855,2.2742651345044855
1000263,2,-1.4426951601859516e-10,-2.274265134648755,2.274265134360216
1000264,0,0.0,0.0,0.0
1000264,1,2.2589615746747214,2.2589615746747214,2.2589615746747214
1000264,2,0.9999999997114609,-1.2589615749632603,3.2589615743861824
1000265,0,0.0,0.0,0.0
1000265,1,1.6750261758777185,1.6750261758777185,1.6750261758777185
1000265,2,1.5219280944545537,-0.15309808142316483,3.196954270332272
1000266,0,0.0,0.0,0.0
1000266,1,1.154771714142354,1.154771714142354,1.154771714142354
1000266,2,-1.4426951601859516e-10,-1.1547717142866234,1.1547717139980844
1000267,0,0.0,0.0,0.0
1000267,1,1.9100766715088853,1.9100766715088853,1.9100766715088853
1000268,0,0.0,0.0,0.0
1000268,1,1.994879516494588,1.994879516494588,1.994879516494588
1000269,0,0.0,0.0,0.0
1000269,1,1.4973468972478443,1.4973468972478443,1.4973468972478443
1000269,2,-1.4426951601859516e-10,-1.4973468973921138,1.4973468971035748
1000270,0,0.0,0.0,0.0
1000270,1,2.5451965283303966,2.5451965283303966,2.5451965283303966
1000270,2,2.849731404807941,0.3045348764775446,5.394927933138337
1000271,0,0.0,0.0,0.0
1000271,1,2.6892464274992713,2.6892464274992713,2.6892464274992713
1000271,2,2.9614711987601336,0.2722247712608623,5.650717626259405
1000272,0,0.0,0.0,0.0
1000272,1,2.3219280941660148,2.3219280941660148,2.3219280941660148
1000272,2,-1.4426951601859516e-10,-2.3219280943102842,2.3219280940217453
1000273,0,0.0,0.0,0.0
1000273,1,2.18077164120571,2.18077164120571,2.18077164120571
1000273,2,2.390824288007323,0.21005264680161329,4.571595929213033
1000274,0,0.0,0.0,0.0
1000274,1,3.129333936144236,3.129333936144236,3.129333936144236
1000274,2,2.8284768528789317,-0.30085708326530414,5.957810789023167
1000275,0,0.0,0.0,0.0
1000275,1,3.579969691162901,3.579969691162901,3.579969691162901
1000275,2,2.972092562803767,-0.6078771283591338,6.5520622539666675
1000276,0,0.0,0.0,0.0
1000276,1,1.8423709926000305,1.8423709926000305,1.8423709926000305
1000276,2,-1.4426951601859516e-10,-1.8423709927443,1.842370992455761
1000277,0,0.0,0.0,0.0
1000277,1,2.480197115248191,2.480197115248191,2.480197115248191
1000279,0,0.0,0.0,0.0
1000279,1,1.542902757662102,1.542902757662102,1.542902757662102
1000279,2,2.3879437672735815,0.8450410096114795,3.930846524935683
1000279,3,2.411052087449894,0.023108320176312702,6.341898612385577
1000279,4,2.6809413565211284,0.26988926907123423,9.022839968906705
1000279,5,2.8729055941658994,0.191964237644771,11.895745563072605
1000279,6,0.9182958337659504,-1.954609760399949,12.814041396838556
1000280,0,0.0,0.0,0.0
1000280,1,2.428074910559427,2.428074910559427,2.428074910559427
1000280,2,2.409548319881193,-0.018526590678233923,4.83762323044062
1000283,0,0.0,0.0,0.0
1000283,1,1.267931644943647,1.267931644943647,1.267931644943647
1000283,2,2.757405810271362,1.4894741653277148,4.025337455215009
1000285,0,0.0,0.0,0.0
1000285,1,1.7100708957234296,1.7100708957234296,1.7100708957234296
1000285,2,3.0148359244193994,1.3047650286959698,4.724906820142829
1000285,3,-1.4426951601859516e-10,-3.014835924563669,4.7249068199985595
1000287,0,0.0,0.0,0.0
1000287,1,2.6768125283837483,2.6768125283837483,2.6768125283837483
1000287,2,2.367520122901116,-0.3092924054826325,5.044332651284864
1000288,0,0.0,0.0,0.0
1000288,1,2.0485421387777163,2.0485421387777163,2.0485421387777163
1000288,2,1.5566567070300144,-0.49188543174770194,3.6051988458077306
1000289,0,0.0,0.0,0.0
1000289,1,2.0729055945987085,2.0729055945987085,2.0729055945987085
1000289,2,-1.4426951601859516e-10,-2.072905594742978,2.072905594454439
1000290,0,0.0,0.0,0.0
1000290,1,1.2243944449731774,1.2243944449731774,1.2243944449731774
1000290,2,0.8631205682780919,-0.3612738766950855,2.087515013251269
1000291,0,0.0,0.0,0.0
1000291,1,0.4971501832041586,0.4971501832041586,0.4971501832041586
1000292,0,0.0,0.0,0.0
1000292,1,2.904368514219766,2.904368514219766,2.904368514219766
1000292,2,2.924795342309479,0.020426828089712856,5.829163856529245
1000292,3,2.5720839095445904,-0.3527114327648886,8.401247766073835
1000292,4,-1.4426951601859516e-10,-2.57208390968886,8.401247765929565
1000293,0,0.0,0.0,0.0
1000293,1,2.2365608358730946,2.2365608358730946,2.2365608358730946
1000293,2,2.5514184549793173,0.3148576191062227,4.787979290852412
1000293,3,2.370950593589052,-0.1804678613902655,7.158929884441465
1000295,0,0.0,0.0,0.0
1000295,1,2.5475870842547397,2.5475870842547397,2.5475870842547397
1000295,2,2.4729055943101694,-0.07468148994457025,5.020492678564909
1000296,0,0.0,0.0,0.0
1000296,1,1.9603743308591077,1.9603743308591077,1.9603743308591077
1000297,0,0.0,0.0,0.0
1000297,1,0.9999999997114609,0.9999999997114609,0.9999999997114609
1000298,0,0.0,0.0,0.0
1000298,1,0.8745172150730781,0.8745172150730781,0.8745172150730781
1000298,2,2.994280143591327,2.119762928518249,3.868797358664405
1000298,3,2.3258186831751266,-0.6684614604162005,6.194616041839532
1000298,4,-1.4426951601859516e-10,-2.325818683319396,6.194616041695262
1000299,0,0.0,0.0,0.0
1000299,1,1.1084585927672717,1.1084585927672717,1.1084585927672717
1000299,2,2.8472345825646563,1.7387759897973847,3.9556931753319278
1000299,3,2.91867911037924,0.07144452781458366,6.874372285711168
1000299,4,2.170950593733321,-0.7477285166459189,9.04532287944449
1000300,0,0.0,0.0,0.0
1000300,1,-1.4426951601859516e-10,-1.4426951601859516e-10,-1.4426951601859516e-10
1000300,2,0.612069283435187,0.6120692835794564,0.6120692832909175
1000300,3,-1.4426951601859516e-10,-0.6120692835794564,0.612069283146648
1000301,0,0.0,0.0,0.0
1000301,1,0.2729708576255308,0.2729708576255308,0.2729708576255308
1000301,2,0.9686077551584531,0.6956368975329223,1.2415786127839838
1000301,3,-1.4426951601859516e-10,-0.9686077553027226,1.2415786126397144
1000302,0,0.0,0.0,0.0
1000302,1,-1.4426951601859516e-10,-1.4426951601859516e-10,-1.4426951601859516e-10
1000302,2,0.969414206852909,0.9694142069971785,0.9694142067086395
1000302,3,0.9999999997114609,0.030585792858551897,1.9694142064201006
1000303,0,0.0,0.0,0.0
1000303,1,0.3712323263523366,0.3712323263523366,0.3712323263523366
1000303,2,-1.4426951601859516e-10,-0.37123232649660615,0.37123232620806706
1000304,0,0.0,0.0,0.0
1000304,1,0.9978913095471471,0.9978913095471471,0.9978913095471471
1000304,2,0.7219280945988233,-0.27596321494832377,1.7198194041459705
1000305,0,0.0,0.0,0.0
1000305,1,-1.4426951601859516e-10,-1.4426951601859516e-10,-1.4426951601859516e-10
1000305,2,0.3912435633407166,0.3912435634849861,0.39124356319644704
1000305,3,-1.4426951601859516e-10,-0.3912435634849861,0.3912435630521775
1000306,0,0.0,0.0,0.0
1000306,1,-1.4426951601859516e-10,-1.4426951601859516e-10,-1.4426951601859516e-10
1000306,2,-1.4426951601859516e-10,0.0,-2.8853903203719033e-10
1000307,0,0.0,0.0,0.0
1000307,1,-1.4426951601859516e-10,-1.4426951601859516e-10,-1.4426951601859516e-10
1000307,2,-1.4426951601859516e-10,0.0,-2.8853903203719033e-10
1000309,0,0.0,0.0,0.0
1000309,1,-1.4426951601859516e-10,-1.4426951601859516e-10,-1.4426951601859516e-10
1000309,2,-1.4426951601859516e-10,0.0,-2.8853903203719033e-10
1000310,0,0.0,0.0,0.0
1000310,1,1.65650912625748,1.65650912625748,1.65650912625748
1000310,2,1.29879494026259,-0.35771418599489,2.9553040665200703
1000312,0,0.0,0.0,0.0
1000312,1,1.434726962531204,1.434726962531204,1.434726962531204
1000313,0,0.0,0.0,0.0
1000313,1,1.6389668496533143,1.6389668496533143,1.6389668496533143
1000313,2,0.954434002636426,-0.6845328470168883,2.59340085228974
1000314,0,0.0,0.0,0.0
1000314,1,0.11879459882826607,0.11879459882826607,0.11879459882826607
1000314,2,-1.4426951601859516e-10,-0.11879459897253558,0.11879459868399656
1000314,3,-1.4426951601859516e-10,0.0,0.11879459853972704
1000314,4,-1.4426951601859516e-10,0.0,0.11879459839545753
1000315,0,0.0,0.0,0.0
1000315,1,1.4911148494781075,1.4911148494781075,1.4911148494781075
1000315,2,-1.4426951601859516e-10,-1.491114849622377,1.491114849333838
1000316,0,0.0,0.0,0.0
1000316,1,1.332469722970591,1.332469722970591,1.332469722970591
1000316,2,1.6223738860466268,0.2899041630760357,2.954843609017218
1000316,3,1.9138909858624478,0.29151709981582097,4.868734594879665
1000317,0,0.0,0.0,0.0
1000317,1,0.9182958337659504,0.9182958337659504,0.9182958337659504
1000317,2,2.5898981522673457,1.6716023185013953,3.5081939860332962
1000318,0,0.0,0.0,0.0
1000318,1,-1.4426951601859516e-10,-1.4426951601859516e-10,-1.4426951601859516e-10
1000318,2,1.6143308345821872,1.6143308347264567,1.6143308344379177
1000318,3,0.9999999997114609,-0.6143308348707263,2.6143308341493787
1000319,0,0.0,0.0,0.0
1000319,1,0.6500224213598151,0.6500224213598151,0.6500224213598151
1000319,2,2.521782220445642,1.871759799085827,3.1718046418054575
1000319,3,-1.4426951601859516e-10,-2.5217822205899116,3.171804641661188
1000320,0,0.0,0.0,0.0
1000320,1,1.8958659635712265,1.8958659635712265,1.8958659635712265
1000320,2,0.8112781241705938,-1.0845878394006327,2.7071440877418205
1000320,3,0.9182958337659504,0.10701770959535661,3.6254399215077706
1000320,4,-1.4426951601859516e-10,-0.9182958339102198,3.625439921363501
1000321,0,0.0,0.0,0.0
1000321,1,3.444286347855237,3.444286347855237,3.444286347855237
1000321,2,1.6430299514902065,-1.8012563963650305,5.087316299345444
1000321,3,1.243671613366191,-0.39935833812401555,6.330987912711635
1000322,0,0.0,0.0,0.0
1000322,1,2.457919563554651,2.457919563554651,2.457919563554651
1000322,2,1.4772170010296741,-0.9807025625249768,3.935136564584325
1000323,0,0.0,0.0,0.0
1000323,1,0.8283859143866259,0.8283859143866259,0.8283859143866259
1000323,2,2.1451633724742245,1.3167774580875986,2.9735492868608504
1000323,3,-1.4426951601859516e-10,-2.145163372618494,2.973549286716581
1000324,0,0.0,0.0,0.0
1000324,1,1.6645154296865576,1.6645154296865576,1.6645154296865576
1000324,2,-1.4426951601859516e-10,-1.6645154298308271,1.6645154295422881
1000325,0,0.0,0.0,0.0
1000325,1,1.8258847751141847,1.8258847751141847,1.8258847751141847
1000325,2,-1.4426951601859516e-10,-1.8258847752584542,1.8258847749699152
1000326,0,0.0,0.0,0.0
1000326,1,-1.4426951601859516e-10,-1.4426951601859516e-10,-1.4426951601859516e-10
1000327,0,0.0,0.0,0.0
1000327,1,1.689444047879602,1.689444047879602,1.689444047879602
1000327,2,1.7370148106753627,0.04757076279576067,3.4264588585549647
1000327,3,-1.4426951601859516e-10,-1.7370148108196322,3.426458858410695
1000328,0,0.0,0.0,0.0
1000328,1,2.43293164588858,2.43293164588858,2.43293164588858
1000329,0,0.0,0.0,0.0
1000329,1,1.6439036980691633,1.6439036980691633,1.6439036980691633
1000329,2,2.4001432399945934,0.7562395419254302,4.044046938063756
1000329,3,0.9182958337659504,-1.481847406228643,4.962342771829706
1000330,0,0.0,0.0,0.0
1000330,1,2.3678766074141766,2.3678766074141766,2.3678766074141766
1000331,0,0.0,0.0,0.0
1000331,1,1.7993558838430246,1.7993558838430246,1.7993558838430246
1000331,2,0.8112781241705938,-0.9880777596724308,2.6106340080136183
1000332,0,0.0,0.0,0.0
1000332,1,1.7686874243305666,1.7686874243305666,1.7686874243305666
1000332,2,1.8374058980780954,0.06871847374752882,3.606093322408662
1000333,0,0.0,0.0,0.0
1000333,1,1.9406197218357417,1.9406197218357417,1.9406197218357417
1000333,2,1.575108653542776,-0.36551106829296565,3.515728375378518
1000335,0,0.0,0.0,0.0
1000335,1,1.6453417376712733,1.6453417376712733,1.6453417376712733
1000336,0,0.0,0.0,0.0
1000336,1,2.127683336270984,2.127683336270984,2.127683336270984
1000337,0,0.0,0.0,0.0
1000337,1,2.5027361704398476,2.5027361704398476,2.5027361704398476
1000337,2,2.0233027851975462,-0.4794333852423014,4.526038955637394
1000337,3,-1.4426951601859516e-10,-2.0233027853418157,4.526038955493124
1000337,4,-1.4426951601859516e-10,0.0,4.526038955348855
1000338,0,0.0,0.0,0.0
1000338,1,2.69682707822054,2.69682707822054,2.69682707822054
1000339,0,0.0,0.0,0.0
1000339,1,1.9999999994229218,1.9999999994229218,1.9999999994229218
1000339,2,3.4068456319657185,1.4068456325427967,5.406845631388641
1000339,3,2.617978139298888,-0.7888674926668306,8.02482377068753
1000339,4,-1.4426951601859516e-10,-2.6179781394431574,8.024823770543259
1000340,0,0.0,0.0,0.0
1000340,1,2.064475597514996,2.064475597514996,2.064475597514996
1000340,2,2.7111540229241564,0.6466784254091604,4.775629620439153
1000340,3,2.254901332247127,-0.45625269067702945,7.03053095268628
1000340,4,-1.4426951601859516e-10,-2.2549013323913965,7.03053095254201
1000342,0,0.0,0.0,0.0
1000342,1,1.6503648629191148,1.6503648629191148,1.6503648629191148
1000344,0,0.0,0.0,0.0
1000344,1,1.889083997029419,1.889083997029419,1.889083997029419
1000345,0,0.0,0.0,0.0
1000345,1,1.3584338118928405,1.3584338118928405,1.3584338118928405
1000345,2,1.0911564756216827,-0.2672773362711578,2.449590287514523
1000345,3,-1.4426951601859516e-10,-1.0911564757659522,2.4495902873702535
1000346,0,0.0,0.0,0.0
1000346,1,2.142933437429829,2.142933437429829,2.142933437429829
1000347,0,0.0,0.0,0.0
1000347,1,1.9219280943102843,1.9219280943102843,1.9219280943102843
1000347,2,1.4999999995671913,-0.421928094743093,3.421928093877476
1000348,0,0.0,0.0,0.0
1000348,1,1.37095059402186,1.37095059402186,1.37095059402186
1000349,0,0.0,0.0,0.0
1000349,1,1.4999999995671913,1.4999999995671913,1.4999999995671913
1000349,2,-1.4426951601859516e-10,-1.4999999997114608,1.4999999994229218
1000350,0,0.0,0.0,0.0
1000350,1,1.5849625002883474,1.5849625002883474,1.5849625002883474
1000351,0,0.0,0.0,0.0
1000351,1,0.9333572597294414,0.9333572597294414,0.9333572597294414
1000351,2,1.7841591272743436,0.8508018675449022,2.717516387003785
1000352,0,0.0,0.0,0.0
1000352,1,0.5435644429110573,0.5435644429110573,0.5435644429110573
1000352,2,2.476685855529608,1.9331214126185505,3.020250298440665
1000352,3,1.57095059402186,-0.9057352615077479,4.591200892462525
1000353,0,0.0,0.0,0.0
1000353,1,2.605516190389047,2.605516190389047,2.605516190389047
1000353,2,2.749999998845844,0.1444838084567972,5.355516189234891
1000353,3,-1.4426951601859516e-10,-2.7499999989901136,5.355516189090621
1000354,0,0.0,0.0,0.0
1000354,1,-1.4426951601859516e-10,-1.4426951601859516e-10,-1.4426951601859516e-10
1000355,0,0.0,0.0,0.0
1000355,1,1.950212064337669,1.950212064337669,1.950212064337669
1000356,0,0.0,0.0,0.0
1000356,1,1.3108562979536034,1.3108562979536034,1.3108562979536034
1000356,2,1.5849625002883474,0.27410620233474403,2.895818798241951
1000357,0,0.0,0.0,0.0
1000357,1,0.5916727782937884,0.5916727782937884,0.5916727782937884
1000358,0,0.0,0.0,0.0
1000358,1,1.156779649014231,1.156779649014231,1.156779649014231
1000358,2,2.53831059460512,1.3815309455908888,3.695090243619351
1000358,3,0.0,-2.53831059460512,3.695090243619351
1000359,0,0.0,0.0,0.0
1000359,1,2.591171162845751,2.591171162845751,2.591171162845751
1000361,0,0.0,0.0,0.0
1000361,1,2.0855611177484983,2.0855611177484983,2.0855611177484983
1000361,2,1.0156435558237666,-1.0699175619247316,3.1012046735722647
1000363,0,0.0,0.0,0.0
1000363,1,-1.4426951601859516e-10,-1.4426951601859516e-10,-1.4426951601859516e-10
1000365,0,0.0,0.0,0.0
1000365,1,0.1080231949750893,0.1080231949750893,0.1080231949750893
1000366,0,0.0,0.0,0.0
1000366,1,1.9689378915961515,1.9689378915961515,1.9689378915961515
1000366,2,-1.4426951601859516e-10,-1.968937891740421,1.968937891451882
1000368,0,0.0,0.0,0.0
1000368,1,1.7665744691956968,1.7665744691956968,1.7665744691956968
1000368,2,2.0638650217658268,0.29729055257012993,3.8304394909615236
1000368,3,1.6767370294750545,-0.3871279922907722,5.507176520436579
1000368,4,0.7219280945988233,-0.9548089348762312,6.229104615035402
1000369,0,0.0,0.0,0.0
1000369,1,1.2797384530319176,1.2797384530319176,1.2797384530319176
1000369,2,-1.4426951601859516e-10,-1.279738453176187,1.279738452887648
1000371,0,0.0,0.0,0.0
1000371,1,1.8859156733127471,1.8859156733127471,1.8859156733127471
1000371,2,0.27619542735940006,-1.609720245953347,2.1621111006721474
1000374,0,0.0,0.0,0.0
1000374,1,0.0872805885950943,0.0872805885950943,0.0872805885950943
1000375,0,0.0,0.0,0.0
1000375,1,1.5489255610421342,1.5489255610421342,1.5489255610421342
1000375,2,0.9709505941661296,-0.5779749668760046,2.519876155208264
1000376,0,0.0,0.0,0.0
1000376,1,0.15862461618235235,0.15862461618235235,0.15862461618235235
1000377,0,0.0,0.0,0.0
1000377,1,0.5349436988085676,0.5349436988085676,0.5349436988085676
1000377,2,-1.4426951601859516e-10,-0.5349436989528371,0.5349436986642981
1000378,0,0.0,0.0,0.0
1000378,1,2.263809173017929,2.263809173017929,2.263809173017929
1000380,0,0.0,0.0,0.0
1000380,1,2.3765289453184444,2.3765289453184444,2.3765289453184444
1000380,2,2.232118845307304,-0.1444101000111404,4.608647790625748
1000380,3,1.321606957811269,-0.910511887496035,5.930254748437017
1000380,4,-1.4426951601859516e-10,-1.3216069579555385,5.9302547482927475
1000381,0,0.0,0.0,0.0
1000381,1,2.562494830442038,2.562494830442038,2.562494830442038
1000382,0,0.0,0.0,0.0
1000382,1,1.2584729617403907,1.2584729617403907,1.2584729617403907
1000383,0,0.0,0.0,0.0
1000383,1,-1.4426951601859516e-10,-1.4426951601859516e-10,-1.4426951601859516e-10
1000385,0,0.0,0.0,0.0
1000385,1,0.9796386880815111,0.9796386880815111,0.9796386880815111
1000386,0,0.0,0.0,0.0
1000386,1,2.1150827577034126,2.1150827577034126,2.1150827577034126
1000386,2,1.9655962296362541,-0.14948652806715845,4.080678987339667
1000387,0,0.0,0.0,0.0
1000387,1,0.9999999997114609,0.9999999997114609,0.9999999997114609
1000387,2,1.459147916594436,0.4591479168829752,2.459147916305897
1000387,3,0.9182958337659504,-0.5408520828284857,3.3774437500718477
1000388,0,0.0,0.0,0.0
1000388,1,-1.4426951601859516e-10,-1.4426951601859516e-10,-1.4426951601859516e-10
1000388,2,-1.4426951601859516e-10,0.0,-2.8853903203719033e-10
1000388,3,-1.4426951601859516e-10,0.0,-4.328085480557855e-10
1000389,0,0.0,0.0,0.0
1000389,1,0.9709505941661296,0.9709505941661296,0.9709505941661296
1000389,2,0.9182958337659504,-0.052654760400179246,1.88924642793208
1000390,0,0.0,0.0,0.0
1000390,1,2.612547576592527,2.612547576592527,2.612547576592527
1000390,2,0.9182958337659504,-1.6942517428265764,3.530843410358477
1000392,0,0.0,0.0,0.0
1000392,1,1.29879494026259,1.29879494026259,1.29879494026259
1000392,2,0.9182958337659504,-0.38049910649663965,2.2170907740285406
1000393,0,0.0,0.0,0.0
1000393,1,2.441923519591213,2.441923519591213,2.441923519591213
1000395,0,0.0,0.0,0.0
1000395,1,1.4565647616981454,1.4565647616981454,1.4565647616981454
1000396,0,0.0,0.0,0.0
1000396,1,2.3793814683718244,2.3793814683718244,2.3793814683718244
1000396,2,2.98097828898106,0.6015968206092355,5.360359757352884
1000396,3,-1.4426951601859516e-10,-2.9809782891253294,5.360359757208615
1000397,0,0.0,0.0,0.0
1000397,1,1.722266311366905,1.722266311366905,1.722266311366905
1000397,2,1.4488156352923758,-0.2734506760745292,3.171081946659281
1000398,0,0.0,0.0,0.0
1000398,1,1.8627240187302436,1.8627240187302436,1.8627240187302436
1000398,2,0.7219280945988233,-1.1407959241314203,2.584652113329067
1000399,0,0.0,0.0,0.0
1000399,1,0.9999999997114609,0.9999999997114609,0.9999999997114609
1000400,0,0.0,0.0,0.0
1000400,1,1.7429241189931723,1.7429241189931723,1.7429241189931723
1000400,2,1.1033074081750254,-0.639616710818147,2.8462315271681975
1000400,3,-1.4426951601859516e-10,-1.1033074083192949,2.846231527023928
1000401,0,0.0,0.0,0.0
1000401,1,2.3919796425278608,2.3919796425278608,2.3919796425278608
1000401,2,2.129838692341618,-0.2621409501862426,4.521818334869479
1000401,3,1.3912435630521776,-0.7385951292894406,5.913061897921657
1000402,0,0.0,0.0,0.0
1000402,1,1.4969152525641958,1.4969152525641958,1.4969152525641958
1000402,2,1.3516441147205838,-0.145271137843612,2.8485593672847793
1000403,0,0.0,0.0,0.0
1000403,1,1.75225477916867,1.75225477916867,1.75225477916867
1000403,2,1.5485806060900458,-0.20367417307862423,3.300835385258716
1000403,3,0.9999999997114609,-0.5485806063785849,4.300835384970177
1000404,0,0.0,0.0,0.0
1000404,1,1.6140054622771425,1.6140054622771425,1.6140054622771425
1000404,2,1.5612781240263243,-0.05272733825081821,3.1752835863034665
1000405,0,0.0,0.0,0.0
1000405,1,1.608700164942813,1.608700164942813,1.608700164942813
1000405,2,1.9056390616524883,0.2969388967096753,3.5143392265953013
1000406,0,0.0,0.0,0.0
1000406,1,2.4308320503584673,2.4308320503584673,2.4308320503584673
1000406,2,2.6084824080492717,0.1776503576908044,5.039314458407739
1000406,3,1.4560117966491821,-1.1524706114000896,6.495326255056922
1000407,0,0.0,0.0,0.0
1000407,1,2.589870721491369,2.589870721491369,2.589870721491369
1000407,2,-1.4426951601859516e-10,-2.5898707216356387,2.5898707213470997
1000408,0,0.0,0.0,0.0
1000408,1,0.17556502556896378,0.17556502556896378,0.17556502556896378
1000408,2,0.9182958337659504,0.7427308081969866,1.0938608593349142
1000409,0,0.0,0.0,0.0
1000409,1,1.5849625002883474,1.5849625002883474,1.5849625002883474
1000409,2,0.9182958337659504,-0.666666666522397,2.5032583340542978
1000410,0,0.0,0.0,0.0
1000410,1,-1.4426951601859516e-10,-1.4426951601859516e-10,-1.4426951601859516e-10
1000410,2,-1.4426951601859516e-10,0.0,-2.8853903203719033e-10
1000411,0,0.0,0.0,0.0
1000411,1,-1.4426951601859516e-10,-1.4426951601859516e-10,-1.4426951601859516e-10
1000412,0,0.0,0.0,0.0
1000412,1,0.5916727782937884,0.5916727782937884,0.5916727782937884
1000413,0,0.0,0.0,0.0
1000413,1,1.8488856001577083,1.8488856001577083,1.8488856001577083
1000413,2,2.517265952808025,0.6683803526503167,4.366151552965733
1000413,3,2.6510264437278677,0.13376049091984266,7.017177996693601
1000414,0,0.0,0.0,0.0
1000414,1,0.9852281357457124,0.9852281357457124,0.9852281357457124
1000414,2,0.8112781241705938,-0.1739500115751187,1.7965062599163062
1000415,0,0.0,0.0,0.0
1000415,1,1.4910212153852203,1.4910212153852203,1.4910212153852203
1000415,2,2.5328082652479194,1.041787049862699,4.02382948063314
1000416,0,0.0,0.0,0.0
1000416,1,0.9709505941661296,0.9709505941661296,0.9709505941661296
1000417,0,0.0,0.0,0.0
1000417,1,-1.4426951601859516e-10,-1.4426951601859516e-10,-1.4426951601859516e-10
1000417,2,-1.4426951601859516e-10,0.0,-2.8853903203719033e-10
1000418,0,0.0,0.0,0.0
1000418,1,1.235081896835804,1.235081896835804,1.235081896835804
1000418,2,1.2722595658964149,0.03717766906061093,2.507341462732219
1000418,3,0.5916727782937884,-0.6805867876026265,3.0990142410260075
1000418,4,-1.4426951601859516e-10,-0.5916727784380579,3.099014240881738
1000419,0,0.0,0.0,0.0
1000419,1,-1.4426951601859516e-10,-1.4426951601859516e-10,-1.4426951601859516e-10
1000420,0,0.0,0.0,0.0
1000420,1,-1.4426951601859516e-10,-1.4426951601859516e-10,-1.4426951601859516e-10
1000421,0,0.0,0.0,0.0
1000421,1,2.5704397379922588,2.5704397379922588,2.5704397379922588
1000421,2,-1.4426951601859516e-10,-2.5704397381365283,2.5704397378479893
1000422,0,0.0,0.0,0.0
1000422,1,2.27831723243462,2.27831723243462,2.27831723243462
1000422,2,1.5546097606884883,-0.7237074717461316,3.8329269931231083
1000423,0,0.0,0.0,0.0
1000423,1,-1.4426951601859516e-10,-1.4426951601859516e-10,-1.4426951601859516e-10
1000423,2,1.8198556746461114,1.819855674790381,1.819855674501842
1000423,3,1.4999999995671913,-0.3198556750789201,3.319855674069033
1000423,4,-1.4426951601859516e-10,-1.4999999997114608,3.3198556739247636
1000424,0,0.0,0.0,0.0
1000424,1,1.800970956266434,1.800970956266434,1.800970956266434
1000424,2,1.2516291669550144,-0.5493417893114196,3.052600123221448
1000425,0,0.0,0.0,0.0
1000425,1,1.9999999994229218,1.9999999994229218,1.9999999994229218
1000425,2,1.37095059402186,-0.6290494054010618,3.370950593444782
1000426,0,0.0,0.0,0.0
1000426,1,1.67877058506681,1.67877058506681,1.67877058506681
1000426,2,0.9182958337659504,-0.7604747513008596,2.5970664188327603
1000427,0,0.0,0.0,0.0
1000427,1,2.040373392967149,2.040373392967149,2.040373392967149
1000427,2,1.37095059402186,-0.6694227989452888,3.411323986989009
1000427,3,-1.4426951601859516e-10,-1.3709505941661295,3.4113239868447396
1000428,0,0.0,0.0,0.0
1000428,1,1.4466166670511302,1.4466166670511302,1.4466166670511302
1000428,2,1.8230679816965827,0.37645131464545245,3.269684648747713
1000429,0,0.0,0.0,0.0
1000429,1,1.105612400108607,1.105612400108607,1.105612400108607
1000430,0,0.0,0.0,0.0
1000430,1,2.6060031635875944,2.6060031635875944,2.6060031635875944
1000430,2,1.6894822664421043,-0.9165208971454901,4.295485430029698
1000431,0,0.0,0.0,0.0
1000431,1,1.7364675192326064,1.7364675192326064,1.7364675192326064
1000431,2,1.459147916594436,-0.27731960263817035,3.1956154358270425
1000432,0,0.0,0.0,0.0
1000432,1,2.251629166666475,2.251629166666475,2.251629166666475
1000432,2,-1.4426951601859516e-10,-2.2516291668107447,2.2516291665222057
1000432,3,-1.4426951601859516e-10,0.0,2.251629166377936
1000433,0,0.0,0.0,0.0
1000433,1,2.425253226918011,2.425253226918011,2.425253226918011
1000433,2,1.5219280944545537,-0.9033251324634575,3.9471813213725646
1000434,0,0.0,0.0,0.0
1000434,1,0.5032583344871068,0.5032583344871068,0.5032583344871068
1000435,0,0.0,0.0,0.0
1000435,1,-1.4426951601859516e-10,-1.4426951601859516e-10,-1.4426951601859516e-10
1000435,2,0.5435644429110573,0.5435644430553268,0.5435644427667878
1000436,0,0.0,0.0,0.0
1000436,1,2.616903475109778,2.616903475109778,2.616903475109778
1000436,2,1.9002403205796834,-0.7166631545300945,4.517143795689462
1000437,0,0.0,0.0,0.0
1000437,1,-1.4426951601859516e-10,-1.4426951601859516e-10,-1.4426951601859516e-10
1000437,2,-1.4426951601859516e-10,0.0,-2.8853903203719033e-10
1000438,0,0.0,0.0,0.0
1000438,1,0.7024665510018513,0.7024665510018513,0.7024665510018513
1000439,0,0.0,0.0,0.0
1000439,1,1.3912435630521776,1.3912435630521776,1.3912435630521776
1000439,2,0.9182958337659504,-0.4729477292862272,2.3095393968181277
1000440,0,0.0,0.0,0.0
1000440,1,-1.4426951601859516e-10,-1.4426951601859516e-10,-1.4426951601859516e-10
1000440,2,-1.4426951601859516e-10,0.0,-2.8853903203719033e-10
1000441,0,0.0,0.0,0.0
1000441,1,1.232660256383012,1.232660256383012,1.232660256383012
1000442,0,0.0,0.0,0.0
1000442,1,1.9709505938775906,1.9709505938775906,1.9709505938775906
1000442,2,1.8585552112932362,-0.11239538258435444,3.829505805170827
1000443,0,0.0,0.0,0.0
1000443,1,1.9999999994229218,1.9999999994229218,1.9999999994229218
1000443,2,1.9999999994229218,0.0,3.9999999988458437
1000444,0,0.0,0.0,0.0
1000444,1,2.0275385567818884,2.0275385567818884,2.0275385567818884
1000445,0,0.0,0.0,0.0
1000445,1,2.197159722558532,2.197159722558532,2.197159722558532
1000446,0,0.0,0.0,0.0
1000446,1,2.323531810587556,2.323531810587556,2.323531810587556
1000446,2,1.9798687560740746,-0.34366305451348156,4.303400566661631
1000447,0,0.0,0.0,0.0
1000447,1,1.309296667804195,1.309296667804195,1.309296667804195
1000448,0,0.0,0.0,0.0
1000448,1,1.8180356905805823,1.8180356905805823,1.8180356905805823
1000448,2,0.9182958337659504,-0.899739856814632,2.7363315243465327
1000448,3,-1.4426951601859516e-10,-0.9182958339102198,2.736331524202263
1000449,0,0.0,0.0,0.0
1000449,1,1.7316922363857223,1.7316922363857223,1.7316922363857223
1000449,2,1.5849625002883474,-0.14672973609737494,3.31665473667407
1000450,0,0.0,0.0,0.0
1000450,1,2.2085773183861273,2.2085773183861273,2.2085773183861273
1000450,2,0.9709505941661296,-1.2376267242199976,3.179527912552257
1000451,0,0.0,0.0,0.0
1000451,1,-1.4426951601859516e-10,-1.4426951601859516e-10,-1.4426951601859516e-10
1000452,0,0.0,0.0,0.0
1000452,1,1.5510981704301867,1.5510981704301867,1.5510981704301867
1000453,0,0.0,0.0,0.0
1000453,1,1.553814656315051,1.553814656315051,1.553814656315051
1000454,0,0.0,0.0,0.0
1000454,1,0.3912435633407166,0.3912435633407166,0.3912435633407166
1000455,0,0.0,0.0,0.0
1000455,1,1.5489261947460968,1.5489261947460968,1.5489261947460968
1000455,2,1.459147916594436,-0.08977827815166073,3.008074111340533
1000456,0,0.0,0.0,0.0
1000456,1,1.7527152784026265,1.7527152784026265,1.7527152784026265
1000456,2,-1.4426951601859516e-10,-1.752715278546896,1.752715278258357
1000457,0,0.0,0.0,0.0
1000457,1,0.0,0.0,0.0
1000458,0,0.0,0.0,0.0
1000458,1,0.0,0.0,0.0
1000459,0,0.0,0.0,0.0
1000459,1,0.0,0.0,0.0
1000460,0,0.0,0.0,0.0
1000460,1,0.0,0.0,0.0
1000461,0,0.0,0.0,0.0
1000461,1,0.0,0.0,0.0
1000462,0,0.0,0.0,0.0
1000462,1,0.0,0.0,0.0
1000463,0,0.0,0.0,0.0
1000463,1,0.0,0.0,0.0
1000472,0,0.0,0.0,0.0
1000472,1,1.0843881236380486,1.0843881236380486,1.0843881236380486
1000472,2,1.0531500979167407,-0.03123802572130785,2.1375382215547893
1000472,3,0.9780155562294329,-0.07513454168730782,3.115553777784222
1000472,4,0.9182958337659504,-0.05971972246348256,4.033849611550172
1000474,0,0.0,0.0,0.0
1000474,1,0.9952525491511399,0.9952525491511399,0.9952525491511399
1000474,2,0.9182958337659504,-0.07695671538518956,1.9135483829170903
1000475,0,0.0,0.0,0.0
1000475,1,1.2607717934639857,1.2607717934639857,1.2607717934639857
1000475,2,0.9999999997114609,-0.2607717937525248,2.2607717931754467
1000477,0,0.0,0.0,0.0
1000477,1,0.3776463210851613,0.3776463210851613,0.3776463210851613
1000477,2,1.9525900399237828,1.5749437188386215,2.330236361008944
1000477,3,-1.4426951601859516e-10,-1.9525900400680523,2.3302363608646743
1000478,0,0.0,0.0,0.0
1000478,1,-1.4426951601859516e-10,-1.4426951601859516e-10,-1.4426951601859516e-10
1000479,0,0.0,0.0,0.0
1000479,1,1.4999999995671913,1.4999999995671913,1.4999999995671913
1000480,0,0.0,0.0,0.0
1000480,1,2.155639061508219,2.155639061508219,2.155639061508219
1000480,2,-1.4426951601859516e-10,-2.1556390616524883,2.1556390613639493
1000481,0,0.0,0.0,0.0
1000481,1,1.530493056324674,1.530493056324674,1.530493056324674
1000482,0,0.0,0.0,0.0
1000482,1,1.9600115293797424,1.9600115293797424,1.9600115293797424
1000483,0,0.0,0.0,0.0
1000483,1,1.8112781238820548,1.8112781238820548,1.8112781238820548
1000483,2,1.7924812497834999,-0.018796874098554905,3.6037593736655547
1000485,0,0.0,0.0,0.0
1000485,1,-1.4426951601859516e-10,-1.4426951601859516e-10,-1.4426951601859516e-10
1000486,0,0.0,0.0,0.0
1000486,1,0.9182958337659504,0.9182958337659504,0.9182958337659504
1000487,0,0.0,0.0,0.0
1000487,1,2.435129986815382,2.435129986815382,2.435129986815382
1000488,0,0.0,0.0,0.0
1000488,1,2.067125157788955,2.067125157788955,2.067125157788955
1000488,2,2.438743919391861,0.37161876160290586,4.505869077180816
1000488,3,-1.4426951601859516e-10,-2.4387439195361305,4.505869077036547
1000489,0,0.0,0.0,0.0
1000489,1,-1.4426951601859516e-10,-1.4426951601859516e-10,-1.4426951601859516e-10
1000490,0,0.0,0.0,0.0
1000490,1,-1.4426951601859516e-10,-1.4426951601859516e-10,-1.4426951601859516e-10
1000490,2,2.125814582828294,2.1258145829725636,2.1258145826840247
1000491,0,0.0,0.0,0.0
1000491,1,-1.4426951601859516e-10,-1.4426951601859516e-10,-1.4426951601859516e-10
1000492,0,0.0,0.0,0.0
1000492,1,1.2678736536251354,1.2678736536251354,1.2678736536251354
1000493,0,0.0,0.0,0.0
1000493,1,0.8866539037708343,0.8866539037708343,0.8866539037708343
1000493,2,1.5131210219649676,0.6264671181941333,2.3997749257358016
1000493,3,1.573402451840689,0.06028142987572149,3.9731773775764907
1000493,4,0.9999999997114609,-0.5734024521292281,4.973177377287952
1000494,0,0.0,0.0,0.0
1000494,1,1.3792804868582516,1.3792804868582516,1.3792804868582516
1000494,2,2.6471131553184337,1.2678326684601822,4.026393642176686
1000494,3,2.155639061508219,-0.4914740938102149,6.1820327036849045
1000495,0,0.0,0.0,0.0
1000495,1,2.688520376388323,2.688520376388323,2.688520376388323
1000495,2,2.0236123989460477,-0.6649079774422755,4.712132775334371
1000495,3,1.685815708575952,-0.33779669037009574,6.397948483910323
1000496,0,0.0,0.0,0.0
1000496,1,2.032165401151324,2.032165401151324,2.032165401151324
1000497,0,0.0,0.0,0.0
1000497,1,2.424112608569482,2.424112608569482,2.424112608569482
1000497,2,1.9219280943102843,-0.5021845142591976,4.346040702879766
1000499,0,0.0,0.0,0.0
1000499,1,2.1240935912351033,2.1240935912351033,2.1240935912351033
1000499,2,0.3712323263523366,-1.7528612648827666,2.49532591758744
1000500,0,0.0,0.0,0.0
1000500,1,1.997719038816561,1.997719038816561,1.997719038816561
1000500,2,1.284544602571917,-0.7131744362446442,3.282263641388478
1000501,0,0.0,0.0,0.0
1000501,1,1.9648443991250664,1.9648443991250664,1.9648443991250664
1000501,2,0.8453509363338975,-1.1194934627911688,2.810195335458964
1000502,0,0.0,0.0,0.0
1000502,1,1.6899461605332382,1.6899461605332382,1.6899461605332382
1000502,2,1.5219280944545537,-0.16801806607868452,3.2118742549877917
1000503,0,0.0,0.0,0.0
1000503,1,1.3517418925113143,1.3517418925113143,1.3517418925113143
1000503,2,1.9877733707666365,0.6360314782553222,3.339515263277951
1000504,0,0.0,0.0,0.0
1000504,1,1.4709772498226488,1.4709772498226488,1.4709772498226488
1000504,2,2.761956623816554,1.2909793739939053,4.232933873639203
1000504,3,2.2146939507810854,-0.5472626730354686,6.447627824420288
1000504,4,0.9999999997114609,-1.2146939510696244,7.447627824131749
1000505,0,0.0,0.0,0.0
1000505,1,1.7387604306422186,1.7387604306422186,1.7387604306422186
1000505,2,1.8839269259648073,0.14516649532258863,3.6226873566070257
1000505,3,0.9999999997114609,-0.8839269262533463,4.622687356318487
1000506,0,0.0,0.0,0.0
1000506,1,2.1269349792852226,2.1269349792852226,2.1269349792852226
1000506,2,2.534917030071797,0.40798205078657457,4.66185200935702
1000507,0,0.0,0.0,0.0
1000507,1,2.1925006122613926,2.1925006122613926,2.1925006122613926
1000507,2,2.2774015478919574,0.08490093563056478,4.4699021601533495
1000508,0,0.0,0.0,0.0
1000508,1,2.466684451092972,2.466684451092972,2.466684451092972
1000508,2,1.9301559660942473,-0.5365284849987249,4.396840417187219
1000509,0,0.0,0.0,0.0
1000509,1,1.4144187792688054,1.4144187792688054,1.4144187792688054
1000509,2,1.863802981425164,0.44938420215635855,3.2782217606939694
1000509,3,-1.4426951601859516e-10,-1.8638029815694335,3.2782217605497
1000510,0,0.0,0.0,0.0
1000510,1,1.941921734353148,1.941921734353148,1.941921734353148
1000511,0,0.0,0.0,0.0
1000511,1,1.9919053509272857,1.9919053509272857,1.9919053509272857
1000512,0,0.0,0.0,0.0
1000512,1,2.0967367002749997,2.0967367002749997,2.0967367002749997
1000512,2,2.11574896129814,0.019012261023140464,4.21248566157314
1000512,3,1.5219280944545537,-0.5938208668435865,5.734413756027694
1000513,0,0.0,0.0,0.0
1000513,1,2.57884575666634,2.57884575666634,2.57884575666634
1000513,2,1.887165178012058,-0.6916805786542821,4.466010934678398
1000513,3,0.9999999997114609,-0.887165178300597,5.466010934389859
1000514,0,0.0,0.0,0.0
1000514,1,2.2458771692729944,2.2458771692729944,2.2458771692729944
1000514,2,2.5133025264705693,0.2674253571975749,4.759179695743564
1000514,3,1.37095059402186,-1.1423519324487093,6.1301302897654235
1000515,0,0.0,0.0,0.0
1000515,1,2.8694466183260245,2.8694466183260245,2.8694466183260245
1000515,2,2.9893032112926323,0.11985659296660778,5.858749829618657
1000515,3,0.9999999997114609,-1.9893032115811713,6.858749829330118
1000516,0,0.0,0.0,0.0
1000516,1,2.6586806617880945,2.6586806617880945,2.6586806617880945
1000516,2,2.0854620850275536,-0.5732185767605409,4.744142746815648
1000516,3,-1.4426951601859516e-10,-2.085462085171823,4.744142746671378
1000517,0,0.0,0.0,0.0
1000517,1,2.155639061508219,2.155639061508219,2.155639061508219
1000517,2,1.9999999994229218,-0.155639062085297,4.155639060931141
1000518,0,0.0,0.0,0.0
1000518,1,3.1207679123233367,3.1207679123233367,3.1207679123233367
1000518,2,2.6649736631551373,-0.45579424916819944,5.785741575478474
1000518,3,-1.4426951601859516e-10,-2.6649736632994068,5.785741575334204
1000519,0,0.0,0.0,0.0
1000519,1,3.1724349434121795,3.1724349434121795,3.1724349434121795
1000519,2,2.7200660579961684,-0.45236888541601106,5.892501001408348
1000520,0,0.0,0.0,0.0
1000520,1,3.169424184684717,3.169424184684717,3.169424184684717
1000520,2,2.82271780350799,-0.34670638117672725,5.9921419881927065
1000521,0,0.0,0.0,0.0
1000521,1,2.1103800615132973,2.1103800615132973,2.1103800615132973
1000521,2,2.155639061508219,0.045258999994921556,4.2660191230215165
1000522,0,0.0,0.0,0.0
1000522,1,2.9434186227234176,2.9434186227234176,2.9434186227234176
1000523,0,0.0,0.0,0.0
1000523,1,0.408188147251209,0.408188147251209,0.408188147251209
1000523,2,-1.4426951601859516e-10,-0.40818814739547854,0.40818814710693946
1000524,0,0.0,0.0,0.0
1000524,1,2.206966471703302,2.206966471703302,2.206966471703302
1000524,2,3.011372642049149,0.8044061703458469,5.218339113752451
1000524,3,1.746465797926994,-1.2649068441221551,6.964804911679446
1000525,0,0.0,0.0,0.0
1000525,1,1.7499999994229218,1.7499999994229218,1.7499999994229218
1000526,0,0.0,0.0,0.0
1000526,1,1.7008716244253879,1.7008716244253879,1.7008716244253879
1000526,2,3.5137160069525093,1.8128443825271214,5.214587631377897
1000526,3,2.7933451930373603,-0.720370813915149,8.007932824415258
1000526,4,1.5849625002883474,-1.2083826927490129,9.592895324703605
1000527,0,0.0,0.0,0.0
1000527,1,-1.4426951601859516e-10,-1.4426951601859516e-10,-1.4426951601859516e-10
1000527,2,2.394928414679452,2.3949284148237213,2.3949284145351823
1000527,3,0.44886448843449034,-1.9460639262449615,2.843792902969673
1000527,4,-1.4426951601859516e-10,-0.4488644885787599,2.8437929028254034
1000528,0,0.0,0.0,0.0
1000528,1,2.0853582375449013,2.0853582375449013,2.0853582375449013
1000528,2,1.5329145634023194,-0.552443674142582,3.6182728009472207
1000528,3,0.9999999997114609,-0.5329145636908584,4.618272800658682
1000529,0,0.0,0.0,0.0
1000529,1,1.789439551156966,1.789439551156966,1.789439551156966
1000530,0,0.0,0.0,0.0
1000530,1,3.3205564711824715,3.3205564711824715,3.3205564711824715
1000531,0,0.0,0.0,0.0
1000531,1,2.113283333573527,2.113283333573527,2.113283333573527
1000532,0,0.0,0.0,0.0
1000532,1,1.5709505938775907,1.5709505938775907,1.5709505938775907
1000533,0,0.0,0.0,0.0
1000533,1,1.2344089165294587,1.2344089165294587,1.2344089165294587
1000533,2,0.9402859583820921,-0.29412295814736666,2.174694874911551
1000534,0,0.0,0.0,0.0
1000534,1,0.7691928287244748,0.7691928287244748,0.7691928287244748
1000535,0,0.0,0.0,0.0
1000535,1,2.8227178036522593,2.8227178036522593,2.8227178036522593
1000536,0,0.0,0.0,0.0
1000536,1,1.8896251088895173,1.8896251088895173,1.8896251088895173
1000536,2,1.825011210247099,-0.06461389864241829,3.7146363191366163
1000537,0,0.0,0.0,0.0
1000537,1,0.9940302111884174,0.9940302111884174,0.9940302111884174
1000538,0,0.0,0.0,0.0
1000538,1,1.7891969157464098,1.7891969157464098,1.7891969157464098
1000539,0,0.0,0.0,0.0
1000539,1,3.18229793565474,3.18229793565474,3.18229793565474
1000539,2,0.6500224213598151,-2.532275514294925,3.832320357014555
1000540,0,0.0,0.0,0.0
1000540,1,1.8769317614596805,1.8769317614596805,1.8769317614596805
1000540,2,1.418026005128001,-0.4589057563316796,3.2949577665876815
1000540,3,-1.4426951601859516e-10,-1.4180260052722704,3.294957766443412
1000541,0,0.0,0.0,0.0
1000541,1,3.2682516246615054,3.2682516246615054,3.2682516246615054
1000541,2,2.336183430668446,-0.9320681939930595,5.604435055329951
1000542,0,0.0,0.0,0.0
1000542,1,2.61380925058362,2.61380925058362,2.61380925058362
1000542,2,-1.4426951601859516e-10,-2.6138092507278894,2.6138092504393504
1000543,0,0.0,0.0,0.0
1000543,1,3.1484101859504334,3.1484101859504334,3.1484101859504334
1000543,2,1.684669620248,-1.4637405657024334,4.833079806198434
1000544,0,0.0,0.0,0.0
1000544,1,1.1317736991825742,1.1317736991825742,1.1317736991825742
1000545,0,0.0,0.0,0.0
1000545,1,2.8012233900111827,2.8012233900111827,2.8012233900111827
1000545,2,2.1390122895267667,-0.662211100484416,4.940235679537949
1000545,3,1.5219280944545537,-0.617084195072213,6.462163773992502
1000546,0,0.0,0.0,0.0
1000546,1,1.6480342665926264,1.6480342665926264,1.6480342665926264
1000546,2,2.445177801310397,0.7971435347177704,4.093212067903023
1000546,3,2.3553885413419167,-0.0897892599684802,6.44860060924494
1000546,4,2.5901998755059688,0.2348113341640521,9.038800484750908
1000546,5,0.7219280945988233,-1.8682717809071454,9.760728579349731
1000547,0,0.0,0.0,0.0
1000547,1,2.1145853226187303,2.1145853226187303,2.1145853226187303
1000547,2,2.6295512794775022,0.5149659568587719,4.744136602096233
1000548,0,0.0,0.0,0.0
1000548,1,0.7495952569709409,0.7495952569709409,0.7495952569709409
1000548,2,-1.4426951601859516e-10,-0.7495952571152104,0.7495952568266714
1000549,0,0.0,0.0,0.0
1000549,1,1.4584787773940535,1.4584787773940535,1.4584787773940535
1000549,2,1.505521389783596,0.04704261238954244,2.9640001671776495
1000549,3,1.29879494026259,-0.20672644952100594,4.2627951074402395
1000550,0,0.0,0.0,0.0
1000550,1,1.1488348538481081,1.1488348538481081,1.1488348538481081
1000551,0,0.0,0.0,0.0
1000551,1,1.8175761263827948,1.8175761263827948,1.8175761263827948
1000552,0,0.0,0.0,0.0
1000552,1,1.6594638565441309,1.6594638565441309,1.6594638565441309
1000552,2,2.7192513254484947,1.0597874689043638,4.378715181992625
1000552,3,3.1219280935889366,0.40267676814044195,7.500643275581561
1000553,0,0.0,0.0,0.0
1000553,1,2.866831426557345,2.866831426557345,2.866831426557345
1000553,2,0.9999999997114609,-1.8668314268458839,3.866831426268806
1000554,0,0.0,0.0,0.0
1000554,1,0.9592032723002748,0.9592032723002748,0.9592032723002748
1000554,2,1.0612781240263243,0.10207485172604946,2.0204813963265993
1000554,3,-1.4426951601859516e-10,-1.0612781241705938,2.02048139618233
1000555,0,0.0,0.0,0.0
1000555,1,1.8508764562700946,1.8508764562700946,1.8508764562700946
1000556,0,0.0,0.0,0.0
1000556,1,2.1333874905952497,2.1333874905952497,2.1333874905952497
1000558,0,0.0,0.0,0.0
1000558,1,-1.4426951601859516e-10,-1.4426951601859516e-10,-1.4426951601859516e-10
1000559,0,0.0,0.0,0.0
1000559,1,2.474891716840007,2.474891716840007,2.474891716840007
1000559,2,1.4999999995671913,-0.9748917172728155,3.974891716407198
1000560,0,0.0,0.0,0.0
1000560,1,2.755057618784151,2.755057618784151,2.755057618784151
1000560,2,-1.4426951601859516e-10,-2.7550576189284204,2.7550576186398814
1000561,0,0.0,0.0,0.0
1000561,1,1.4713544865811208,1.4713544865811208,1.4713544865811208
1000562,0,0.0,0.0,0.0
1000562,1,0.9999999997114609,0.9999999997114609,0.9999999997114609
1000562,2,1.5219280944545537,0.5219280947430928,2.5219280941660145
1000563,0,0.0,0.0,0.0
1000563,1,2.4776282648944004,2.4776282648944004,2.4776282648944004
1000564,0,0.0,0.0,0.0
1000564,1,2.335841449362717,2.335841449362717,2.335841449362717
1000564,2,2.658773426477267,0.3229319771145498,4.994614875839984
1000565,0,0.0,0.0,0.0
1000565,1,0.9841095275915142,0.9841095275915142,0.9841095275915142
1000565,2,1.9419584055518557,0.9578488779603416,2.92606793314337
1000566,0,0.0,0.0,0.0
1000566,1,2.547204473934009,2.547204473934009,2.547204473934009
1000566,2,1.378783493053367,-1.1684209808806423,3.925987966987376
1000567,0,0.0,0.0,0.0
1000567,1,1.1768389338633627,1.1768389338633627,1.1768389338633627
1000567,2,0.8250580686168465,-0.3517808652465162,2.0018970024802094
1000569,0,0.0,0.0,0.0
1000569,1,1.1818990574847523,1.1818990574847523,1.1818990574847523
1000569,2,-1.4426951601859516e-10,-1.1818990576290218,1.1818990573404828
1000570,0,0.0,0.0,0.0
1000570,1,1.776708946853508,1.776708946853508,1.776708946853508
1000570,2,2.324924247855457,0.5482153010019488,4.101633194708965
1000570,3,1.459147916594436,-0.8657763312610207,5.560781111303401
1000571,0,0.0,0.0,0.0
1000571,1,1.9079109427715997,1.9079109427715997,1.9079109427715997
1000571,2,-1.4426951601859516e-10,-1.9079109429158692,1.9079109426273302
1000572,0,0.0,0.0,0.0
1000572,1,0.9940302111884174,0.9940302111884174,0.9940302111884174
1000573,0,0.0,0.0,0.0
1000573,1,1.0529815746974607,1.0529815746974607,1.0529815746974607
1000573,2,1.7814164020440422,0.7284348273465815,2.834397976741503
1000573,3,-1.4426951601859516e-10,-1.7814164021883117,2.8343979765972334
1000574,0,0.0,0.0,0.0
1000574,1,1.6563414060061141,1.6563414060061141,1.6563414060061141
1000574,2,1.9726869282988444,0.3163455222927303,3.6290283343049587
1000574,3,0.7219280945988233,-1.250758833700021,4.350956428903782
1000574,4,-1.4426951601859516e-10,-0.7219280947430928,4.350956428759512
1000574,5,-1.4426951601859516e-10,0.0,4.350956428615243
1000575,0,0.0,0.0,0.0
1000575,1,1.352331303717459,1.352331303717459,1.352331303717459
1000575,2,1.8464393440939375,0.4941080403764786,3.198770647811396
1000575,3,-1.4426951601859516e-10,-1.846439344238207,3.1987706476671267
1000576,0,0.0,0.0,0.0
1000576,1,1.6991767487855656,1.6991767487855656,1.6991767487855656
1000576,2,1.8726693563329548,0.17349260754738927,3.5718461051185204
1000576,3,1.5849625002883474,-0.28770685604460744,5.156808605406868
1000576,4,-1.4426951601859516e-10,-1.5849625004326169,5.156808605262598
1000577,0,0.0,0.0,0.0
1000577,1,0.4138168500150947,0.4138168500150947,0.4138168500150947
1000577,2,-1.4426951601859516e-10,-0.41381685015936426,0.4138168498708252
1000578,0,0.0,0.0,0.0
1000578,1,-1.4426951601859516e-10,-1.4426951601859516e-10,-1.4426951601859516e-10
1000579,0,0.0,0.0,0.0
1000579,1,-1.4426951601859516e-10,-1.4426951601859516e-10,-1.4426951601859516e-10
1000580,0,0.0,0.0,0.0
1000580,1,-1.4426951601859516e-10,-1.4426951601859516e-10,-1.4426951601859516e-10
1000580,2,-1.4426951601859516e-10,0.0,-2.8853903203719033e-10
1000581,0,0.0,0.0,0.0
1000581,1,1.0765976549968381,1.0765976549968381,1.0765976549968381
1000582,0,0.0,0.0,0.0
1000582,1,1.579863400635726,1.579863400635726,1.579863400635726
1000583,0,0.0,0.0,0.0
1000583,1,0.6789538992300368,0.6789538992300368,0.6789538992300368
1000583,2,-1.4426951601859516e-10,-0.6789538993743063,0.6789538990857673
1000584,0,0.0,0.0,0.0
1000584,1,2.1367399325169627,2.1367399325169627,2.1367399325169627
1000584,2,0.9999999997114609,-1.1367399328055017,3.1367399322284237
1000585,0,0.0,0.0,0.0
1000585,1,0.9980008835837606,0.9980008835837606,0.9980008835837606
1000585,2,0.8112781241705938,-0.18672275941316685,1.8092790077543544
1000585,3,-1.4426951601859516e-10,-0.8112781243148632,1.8092790076100849
1000586,0,0.0,0.0,0.0
1000586,1,1.482711333116231,1.482711333116231,1.482711333116231
1000586,2,1.7033848987332139,0.22067356561698293,3.1860962318494446
1000586,3,-1.4426951601859516e-10,-1.7033848988774833,3.186096231705175
1000587,0,0.0,0.0,0.0
1000587,1,1.2606924104660198,1.2606924104660198,1.2606924104660198
1000587,2,-1.4426951601859516e-10,-1.2606924106102892,1.2606924103217503
1000588,0,0.0,0.0,0.0
1000588,1,0.8990990968596373,0.8990990968596373,0.8990990968596373
1000589,0,0.0,0.0,0.0
1000589,1,1.953984547277877,1.953984547277877,1.953984547277877
1000589,2,1.3779630386433661,-0.5760215086345108,3.331947585921243
1000590,0,0.0,0.0,0.0
1000590,1,2.31326642013979,2.31326642013979,2.31326642013979
1000590,2,1.4604846808803027,-0.8527817392594874,3.7737511010200926
1000590,3,-1.4426951601859516e-10,-1.4604846810245722,3.773751100875823
1000591,0,0.0,0.0,0.0
1000591,1,2.6848254739741746,2.6848254739741746,2.6848254739741746
1000591,2,2.317520749108055,-0.3673047248661194,5.002346223082229
1000591,3,1.9219280943102843,-0.39559265479777084,6.924274317392514
1000592,0,0.0,0.0,0.0
1000592,1,-1.4426951601859516e-10,-1.4426951601859516e-10,-1.4426951601859516e-10
1000592,2,0.9744894031095134,0.9744894032537829,0.9744894029652439
1000592,3,-1.4426951601859516e-10,-0.9744894032537829,0.9744894028209744
1000593,0,0.0,0.0,0.0
1000593,1,1.6238384462944133,1.6238384462944133,1.6238384462944133
1000595,0,0.0,0.0,0.0
1000595,1,0.8812908989421536,0.8812908989421536,0.8812908989421536
1000595,2,0.9182958337659504,0.03700493482379674,1.799586732708104
1000595,3,-1.4426951601859516e-10,-0.9182958339102198,1.7995867325638346
1000597,0,0.0,0.0,0.0
1000597,1,0.2503546054112108,0.2503546054112108,0.2503546054112108
1000597,2,1.5849625002883474,1.3346078948771365,1.8353171056995583
1000597,3,-1.4426951601859516e-10,-1.5849625004326169,1.8353171055552888
1000598,0,0.0,0.0,0.0
1000598,1,0.32474774721512434,0.32474774721512434,0.32474774721512434
1000598,2,0.9988455357066628,0.6740977884915385,1.3235932829217871
1000598,3,1.1488348538481081,0.14998931814144534,2.4724281367698953
1000598,4,-1.4426951601859516e-10,-1.1488348539923776,2.4724281366256258
1000599,0,0.0,0.0,0.0
1000599,1,0.712064054602009,0.712064054602009,0.712064054602009
1000599,2,0.6500224213598151,-0.062041633242193805,1.362086475961824
1000599,3,-1.4426951601859516e-10,-0.6500224215040846,1.3620864758175546
1000600,0,0.0,0.0,0.0
1000600,1,0.3912435633407166,0.3912435633407166,0.3912435633407166
1000600,2,-1.4426951601859516e-10,-0.3912435634849861,0.39124356319644704
1000601,0,0.0,0.0,0.0
1000601,1,0.24988229254464644,0.24988229254464644,0.24988229254464644
1000601,2,0.6143694454539483,0.3644871529093019,0.8642517379985948
1000601,3,0.8112781241705938,0.1969086787166454,1.6755298621691885
1000602,0,0.0,0.0,0.0
1000602,1,0.4138168500150947,0.4138168500150947,0.4138168500150947
1000602,2,-1.4426951601859516e-10,-0.41381685015936426,0.4138168498708252
1000603,0,0.0,0.0,0.0
1000603,1,0.6028301763138119,0.6028301763138119,0.6028301763138119
1000603,2,1.9336687921901392,1.3308386158763272,2.536498968503951
1000603,3,1.472745929059652,-0.46092286313048714,4.009244897563603
1000603,4,1.8565647614096061,0.38381883234995406,5.865809658973209
1000603,5,-1.4426951601859516e-10,-1.8565647615538756,5.8658096588289395
1000604,0,0.0,0.0,0.0
1000604,1,2.089297825746465,2.089297825746465,2.089297825746465
1000604,2,-1.4426951601859516e-10,-2.0892978258907347,2.0892978256021957
1000605,0,0.0,0.0,0.0
1000605,1,2.407017903164327,2.407017903164327,2.407017903164327
1000605,2,0.9999999997114609,-1.407017903452866,3.407017902875788
1000606,0,0.0,0.0,0.0
1000606,1,0.9402859583820921,0.9402859583820921,0.9402859583820921
1000606,2,0.7219280945988233,-0.2183578637832687,1.6622140529809153
1000606,3,-1.4426951601859516e-10,-0.7219280947430928,1.6622140528366458
1000607,0,0.0,0.0,0.0
1000607,1,2.5183050989384568,2.5183050989384568,2.5183050989384568
1000607,2,2.852457519747627,0.3341524208091702,5.370762618686084
1000607,3,1.9056390616524883,-0.9468184580951386,7.276401680338572
1000608,0,0.0,0.0,0.0
1000608,1,0.9484103890602623,0.9484103890602623,0.9484103890602623
1000608,2,0.6500224213598151,-0.2983879677004472,1.5984328104200776
1000609,0,0.0,0.0,0.0
1000609,1,1.2521700133403482,1.2521700133403482,1.2521700133403482
1000609,2,1.749999999422922,0.4978299860825739,3.00217001276327
1000609,3,1.5849625002883474,-0.16503749913457466,4.587132513051618
1000609,4,-1.4426951601859516e-10,-1.5849625004326169,4.587132512907348
1000610,0,0.0,0.0,0.0
1000610,1,1.7147240502109007,1.7147240502109007,1.7147240502109007
1000610,2,1.804180588573126,0.08945653836222522,3.5189046387840266
1000610,3,-1.4426951601859516e-10,-1.8041805887173954,3.518904638639757
1000610,4,-1.4426951601859516e-10,0.0,3.5189046384954876
1000611,0,0.0,0.0,0.0
1000611,1,1.9582760618932247,1.9582760618932247,1.9582760618932247
1000611,2,1.948450479921764,-0.009825581971460773,3.9067265418149884
1000611,3,-1.4426951601859516e-10,-1.9484504800660334,3.906726541670719
1000612,0,0.0,0.0,0.0
1000612,1,0.3738969563946086,0.3738969563946086,0.3738969563946086
1000612,2,1.8673064269975812,1.4934094706029726,2.2412033833921896
1000612,3,2.14178766354122,0.2744812365436389,4.38299104693341
1000613,0,0.0,0.0,0.0
1000613,1,1.3213394967836298,1.3213394967836298,1.3213394967836298
1000613,2,1.782646475515642,0.4613069787320121,3.103985972299272
1000613,3,1.238901256169822,-0.5437452193458199,4.342887228469094
1000613,4,0.7219280945988233,-0.5169731615709987,5.064815323067917
1000614,0,0.0,0.0,0.0
1000614,1,1.7920516866374636,1.7920516866374636,1.7920516866374636
1000614,2,2.120526714696345,0.3284750280588815,3.9125784013338087
1000614,3,2.6612262552599026,0.5406995405635575,6.573804656593712
1000615,0,0.0,0.0,0.0
1000615,1,1.4121486320667722,1.4121486320667722,1.4121486320667722
1000615,2,0.9999999997114609,-0.4121486323553113,2.412148631778233
1000616,0,0.0,0.0,0.0
1000616,1,1.90411292611124,1.90411292611124,1.90411292611124
1000616,2,1.8464393440939375,-0.05767358201730244,3.7505522702051772
1000617,0,0.0,0.0,0.0
1000617,1,2.9242626254447788,2.9242626254447788,2.9242626254447788
1000617,2,-1.4426951601859516e-10,-2.9242626255890483,2.9242626253005093
1000618,0,0.0,0.0,0.0
1000618,1,3.020890790395907,3.020890790395907,3.020890790395907
1000618,2,2.8859175782070703,-0.13497321218883673,5.906808368602977
1000618,3,0.9999999997114609,-1.8859175784956093,6.906808368314438
1000619,0,0.0,0.0,0.0
1000619,1,1.6308874977639611,1.6308874977639611,1.6308874977639611
1000619,2,1.881094759388727,0.2502072616247659,3.511982257152688
1000620,0,0.0,0.0,0.0
1000620,1,-1.4426951601859516e-10,-1.4426951601859516e-10,-1.4426951601859516e-10
1000620,2,1.3609640470108726,1.360964047155142,1.360964046866603
1000621,0,0.0,0.0,0.0
1000621,1,-1.4426951601859516e-10,-1.4426951601859516e-10,-1.4426951601859516e-10
1000621,2,-1.4426951601859516e-10,0.0,-2.8853903203719033e-10
1000621,3,-1.4426951601859516e-10,0.0,-4.328085480557855e-10
1000622,0,0.0,0.0,0.0
1000622,1,1.4134555203480463,1.4134555203480463,1.4134555203480463
1000622,2,2.398603534428012,0.9851480140799658,3.8120590547760584
1000622,3,1.8423709926000305,-0.5562325418279817,5.6544300473760885
1000622,4,-1.4426951601859516e-10,-1.8423709927443,5.654430047231819
1000623,0,0.0,0.0,0.0
1000623,1,1.5756344894403016,1.5756344894403016,1.5756344894403016
1000623,2,1.338268927643656,-0.2373655617966457,2.9139034170839575
1000623,3,0.9182958337659504,-0.41997309387770554,3.832199250849908
1000624,0,0.0,0.0,0.0
1000624,1,1.2218416141918056,1.2218416141918056,1.2218416141918056
1000624,2,1.850001947880548,0.6281603336887425,3.0718435620723534
1000624,3,1.956932444112225,0.10693049623167683,5.028776006184579
1000624,4,1.608700164942813,-0.3482322791694119,6.637476171127392
1000624,5,-1.4426951601859516e-10,-1.6087001650870825,6.637476170983122
1000625,0,0.0,0.0,0.0
1000625,1,2.7676915036849987,2.7676915036849987,2.7676915036849987
1000626,0,0.0,0.0,0.0
1000626,1,1.9182958334774112,1.9182958334774112,1.9182958334774112
1000627,0,0.0,0.0,0.0
1000627,1,0.9999999997114609,0.9999999997114609,0.9999999997114609
1000628,0,0.0,0.0,0.0
1000628,1,2.636056085041667,2.636056085041667,2.636056085041667
1000628,2,1.685815708575952,-0.950240376465715,4.321871793617619
1000628,3,-1.4426951601859516e-10,-1.6858157087202215,4.32187179347335
1000629,0,0.0,0.0,0.0
1000629,1,2.678448989261749,2.678448989261749,2.678448989261749
1000629,2,2.24894739448148,-0.4295015947802687,4.927396383743229
1000629,3,-1.4426951601859516e-10,-2.2489473946257497,4.92739638359896
1000630,0,0.0,0.0,0.0
1000630,1,0.4138168500150947,0.4138168500150947,0.4138168500150947
1000630,2,-1.4426951601859516e-10,-0.41381685015936426,0.4138168498708252
1000631,0,0.0,0.0,0.0
1000631,1,1.4999999995671913,1.4999999995671913,1.4999999995671913
1000631,2,0.9182958337659504,-0.581704165801241,2.4182958333331417
1000632,0,0.0,0.0,0.0
1000632,1,1.459147916594436,1.459147916594436,1.459147916594436
1000633,0,0.0,0.0,0.0
1000633,1,2.690393869007808,2.690393869007808,2.690393869007808
1000633,2,2.2140221519111547,-0.4763717170966535,4.904416020918963
1000633,3,1.9182958334774112,-0.29572631843374353,6.822711854396374
1000634,0,0.0,0.0,0.0
1000634,1,1.879229053952822,1.879229053952822,1.879229053952822
1000634,2,1.3973659186804208,-0.4818631352724012,3.2765949726332426
1000634,3,1.8294228800673416,0.43205696138692073,5.106017852700584
1000634,4,-1.4426951601859516e-10,-1.829422880211611,5.106017852556315
1000635,0,0.0,0.0,0.0
1000635,1,2.6740077548142525,2.6740077548142525,2.6740077548142525
1000635,2,1.5904143587158532,-1.0835933960983992,4.264422113530106
1000635,3,1.4999999995671913,-0.09041435914866192,5.7644221130972975
1000635,4,-1.4426951601859516e-10,-1.4999999997114608,5.764422112953028
1000636,0,0.0,0.0,0.0
1000636,1,1.1589385319174683,1.1589385319174683,1.1589385319174683
1000637,0,0.0,0.0,0.0
1000637,1,2.395864821637626,2.395864821637626,2.395864821637626
1000637,2,2.229573957503736,-0.16629086413388983,4.625438779141362
1000637,3,1.5849625002883474,-0.6446114572153887,6.21040127942971
1000638,0,0.0,0.0,0.0
1000638,1,-1.4426951601859516e-10,-1.4426951601859516e-10,-1.4426951601859516e-10
1000638,2,2.3219280941660148,2.3219280943102842,2.3219280940217453
1000639,0,0.0,0.0,0.0
1000639,1,-1.4426951601859516e-10,-1.4426951601859516e-10,-1.4426951601859516e-10
1000640,0,0.0,0.0,0.0
1000640,1,-1.4426951601859516e-10,-1.4426951601859516e-10,-1.4426951601859516e-10
1000641,0,0.0,0.0,0.0
1000641,1,-1.4426951601859516e-10,-1.4426951601859516e-10,-1.4426951601859516e-10
1000642,0,0.0,0.0,0.0
1000642,1,1.7219280943102844,1.7219280943102844,1.7219280943102844
1000642,2,1.5849625002883474,-0.13696559402193698,3.3068905945986318
1000643,0,0.0,0.0,0.0
1000643,1,-1.4426951601859516e-10,-1.4426951601859516e-10,-1.4426951601859516e-10
1000643,2,-1.4426951601859516e-10,0.0,-2.8853903203719033e-10
1000644,0,0.0,0.0,0.0
1000644,1,0.9182958337659504,0.9182958337659504,0.9182958337659504
1000644,2,-1.4426951601859516e-10,-0.9182958339102198,0.9182958336216809
1000645,0,0.0,0.0,0.0
1000645,1,1.4999999995671913,1.4999999995671913,1.4999999995671913
1000645,2,1.4488156352923758,-0.05118436427481554,2.9488156348595673
1000646,0,0.0,0.0,0.0
1000646,1,0.4138168500150947,0.4138168500150947,0.4138168500150947
1000646,2,0.5032583344871068,0.08944148447201206,0.9170751845022015
1000646,3,0.9182958337659504,0.4150374992788436,1.8353710182681517
1000647,0,0.0,0.0,0.0
1000647,1,1.909574535176216,1.909574535176216,1.909574535176216
1000647,2,2.2801734833899454,0.3705989482137295,4.189748018566162
1000647,3,2.235926349907685,-0.04424713348226028,6.425674368473847
1000647,4,-1.4426951601859516e-10,-2.2359263500519546,6.425674368329577
1000648,0,0.0,0.0,0.0
1000648,1,2.5128396184633064,2.5128396184633064,2.5128396184633064
1000648,2,-1.4426951601859516e-10,-2.512839618607576,2.512839618319037
1000649,0,0.0,0.0,0.0
1000649,1,3.0000758767114117,3.0000758767114117,3.0000758767114117
1000650,0,0.0,0.0,0.0
1000650,1,2.8530001174196693,2.8530001174196693,2.8530001174196693
1000650,2,0.6998428394534301,-2.153157277966239,3.5528429568730995
1000651,0,0.0,0.0,0.0
1000651,1,1.5455354209768466,1.5455354209768466,1.5455354209768466
1000652,0,0.0,0.0,0.0
1000652,1,1.577406282419537,1.577406282419537,1.577406282419537
1000653,0,0.0,0.0,0.0
1000653,1,1.9182958334774112,1.9182958334774112,1.9182958334774112
1000654,0,0.0,0.0,0.0
1000654,1,2.6292029751560415,2.6292029751560415,2.6292029751560415
1000654,2,0.9999999997114609,-1.6292029754445805,3.6292029748675025
1000655,0,0.0,0.0,0.0
1000655,1,2.353526149873179,2.353526149873179,2.353526149873179
1000656,0,0.0,0.0,0.0
1000656,1,2.3119606220759668,2.3119606220759668,2.3119606220759668
1000657,0,0.0,0.0,0.0
1000657,1,1.9056390616524883,1.9056390616524883,1.9056390616524883
1000658,0,0.0,0.0,0.0
1000658,1,1.8313933531344662,1.8313933531344662,1.8313933531344662
1000658,2,1.9994191841380125,0.1680258310035463,3.830812537272479
1000658,3,0.8112781241705938,-1.1881410599674187,4.642090661443072
1000659,0,0.0,0.0,0.0
1000659,1,3.072729538929838,3.072729538929838,3.072729538929838
1000659,2,0.9182958337659504,-2.1544337051638873,3.9910253726957885
1000660,0,0.0,0.0,0.0
1000660,1,1.4999999995671913,1.4999999995671913,1.4999999995671913
1000661,0,0.0,0.0,0.0
1000661,1,1.6644977786233834,1.6644977786233834,1.6644977786233834
